Name,Sector,Asset Class,Market Value,Weight (%),Notional Value,Par Value,CUSIP,ISIN,SEDOL,Price,Location,Exchange,Currency,Duration,YTM (%),FX Rate,Maturity,Coupon (%),Mod. Duration,Yield to Call (%),Yield to Worst (%),Real Duration,Real YTM (%),Market Currency,Accrual Date,Effective Date,date_of_pull
BLK CSH FND TREASURY SL AGENCY,Cash and/or Derivatives,Money Market,"3,560,000.00",0.92,"3,560,000.00","3,560,000.00",066922477,US0669224778,6922477,1.0,United States,-,USD,0.11,3.5,1.0,-,3.65,0.14,-,3.5,0.14,3.5,USD,-,"Feb 04, 2009",2026-04-02
INDUSTRIAL AND COMMERCIAL BANK OF RegS,Agency,Fixed Income,"1,590,037.33",0.41,"1,590,037.33","1,600,000.00",-,XS2383421711,-,99.32,China,-,USD,0.45,6.24,1.0,"Dec 31, 2079",3.2,0.32,-,4.63,0.47,4.63,USD,"Sep 24, 2021","Sep 24, 2021",2026-04-02
DIGICEL INTERNATIONAL FINANCE LTD RegS,Industrial,Fixed Income,"1,440,506.22",0.37,"1,440,506.22","1,400,000.00",-,USG2800MAA02,-,101.48,Jamaica,-,USD,4.05,8.32,1.0,"Aug 01, 2032",8.63,4.76,-,8.21,3.52,8.21,USD,"Aug 07, 2025","Aug 07, 2025",2026-04-02
SANDS CHINA LTD,Industrial,Fixed Income,"1,420,496.00",0.37,"1,420,496.00","1,400,000.00",80007RAE5,US80007RAE53,BGV2CT9,100.68,Macau,-,USD,2.06,5.09,1.0,"Aug 08, 2028",5.4,2.17,-,5.05,1.95,5.05,USD,"Aug 09, 2018","Jan 29, 2019",2026-04-02
YPF SA RegS,Agency,Fixed Income,"1,346,811.87",0.35,"1,346,811.87","1,300,000.00",-,USP989MJBY67,BTHSNW2,101.91,Argentina,-,USD,4.32,7.88,1.0,"Jan 17, 2034",8.25,5.05,-,7.76,3.85,7.76,USD,"Jan 17, 2025","Jan 17, 2025",2026-04-02
ECOPETROL SA,Agency,Fixed Income,"1,289,379.17",0.33,"1,289,379.17","1,200,000.00",279158AS8,US279158AS81,-,105.55,Colombia,-,USD,5.01,7.8,1.0,"Jan 13, 2033",8.88,5.0,-,7.77,4.86,7.77,USD,"Jan 13, 2023","Jan 13, 2023",2026-04-02
FREEPORT INDONESIA PT RegS,Agency,Fixed Income,"1,223,565.67",0.32,"1,223,565.67","1,200,000.00",-,USY7141BAB90,BNYNN06,99.51,Indonesia,-,USD,4.95,5.41,1.0,"Apr 14, 2032",5.32,4.98,-,5.41,4.98,5.41,USD,"Apr 14, 2022","Apr 14, 2022",2026-04-02
TSMC GLOBAL LTD RegS,Industrial,Fixed Income,"1,187,007.25",0.31,"1,187,007.25","1,300,000.00",-,USG91139AH14,BNSPYP0,90.33,Taiwan,-,USD,4.63,4.4,1.0,"Apr 23, 2031",2.25,4.64,-,4.4,4.64,4.4,USD,"Apr 23, 2021","Apr 23, 2021",2026-04-02
FIRST QUANTUM MINERALS LTD 144A,Industrial,Fixed Income,"1,155,391.00",0.3,"1,155,391.00","1,200,000.00",335934AY1,US335934AY19,-,95.68,Zambia,-,USD,6.49,6.99,1.0,"Feb 15, 2036",6.38,7.12,-,6.99,7.12,6.99,USD,"Feb 26, 2026","Feb 26, 2026",2026-04-02
ECOPETROL SA,Agency,Fixed Income,"1,132,380.49",0.29,"1,132,380.49","1,100,000.00",279158AN9,US279158AN94,-,100.06,Colombia,-,USD,3.38,6.86,1.0,"Apr 29, 2030",6.88,3.41,-,6.86,3.41,6.86,USD,"Apr 29, 2020","Apr 29, 2020",2026-04-02
SAMARCO MINERACAO SA RegS,Industrial,Fixed Income,"1,093,796.21",0.28,"1,093,796.21","1,110,453.00",-,USP8405QAA78,BRXJXV4,98.5,Brazil,-,USD,0.89,9.47,1.0,"Jun 30, 2031",9.0,4.13,-,9.47,4.13,9.47,USD,"Dec 01, 2023","Dec 04, 2023",2026-04-02
OCP SA RegS,Agency,Fixed Income,"1,069,130.00",0.28,"1,069,130.00","1,000,000.00",-,XS2810168737,-,104.14,Morocco,-,USD,6.03,6.09,1.0,"May 02, 2034",6.75,6.05,-,6.08,5.91,6.08,USD,"May 02, 2024","May 02, 2024",2026-04-02
FIRST QUANTUM MINERALS LTD RegS,Industrial,Fixed Income,"1,060,000.00",0.27,"1,060,000.00","1,000,000.00",-,USC3535CAP35,-,103.13,Zambia,-,USD,2.04,7.87,1.0,"Jun 01, 2031",8.63,4.02,-,7.04,1.91,7.04,USD,"May 30, 2023","May 30, 2023",2026-04-02
NK KAZMUNAYGAZ AO RegS,Agency,Fixed Income,"1,030,091.67",0.27,"1,030,091.67","1,000,000.00",-,XS1807300105,BFM6WP9,100.68,Kazakhstan,-,USD,3.56,5.19,1.0,"Apr 24, 2030",5.38,3.53,-,5.19,3.53,5.19,USD,"Apr 24, 2018","Apr 24, 2018",2026-04-02
ECOPETROL SA,Agency,Fixed Income,"1,029,100.00",0.27,"1,029,100.00","1,000,000.00",279158AV1,US279158AV11,-,101.24,Colombia,-,USD,6.59,8.19,1.0,"Jan 19, 2036",8.38,6.52,-,8.18,6.41,8.18,USD,"Jan 19, 2024","Jan 19, 2024",2026-04-02
ORLEN SA RegS,Industrial,Fixed Income,"1,028,750.00",0.27,"1,028,750.00","1,000,000.00",-,XS2975119988,-,101.88,Poland,-,USD,6.78,5.73,1.0,"Jan 30, 2035",6.0,6.74,-,5.72,6.7,5.72,USD,"Jan 30, 2025","Jan 30, 2025",2026-04-02
KFH SUKUK CO RegS,Financial Institutions,Fixed Income,"1,006,411.19",0.26,"1,006,411.19","1,000,000.00",-,XS2744854261,-,99.63,Kuwait,-,USD,2.57,5.15,1.0,"Jan 17, 2029",5.01,2.55,-,5.15,2.55,5.15,USD,"Jan 17, 2024","Jan 17, 2024",2026-04-02
TEVA PHARMACEUTICAL FINANCE NETHER,Industrial,Fixed Income,"990,857.54",0.26,"990,857.54","1,300,000.00",88167AAF8,US88167AAF84,BYYRQV7,74.18,Israel,-,USD,12.0,6.37,1.0,"Oct 01, 2046",4.1,12.15,-,6.37,12.15,6.37,USD,"Jul 21, 2016","Jul 21, 2016",2026-04-02
WYNN MACAU LTD RegS,Industrial,Fixed Income,"988,275.00",0.25,"988,275.00","1,000,000.00",-,USG98149AH33,BRQNBJ7,98.3,Macau,-,USD,1.85,6.4,1.0,"Aug 26, 2028",5.63,2.2,-,6.4,2.2,6.4,USD,"Aug 26, 2020","Aug 26, 2020",2026-04-02
ECOPETROL SA,Agency,Fixed Income,"972,516.32",0.25,"972,516.32","950,000.00",279158AW9,US279158AW93,-,101.1,Colombia,-,USD,4.62,7.51,1.0,"Feb 01, 2032",7.75,4.58,-,7.51,4.48,7.51,USD,"Oct 21, 2024","Oct 21, 2024",2026-04-02
TSMC GLOBAL LTD RegS,Industrial,Fixed Income,"968,590.03",0.25,"968,590.03","1,100,000.00",-,USG91139AE82,-,88.05,Taiwan,-,USD,4.28,4.33,1.0,"Sep 28, 2030",1.38,4.27,-,4.33,4.27,4.33,USD,"Sep 28, 2020","Sep 28, 2020",2026-04-02
INDOFOOD CBP SUKSES MAKMUR TBK PT RegS,Industrial,Fixed Income,"929,227.17",0.24,"929,227.17","1,000,000.00",-,XS2349180104,BNTZVW5,91.88,Indonesia,-,USD,4.59,5.2,1.0,"Jun 09, 2031",3.4,4.61,-,5.2,4.61,5.2,USD,"Jun 09, 2021","Jun 09, 2021",2026-04-02
NIAGARA ENERGY SAC RegS,Utility,Fixed Income,"926,011.05",0.24,"926,011.05","900,000.00",-,USP7200AAA18,-,100.07,Peru,-,USD,6.46,5.74,1.0,"Oct 03, 2034",5.75,6.47,-,5.74,6.47,5.74,USD,"Oct 03, 2024","Oct 03, 2024",2026-04-02
AZULE ENERGY FINANCE PLC RegS,Industrial,Fixed Income,"922,429.38",0.24,"922,429.38","900,000.00",-,XS2984221239,-,100.98,Angola,-,USD,2.72,7.82,1.0,"Jan 23, 2030",8.13,3.19,-,7.72,2.44,7.72,USD,"Jan 23, 2025","Jan 23, 2025",2026-04-02
GRUPO NUTRESA SA RegS,Industrial,Fixed Income,"915,740.00",0.24,"915,740.00","800,000.00",-,USP4R21KAB22,-,110.99,Colombia,-,USD,6.15,7.32,1.0,"May 12, 2035",9.0,6.14,-,7.29,6.02,7.29,USD,"May 12, 2025","May 12, 2025",2026-04-02
NK KAZMUNAYGAZ AO RegS,Agency,Fixed Income,"913,648.50",0.24,"913,648.50","900,000.00",-,XS1807299331,BFM6YV9,98.75,Kazakhstan,-,USD,11.3,6.48,1.0,"Oct 24, 2048",6.38,11.49,-,6.48,11.49,6.48,USD,"Apr 24, 2018","Apr 24, 2018",2026-04-02
PROSUS NV MTN RegS,Industrial,Fixed Income,"900,117.14",0.23,"900,117.14","1,000,000.00",-,USN7163RAR41,-,89.36,South Africa,-,USD,4.75,5.4,1.0,"Jul 13, 2031",3.06,4.73,-,5.4,4.73,5.4,USD,"Jul 13, 2021","Jul 13, 2021",2026-04-02
AES PANAMA GENERATION HOLDINGS SRL RegS,Utility,Fixed Income,"879,676.74",0.23,"879,676.74","933,509.00",-,USP0608AAB28,-,92.78,Panama,-,USD,3.54,6.46,1.0,"May 31, 2030",4.38,3.52,-,6.46,3.52,6.46,USD,"Aug 14, 2020","Aug 14, 2020",2026-04-02
SAUDI ARABIAN OIL CO MTN RegS,Agency,Fixed Income,"876,550.00",0.23,"876,550.00","900,000.00",-,XS1982113208,BK0MP44,95.8,Saudi Arabia,-,USD,2.81,5.0,1.0,"Apr 16, 2029",3.5,2.79,-,5.0,2.79,5.0,USD,"Apr 16, 2019","Apr 16, 2019",2026-04-02
GRUPO NUTRESA SA RegS,Industrial,Fixed Income,"865,933.33",0.22,"865,933.33","800,000.00",-,USP4R21KAA49,-,105.18,Colombia,-,USD,3.4,6.54,1.0,"May 12, 2030",8.0,3.39,-,6.52,3.33,6.52,USD,"May 12, 2025","May 12, 2025",2026-04-02
OCP SA RegS,Agency,Fixed Income,"863,318.67",0.22,"863,318.67","800,000.00",-,XS2810168810,-,104.83,Morocco,-,USD,11.39,7.1,1.0,"May 02, 2054",7.5,11.65,-,7.1,11.58,7.1,USD,"May 02, 2024","May 02, 2024",2026-04-02
BANGKOK BANK PUBLIC CO LTD (HONG K MTN RegS,Financial Institutions,Fixed Income,"852,046.62",0.22,"852,046.62","900,000.00",-,USY0606WCA63,BJRBK42,94.62,Thailand,-,USD,3.23,5.52,1.0,"Sep 25, 2034",3.73,3.18,-,5.45,3.21,5.45,USD,"Sep 25, 2019","Sep 25, 2019",2026-04-02
CENTRAL AMERICA BOTTLING CORP RegS,Industrial,Fixed Income,"848,310.62",0.22,"848,310.62","850,000.00",-,USG20038AA61,-,97.57,Guatemala,-,USD,2.28,6.13,1.0,"Apr 27, 2029",5.25,2.73,-,6.13,2.73,6.13,USD,"Jan 27, 2022","Jan 27, 2022",2026-04-02
STANDARD CHARTERED PLC RegS,Financial Institutions,Fixed Income,"832,813.80",0.21,"832,813.80","800,000.00",-,USG84228FQ64,-,102.68,Hong Kong,-,USD,1.64,5.19,1.0,"Jan 09, 2029",6.3,1.64,-,4.7,1.65,4.7,USD,"Jan 09, 2023","Jan 09, 2023",2026-04-02
FIRST QUANTUM MINERALS LTD RegS,Industrial,Fixed Income,"831,691.56",0.21,"831,691.56","800,000.00",-,USC3535CAR90,-,103.32,Zambia,-,USD,3.7,7.38,1.0,"Mar 01, 2033",8.0,5.25,-,7.01,3.31,7.01,USD,"Mar 05, 2025","Mar 05, 2025",2026-04-02
CZECHOSLOVAK GROUP AS RegS,Industrial,Fixed Income,"831,155.56",0.21,"831,155.56","800,000.00",-,XS3105188679,-,102.45,Czech Republic,-,USD,2.44,5.9,1.0,"Jan 10, 2031",6.5,4.02,-,5.53,2.49,5.53,USD,"Jul 10, 2025","Jul 10, 2025",2026-04-02
ALTICE FINANCING SA RegS,Industrial,Fixed Income,"830,625.00",0.21,"830,625.00","1,200,000.00",-,USL0178WAJ10,-,68.5,Luxembourg,-,USD,2.96,18.75,1.0,"Aug 15, 2029",5.75,2.76,-,18.75,2.76,18.75,USD,"Aug 12, 2021","Aug 12, 2021",2026-04-02
ECOPETROL SA,Agency,Fixed Income,"829,300.69",0.21,"829,300.69","1,100,000.00",279158AJ8,US279158AJ82,BMQXLW5,73.4,Colombia,-,USD,9.71,8.76,1.0,"May 28, 2045",5.88,9.74,-,8.76,9.74,8.76,USD,"May 28, 2014","May 28, 2014",2026-04-02
QIB SUKUK LTD RegS,Financial Institutions,Fixed Income,"828,634.84",0.21,"828,634.84","800,000.00",-,XS2723536970,-,101.6,Qatar,-,USD,2.41,4.93,1.0,"Nov 22, 2028",5.58,2.39,-,4.93,2.39,4.93,USD,"Nov 22, 2023","Nov 22, 2023",2026-04-02
OCP SA RegS,Agency,Fixed Income,"827,317.78",0.21,"827,317.78","800,000.00",-,XS3040573191,-,102.88,Morocco,-,USD,7.18,6.3,1.0,"Mar 01, 2036",6.7,7.18,-,6.3,7.04,6.3,USD,"Apr 30, 2025","Apr 30, 2025",2026-04-02
TSMC ARIZONA CORP,Industrial,Fixed Income,"826,680.50",0.21,"826,680.50","900,000.00",872898AC5,US872898AC52,-,90.78,Taiwan,-,USD,5.03,4.38,1.0,"Oct 25, 2031",2.5,5.04,-,4.38,5.04,4.38,USD,"Oct 25, 2021","Oct 25, 2021",2026-04-02
LAS VEGAS SANDS CORP,Industrial,Fixed Income,"823,152.00",0.21,"823,152.00","800,000.00",517834AM9,US517834AM90,-,101.24,United States,-,USD,1.99,5.02,1.0,"Jun 15, 2028",5.63,2.02,-,5.0,1.95,5.0,USD,"May 06, 2025","May 06, 2025",2026-04-02
SABLE INTERNATIONAL FINANCE LTD RegS,Industrial,Fixed Income,"813,569.97",0.21,"813,569.97","800,000.00",-,USG77636AE14,BLFBYH9,98.41,Panama,-,USD,4.11,7.44,1.0,"Oct 15, 2032",7.13,4.97,-,7.44,4.97,7.44,USD,"Oct 03, 2024","Oct 03, 2024",2026-04-02
TENCENT HOLDINGS LTD MTN RegS,Industrial,Fixed Income,"811,184.33",0.21,"811,184.33","800,000.00",88032XAN4,US88032XAN49,BJXD9Q7,99.53,China,-,USD,2.69,4.14,1.0,"Apr 11, 2029",3.98,2.77,-,4.14,2.77,4.14,USD,"Apr 11, 2019","Apr 11, 2019",2026-04-02
QNB FINANCE LTD MTN RegS,Agency,Fixed Income,"809,294.56",0.21,"809,294.56","800,000.00",-,XS2793223475,-,99.97,Qatar,-,USD,0.02,4.98,1.0,"Apr 02, 2029",4.88,0.0,-,4.98,0.0,4.98,USD,"Apr 02, 2024","Apr 02, 2024",2026-04-02
BANGKOK BANK PUBLIC CO LTD (HONG K MTN RegS,Financial Institutions,Fixed Income,"803,288.89",0.21,"803,288.89","800,000.00",-,USY0616GAA14,-,100.33,Thailand,-,USD,6.9,5.93,1.0,"Mar 25, 2040",6.06,6.86,-,6.01,6.85,6.01,USD,"Mar 25, 2025","Mar 25, 2025",2026-04-02
DBS GROUP HOLDINGS LTD MTN RegS,Financial Institutions,Fixed Income,"803,056.87",0.21,"803,056.87","800,000.00",24023LAM8,US24023LAM81,-,100.29,Singapore,-,USD,0.02,4.18,1.0,"Mar 21, 2028",4.23,0.22,-,4.18,0.22,4.18,USD,"Mar 21, 2025","Mar 21, 2025",2026-04-02
QNB FINANCE LTD MTN RegS,Agency,Fixed Income,"800,730.56",0.21,"800,730.56","800,000.00",-,XS2756976218,-,99.28,Qatar,-,USD,2.61,5.15,1.0,"Jan 30, 2029",4.88,2.59,-,5.15,2.59,5.15,USD,"Jan 30, 2024","Jan 30, 2024",2026-04-02
TELECOM ARGENTINA SA RegS,Industrial,Fixed Income,"800,243.15",0.21,"800,243.15","750,000.00",-,USP9028NCA74,-,103.54,Argentina,-,USD,3.71,8.54,1.0,"May 28, 2033",9.25,4.79,-,8.22,3.32,8.22,USD,"May 28, 2025","May 28, 2025",2026-04-02
QNB FINANCE LTD MTN RegS,Agency,Fixed Income,"791,480.00",0.2,"791,480.00","800,000.00",-,XS3125027808,-,98.11,Qatar,-,USD,3.86,4.99,1.0,"Jul 24, 2030",4.5,3.84,-,4.99,3.84,4.99,USD,"Jul 24, 2025","Jul 24, 2025",2026-04-02
NBK SPC LTD MTN RegS,Financial Institutions,Fixed Income,"787,541.67",0.2,"787,541.67","800,000.00",-,XS2386563469,-,98.38,Kuwait,-,USD,0.48,4.93,1.0,"Sep 15, 2027",1.63,0.44,-,4.93,0.45,4.93,USD,"Sep 15, 2021","Sep 15, 2021",2026-04-02
WYNN MACAU LTD RegS,Industrial,Fixed Income,"784,750.00",0.2,"784,750.00","800,000.00",-,USG98149AM28,-,97.25,Macau,-,USD,5.06,7.21,1.0,"Feb 15, 2034",6.75,5.94,-,7.21,5.94,7.21,USD,"Aug 19, 2025","Aug 19, 2025",2026-04-02
MELCO RESORTS FINANCE LTD RegS,Industrial,Fixed Income,"780,855.56",0.2,"780,855.56","800,000.00",-,USG5975LAE68,BKBZF08,95.88,Macau,-,USD,2.96,6.65,1.0,"Dec 04, 2029",5.38,3.21,-,6.65,3.21,6.65,USD,"Dec 04, 2019","Dec 04, 2019",2026-04-02
KFH SUKUK CO RegS,Financial Institutions,Fixed Income,"780,543.80",0.2,"780,543.80","800,000.00",-,XS3261852134,-,96.59,Kuwait,-,USD,4.22,5.38,1.0,"Jan 13, 2031",4.56,4.19,-,5.38,4.19,5.38,USD,"Jan 13, 2026","Jan 13, 2026",2026-04-02
WYNN MACAU LTD RegS,Industrial,Fixed Income,"776,798.33",0.2,"776,798.33","800,000.00",-,USG98149AE02,-,95.61,Macau,-,USD,3.03,6.47,1.0,"Dec 15, 2029",5.13,3.26,-,6.47,3.26,6.47,USD,"Dec 17, 2019","Dec 17, 2019",2026-04-02
VEON HOLDINGS BV MTN RegS,Industrial,Fixed Income,"765,375.00",0.2,"765,375.00","800,000.00",-,XS2824764521,-,94.5,Pakistan,-,USD,1.58,6.95,1.0,"Nov 25, 2027",3.38,1.55,-,6.95,1.55,6.95,USD,"May 25, 2024","May 29, 2024",2026-04-02
TEVA PHARMACEUTICAL FINANCE NETHER,Industrial,Fixed Income,"761,932.21",0.2,"761,932.21","750,000.00",88167AAQ4,US88167AAQ40,-,99.58,Israel,-,USD,2.71,5.27,1.0,"May 09, 2029",5.13,2.78,-,5.27,2.78,5.27,USD,"Nov 09, 2021","Nov 09, 2021",2026-04-02
PROSUS NV MTN RegS,Industrial,Fixed Income,"759,762.67",0.2,"759,762.67","800,000.00",-,USN7163RAA16,-,94.27,South Africa,-,USD,3.47,5.36,1.0,"Jan 21, 2030",3.68,3.46,-,5.36,3.46,5.36,USD,"Jan 21, 2020","Jan 21, 2020",2026-04-02
PROSUS NV MTN RegS,Industrial,Fixed Income,"756,919.62",0.19,"756,919.62","800,000.00",-,USN7163RAX19,-,93.79,South Africa,-,USD,5.01,5.45,1.0,"Jan 19, 2032",4.19,5.01,-,5.45,5.01,5.45,USD,"Jan 19, 2022","Jan 19, 2022",2026-04-02
SASOL FINANCING USA LLC RegS,Industrial,Fixed Income,"752,725.56",0.19,"752,725.56","700,000.00",-,USU8035UAC63,-,103.94,South Africa,-,USD,2.55,7.3,1.0,"May 03, 2029",8.75,2.59,-,7.23,2.47,7.23,USD,"May 03, 2023","May 03, 2023",2026-04-02
VISTA ENERGY ARGENTINA SAU RegS,Industrial,Fixed Income,"750,282.56",0.19,"750,282.56","700,000.00",-,USP9659RAB44,-,104.59,Argentina,-,USD,3.52,7.55,1.0,"Jun 10, 2033",8.5,4.67,-,7.21,3.42,7.21,USD,"Jun 10, 2025","Jun 10, 2025",2026-04-02
MILLICOM INTERNATIONAL CELLULAR S. RegS,Industrial,Fixed Income,"742,780.00",0.19,"742,780.00","800,000.00",-,USL6388GHX18,BMF7010,90.94,Colombia,-,USD,4.25,6.63,1.0,"Apr 27, 2031",4.5,4.33,-,6.63,4.33,6.63,USD,"Oct 27, 2020","Oct 27, 2020",2026-04-02
LATAM AIRLINES GROUP SA RegS,Industrial,Fixed Income,"735,945.09",0.19,"735,945.09","705,000.00",-,USP62138AB13,-,100.78,Chile,-,USD,2.61,7.65,1.0,"Apr 15, 2030",7.88,3.29,-,7.53,2.19,7.53,USD,"Oct 15, 2024","Oct 15, 2024",2026-04-02
OOREDOO INTERNATIONAL FINANCE LTD MTN RegS,Agency,Fixed Income,"733,249.33",0.19,"733,249.33","800,000.00",-,XS2311299957,-,90.4,Qatar,-,USD,4.56,4.8,1.0,"Apr 08, 2031",2.63,4.55,-,4.8,4.55,4.8,USD,"Apr 08, 2021","Apr 08, 2021",2026-04-02
GENM CAPITAL LABUAN LTD RegS,Industrial,Fixed Income,"726,088.93",0.19,"726,088.93","800,000.00",-,USY2700RAA06,BM9FD00,89.03,Malaysia,-,USD,4.42,6.46,1.0,"Apr 19, 2031",3.88,4.38,-,6.46,4.38,6.46,USD,"Apr 19, 2021","Apr 19, 2021",2026-04-02
RELIANCE INDUSTRIES LTD RegS,Industrial,Fixed Income,"724,983.33",0.19,"724,983.33","800,000.00",-,USY72570AS69,BPQ0655,90.0,India,-,USD,5.2,4.88,1.0,"Jan 12, 2032",2.88,5.18,-,4.88,5.18,4.88,USD,"Jan 12, 2022","Jan 12, 2022",2026-04-02
BANGKOK BANK PUBLIC CO LTD (HONG K RegS,Financial Institutions,Fixed Income,"719,539.16",0.19,"719,539.16","800,000.00",-,USY0606WCC20,-,89.88,Thailand,-,USD,4.91,5.82,1.0,"Sep 23, 2036",3.47,4.84,-,5.64,4.87,5.64,USD,"Sep 23, 2021","Sep 23, 2021",2026-04-02
TEVA PHARMACEUTICAL FINANCE NETHER,Industrial,Fixed Income,"719,346.25",0.19,"719,346.25","700,000.00",88167AAK7,US88167AAK79,BF5MKP0,102.22,Israel,-,USD,1.6,5.51,1.0,"Mar 01, 2028",6.75,1.78,-,5.34,1.56,5.34,USD,"Mar 14, 2018","May 17, 2018",2026-04-02
SA GLOBAL SUKUK LTD RegS,Agency,Fixed Income,"718,646.27",0.19,"718,646.27","800,000.00",-,XS2352862119,-,89.06,Saudi Arabia,-,USD,4.73,5.11,1.0,"Jun 17, 2031",2.69,4.71,-,5.11,4.71,5.11,USD,"Jun 17, 2021","Jun 17, 2021",2026-04-02
TSMC ARIZONA CORP,Industrial,Fixed Income,"708,400.58",0.18,"708,400.58","700,000.00",872898AH4,US872898AH40,-,99.32,Taiwan,-,USD,5.13,4.38,1.0,"Apr 22, 2032",4.25,5.19,-,4.38,5.19,4.38,USD,"Apr 22, 2022","Apr 22, 2022",2026-04-02
ECOPETROL SA,Agency,Fixed Income,"705,770.80",0.18,"705,770.80","658,000.00",279158AT6,US279158AT64,-,105.54,Colombia,-,USD,2.42,6.43,1.0,"Jan 19, 2029",8.63,2.44,-,6.37,2.37,6.37,USD,"Jul 06, 2023","Jul 06, 2023",2026-04-02
SAUDI ARABIAN OIL CO MTN RegS,Agency,Fixed Income,"705,192.89",0.18,"705,192.89","800,000.00",-,XS1982113463,BK0MNW8,86.21,Saudi Arabia,-,USD,9.39,5.77,1.0,"Apr 16, 2039",4.25,9.39,-,5.77,9.39,5.77,USD,"Apr 16, 2019","Apr 16, 2019",2026-04-02
TELECOM ARGENTINA SA RegS,Industrial,Fixed Income,"670,773.50",0.17,"670,773.50","625,000.00",-,USP9028NBT74,-,105.42,Argentina,-,USD,3.35,7.97,1.0,"Jul 18, 2031",9.5,3.44,-,7.87,3.22,7.87,USD,"Jul 18, 2024","Jul 18, 2024",2026-04-02
TSMC GLOBAL LTD RegS,Industrial,Fixed Income,"670,251.36",0.17,"670,251.36","700,000.00",-,USG91139AG31,-,94.99,Taiwan,-,USD,1.98,4.31,1.0,"Apr 23, 2028",1.75,1.98,-,4.31,1.98,4.31,USD,"Apr 23, 2021","Apr 23, 2021",2026-04-02
NK KAZMUNAYGAZ AO RegS,Agency,Fixed Income,"666,578.69",0.17,"666,578.69","700,000.00",-,XS1595714087,BYQJ8W6,92.65,Kazakhstan,-,USD,11.25,6.39,1.0,"Apr 19, 2047",5.75,11.43,-,6.39,11.43,6.39,USD,"Apr 19, 2017","Apr 19, 2017",2026-04-02
TSMC ARIZONA CORP,Industrial,Fixed Income,"664,912.50",0.17,"664,912.50","700,000.00",872898AJ0,US872898AJ06,BN7F149,93.0,Taiwan,-,USD,14.13,4.98,1.0,"Apr 22, 2052",4.5,14.51,-,4.98,14.51,4.98,USD,"Apr 22, 2022","Apr 22, 2022",2026-04-02
STUDIO CITY FINANCE LTD RegS,Industrial,Fixed Income,"663,450.67",0.17,"663,450.67","700,000.00",-,USG85381AG95,BMF1DG8,93.74,Macau,-,USD,2.54,7.52,1.0,"Jan 15, 2029",5.0,2.51,-,7.52,2.51,7.52,USD,"Jan 14, 2021","Jan 14, 2021",2026-04-02
TSMC ARIZONA CORP,Industrial,Fixed Income,"660,171.89",0.17,"660,171.89","800,000.00",872898AD3,US872898AD36,-,81.18,Taiwan,-,USD,11.41,4.86,1.0,"Oct 25, 2041",3.13,11.55,-,4.86,11.55,4.86,USD,"Oct 25, 2021","Oct 25, 2021",2026-04-02
CANPACK SA RegS,Industrial,Fixed Income,"659,547.88",0.17,"659,547.88","700,000.00",-,USU1390CAA46,-,92.77,Poland,-,USD,3.21,6.13,1.0,"Nov 15, 2029",3.88,3.26,-,6.13,3.26,6.13,USD,"Oct 12, 2021","Oct 12, 2021",2026-04-02
STANDARD CHARTERED PLC 6nc5 RegS,Financial Institutions,Fixed Income,"645,402.30",0.17,"645,402.30","600,000.00",-,USG84228FL77,-,104.68,Hong Kong,-,USD,1.47,5.59,1.0,"Nov 16, 2028",7.77,1.47,-,4.74,1.49,4.74,USD,"Nov 16, 2022","Nov 16, 2022",2026-04-02
MINEJESA CAPITAL BV RegS,Utility,Fixed Income,"643,433.92",0.17,"643,433.92","649,000.00",-,USN57445AA17,BDFB3Y3,98.5,Indonesia,-,USD,2.13,5.33,1.0,"Aug 10, 2030",4.63,2.11,-,5.33,2.11,5.33,USD,"Aug 10, 2017","Aug 10, 2017",2026-04-02
YPF SA RegS,Agency,Fixed Income,"642,436.67",0.17,"642,436.67","600,000.00",-,USP989MJBU46,-,105.12,Argentina,-,USD,2.19,7.19,1.0,"Jan 17, 2031",9.5,2.17,-,7.18,2.15,7.18,USD,"Jan 17, 2024","Jan 17, 2024",2026-04-02
RELIANCE INDUSTRIES LTD RegS,Industrial,Fixed Income,"640,767.75",0.17,"640,767.75","900,000.00",-,USY72570AU16,BPQ0666,70.41,India,-,USD,14.24,5.86,1.0,"Jan 12, 2052",3.63,14.5,-,5.86,14.5,5.86,USD,"Jan 12, 2022","Jan 12, 2022",2026-04-02
ECOPETROL SA,Agency,Fixed Income,"634,146.72",0.16,"634,146.72","700,000.00",279158AP4,US279158AP43,BNT8FL1,88.69,Colombia,-,USD,4.74,7.11,1.0,"Nov 02, 2031",4.63,4.67,-,7.11,4.67,7.11,USD,"Nov 02, 2021","Nov 02, 2021",2026-04-02
ANGLO AMERICAN CAPITAL PLC RegS,Industrial,Fixed Income,"633,618.83",0.16,"633,618.83","600,000.00",-,USG0446NAZ71,-,102.81,South Africa,-,USD,6.17,5.31,1.0,"Apr 05, 2034",5.75,6.22,-,5.3,6.06,5.3,USD,"Apr 05, 2024","Apr 05, 2024",2026-04-02
VOLCAN COMPANIA MINERA SAA RegS,Industrial,Fixed Income,"631,831.67",0.16,"631,831.67","600,000.00",-,USP98047AE63,-,101.74,Peru,-,USD,4.11,8.15,1.0,"Oct 28, 2032",8.5,4.82,-,8.04,3.62,8.04,USD,"Oct 29, 2025","Oct 29, 2025",2026-04-02
VEDANTA RESOURCES FINANCE II PLC RegS,Industrial,Fixed Income,"630,556.25",0.16,"630,556.25","600,000.00",-,USG9T27HAG93,-,104.7,India,-,USD,1.94,9.26,1.0,"Sep 17, 2029",10.88,2.85,-,8.71,2.13,8.71,USD,"Sep 17, 2024","Sep 17, 2024",2026-04-02
MELCO RESORTS FINANCE LTD RegS,Industrial,Fixed Income,"629,855.58",0.16,"629,855.58","600,000.00",-,USG5975LAK29,-,101.52,Macau,-,USD,3.24,7.31,1.0,"Apr 17, 2032",7.63,4.63,-,7.06,2.6,7.06,USD,"Apr 17, 2024","Apr 17, 2024",2026-04-02
BANGKOK BANK PCL (HONG KONG) MTN RegS,Financial Institutions,Fixed Income,"625,368.17",0.16,"625,368.17","600,000.00",-,USY06072AH89,-,102.89,Thailand,-,USD,6.44,5.21,1.0,"Jul 05, 2034",5.65,6.49,-,5.2,6.33,5.2,USD,"Jul 05, 2024","Jul 05, 2024",2026-04-02
OCP SA RegS,Agency,Fixed Income,"625,000.00",0.16,"625,000.00","600,000.00",-,XS3040572979,-,101.63,Morocco,-,USD,3.49,5.65,1.0,"Apr 30, 2030",6.1,3.49,-,5.64,3.43,5.64,USD,"Apr 30, 2025","Apr 30, 2025",2026-04-02
OTP BANK NYRT MTN RegS,Financial Institutions,Fixed Income,"624,737.50",0.16,"624,737.50","600,000.00",-,XS2988670878,-,102.91,Hungary,-,USD,3.7,6.64,1.0,"Jul 30, 2035",7.3,3.62,-,6.64,3.28,6.64,USD,"Jan 30, 2025","Jan 30, 2025",2026-04-02
TECPETROL SA RegS,Industrial,Fixed Income,"624,687.25",0.16,"624,687.25","600,000.00",-,USP90187AT55,-,101.0,Argentina,-,USD,3.23,7.36,1.0,"Nov 03, 2030",7.63,3.71,-,7.3,3.01,7.3,USD,"Nov 03, 2025","Nov 03, 2025",2026-04-02
WE SODA INVESTMENTS HOLDING PLC RegS,Industrial,Fixed Income,"624,550.00",0.16,"624,550.00","600,000.00",-,USG95448AA75,-,99.5,Turkey,-,USD,1.77,9.73,1.0,"Oct 06, 2028",9.5,2.09,-,9.73,2.09,9.73,USD,"Oct 06, 2023","Oct 06, 2023",2026-04-02
SK HYNIX INC RegS,Industrial,Fixed Income,"622,575.33",0.16,"622,575.33","600,000.00",-,USY8085FBU31,-,102.63,Korea (South),-,USD,2.56,4.48,1.0,"Jan 16, 2029",5.5,2.55,-,4.48,2.55,4.48,USD,"Jan 16, 2024","Jan 16, 2024",2026-04-02
EREGLI DEMIR VE CELIK FABRIKALARI RegS,Industrial,Fixed Income,"622,300.08",0.16,"622,300.08","600,000.00",-,XS2861686041,-,102.16,Turkey,-,USD,2.87,7.62,1.0,"Jul 23, 2029",8.38,2.82,-,7.62,2.82,7.62,USD,"Jul 23, 2024","Jul 23, 2024",2026-04-02
HTA GROUP LTD RegS,Industrial,Fixed Income,"622,000.00",0.16,"622,000.00","600,000.00",-,XS2826815446,-,101.25,Tanzania,-,USD,2.13,7.05,1.0,"Jun 04, 2029",7.5,2.73,-,6.86,1.94,6.86,USD,"Jun 04, 2024","Jun 04, 2024",2026-04-02
WINDFALL MINING GROUP INC RegS,Industrial,Fixed Income,"620,224.27",0.16,"620,224.27","600,000.00",-,XS3046428408,-,101.14,South Africa,-,USD,4.95,5.63,1.0,"May 13, 2032",5.85,4.99,-,5.62,4.81,5.62,USD,"May 13, 2025","May 13, 2025",2026-04-02
UNITED OVERSEAS BANK LTD MTN RegS,Financial Institutions,Fixed Income,"616,230.30",0.16,"616,230.30","600,000.00",91127LAK6,US91127LAK61,-,100.53,Singapore,-,USD,1.87,4.12,1.0,"Apr 02, 2028",4.4,1.86,-,4.12,1.86,4.12,USD,"Apr 02, 2025","Apr 02, 2025",2026-04-02
IVANHOE MINES LTD RegS,Industrial,Fixed Income,"616,023.75",0.16,"616,023.75","600,000.00",-,XS2978907512,-,101.21,Democratic Rep of Congo,-,USD,2.68,7.5,1.0,"Jan 23, 2030",7.88,3.21,-,7.39,2.46,7.39,USD,"Jan 23, 2025","Jan 23, 2025",2026-04-02
COMPANIA DE MINAS BUENAVENTURA SAA RegS,Industrial,Fixed Income,"615,496.67",0.16,"615,496.67","600,000.00",-,USP6680PAB78,-,101.53,Peru,-,USD,3.68,6.48,1.0,"Feb 04, 2032",6.8,4.73,-,6.34,3.31,6.34,USD,"Feb 04, 2025","Feb 04, 2025",2026-04-02
AZULE ENERGY FINANCE PLC 144A,Industrial,Fixed Income,"615,074.00",0.16,"615,074.00","600,000.00",05501YAB4,US05501YAB48,-,100.95,Angola,-,USD,3.45,8.0,1.0,"Jan 22, 2031",8.25,3.86,-,7.95,3.18,7.95,USD,"Jan 22, 2026","Jan 22, 2026",2026-04-02
BANGKOK BANK PUBLIC CO LTD (HONG K MTN RegS,Financial Institutions,Fixed Income,"613,125.00",0.16,"613,125.00","600,000.00",-,USY06072AF24,-,102.05,Thailand,-,USD,6.03,5.17,1.0,"Sep 21, 2033",5.5,6.08,-,5.16,5.91,5.16,USD,"Sep 21, 2023","Sep 21, 2023",2026-04-02
FIRST QUANTUM MINERALS LTD RegS,Industrial,Fixed Income,"613,010.33",0.16,"613,010.33","600,000.00",-,USC3535CAS73,-,101.24,Zambia,-,USD,4.75,7.04,1.0,"Feb 15, 2034",7.25,5.89,-,6.94,4.02,6.94,USD,"Aug 20, 2025","Aug 20, 2025",2026-04-02
C&W SENIOR FINANCE LTD RegS,Industrial,Fixed Income,"612,150.00",0.16,"612,150.00","600,000.00",-,USG3169MAA39,-,100.13,Panama,-,USD,4.06,8.97,1.0,"Jan 15, 2033",9.0,4.91,-,8.95,3.1,8.95,USD,"Feb 11, 2025","Feb 11, 2025",2026-04-02
TSMC ARIZONA CORP,Industrial,Fixed Income,"612,106.44",0.16,"612,106.44","800,000.00",872898AE1,US872898AE19,-,75.11,Taiwan,-,USD,15.11,4.98,1.0,"Oct 25, 2051",3.25,15.47,-,4.98,15.47,4.98,USD,"Oct 25, 2021","Oct 25, 2021",2026-04-02
BANCO DE CREDITO DEL PERU MTN RegS,Financial Institutions,Fixed Income,"610,950.00",0.16,"610,950.00","600,000.00",05971V2J3,US05971V2J35,-,100.75,Peru,-,USD,3.55,6.48,1.0,"Jul 30, 2035",6.45,3.67,-,6.24,3.51,6.24,USD,"Apr 30, 2025","Apr 30, 2025",2026-04-02
ST ENGINEERING RHQ LTD MTN RegS,Agency,Fixed Income,"609,728.33",0.16,"609,728.33","600,000.00",-,XS3036581810,-,99.94,Singapore,-,USD,3.65,4.26,1.0,"May 08, 2030",4.25,3.67,-,4.26,3.67,4.26,USD,"May 08, 2025","May 08, 2025",2026-04-02
INVESTMENT ENERGY RESOURCES LTD RegS,Utility,Fixed Income,"608,841.67",0.16,"608,841.67","600,000.00",-,USG4923NAB40,-,98.8,Guatemala,-,USD,2.03,6.69,1.0,"Apr 26, 2029",6.25,2.68,-,6.69,2.68,6.69,USD,"Apr 26, 2021","Apr 26, 2021",2026-04-02
SAUDI ARABIAN OIL CO MTN RegS,Agency,Fixed Income,"608,787.50",0.16,"608,787.50","600,000.00",-,XS3084345241,-,99.38,Saudi Arabia,-,USD,12.55,6.42,1.0,"Jun 02, 2055",6.38,12.86,-,6.42,12.86,6.42,USD,"Jun 02, 2025","Jun 02, 2025",2026-04-02
TELEKOM SRBIJA AD BEOGRAD RegS,Agency,Fixed Income,"608,133.33",0.16,"608,133.33","600,000.00",-,XS2921374273,-,98.4,Serbia,-,USD,2.77,7.52,1.0,"Oct 28, 2029",7.0,3.02,-,7.52,3.02,7.52,USD,"Oct 28, 2024","Oct 28, 2024",2026-04-02
KFH SUKUK CO MTN RegS,Financial Institutions,Fixed Income,"607,757.60",0.16,"607,757.60","600,000.00",-,XS2974156627,-,100.16,Kuwait,-,USD,3.38,5.33,1.0,"Jan 14, 2030",5.38,3.35,-,5.33,3.35,5.33,USD,"Jan 14, 2025","Jan 14, 2025",2026-04-02
QIIB SENIOR ORYX LTD RegS,Financial Institutions,Fixed Income,"606,671.70",0.16,"606,671.70","600,000.00",-,XS2747076664,-,100.15,Qatar,-,USD,2.58,5.19,1.0,"Jan 24, 2029",5.25,2.57,-,5.19,2.57,5.19,USD,"Jan 24, 2024","Jan 24, 2024",2026-04-02
KFH TIER 1 SUKUK 2 LTD RegS,Financial Institutions,Fixed Income,"606,341.67",0.16,"606,341.67","600,000.00",-,XS3201991232,-,98.8,Kuwait,-,USD,3.86,6.45,1.0,"Dec 31, 2079",6.25,4.16,-,6.45,4.23,6.45,USD,"Nov 20, 2025","Nov 20, 2025",2026-04-02
UNITED OVERSEAS BANK LTD MTN RegS,Financial Institutions,Fixed Income,"605,144.32",0.16,"605,144.32","600,000.00",91127LAH3,US91127LAH33,-,99.0,Singapore,-,USD,1.44,5.16,1.0,"Oct 07, 2032",3.86,1.4,-,4.55,1.43,4.55,USD,"Apr 07, 2022","Apr 07, 2022",2026-04-02
BANGKOK BANK PUBLIC CO LTD (HONG K MTN RegS,Financial Institutions,Fixed Income,"604,999.00",0.16,"604,999.00","600,000.00",-,USY06072AE58,-,99.58,Thailand,-,USD,1.14,4.66,1.0,"Jun 15, 2027",4.3,1.15,-,4.66,1.15,4.66,USD,"Jun 15, 2022","Jun 15, 2022",2026-04-02
BBG SUKUK LTD RegS,Financial Institutions,Fixed Income,"604,626.00",0.16,"604,626.00","600,000.00",-,XS2890149185,-,98.61,Qatar,-,USD,3.16,5.0,1.0,"Oct 09, 2029",4.56,3.15,-,5.0,3.15,5.0,USD,"Oct 09, 2024","Oct 09, 2024",2026-04-02
QIB SUKUK LTD RegS,Financial Institutions,Fixed Income,"604,601.40",0.16,"604,601.40","600,000.00",-,XS3089771029,-,99.33,Qatar,-,USD,3.73,4.98,1.0,"Jun 12, 2030",4.8,3.71,-,4.98,3.71,4.98,USD,"Jun 12, 2025","Jun 12, 2025",2026-04-02
CHILE ELECTRICITY LUX MPC II SARL RegS,Agency,Fixed Income,"604,279.91",0.16,"604,279.91","586,503.00",-,USL1567LAA19,-,100.55,Chile,-,USD,5.2,5.48,1.0,"Oct 20, 2035",5.58,5.19,-,5.48,5.19,5.48,USD,"Oct 24, 2024","Oct 24, 2024",2026-04-02
KOREA HYDRO & NUCLEAR POWER CO LTD MTN RegS,Agency,Fixed Income,"604,030.50",0.16,"604,030.50","600,000.00",-,USY4899GFA68,-,99.93,Korea (South),-,USD,1.27,4.3,1.0,"Jul 27, 2027",4.25,1.27,-,4.3,1.27,4.3,USD,"Jul 27, 2022","Jul 27, 2022",2026-04-02
KASIKORNBANK PCL (HONG KONG BRANCH MTN RegS,Financial Institutions,Fixed Income,"603,995.57",0.16,"603,995.57","600,000.00",-,XS2056558088,BKPGWS4,99.01,Thailand,-,USD,0.49,5.58,1.0,"Oct 02, 2031",3.34,0.45,-,5.35,0.48,5.35,USD,"Oct 02, 2019","Oct 02, 2019",2026-04-02
GC TREASURY CENTER PERPNC5.25 RegS,Industrial,Fixed Income,"602,646.67",0.16,"602,646.67","600,000.00",-,USY3004DAD67,-,96.83,Thailand,-,USD,3.71,7.14,1.0,"Dec 31, 2079",6.5,3.74,-,7.34,3.83,7.34,USD,"Sep 10, 2025","Sep 10, 2025",2026-04-02
SAUDI ARABIAN OIL CO MTN RegS,Agency,Fixed Income,"602,511.50",0.16,"602,511.50","600,000.00",-,XS2861550817,-,99.35,Saudi Arabia,-,USD,6.55,5.35,1.0,"Jul 17, 2034",5.25,6.58,-,5.35,6.58,5.35,USD,"Jul 17, 2024","Jul 17, 2024",2026-04-02
CENCOSUD SA RegS,Industrial,Fixed Income,"601,914.92",0.16,"601,914.92","600,000.00",-,USP2205JAQ33,BYW9H45,99.43,Chile,-,USD,1.2,4.83,1.0,"Jul 17, 2027",4.38,1.24,-,4.83,1.24,4.83,USD,"Jul 17, 2017","Jul 17, 2017",2026-04-02
BANK MUSCAT SAOG MTN RegS,Financial Institutions,Fixed Income,"601,407.23",0.15,"601,407.23","600,000.00",-,XS3184474891,-,97.83,Oman,-,USD,3.92,5.4,1.0,"Oct 01, 2030",4.85,3.89,-,5.4,3.89,5.4,USD,"Oct 01, 2025","Oct 01, 2025",2026-04-02
DOHA FINANCE LTD MTN RegS,Financial Institutions,Fixed Income,"601,414.28",0.15,"601,414.28","600,000.00",-,XS2912342917,-,99.87,Qatar,-,USD,3.52,5.29,1.0,"Mar 05, 2030",5.25,3.5,-,5.29,3.5,5.29,USD,"Mar 05, 2025","Mar 05, 2025",2026-04-02
BANK MANDIRI (PERSERO) TBK PT MTN RegS,Agency,Fixed Income,"601,060.00",0.15,"601,060.00","600,000.00",-,XS3011307678,-,100.1,Indonesia,-,USD,1.88,4.85,1.0,"Mar 24, 2028",4.9,1.87,-,4.85,1.87,4.85,USD,"Mar 24, 2025","Mar 24, 2025",2026-04-02
CBQ FINANCE LTD MTN RegS,Financial Institutions,Fixed Income,"600,740.95",0.15,"600,740.95","600,000.00",-,XS2654057970,-,100.09,Qatar,-,USD,2.75,5.34,1.0,"Mar 28, 2029",5.38,2.73,-,5.34,2.73,5.34,USD,"Mar 28, 2024","Mar 28, 2024",2026-04-02
SMC GLOBAL POWER HOLDINGS CORP RegS,Utility,Fixed Income,"600,332.50",0.15,"600,332.50","600,000.00",-,XS2346954873,-,98.38,Philippines,-,USD,0.67,10.85,1.0,"Dec 31, 2079",5.45,0.36,-,7.89,0.65,7.89,USD,"Jun 09, 2021","Jun 09, 2021",2026-04-02
BANGKOK BANK PUBLIC CO LTD (HONG K MTN RegS,Financial Institutions,Fixed Income,"599,933.83",0.15,"599,933.83","600,000.00",-,USY0606WBZ24,BGKX334,99.85,Thailand,-,USD,2.32,4.51,1.0,"Sep 19, 2028",4.45,2.31,-,4.51,2.31,4.51,USD,"Sep 19, 2018","Sep 19, 2018",2026-04-02
BANK HAPOALIM BM,Financial Institutions,Fixed Income,"599,602.53",0.15,"599,602.53","600,000.00",-,IL0012338161,-,98.83,Israel,-,USD,5.55,5.46,1.0,"Jan 14, 2033",5.25,5.58,-,5.46,5.58,5.46,USD,"Jan 14, 2026","Jan 14, 2026",2026-04-02
NICKEL INDUSTRIES LTD RegS,Industrial,Fixed Income,"598,500.00",0.15,"598,500.00","600,000.00",-,USQ67949AD17,-,99.75,Indonesia,-,USD,3.37,9.07,1.0,"Sep 30, 2030",9.0,3.63,-,9.07,3.63,9.07,USD,"Sep 30, 2025","Sep 30, 2025",2026-04-02
SAUDI ELECTRICITY GLOBAL SUKUK COM RegS,Agency,Fixed Income,"598,268.15",0.15,"598,268.15","600,000.00",-,XS1877838877,BGRDLK0,99.67,Saudi Arabia,-,USD,2.34,4.86,1.0,"Sep 27, 2028",4.72,2.32,-,4.86,2.32,4.86,USD,"Sep 27, 2018","Sep 27, 2018",2026-04-02
UNITED OVERSEAS BANK LTD MTN RegS,Financial Institutions,Fixed Income,"597,805.33",0.15,"597,805.33","600,000.00",91127LAE0,US91127LAE02,-,98.71,Singapore,-,USD,0.52,4.86,1.0,"Oct 14, 2031",2.0,0.5,-,4.44,0.52,4.44,USD,"Apr 14, 2021","Apr 14, 2021",2026-04-02
SAN MIGUEL GLOBAL POWER HOLDINGS C RegS,Utility,Fixed Income,"596,817.00",0.15,"596,817.00","600,000.00",-,XS2883979705,BPMPTS8,99.03,Philippines,-,USD,2.79,10.87,1.0,"Dec 31, 2079",8.75,2.68,-,9.11,2.91,9.11,USD,"Sep 12, 2024","Sep 12, 2024",2026-04-02
QNB FINANCE LTD MTN RegS,Agency,Fixed Income,"596,569.10",0.15,"596,569.10","600,000.00",-,XS3009472476,-,99.08,Qatar,-,USD,0.0,5.06,1.0,"Mar 04, 2030",4.71,0.16,-,5.06,0.16,5.06,USD,"Mar 04, 2025","Mar 04, 2025",2026-04-02
EQUATE SUKUK SPC LTD MTN RegS,Agency,Fixed Income,"596,017.33",0.15,"596,017.33","600,000.00",-,XS2829198857,-,98.99,Kuwait,-,USD,4.64,5.22,1.0,"Sep 05, 2031",5.0,4.68,-,5.22,4.68,5.22,USD,"Sep 05, 2024","Sep 05, 2024",2026-04-02
MELCO RESORTS FINANCE LTD RegS,Industrial,Fixed Income,"595,770.50",0.15,"595,770.50","600,000.00",-,USG5975LAF34,BL9Y8P0,98.19,Macau,-,USD,1.81,6.6,1.0,"Jul 21, 2028",5.75,2.1,-,6.6,2.1,6.6,USD,"Jul 21, 2020","Jul 21, 2020",2026-04-02
CHINA CONSTRUCTION BANK CORP RegS,Agency,Fixed Income,"595,093.50",0.15,"595,093.50","600,000.00",-,XS2431453336,-,98.64,China,-,USD,0.79,5.2,1.0,"Jan 21, 2032",2.85,0.75,-,4.58,0.78,4.58,USD,"Jan 21, 2022","Jan 21, 2022",2026-04-02
NBK TIER 1 LTD RegS,Financial Institutions,Fixed Income,"594,628.00",0.15,"594,628.00","600,000.00",-,XS3076918419,-,97.69,Kuwait,-,USD,3.46,6.52,1.0,"Dec 31, 2079",6.38,4.3,-,6.52,4.34,6.52,USD,"Jul 10, 2025","Jul 10, 2025",2026-04-02
BANK HAPOALIM BM,Financial Institutions,Fixed Income,"594,555.75",0.15,"594,555.75","600,000.00",-,IL0066204707,-,98.47,Israel,-,USD,0.54,5.94,1.0,"Jan 21, 2032",3.25,0.74,-,6.09,0.54,6.09,USD,"Oct 21, 2021","Oct 21, 2021",2026-04-02
OVERSEA-CHINESE BANKING CORPORATIO MTN RegS,Financial Institutions,Fixed Income,"594,087.33",0.15,"594,087.33","600,000.00",69033DAE7,US69033DAE76,-,98.74,Singapore,-,USD,3.98,4.8,1.0,"Sep 08, 2035",4.55,3.95,-,4.87,3.96,4.87,USD,"Sep 08, 2025","Sep 08, 2025",2026-04-02
ISRAEL ELECTRIC CORP LTD MTN,Agency,Fixed Income,"591,258.33",0.15,"591,258.33","600,000.00",465077AL9,IL0060002446,BFWRFM0,98.0,Israel,-,USD,2.23,5.15,1.0,"Aug 14, 2028",4.25,2.21,-,5.15,2.21,5.15,USD,"Feb 12, 2018","Feb 12, 2018",2026-04-02
QIB SUKUK LTD RegS,Financial Institutions,Fixed Income,"590,906.75",0.15,"590,906.75","600,000.00",-,XS2900444139,-,98.32,Qatar,-,USD,3.18,5.02,1.0,"Sep 17, 2029",4.49,3.16,-,5.02,3.16,5.02,USD,"Sep 17, 2024","Sep 17, 2024",2026-04-02
NBK TIER 1 LTD RegS,Financial Institutions,Fixed Income,"590,175.00",0.15,"590,175.00","600,000.00",-,XS2306962841,-,98.0,Kuwait,-,USD,0.72,6.78,1.0,"Dec 31, 2079",3.63,0.71,-,6.78,0.38,6.78,USD,"Feb 24, 2021","Feb 24, 2021",2026-04-02
ENERGUATE TRUST 2 RegS,Utility,Fixed Income,"590,053.33",0.15,"590,053.33","600,000.00",-,USG3040LAB83,-,98.06,Guatemala,-,USD,6.18,6.63,1.0,"Sep 15, 2035",6.35,6.97,-,6.63,6.97,6.63,USD,"Sep 25, 2025","Sep 25, 2025",2026-04-02
KALLPA GENERACION SA RegS,Utility,Fixed Income,"588,393.33",0.15,"588,393.33","600,000.00",-,USP6040KAD92,-,97.76,Peru,-,USD,7.23,5.81,1.0,"Sep 11, 2035",5.5,7.23,-,5.81,7.23,5.81,USD,"Sep 11, 2025","Sep 11, 2025",2026-04-02
PROSUS NV MTN RegS,Industrial,Fixed Income,"581,240.71",0.15,"581,240.71","900,000.00",-,USN7163RAQ67,BNBRK44,64.03,South Africa,-,USD,13.07,6.87,1.0,"Feb 08, 2051",3.83,13.3,-,6.87,13.3,6.87,USD,"Dec 08, 2020","Dec 08, 2020",2026-04-02
LAS VEGAS SANDS CORP,Industrial,Fixed Income,"581,094.46",0.15,"581,094.46","600,000.00",517834AF4,US517834AF40,BKPHQ07,96.27,United States,-,USD,3.06,5.12,1.0,"Aug 08, 2029",3.9,3.07,-,5.12,3.07,5.12,USD,"Jul 31, 2019","Jul 31, 2019",2026-04-02
NANSHAN LIFE PTE LTD RegS,Financial Institutions,Fixed Income,"580,995.83",0.15,"580,995.83","600,000.00",-,XS2888260564,-,96.55,Taiwan,-,USD,6.68,5.98,1.0,"Sep 11, 2034",5.45,6.63,-,5.98,6.63,5.98,USD,"Sep 11, 2024","Sep 11, 2024",2026-04-02
PAMPA ENERGIA SA RegS,Utility,Fixed Income,"579,820.31",0.15,"579,820.31","550,000.00",-,USP7464EAT30,-,103.13,Argentina,-,USD,5.06,7.38,1.0,"Dec 16, 2034",7.88,6.14,-,7.27,5.06,7.27,USD,"Dec 16, 2024","Dec 16, 2024",2026-04-02
MINEJESA CAPITAL BV RegS,Utility,Fixed Income,"579,067.50",0.15,"579,067.50","600,000.00",-,USN57445AB99,BDFB4B7,95.73,Indonesia,-,USD,6.7,6.27,1.0,"Aug 10, 2037",5.63,6.66,-,6.27,6.66,6.27,USD,"Aug 10, 2017","Aug 10, 2017",2026-04-02
OZTEL HOLDINGS SPC LTD RegS,Agency,Fixed Income,"578,962.08",0.15,"578,962.08","550,000.00",-,XS1805476659,BF0T5R3,102.4,Oman,-,USD,1.88,5.38,1.0,"Apr 24, 2028",6.63,1.86,-,5.38,1.86,5.38,USD,"Apr 24, 2018","Apr 24, 2018",2026-04-02
AFRICA FINANCE CORP RegS,Supranational,Fixed Income,"577,655.33",0.15,"577,655.33","600,000.00",-,XS2337067792,-,95.06,Nigeria,-,USD,1.97,5.42,1.0,"Apr 28, 2028",2.88,1.95,-,5.42,1.95,5.42,USD,"Apr 28, 2021","Apr 28, 2021",2026-04-02
YPF SA RegS,Agency,Fixed Income,"575,932.50",0.15,"575,932.50","550,000.00",-,USP989MJBS99,-,102.47,Argentina,-,USD,1.53,7.43,1.0,"Jun 30, 2029",9.0,1.54,-,7.37,1.49,7.37,USD,"Feb 12, 2021","Feb 12, 2021",2026-04-02
AMERICA MOVIL SAB DE CV,Industrial,Fixed Income,"573,864.50",0.15,"573,864.50","550,000.00",02364WAW5,US02364WAW55,B62V507,104.34,Mexico,-,USD,9.4,5.67,1.0,"Mar 30, 2040",6.13,9.43,-,5.67,9.43,5.67,USD,"Mar 30, 2010","Aug 25, 2010",2026-04-02
TSMC GLOBAL LTD RegS,Industrial,Fixed Income,"572,355.33",0.15,"572,355.33","600,000.00",-,USG91139AD00,-,95.39,Taiwan,-,USD,1.46,4.22,1.0,"Sep 28, 2027",1.0,1.46,-,4.22,1.46,4.22,USD,"Sep 28, 2020","Sep 28, 2020",2026-04-02
STAR ENERGY GEOTHERMAL DARAJAT II RegS,Utility,Fixed Income,"572,018.33",0.15,"572,018.33","600,000.00",-,USG8438NAB31,BKPWSH3,93.1,Indonesia,-,USD,6.0,5.9,1.0,"Oct 14, 2038",4.85,6.57,-,5.9,6.57,5.9,USD,"Oct 14, 2020","Oct 14, 2020",2026-04-02
EQUATE PETROCHEMICAL BV MTN RegS,Agency,Fixed Income,"570,462.50",0.15,"570,462.50","600,000.00",-,XS2337430461,-,93.97,Kuwait,-,USD,1.97,5.74,1.0,"Apr 28, 2028",2.63,1.95,-,5.74,1.95,5.74,USD,"Apr 28, 2021","Apr 28, 2021",2026-04-02
STANDARD CHARTERED PLC RegS,Financial Institutions,Fixed Income,"568,972.33",0.15,"568,972.33","600,000.00",-,USG84228EV68,-,94.34,Hong Kong,-,USD,1.56,4.27,1.0,"Dec 31, 2079",4.3,2.63,-,4.27,2.64,4.27,USD,"Aug 19, 2021","Aug 19, 2021",2026-04-02
AVIANCA MIDCO 2 PLC RegS,Industrial,Fixed Income,"566,129.17",0.15,"566,129.17","600,000.00",-,USG2957NAA93,-,93.13,Colombia,-,USD,3.16,11.88,1.0,"Feb 14, 2030",9.63,3.08,-,11.88,3.08,11.88,USD,"Feb 14, 2025","Feb 14, 2025",2026-04-02
CT TRUST RegS,Industrial,Fixed Income,"564,848.75",0.15,"564,848.75","600,000.00",-,USG2588BAA29,BNSMF47,93.33,Guatemala,-,USD,4.59,6.51,1.0,"Feb 03, 2032",5.13,4.89,-,6.51,4.89,6.51,USD,"Feb 03, 2022","Feb 03, 2022",2026-04-02
ALTICE FINANCING SA RegS,Industrial,Fixed Income,"564,333.33",0.15,"564,333.33","800,000.00",-,USL0178WAH53,BJVLRY7,69.5,Luxembourg,-,USD,1.68,27.7,1.0,"Jan 15, 2028",5.0,1.49,-,27.7,1.49,27.7,USD,"Jan 22, 2020","Jan 22, 2020",2026-04-02
GRUPO AVAL LTD RegS,Financial Institutions,Fixed Income,"564,333.33",0.15,"564,333.33","600,000.00",-,USG42045AC15,-,93.38,Colombia,-,USD,3.46,6.34,1.0,"Feb 04, 2030",4.38,3.44,-,6.34,3.44,6.34,USD,"Feb 04, 2020","Feb 04, 2020",2026-04-02
TENCENT HOLDINGS LTD MTN RegS,Industrial,Fixed Income,"563,740.50",0.15,"563,740.50","600,000.00",88032XAU8,US88032XAU81,BMX9955,93.18,China,-,USD,3.86,4.19,1.0,"Jun 03, 2030",2.39,3.88,-,4.19,3.88,4.19,USD,"Jun 03, 2020","Jun 03, 2020",2026-04-02
SAUDI ARABIAN OIL CO MTN RegS,Agency,Fixed Income,"560,455.39",0.14,"560,455.39","700,000.00",-,XS1982116136,BJK5N08,78.07,Saudi Arabia,-,USD,12.61,6.17,1.0,"Apr 16, 2049",4.38,12.82,-,6.17,12.82,6.17,USD,"Apr 16, 2019","Apr 16, 2019",2026-04-02
AFRICAN EXPORT-IMPORT BANK MTN RegS,Supranational,Fixed Income,"558,497.10",0.14,"558,497.10","600,000.00",-,XS2053566068,-,92.98,Supranational,-,USD,3.2,6.27,1.0,"Sep 21, 2029",3.99,3.17,-,6.27,3.17,6.27,USD,"Sep 23, 2019","Sep 23, 2019",2026-04-02
ZORLU ENERJI ELEKTRIK URETIM AS RegS,Utility,Fixed Income,"556,783.33",0.14,"556,783.33","600,000.00",-,XS2926261426,-,88.0,Turkey,-,USD,3.1,15.05,1.0,"Apr 23, 2030",11.0,2.94,-,15.05,2.94,15.05,USD,"Oct 23, 2024","Oct 23, 2024",2026-04-02
SAUDI ARABIAN OIL CO MTN RegS,Agency,Fixed Income,"556,595.83",0.14,"556,595.83","600,000.00",-,XS2861551898,BPMQD12,91.6,Saudi Arabia,-,USD,12.8,6.4,1.0,"Jul 17, 2054",5.75,13.11,-,6.4,13.11,6.4,USD,"Jul 17, 2024","Jul 17, 2024",2026-04-02
TENGIZCHEVROIL FINANCE COMPANY INT RegS,Industrial,Fixed Income,"556,237.50",0.14,"556,237.50","600,000.00",-,XS2010030083,BLCBBX7,92.3,Kazakhstan,-,USD,3.96,5.24,1.0,"Aug 15, 2030",3.25,3.98,-,5.24,3.98,5.24,USD,"Jul 23, 2020","Jul 23, 2020",2026-04-02
ANGLO AMERICAN CAPITAL PLC RegS,Industrial,Fixed Income,"548,718.20",0.14,"548,718.20","600,000.00",-,USG0446NAS39,-,91.31,South Africa,-,USD,4.11,4.82,1.0,"Sep 10, 2030",2.63,4.11,-,4.82,4.11,4.82,USD,"Sep 10, 2020","Sep 10, 2020",2026-04-02
NK KAZMUNAYGAZ AO MTN RegS,Agency,Fixed Income,"546,575.33",0.14,"546,575.33","600,000.00",-,XS2242422397,BKS9J89,89.48,Kazakhstan,-,USD,5.95,5.31,1.0,"Apr 14, 2033",3.5,5.98,-,5.31,5.98,5.31,USD,"Oct 14, 2020","Oct 14, 2020",2026-04-02
SK HYNIX INC RegS,Industrial,Fixed Income,"545,726.42",0.14,"545,726.42","600,000.00",-,USY8085FBD16,BMV7YQ7,90.49,Korea (South),-,USD,4.45,4.6,1.0,"Jan 19, 2031",2.38,4.43,-,4.6,4.43,4.6,USD,"Jan 19, 2021","Jan 19, 2021",2026-04-02
PROSUS NV MTN RegS,Industrial,Fixed Income,"539,588.33",0.14,"539,588.33","700,000.00",-,USN7163RAY91,-,76.1,South Africa,-,USD,12.3,7.0,1.0,"Jan 19, 2052",4.99,12.54,-,7.0,12.54,7.0,USD,"Jan 19, 2022","Jan 19, 2022",2026-04-02
STANDARD CHARTERED PLC RegS,Financial Institutions,Fixed Income,"538,307.63",0.14,"538,307.63","600,000.00",-,XS2358287824,-,89.04,Hong Kong,-,USD,4.69,4.87,1.0,"Jun 29, 2032",2.68,4.75,-,4.87,4.75,4.87,USD,"Jun 29, 2021","Jun 29, 2021",2026-04-02
AFRICAN EXPORT-IMPORT BANK MTN RegS,Supranational,Fixed Income,"537,882.90",0.14,"537,882.90","600,000.00",-,XS2343007170,BNXFRG7,88.24,Supranational,-,USD,4.51,6.53,1.0,"May 17, 2031",3.8,4.46,-,6.53,4.46,6.53,USD,"May 17, 2021","May 17, 2021",2026-04-02
OTP BANK NYRT MTN RegS,Financial Institutions,Fixed Income,"536,602.78",0.14,"536,602.78","500,000.00",-,XS2586007036,-,104.02,Hungary,-,USD,2.02,8.14,1.0,"May 15, 2033",8.75,1.79,-,8.14,1.66,8.14,USD,"Feb 15, 2023","Feb 15, 2023",2026-04-02
SAUDI ARABIAN OIL CO MTN RegS,Agency,Fixed Income,"534,075.00",0.14,"534,075.00","600,000.00",-,XS2262853265,BLD49H5,88.22,Saudi Arabia,-,USD,4.3,5.13,1.0,"Nov 24, 2030",2.25,4.28,-,5.13,4.28,5.13,USD,"Nov 24, 2020","Nov 24, 2020",2026-04-02
ENERGEAN ISRAEL FINANCE LTD,Industrial,Fixed Income,"533,738.40",0.14,"533,738.40","520,000.00",29290WAA5,IL0011971442,BMY3GR7,102.64,Israel,-,USD,4.6,8.02,1.0,"Sep 30, 2033",8.5,5.5,-,7.79,3.7,7.79,USD,"Jul 11, 2023","Jul 11, 2023",2026-04-02
PLUSPETROL SA RegS,Industrial,Fixed Income,"533,416.67",0.14,"533,416.67","500,000.00",-,USP7924AAA62,-,103.85,Argentina,-,USD,3.59,7.7,1.0,"May 30, 2032",8.5,4.64,-,7.4,3.39,7.4,USD,"May 30, 2025","May 30, 2025",2026-04-02
TEVA PHARM FINANCE LLC,Industrial,Fixed Income,"520,125.00",0.13,"520,125.00","500,000.00",88163VAD1,US88163VAD10,B0XRV48,103.0,Israel,-,USD,7.32,5.75,1.0,"Feb 01, 2036",6.15,7.28,-,5.75,7.28,5.75,USD,"Jan 31, 2006","Jan 31, 2006",2026-04-02
YPF SA MTN RegS,Agency,Fixed Income,"519,204.27",0.13,"519,204.27","512,000.00",-,USP989MJBL47,BF8F0H8,100.08,Argentina,-,USD,1.23,6.88,1.0,"Jul 21, 2027",6.95,1.22,-,6.88,1.22,6.88,USD,"Jul 21, 2017","Jul 21, 2017",2026-04-02
PERU LNG SRL RegS,Industrial,Fixed Income,"518,404.70",0.13,"518,404.70","533,440.00",-,USP7721BAE13,BD216F8,97.06,Peru,-,USD,2.04,6.84,1.0,"Mar 22, 2030",5.38,2.01,-,6.84,2.01,6.84,USD,"Mar 22, 2018","Mar 22, 2018",2026-04-02
ANGLO AMERICAN CAPITAL PLC RegS,Industrial,Fixed Income,"517,910.56",0.13,"517,910.56","500,000.00",-,USG0446NAY07,-,101.32,South Africa,-,USD,5.65,5.27,1.0,"May 02, 2033",5.5,5.69,-,5.27,5.53,5.27,USD,"May 02, 2023","May 02, 2023",2026-04-02
TNB GLOBAL VENTURES CAPITAL BHD RegS,Agency,Fixed Income,"514,258.88",0.13,"514,258.88","500,000.00",-,XS1897339096,BFD1J96,100.84,Malaysia,-,USD,2.37,4.5,1.0,"Nov 01, 2028",4.85,2.36,-,4.5,2.36,4.5,USD,"Nov 01, 2018","Nov 01, 2018",2026-04-02
VALE OVERSEAS LTD,Industrial,Fixed Income,"511,267.78",0.13,"511,267.78","500,000.00",91911TAS2,US91911TAS24,BNZHZ45,100.62,Brazil,-,USD,12.51,6.35,1.0,"Jun 28, 2054",6.4,12.83,-,6.35,12.74,6.35,USD,"Jun 28, 2024","Jun 28, 2024",2026-04-02
ENEL CHILE SA,Utility,Fixed Income,"510,062.50",0.13,"510,062.50","500,000.00",29278DAA3,US29278DAA37,BF5C4C5,100.55,Chile,-,USD,1.92,4.61,1.0,"Jun 12, 2028",4.88,2.04,-,4.58,1.81,4.58,USD,"Jun 12, 2018","Jun 12, 2018",2026-04-02
STANDARD CHARTERED PLC RegS,Financial Institutions,Fixed Income,"507,993.65",0.13,"507,993.65","500,000.00",-,XS2150091739,BKSFX63,99.29,Hong Kong,-,USD,3.49,5.37,1.0,"Apr 01, 2031",4.64,3.52,-,4.84,3.53,4.84,USD,"Mar 31, 2020","Mar 31, 2020",2026-04-02
SOUTHERN COPPER CORP,Industrial,Fixed Income,"504,750.76",0.13,"504,750.76","500,000.00",84265VAJ4,US84265VAJ44,BWXV3J3,98.39,Mexico,-,USD,10.87,6.02,1.0,"Apr 23, 2045",5.88,11.02,-,6.02,11.02,6.02,USD,"Apr 23, 2015","Apr 23, 2015",2026-04-02
NAKILAT INC RegS,Industrial,Fixed Income,"499,102.07",0.13,"499,102.07","492,324.00",-,USY62014AA64,B294MQ6,99.86,Qatar,-,USD,3.6,6.1,1.0,"Dec 31, 2033",6.07,3.57,-,6.1,3.57,6.1,USD,"Dec 19, 2006","Dec 19, 2006",2026-04-02
ALIBABA GROUP HOLDING LTD,Industrial,Fixed Income,"498,943.33",0.13,"498,943.33","500,000.00",01609WAT9,US01609WAT99,BF5BK79,98.71,China,-,USD,1.54,4.2,1.0,"Dec 06, 2027",3.4,1.6,-,4.2,1.6,4.2,USD,"Dec 06, 2017","Dec 06, 2017",2026-04-02
FREEPORT INDONESIA PT RegS,Agency,Fixed Income,"498,760.04",0.13,"498,760.04","500,000.00",-,USY7141BAC73,BNYNMZ4,96.89,Indonesia,-,USD,11.99,6.45,1.0,"Apr 14, 2052",6.2,12.27,-,6.45,12.27,6.45,USD,"Apr 14, 2022","Apr 14, 2022",2026-04-02
ANGLOGOLD ASHANTI HOLDINGS PLC,Industrial,Fixed Income,"486,652.92",0.13,"486,652.92","500,000.00",03512TAE1,US03512TAE10,BLCCPJ4,95.47,South Africa,-,USD,3.98,4.88,1.0,"Oct 01, 2030",3.75,4.0,-,4.88,4.0,4.88,USD,"Oct 01, 2020","Oct 01, 2020",2026-04-02
BOC AVIATION LTD MTN RegS,Agency,Fixed Income,"478,481.67",0.12,"478,481.67","500,000.00",09681MAK4,US09681MAK45,BKMP110,95.54,Singapore,-,USD,3.2,4.41,1.0,"Sep 11, 2029",3.0,3.22,-,4.41,3.22,4.41,USD,"Sep 11, 2019","Sep 11, 2019",2026-04-02
OCP SA RegS,Agency,Fixed Income,"474,707.66",0.12,"474,707.66","600,000.00",-,XS2355172482,-,77.74,Morocco,-,USD,12.07,7.02,1.0,"Jun 23, 2051",5.13,12.3,-,7.02,12.3,7.02,USD,"Jun 23, 2021","Jun 23, 2021",2026-04-02
ISRAEL CHEMICALS LTD,Industrial,Fixed Income,"469,624.50",0.12,"469,624.50","450,000.00",002810331,IL0028103310,BF3SP44,102.24,Israel,-,USD,8.2,6.11,1.0,"May 31, 2038",6.38,8.26,-,6.1,8.03,6.1,USD,"May 31, 2018","May 31, 2018",2026-04-02
SINGAPORE TELECOMMUNICATIONS LTD RegS,Agency,Fixed Income,"468,975.39",0.12,"468,975.39","400,000.00",-,USY79985AD29,7262966,114.81,Singapore,-,USD,4.62,4.39,1.0,"Dec 01, 2031",7.38,4.61,-,4.39,4.61,4.39,USD,"Nov 20, 2001","Nov 20, 2001",2026-04-02
SUZANO AUSTRIA GMBH,Industrial,Fixed Income,"468,156.25",0.12,"468,156.25","500,000.00",86964WAJ1,US86964WAJ18,BM8TGP9,92.85,Brazil,-,USD,4.27,5.46,1.0,"Jan 15, 2031",3.75,4.26,-,5.46,4.26,5.46,USD,"Sep 14, 2020","Sep 14, 2020",2026-04-02
FIEMEX ENERGIA BANCO ACTINVER S RegS,Agency,Fixed Income,"466,151.35",0.12,"466,151.35","460,586.00",-,USP0R12RAA88,-,100.0,Mexico,-,USD,5.33,7.25,1.0,"Jan 31, 2041",7.25,5.31,-,7.25,5.31,7.25,USD,"Sep 18, 2024","Sep 18, 2024",2026-04-02
AIA GROUP LTD MTN RegS,Financial Institutions,Fixed Income,"462,320.67",0.12,"462,320.67","600,000.00",00131MAK9,US00131MAK99,BN7S9W2,76.93,Hong Kong,-,USD,10.83,5.54,1.0,"Sep 16, 2040",3.2,10.89,-,5.54,10.89,5.54,USD,"Sep 16, 2020","Sep 16, 2020",2026-04-02
OCP SA RegS,Agency,Fixed Income,"460,052.08",0.12,"460,052.08","500,000.00",-,XS2355149316,-,91.0,Morocco,-,USD,4.61,5.77,1.0,"Jun 23, 2031",3.75,4.59,-,5.77,4.59,5.77,USD,"Jun 23, 2021","Jun 23, 2021",2026-04-02
TELECOM ARGENTINA SA RegS,Industrial,Fixed Income,"457,302.50",0.12,"457,302.50","450,000.00",-,USP9028NCE96,-,99.97,Argentina,-,USD,5.72,8.5,1.0,"Jan 20, 2036",8.5,6.24,-,8.5,6.24,8.5,USD,"Jan 20, 2026","Jan 20, 2026",2026-04-02
SASOL FINANCING USA LLC,Industrial,Fixed Income,"454,118.06",0.12,"454,118.06","500,000.00",80386WAD7,US80386WAD74,-,90.63,South Africa,-,USD,4.23,7.81,1.0,"Mar 18, 2031",5.5,4.2,-,7.81,4.2,7.81,USD,"Mar 18, 2021","Mar 18, 2021",2026-04-02
SANDS CHINA LTD,Industrial,Fixed Income,"453,897.22",0.12,"453,897.22","500,000.00",80007RAS4,US80007RAS40,-,90.31,Macau,-,USD,4.79,5.35,1.0,"Aug 08, 2031",3.25,4.78,-,5.35,4.78,5.35,USD,"Aug 08, 2022","Aug 08, 2022",2026-04-02
ECOBANK TRANSNATIONAL INC RegS,Financial Institutions,Fixed Income,"451,322.50",0.12,"451,322.50","400,000.00",-,XS2879056534,-,108.19,Togo,-,USD,2.9,7.45,1.0,"Oct 15, 2029",10.13,2.85,-,7.45,2.85,7.45,USD,"Oct 15, 2024","Oct 15, 2024",2026-04-02
ALFA DESARROLLO SPA RegS,Utility,Fixed Income,"448,674.72",0.12,"448,674.72","588,519.00",-,USP0R60QAA15,-,76.2,Chile,-,USD,11.22,6.77,1.0,"Sep 27, 2051",4.55,11.44,-,6.77,11.44,6.77,USD,"Sep 20, 2021","Sep 20, 2021",2026-04-02
VISTA ENERGY ARGENTINA SAU RegS,Industrial,Fixed Income,"448,671.45",0.12,"448,671.45","435,000.00",-,USP9659RAA60,-,100.81,Argentina,-,USD,5.23,7.49,1.0,"Dec 10, 2035",7.63,6.14,-,7.44,4.46,7.44,USD,"Dec 10, 2024","Dec 10, 2024",2026-04-02
KOREA GAS CORPORATION RegS,Agency,Fixed Income,"446,197.11",0.11,"446,197.11","400,000.00",50066CAD1,US50066CAD11,B7MGGY0,110.33,Korea (South),-,USD,10.08,5.28,1.0,"Jan 20, 2042",6.25,10.17,-,5.28,10.17,5.28,USD,"Jan 20, 2012","Jan 20, 2012",2026-04-02
GOL FINANCE INC RegS,Industrial,Fixed Income,"445,494.79",0.11,"445,494.79","500,000.00",-,USL4441RAL08,-,88.5,Brazil,-,USD,3.06,18.79,1.0,"Jun 06, 2030",14.38,2.99,-,18.79,2.99,18.79,USD,"Jun 06, 2025","Jun 06, 2025",2026-04-02
YAPI VE KREDI BANKASI AS MTN RegS,Financial Institutions,Fixed Income,"444,270.33",0.11,"444,270.33","400,000.00",-,XS2445343689,-,106.83,Turkey,-,USD,2.2,6.3,1.0,"Oct 16, 2028",9.25,2.17,-,6.3,2.17,6.3,USD,"Sep 13, 2023","Sep 13, 2023",2026-04-02
TURKIYE VAKIFLAR BANKASI TAO MTN RegS,Agency,Fixed Income,"441,628.00",0.11,"441,628.00","400,000.00",-,XS2677517497,-,106.21,Turkey,-,USD,2.2,6.31,1.0,"Oct 12, 2028",9.0,2.17,-,6.31,2.17,6.31,USD,"Sep 12, 2023","Sep 12, 2023",2026-04-02
SK HYNIX INC RegS,Industrial,Fixed Income,"441,324.22",0.11,"441,324.22","400,000.00",-,USY8085FBL32,-,109.01,Korea (South),-,USD,5.48,4.92,1.0,"Jan 17, 2033",6.5,5.46,-,4.92,5.46,4.92,USD,"Jan 17, 2023","Jan 17, 2023",2026-04-02
LATAM AIRLINES GROUP SA RegS,Industrial,Fixed Income,"440,246.84",0.11,"440,246.84","430,000.00",-,USP62138AC95,-,100.63,Chile,-,USD,3.24,7.46,1.0,"Jan 07, 2031",7.63,3.88,-,7.4,2.8,7.4,USD,"Jul 07, 2025","Jul 07, 2025",2026-04-02
HUNT OIL COMPANY OF PERU LLC (LIMA RegS,Industrial,Fixed Income,"440,006.11",0.11,"440,006.11","400,000.00",-,USP5300PAE36,-,106.88,Peru,-,USD,6.36,6.71,1.0,"Nov 05, 2038",7.75,6.32,-,6.71,6.32,6.71,USD,"May 05, 2025","May 05, 2025",2026-04-02
BANCO SANTANDER MEXICO SA INSTITUC RegS,Financial Institutions,Fixed Income,"439,726.39",0.11,"439,726.39","400,000.00",-,USP1507SAG23,BGRFXM2,106.19,Mexico,-,USD,2.22,4.87,1.0,"Oct 01, 2028",7.53,0.0,-,4.87,0.0,4.87,USD,"Oct 01, 2018","Oct 01, 2018",2026-04-02
LEVIATHAN BOND LTD,Industrial,Fixed Income,"439,119.05",0.11,"439,119.05","425,000.00",-,IL0011677908,-,101.63,Israel,-,USD,3.64,6.3,1.0,"Jun 30, 2030",6.75,3.6,-,6.3,3.6,6.3,USD,"Aug 18, 2020","Aug 18, 2020",2026-04-02
BBVA MEXICO SA INSTITUCION DE BANC MTN RegS,Financial Institutions,Fixed Income,"436,393.89",0.11,"436,393.89","400,000.00",-,USP1S81BAA64,-,106.96,Mexico,-,USD,5.4,7.6,1.0,"Jun 29, 2038",8.45,5.35,-,7.2,5.33,7.2,USD,"Jun 29, 2023","Jun 29, 2023",2026-04-02
YINSON PRODUCTION OFFSHORE PTE LTD,Industrial,Fixed Income,"434,610.96",0.11,"434,610.96","400,000.00",-,NO0013215509,-,104.75,Singapore,-,USD,1.63,7.63,1.0,"May 03, 2029",9.63,2.11,-,7.63,2.11,7.63,USD,"May 03, 2024","May 03, 2024",2026-04-02
GREENKO POWER II LIMITED RegS,Agency,Fixed Income,"433,788.49",0.11,"433,788.49","456,000.00",-,USV3855MAA54,-,93.85,India,-,USD,2.11,7.27,1.0,"Dec 13, 2028",4.3,2.08,-,7.27,2.08,7.27,USD,"Dec 13, 2021","Dec 13, 2021",2026-04-02
SOCIEDAD QUIMICA Y MINERA DE CHILE RegS,Industrial,Fixed Income,"432,463.78",0.11,"432,463.78","400,000.00",-,USP8718AAP14,-,105.53,Chile,-,USD,5.81,5.6,1.0,"Nov 07, 2033",6.5,5.85,-,5.57,5.7,5.57,USD,"Nov 07, 2023","Nov 07, 2023",2026-04-02
STANDARD CHARTERED PLC RegS,Financial Institutions,Fixed Income,"428,299.15",0.11,"428,299.15","400,000.00",-,USG84228FV59,-,105.61,Hong Kong,-,USD,5.63,5.44,1.0,"Jul 06, 2034",6.3,5.75,-,5.35,5.75,5.35,USD,"Jul 06, 2023","Jul 06, 2023",2026-04-02
BANCOLOMBIA SA,Financial Institutions,Fixed Income,"428,095.83",0.11,"428,095.83","400,000.00",05968LAN2,US05968LAN29,-,104.7,Colombia,-,USD,2.79,7.68,1.0,"Dec 24, 2034",8.63,3.06,-,6.97,2.74,6.97,USD,"Jun 24, 2024","Jun 24, 2024",2026-04-02
TURKIYE VAKIFLAR BANKASI TAO MTN RegS,Agency,Fixed Income,"427,739.11",0.11,"427,739.11","400,000.00",-,XS2850573374,-,102.56,Turkey,-,USD,2.73,8.48,1.0,"Oct 05, 2034",8.99,2.81,-,8.09,2.68,8.09,USD,"Jul 05, 2024","Jul 05, 2024",2026-04-02
ANTOFAGASTA PLC RegS,Industrial,Fixed Income,"426,565.78",0.11,"426,565.78","400,000.00",-,USG0399BAB39,-,104.07,Chile,-,USD,6.14,5.62,1.0,"May 02, 2034",6.25,6.18,-,5.6,6.03,5.6,USD,"May 02, 2024","May 02, 2024",2026-04-02
CS TREASURY MANAGEMENT SERVICES P RegS,Financial Institutions,Fixed Income,"426,190.32",0.11,"426,190.32","412,276.00",-,XS3233076366,-,100.13,Hong Kong,-,USD,6.01,8.99,1.0,"Dec 31, 2079",9.0,10.69,-,8.97,4.28,8.97,USD,"Nov 20, 2025","Nov 20, 2025",2026-04-02
JBS USA HOLDING LUX SARL,Industrial,Fixed Income,"424,940.68",0.11,"424,940.68","386,000.00",47214BAC2,US47214BAC28,-,109.81,Brazil,-,USD,6.13,5.23,1.0,"Mar 15, 2034",6.75,6.2,-,5.19,6.04,5.19,USD,"Sep 15, 2024","Nov 25, 2024",2026-04-02
SEPLAT ENERGY PLC RegS,Industrial,Fixed Income,"424,662.50",0.11,"424,662.50","400,000.00",-,XS3030248325,-,105.94,Nigeria,-,USD,1.88,7.37,1.0,"Mar 21, 2030",9.13,3.31,-,6.88,2.59,6.88,USD,"Mar 21, 2025","Mar 21, 2025",2026-04-02
JBS USA LUX SA,Industrial,Fixed Income,"423,766.59",0.11,"423,766.59","400,000.00",46590XAY2,US46590XAY22,BLGYSB9,103.08,Brazil,-,USD,5.52,5.22,1.0,"Apr 01, 2033",5.75,5.58,-,5.2,5.41,5.2,USD,"Apr 01, 2023","Aug 21, 2023",2026-04-02
BANCO DE CREDITO E INVERSIONES RegS,Financial Institutions,Fixed Income,"423,031.56",0.11,"423,031.56","400,000.00",05890PAC0,US05890PAC05,-,104.49,Chile,-,USD,2.5,8.45,1.0,"Dec 31, 2079",8.75,2.28,-,6.97,2.46,6.97,USD,"Feb 08, 2024","Feb 08, 2024",2026-04-02
ANGLO AMERICAN CAPITAL PLC RegS,Industrial,Fixed Income,"422,883.50",0.11,"422,883.50","400,000.00",-,USG0446NAR55,BM63374,102.92,South Africa,-,USD,3.37,4.81,1.0,"Apr 01, 2030",5.63,3.47,-,4.77,3.27,4.77,USD,"Apr 01, 2020","Apr 01, 2020",2026-04-02
INDUSTRIAL BANK OF KOREA MTN RegS,Agency,Fixed Income,"422,799.11",0.11,"422,799.11","400,000.00",45604HAN7,US45604HAN70,-,103.07,Korea (South),-,USD,2.29,4.08,1.0,"Oct 04, 2028",5.38,2.28,-,4.08,2.28,4.08,USD,"Oct 04, 2023","Oct 04, 2023",2026-04-02
SAAVI ENERGIA LUXEMBOURG SARL RegS,Utility,Fixed Income,"422,530.56",0.11,"422,530.56","400,000.00",-,USL02668AA66,BRXZWZ9,104.4,Mexico,-,USD,5.04,8.16,1.0,"Feb 10, 2035",8.88,6.06,-,8.03,5.06,8.03,USD,"Feb 10, 2025","Feb 10, 2025",2026-04-02
BOC AVIATION (USA) CORPORATION MTN RegS,Agency,Fixed Income,"422,316.33",0.11,"422,316.33","400,000.00",66980Q2D8,US66980Q2D87,-,103.33,Singapore,-,USD,2.31,4.38,1.0,"Nov 09, 2028",5.75,2.36,-,4.34,2.29,4.34,USD,"Nov 09, 2023","Nov 09, 2023",2026-04-02
PLUSPETROL SA RegS,Industrial,Fixed Income,"421,516.67",0.11,"421,516.67","400,000.00",-,USP7924AAC29,-,102.4,Argentina,-,USD,3.5,7.55,1.0,"May 18, 2031",8.13,4.04,-,7.44,3.38,7.44,USD,"Nov 18, 2025","Nov 18, 2025",2026-04-02
PUMA INTERNATIONAL FINANCING SA RegS,Industrial,Fixed Income,"421,227.22",0.11,"421,227.22","400,000.00",-,XS2801333530,-,101.97,Singapore,-,USD,1.91,7.02,1.0,"Apr 25, 2029",7.75,2.61,-,6.71,1.83,6.71,USD,"Apr 25, 2024","Apr 25, 2024",2026-04-02
EMIRATES NBD BANK PJSC MTN RegS,Agency,Fixed Income,"421,163.94",0.11,"421,163.94","400,000.00",-,XS2625209270,-,102.53,United Arab Emirates,-,USD,2.29,4.8,1.0,"Oct 11, 2028",5.88,2.27,-,4.8,2.27,4.8,USD,"Oct 11, 2023","Oct 11, 2023",2026-04-02
IHS HOLDING LTD/KY RegS,Industrial,Fixed Income,"421,091.67",0.11,"421,091.67","400,000.00",-,XS2941354727,-,102.5,Nigeria,-,USD,3.36,7.69,1.0,"Nov 29, 2031",8.25,4.36,-,7.45,3.05,7.45,USD,"Nov 29, 2024","Nov 29, 2024",2026-04-02
PLUSPETROL CAMISEA SA RegS,Industrial,Fixed Income,"420,601.33",0.11,"420,601.33","400,000.00",-,USP8000LAA72,-,103.63,Peru,-,USD,6.63,5.7,1.0,"Jul 03, 2036",6.24,6.61,-,5.7,6.58,5.7,USD,"Jul 03, 2024","Jul 03, 2024",2026-04-02
STANDARD CHARTERED PLC RegS,Financial Institutions,Fixed Income,"420,227.81",0.11,"420,227.81","400,000.00",-,USG84228GC69,-,103.72,Hong Kong,-,USD,5.95,5.53,1.0,"Jan 11, 2035",6.1,6.1,-,5.5,6.09,5.5,USD,"Jan 11, 2024","Jan 11, 2024",2026-04-02
AXIATA SPV5 LABUAN LTD MTN RegS,Agency,Fixed Income,"419,561.73",0.11,"419,561.73","600,000.00",-,XS2216900287,BKWGXG2,69.58,Malaysia,-,USD,14.92,5.3,1.0,"Aug 19, 2050",3.06,15.24,-,5.3,15.24,5.3,USD,"Aug 19, 2020","Aug 19, 2020",2026-04-02
CATHAYLIFE SINGAPORE PTE LTD RegS,Financial Institutions,Fixed Income,"419,459.44",0.11,"419,459.44","400,000.00",-,XS2852920342,BR2NMZ4,103.46,Taiwan,-,USD,6.45,5.42,1.0,"Jul 05, 2034",5.95,6.42,-,5.42,6.42,5.42,USD,"Jul 05, 2024","Jul 05, 2024",2026-04-02
ABU DHABI COMMERCIAL BANK PJSC RegS,Agency,Fixed Income,"419,158.33",0.11,"419,158.33","400,000.00",-,XS2725803162,-,102.06,United Arab Emirates,-,USD,2.34,7.4,1.0,"Dec 31, 2079",8.0,2.54,-,7.13,2.31,7.13,USD,"Nov 27, 2023","Nov 27, 2023",2026-04-02
MTR CORPORATION CI LTD NC10.5 MTN RegS,Agency,Fixed Income,"418,800.00",0.11,"418,800.00","400,000.00",-,XS3094282343,-,103.2,Hong Kong,-,USD,7.24,5.5,1.0,"Dec 31, 2079",5.63,7.42,-,5.26,7.22,5.26,USD,"Jun 24, 2025","Jun 24, 2025",2026-04-02
STANDARD CHARTERED PLC RegS,Financial Institutions,Fixed Income,"418,703.11",0.11,"418,703.11","400,000.00",-,USG84228GH56,-,102.44,Hong Kong,-,USD,6.11,5.49,1.0,"May 14, 2035",5.91,6.28,-,5.49,6.28,5.49,USD,"May 14, 2024","May 14, 2024",2026-04-02
YPF SA RegS,Agency,Fixed Income,"418,544.44",0.11,"418,544.44","400,000.00",-,USP989MJBV29,-,104.15,Argentina,-,USD,2.82,7.66,1.0,"Sep 11, 2031",8.75,3.76,-,7.36,2.94,7.36,USD,"Sep 11, 2024","Sep 11, 2024",2026-04-02
SISECAM UK PLC RegS,Industrial,Fixed Income,"418,506.67",0.11,"418,506.67","400,000.00",-,XS2812381247,-,101.24,Turkey,-,USD,2.06,7.79,1.0,"May 02, 2029",8.25,2.6,-,7.59,1.83,7.59,USD,"May 02, 2024","May 02, 2024",2026-04-02
LAS VEGAS SANDS CORP,Industrial,Fixed Income,"418,038.41",0.11,"418,038.41","400,000.00",517834AN7,US517834AN73,-,102.73,United States,-,USD,3.62,5.27,1.0,"Jun 14, 2030",6.0,3.63,-,5.25,3.56,5.25,USD,"May 06, 2025","May 06, 2025",2026-04-02
TEVA PHARMACEUTICAL FINANCE NETHER,Industrial,Fixed Income,"417,941.33",0.11,"417,941.33","400,000.00",88167AAT8,US88167AAT88,-,102.5,Israel,-,USD,5.32,5.54,1.0,"Dec 01, 2032",6.0,5.36,-,5.53,5.19,5.53,USD,"May 28, 2025","May 28, 2025",2026-04-02
SK HYNIX INC RegS,Industrial,Fixed Income,"417,798.83",0.11,"417,798.83","400,000.00",-,USY8085FBK58,-,103.16,Korea (South),-,USD,1.68,4.52,1.0,"Jan 17, 2028",6.38,1.67,-,4.52,1.67,4.52,USD,"Jan 17, 2023","Jan 17, 2023",2026-04-02
SISECAM UK PLC RegS,Industrial,Fixed Income,"417,683.33",0.11,"417,683.33","400,000.00",-,XS2812381676,-,100.88,Turkey,-,USD,3.41,8.44,1.0,"May 02, 2032",8.63,4.51,-,8.29,2.58,8.29,USD,"May 02, 2024","May 02, 2024",2026-04-02
OVERSEA-CHINESE BANKING CORPORATIO MTN RegS,Financial Institutions,Fixed Income,"417,617.44",0.11,"417,617.44","400,000.00",-,XS2823260604,-,102.43,Singapore,-,USD,2.82,4.89,1.0,"May 21, 2034",5.52,2.8,-,4.73,2.81,4.73,USD,"May 21, 2024","May 21, 2024",2026-04-02
REC LIMITED MTN RegS,Agency,Fixed Income,"416,958.50",0.11,"416,958.50","400,000.00",74947MAD4,US74947MAD48,-,101.6,India,-,USD,1.87,4.79,1.0,"Apr 11, 2028",5.63,1.85,-,4.79,1.85,4.79,USD,"Apr 11, 2023","Apr 11, 2023",2026-04-02
TURKIYE VAKIFLAR BANKASI TAO MTN RegS,Agency,Fixed Income,"416,995.35",0.11,"416,995.35","400,000.00",-,XS2793703500,-,102.39,Turkey,-,USD,2.53,9.37,1.0,"Dec 31, 2079",10.12,2.56,-,9.2,2.55,9.2,USD,"Apr 24, 2024","Apr 24, 2024",2026-04-02
FIRST ABU DHABI BANK PJSC RegS,Agency,Fixed Income,"416,898.67",0.11,"416,898.67","400,000.00",-,XS2676777605,BRRFCV1,101.17,United Arab Emirates,-,USD,2.25,5.74,1.0,"Apr 04, 2034",6.32,2.6,-,5.81,2.23,5.81,USD,"Oct 04, 2023","Oct 04, 2023",2026-04-02
HANWHA LIFE INSURANCE CO LTD RegS,Financial Institutions,Fixed Income,"416,680.00",0.11,"416,680.00","400,000.00",-,USY306AXAL42,-,102.49,Korea (South),-,USD,3.66,6.52,1.0,"Jun 24, 2055",6.3,3.54,-,5.63,3.63,5.63,USD,"Jun 24, 2025","Jun 24, 2025",2026-04-02
BANCO DE CREDITO DEL PERU MTN RegS,Financial Institutions,Fixed Income,"416,565.00",0.11,"416,565.00","400,000.00",05971V2E4,US05971V2E48,-,102.86,Peru,-,USD,2.48,4.74,1.0,"Jan 11, 2029",5.85,2.52,-,4.71,2.45,4.71,USD,"Jan 11, 2024","Jan 11, 2024",2026-04-02
GREENSAIF PIPELINES BIDCO SA RL MTN RegS,Industrial,Fixed Income,"416,496.33",0.11,"416,496.33","400,000.00",-,XS2542166744,-,103.46,Saudi Arabia,-,USD,9.37,6.15,1.0,"Feb 23, 2042",6.51,9.4,-,6.15,9.4,6.15,USD,"Feb 23, 2023","Feb 23, 2023",2026-04-02
MGM CHINA HOLDINGS LTD RegS,Industrial,Fixed Income,"415,641.67",0.11,"415,641.67","400,000.00",-,USG60744AJ14,-,102.05,Macau,-,USD,3.05,6.65,1.0,"Jun 26, 2031",7.13,4.25,-,6.41,2.81,6.41,USD,"Jun 26, 2024","Jun 26, 2024",2026-04-02
IHS HOLDING LTD/KY RegS,Industrial,Fixed Income,"415,655.50",0.11,"415,655.50","400,000.00",-,XS2941354487,-,101.27,Nigeria,-,USD,2.37,7.51,1.0,"May 29, 2030",7.88,3.42,-,7.22,1.91,7.22,USD,"Nov 29, 2024","Nov 29, 2024",2026-04-02
ENDEAVOUR MINING PLC RegS,Industrial,Fixed Income,"415,488.89",0.11,"415,488.89","400,000.00",-,USG3R41AAB20,-,101.5,Burkina Faso,-,USD,2.84,6.58,1.0,"May 28, 2030",7.0,3.49,-,6.46,2.74,6.46,USD,"May 28, 2025","May 28, 2025",2026-04-02
BANK NEGARA INDONESIA PERSERO TBK MTN RegS,Agency,Fixed Income,"415,274.67",0.11,"415,274.67","400,000.00",-,XS2785437901,-,101.25,Indonesia,-,USD,2.71,4.83,1.0,"Apr 05, 2029",5.28,2.69,-,4.83,2.69,4.83,USD,"Apr 05, 2024","Apr 05, 2024",2026-04-02
BANCO MACRO SA MTN RegS,Financial Institutions,Fixed Income,"415,242.22",0.11,"415,242.22","400,000.00",-,USP1047VAL10,-,101.66,Argentina,-,USD,2.78,7.41,1.0,"Jun 23, 2029",8.0,2.75,-,7.41,2.75,7.41,USD,"Jun 23, 2025","Jun 23, 2025",2026-04-02
BOC AVIATION (USA) CORPORATION MTN RegS,Agency,Fixed Income,"415,099.33",0.11,"415,099.33","400,000.00",66980Q2E6,US66980Q2E60,-,102.67,Singapore,-,USD,3.35,4.48,1.0,"Jan 14, 2030",5.25,3.38,-,4.47,3.31,4.47,USD,"May 14, 2024","May 14, 2024",2026-04-02
TRANSPORTADORA DE GAS DEL SUR SA RegS,Industrial,Fixed Income,"415,104.56",0.11,"415,104.56","400,000.00",-,USP9308RBB89,-,100.96,Argentina,-,USD,5.74,7.61,1.0,"Nov 20, 2035",7.75,6.54,-,7.58,5.54,7.58,USD,"Nov 20, 2025","Nov 20, 2025",2026-04-02
YAPI VE KREDI BANKASI AS RegS,Financial Institutions,Fixed Income,"414,326.78",0.11,"414,326.78","400,000.00",-,XS2741069996,-,101.71,Turkey,-,USD,2.44,8.91,1.0,"Jan 17, 2034",9.25,2.33,-,8.54,2.39,8.54,USD,"Jan 17, 2024","Jan 17, 2024",2026-04-02
LAS VEGAS SANDS CORP,Industrial,Fixed Income,"414,159.19",0.11,"414,159.19","400,000.00",517834AK3,US517834AK35,-,102.77,United States,-,USD,2.99,5.09,1.0,"Aug 15, 2029",6.0,3.01,-,5.07,2.94,5.07,USD,"May 16, 2024","May 16, 2024",2026-04-02
BOC AVIATION (USA) CORPORATION MTN RegS,Agency,Fixed Income,"414,160.67",0.11,"414,160.67","400,000.00",66980Q2C0,US66980Q2C05,-,101.54,Singapore,-,USD,5.77,4.62,1.0,"May 03, 2033",4.88,5.84,-,4.61,5.66,4.61,USD,"May 03, 2023","May 03, 2023",2026-04-02
CHINA TAIPING INSURANCE HOLDINGS C RegS,Agency,Fixed Income,"413,937.33",0.11,"413,937.33","400,000.00",-,XS2588464433,-,103.11,China,-,USD,1.82,5.85,1.0,"Dec 31, 2079",6.4,1.67,-,4.7,1.81,4.7,USD,"Mar 09, 2023","Mar 09, 2023",2026-04-02
INTERCHILE SA RegS,Agency,Fixed Income,"413,880.00",0.11,"413,880.00","500,000.00",-,USP5R70LAA96,-,81.65,Chile,-,USD,11.64,6.12,1.0,"Jun 30, 2056",4.5,11.84,-,6.12,11.84,6.12,USD,"Jul 26, 2021","Jul 26, 2021",2026-04-02
AEROPUERTOS DOMINICANOS SIGLO XXI RegS,Industrial,Fixed Income,"413,778.00",0.11,"413,778.00","400,000.00",-,USP0100VAC74,-,101.69,Dominican Republic,-,USD,4.25,6.73,1.0,"Jun 30, 2034",7.0,6.11,-,6.41,2.83,6.41,USD,"Jul 09, 2024","Jul 09, 2024",2026-04-02
AFRICA FINANCE CORP RegS,Supranational,Fixed Income,"413,566.00",0.11,"413,566.00","400,000.00",-,XS2933422888,-,100.08,Nigeria,-,USD,3.21,7.58,1.0,"Dec 31, 2079",7.5,3.21,-,7.48,3.34,7.48,USD,"Jan 21, 2025","Jan 21, 2025",2026-04-02
SUZANO AUSTRIA GMBH,Industrial,Fixed Income,"413,480.00",0.11,"413,480.00","400,000.00",86964WAF9,US86964WAF95,BK777M4,102.12,Brazil,-,USD,2.4,5.17,1.0,"Jan 15, 2029",6.0,2.52,-,5.1,2.3,5.1,USD,"Jul 15, 2019","Aug 14, 2019",2026-04-02
STANDARD CHARTERED PLC MTN RegS,Financial Institutions,Fixed Income,"413,246.53",0.11,"413,246.53","400,000.00",-,XS3068732455,-,101.32,Hong Kong,-,USD,3.57,4.91,1.0,"May 13, 2031",5.24,3.6,-,4.89,3.6,4.89,USD,"May 13, 2025","May 13, 2025",2026-04-02
ANTOFAGASTA PLC RegS,Industrial,Fixed Income,"413,182.50",0.11,"413,182.50","400,000.00",-,USG0399BAA55,-,101.16,Chile,-,USD,4.98,5.4,1.0,"May 13, 2032",5.63,5.02,-,5.39,4.85,5.39,USD,"May 13, 2022","May 13, 2022",2026-04-02
BANK OF THE PHILIPPINE ISLANDS MTN RegS,Financial Institutions,Fixed Income,"413,111.11",0.11,"413,111.11","400,000.00",-,XS3035215261,-,100.88,Philippines,-,USD,3.54,4.76,1.0,"Apr 07, 2030",5.0,3.52,-,4.76,3.52,4.76,USD,"Apr 07, 2025","Apr 07, 2025",2026-04-02
STANDARD CHARTERED PLC RegS,Financial Institutions,Fixed Income,"413,059.20",0.11,"413,059.20","400,000.00",-,USG84228GG73,-,101.12,Hong Kong,-,USD,1.07,4.69,1.0,"May 14, 2028",5.69,1.05,-,4.65,1.06,4.65,USD,"May 14, 2024","May 14, 2024",2026-04-02
ALLWYN ENTERTAINMENT FINANCING (UK RegS,Industrial,Fixed Income,"413,062.50",0.11,"413,062.50","400,000.00",-,USG0295CAB66,-,101.63,Czech Republic,-,USD,1.6,7.28,1.0,"Apr 30, 2029",7.88,2.66,-,6.77,1.45,6.77,USD,"Apr 28, 2023","Apr 28, 2023",2026-04-02
NBK SPC LTD MTN RegS,Financial Institutions,Fixed Income,"412,998.67",0.11,"412,998.67","400,000.00",-,XS2445179190,-,101.51,Kuwait,-,USD,2.84,5.01,1.0,"Jun 06, 2030",5.5,2.84,-,5.01,2.85,5.01,USD,"Jun 06, 2024","Jun 06, 2024",2026-04-02
STANDARD CHARTERED PLC RegS,Financial Institutions,Fixed Income,"413,015.00",0.11,"413,015.00","400,000.00",-,USG84228FJ22,-,102.29,Hong Kong,-,USD,1.34,8.53,1.0,"Dec 31, 2079",7.75,1.47,-,5.99,1.28,5.99,USD,"Aug 15, 2022","Aug 15, 2022",2026-04-02
LAS VEGAS SANDS CORP,Industrial,Fixed Income,"412,876.05",0.11,"412,876.05","400,000.00",517834AL1,US517834AL18,-,102.43,United States,-,USD,6.42,5.83,1.0,"Aug 15, 2034",6.2,6.44,-,5.82,6.29,5.82,USD,"May 16, 2024","May 16, 2024",2026-04-02
GALAXY PIPELINE ASSETS BIDCO LTD RegS,Industrial,Fixed Income,"412,621.19",0.11,"412,621.19","509,346.00",-,XS2300197030,-,81.01,United Arab Emirates,-,USD,7.09,5.79,1.0,"Sep 30, 2040",2.94,7.11,-,5.79,7.11,5.79,USD,"Feb 18, 2021","Feb 18, 2021",2026-04-02
AFRICA FINANCE CORP MTN RegS,Supranational,Fixed Income,"412,562.67",0.11,"412,562.67","400,000.00",-,XS2913968363,-,100.49,Nigeria,-,USD,3.11,5.4,1.0,"Oct 08, 2029",5.55,3.08,-,5.4,3.08,5.4,USD,"Oct 08, 2024","Oct 08, 2024",2026-04-02
VEDANTA RESOURCES FINANCE II PLC RegS,Industrial,Fixed Income,"412,448.33",0.11,"412,448.33","400,000.00",-,USG9T27HAL88,-,101.38,India,-,USD,3.05,9.08,1.0,"Jul 24, 2030",9.47,3.43,-,8.98,2.76,8.98,USD,"Jan 24, 2025","Jan 24, 2025",2026-04-02
POSCO HOLDINGS INC RegS,Industrial,Fixed Income,"412,231.89",0.11,"412,231.89","400,000.00",-,USY7S272AG74,-,101.89,Korea (South),-,USD,1.69,4.64,1.0,"Jan 17, 2028",5.75,1.68,-,4.64,1.68,4.64,USD,"Jan 17, 2023","Jan 17, 2023",2026-04-02
BANCO DAVIVIENDA SA RegS,Financial Institutions,Fixed Income,"412,144.44",0.11,"412,144.44","400,000.00",-,USP0R137PD99,-,101.05,Colombia,-,USD,3.55,8.12,1.0,"Jul 02, 2035",8.13,3.45,-,7.82,3.48,7.82,USD,"Jul 02, 2025","Jul 02, 2025",2026-04-02
LG ENERGY SOLUTION LTD RegS,Industrial,Fixed Income,"412,131.44",0.11,"412,131.44","400,000.00",-,USY5S5CGAR36,-,100.13,Korea (South),-,USD,6.76,5.86,1.0,"Apr 02, 2035",5.88,6.72,-,5.86,6.72,5.86,USD,"Apr 02, 2025","Apr 02, 2025",2026-04-02
LLPL CAPITAL PTE. LTD. RegS,Utility,Fixed Income,"412,141.00",0.11,"412,141.00","404,280.00",-,USY51478AA66,BJ7G9L7,100.88,Indonesia,-,USD,4.48,6.68,1.0,"Feb 04, 2039",6.88,4.45,-,6.68,4.45,6.68,USD,"Feb 04, 2019","Feb 04, 2019",2026-04-02
MEGLOBAL CANADA INC MTN RegS,Agency,Fixed Income,"411,873.94",0.11,"411,873.94","400,000.00",-,XS2150023575,BMFG2Q6,100.8,Kuwait,-,USD,3.59,5.65,1.0,"May 18, 2030",5.88,3.55,-,5.65,3.55,5.65,USD,"May 18, 2020","May 18, 2020",2026-04-02
SIERRACOL ENERGY ANDINA LLC RegS,Industrial,Fixed Income,"411,700.00",0.11,"411,700.00","400,000.00",-,USU8215PAA31,-,99.5,Colombia,-,USD,3.35,9.13,1.0,"Nov 14, 2030",9.0,3.59,-,9.13,3.59,9.13,USD,"Nov 14, 2025","Nov 14, 2025",2026-04-02
SINGAPORE AIRLINES LTD MTN RegS,Agency,Fixed Income,"411,533.00",0.11,"411,533.00","400,000.00",-,XS2787854673,-,102.75,Singapore,-,USD,6.43,4.83,1.0,"Mar 21, 2034",5.25,6.47,-,4.82,6.36,4.82,USD,"Mar 21, 2024","Mar 21, 2024",2026-04-02
TEVA PHARMACEUTICAL FINANCE NETHER,Industrial,Fixed Income,"411,542.78",0.11,"411,542.78","400,000.00",881937AA4,US881937AA41,-,100.99,Israel,-,USD,3.93,5.51,1.0,"Dec 01, 2030",5.75,3.98,-,5.5,3.78,5.5,USD,"May 28, 2025","May 28, 2025",2026-04-02
ULKER BISKUVI SANAYI AS RegS,Industrial,Fixed Income,"411,555.00",0.11,"411,555.00","400,000.00",-,XS2855391533,-,101.1,Turkey,-,USD,3.3,7.61,1.0,"Jul 08, 2031",7.88,4.19,-,7.48,2.78,7.48,USD,"Jul 08, 2024","Jul 08, 2024",2026-04-02
JBS NV/USA FOODS/FOOD CO,Industrial,Fixed Income,"411,211.76",0.11,"411,211.76","400,000.00",46590XAX4,US46590XAX49,990XAX4,100.65,Brazil,-,USD,12.08,6.45,1.0,"Dec 01, 2052",6.5,12.37,-,6.45,12.28,6.45,USD,"Jun 01, 2023","Aug 21, 2023",2026-04-02
OTP BANK NYRT MTN RegS,Financial Institutions,Fixed Income,"410,791.67",0.11,"410,791.67","400,000.00",-,XS2626773381,-,100.09,Hungary,-,USD,0.14,7.31,1.0,"May 25, 2027",7.5,0.13,-,6.71,0.15,6.71,USD,"May 25, 2023","May 25, 2023",2026-04-02
AKBANK TAS RegS,Financial Institutions,Fixed Income,"410,715.41",0.11,"410,715.41","400,000.00",-,XS2783589844,-,99.92,Turkey,-,USD,2.42,9.24,1.0,"Dec 31, 2079",9.37,2.47,-,9.24,2.64,9.24,USD,"Mar 14, 2024","Mar 14, 2024",2026-04-02
LG ENERGY SOLUTION LTD RegS,Industrial,Fixed Income,"410,389.56",0.11,"410,389.56","400,000.00",-,USY5S5CGAL65,-,101.28,Korea (South),-,USD,2.94,4.94,1.0,"Jul 02, 2029",5.38,2.92,-,4.94,2.92,4.94,USD,"Jul 02, 2024","Jul 02, 2024",2026-04-02
PTT TREASURY CENTER CO LTD MTN RegS,Agency,Fixed Income,"410,262.33",0.11,"410,262.33","600,000.00",74446WAC0,US74446WAC01,BN2TTG4,67.62,Thailand,-,USD,16.56,5.72,1.0,"Jul 16, 2070",3.7,17.02,-,5.72,17.02,5.72,USD,"Jul 16, 2020","Jul 16, 2020",2026-04-02
NONGHYUP BANK MTN RegS,Agency,Fixed Income,"410,264.50",0.11,"410,264.50","400,000.00",65540KAK1,US65540KAK16,-,101.39,Korea (South),-,USD,2.1,4.22,1.0,"Jul 03, 2028",4.88,2.1,-,4.22,2.1,4.22,USD,"Jul 03, 2023","Jul 03, 2023",2026-04-02
BOC AVIATION (USA) CORPORATION MTN RegS,Agency,Fixed Income,"410,191.56",0.11,"410,191.56","400,000.00",-,XS2740254177,-,101.53,Singapore,-,USD,2.53,4.41,1.0,"Jan 17, 2029",5.0,2.57,-,4.39,2.49,4.39,USD,"Jan 17, 2024","Jan 17, 2024",2026-04-02
CK HUTCHISON INTERNATIONAL (23) LT RegS,Industrial,Fixed Income,"410,068.50",0.11,"410,068.50","400,000.00",-,USG21819AB63,-,100.36,Hong Kong,-,USD,5.74,4.81,1.0,"Apr 21, 2033",4.88,5.79,-,4.81,5.62,4.81,USD,"Apr 21, 2023","Apr 21, 2023",2026-04-02
FIRST ABU DHABI BANK PJSC MTN RegS,Agency,Fixed Income,"410,009.72",0.11,"410,009.72","400,000.00",-,XS2539374673,-,100.13,United Arab Emirates,-,USD,1.44,5.04,1.0,"Oct 13, 2027",5.13,1.43,-,5.04,1.43,5.04,USD,"Oct 13, 2022","Oct 13, 2022",2026-04-02
OCP SA RegS,Agency,Fixed Income,"409,820.80",0.11,"409,820.80","400,000.00",-,XS1061043367,BLT1XS9,99.5,Morocco,-,USD,9.86,6.92,1.0,"Apr 25, 2044",6.88,9.94,-,6.92,9.94,6.92,USD,"Apr 25, 2014","Apr 25, 2014",2026-04-02
AZULE ENERGY FINANCE PLC 144A,Industrial,Fixed Income,"409,520.67",0.11,"409,520.67","400,000.00",05501YAC2,US05501YAC21,-,100.75,Angola,-,USD,4.42,8.47,1.0,"Jan 22, 2033",8.63,5.0,-,8.43,3.82,8.43,USD,"Jan 22, 2026","Jan 22, 2026",2026-04-02
METROPOLITAN BANK AND TRUST COMPAN MTN RegS,Financial Institutions,Fixed Income,"409,533.33",0.11,"409,533.33","400,000.00",-,XS2774954650,-,102.03,Philippines,-,USD,2.69,4.63,1.0,"Mar 06, 2029",5.38,2.68,-,4.63,2.68,4.63,USD,"Mar 06, 2024","Mar 06, 2024",2026-04-02
MHP LUX SA 144A,Industrial,Fixed Income,"409,350.00",0.11,"409,350.00","400,000.00",59318YAC2,US59318YAC21,-,100.5,Ukraine,-,USD,2.25,10.29,1.0,"Jul 28, 2029",10.5,2.52,-,10.23,1.9,10.23,USD,"Jan 28, 2026","Jan 28, 2026",2026-04-02
STATE BANK OF INDIA (LONDON BRANCH MTN RegS,Agency,Fixed Income,"409,086.17",0.11,"409,086.17","400,000.00",-,XS2615928863,-,100.31,India,-,USD,1.94,4.72,1.0,"May 05, 2028",4.88,1.94,-,4.72,1.94,4.72,USD,"May 05, 2023","May 05, 2023",2026-04-02
EI SUKUK COMPANY LTD RegS,Agency,Fixed Income,"408,618.02",0.11,"408,618.02","400,000.00",-,XS2824746544,-,100.31,United Arab Emirates,-,USD,2.84,5.32,1.0,"May 28, 2029",5.43,2.82,-,5.32,2.82,5.32,USD,"May 28, 2024","May 28, 2024",2026-04-02
ECOPETROL SA,Agency,Fixed Income,"408,624.00",0.11,"408,624.00","450,000.00",279158AE9,US279158AE95,BDV0K98,90.56,Colombia,-,USD,9.28,8.42,1.0,"Sep 18, 2043",7.38,9.29,-,8.42,9.29,8.42,USD,"Sep 18, 2013","Sep 18, 2013",2026-04-02
MTR CORP LTD RegS,Agency,Fixed Income,"408,545.67",0.11,"408,545.67","400,000.00",-,HK0001127528,-,99.53,Hong Kong,-,USD,14.01,5.28,1.0,"Apr 01, 2055",5.25,14.4,-,5.28,14.4,5.28,USD,"Apr 01, 2025","Apr 01, 2025",2026-04-02
LG ENERGY SOLUTION LTD RegS,Industrial,Fixed Income,"408,547.56",0.11,"408,547.56","400,000.00",-,USY5S5CGAK82,-,100.82,Korea (South),-,USD,1.19,4.69,1.0,"Jul 02, 2027",5.38,1.19,-,4.69,1.19,4.69,USD,"Jul 02, 2024","Jul 02, 2024",2026-04-02
TSMC GLOBAL LTD RegS,Industrial,Fixed Income,"408,354.44",0.11,"408,354.44","400,000.00",-,USG91139AL26,-,101.22,Taiwan,-,USD,5.32,4.4,1.0,"Jul 22, 2032",4.63,5.39,-,4.39,5.2,4.39,USD,"Jul 22, 2022","Jul 22, 2022",2026-04-02
MUTHOOT FINANCE LTD MTN RegS,Financial Institutions,Fixed Income,"408,240.83",0.11,"408,240.83","400,000.00",62828M2D2,US62828M2D24,-,99.28,India,-,USD,2.38,6.67,1.0,"Apr 23, 2029",6.38,2.34,-,6.67,2.34,6.67,USD,"Oct 23, 2024","Oct 23, 2024",2026-04-02
CNOOC FINANCE 2015 USA LLC,Agency,Fixed Income,"408,002.44",0.11,"408,002.44","400,000.00",12634MAE0,US12634MAE03,BFNBKF9,100.2,China,-,USD,1.95,4.27,1.0,"May 02, 2028",4.38,1.94,-,4.27,1.94,4.27,USD,"May 02, 2018","May 02, 2018",2026-04-02
MTR CORPORATION CI LTD NC5.5 MTN RegS,Agency,Fixed Income,"407,850.00",0.11,"407,850.00","400,000.00",-,XS3094282269,-,100.66,Hong Kong,-,USD,3.95,5.16,1.0,"Dec 31, 2079",4.88,4.07,-,4.76,3.94,4.76,USD,"Jun 24, 2025","Jun 24, 2025",2026-04-02
KASIKORNBANK PCL (HONG KONG BRANCH MTN RegS,Financial Institutions,Fixed Income,"407,766.82",0.11,"407,766.82","400,000.00",-,XS2580263734,-,101.59,Thailand,-,USD,1.82,4.59,1.0,"Mar 07, 2028",5.46,1.82,-,4.59,1.82,4.59,USD,"Mar 07, 2023","Mar 07, 2023",2026-04-02
WOORI BANK MTN RegS,Financial Institutions,Fixed Income,"407,678.67",0.11,"407,678.67","400,000.00",98105GAM4,US98105GAM42,BL54K03,101.05,Korea (South),-,USD,1.73,4.26,1.0,"Jan 26, 2028",4.88,1.72,-,4.26,1.72,4.26,USD,"Jan 26, 2023","Jan 26, 2023",2026-04-02
BOC AVIATION LTD MTN RegS,Agency,Fixed Income,"407,582.00",0.1,"407,582.00","400,000.00",-,XS2625985515,-,100.31,Singapore,-,USD,1.96,4.35,1.0,"May 23, 2028",4.5,2.0,-,4.34,1.92,4.34,USD,"May 23, 2023","May 23, 2023",2026-04-02
SATS TREASURY PTE LTD RegS,Industrial,Fixed Income,"407,486.18",0.1,"407,486.18","400,000.00",-,XS2752076328,-,100.97,Singapore,-,USD,2.6,4.45,1.0,"Jan 23, 2029",4.83,2.59,-,4.45,2.59,4.45,USD,"Jan 23, 2024","Jan 23, 2024",2026-04-02
SMIC SG HOLDINGS PTE LTD MTN RegS,Industrial,Fixed Income,"407,441.67",0.1,"407,441.67","400,000.00",-,XS2862924532,-,100.88,Philippines,-,USD,2.96,5.08,1.0,"Jul 24, 2029",5.38,2.98,-,5.08,2.91,5.08,USD,"Jul 24, 2024","Jul 24, 2024",2026-04-02
STANDARD CHARTERED PLC RegS,Financial Institutions,Fixed Income,"407,378.53",0.1,"407,378.53","400,000.00",-,USG84228FU76,-,100.4,Hong Kong,-,USD,0.27,5.33,1.0,"Jul 06, 2027",6.19,0.25,-,4.6,0.26,4.6,USD,"Jul 06, 2023","Jul 06, 2023",2026-04-02
TMS ISSUER SARL RegS,Industrial,Fixed Income,"407,380.44",0.1,"407,380.44","400,000.00",-,XS2568343672,-,101.24,Saudi Arabia,-,USD,2.97,5.36,1.0,"Aug 23, 2032",5.78,2.94,-,5.36,2.94,5.36,USD,"Feb 23, 2023","Feb 23, 2023",2026-04-02
CEMEX MEXICO SA DE CV RegS,Industrial,Fixed Income,"407,132.78",0.1,"407,132.78","400,000.00",-,USP2253TJN02,BL0KTG5,99.8,Mexico,-,USD,2.07,5.51,1.0,"Nov 19, 2029",5.45,3.2,-,5.51,3.2,5.51,USD,"Nov 19, 2019","Nov 19, 2019",2026-04-02
BIOCON BIOLOGICS GLOBAL PLC RegS,Industrial,Fixed Income,"407,073.00",0.1,"407,073.00","400,000.00",-,USG11185AA61,-,98.6,India,-,USD,2.71,7.13,1.0,"Oct 09, 2029",6.67,2.99,-,7.13,2.99,7.13,USD,"Oct 09, 2024","Oct 09, 2024",2026-04-02
ABJA INVESTMENT CO PTE LTD RegS,Industrial,Fixed Income,"407,032.67",0.1,"407,032.67","400,000.00",-,XS1753595328,BD3RHT6,100.76,India,-,USD,1.71,5.0,1.0,"Jan 24, 2028",5.45,1.7,-,5.0,1.7,5.0,USD,"Jan 24, 2018","Jan 24, 2018",2026-04-02
MEITUAN RegS,Industrial,Fixed Income,"406,983.22",0.1,"406,983.22","400,000.00",-,USG59669AF11,-,99.46,China,-,USD,3.12,4.79,1.0,"Oct 02, 2029",4.63,3.13,-,4.79,3.13,4.79,USD,"Oct 02, 2024","Oct 02, 2024",2026-04-02
MOBILIARE LATAM SA RegS,Financial Institutions,Fixed Income,"407,000.00",0.1,"407,000.00","400,000.00",-,USP68290AA64,-,99.13,Guatemala,-,USD,4.47,6.92,1.0,"Nov 10, 2032",6.75,5.12,-,6.92,5.12,6.92,USD,"Nov 10, 2025","Nov 10, 2025",2026-04-02
ACCESS BANK PLC MTN RegS,Financial Institutions,Fixed Income,"406,915.28",0.1,"406,915.28","400,000.00",-,XS2393246819,BNG93K2,99.63,Nigeria,-,USD,0.5,11.79,1.0,"Dec 31, 2079",9.13,0.4,-,9.88,0.48,9.88,USD,"Oct 07, 2021","Oct 07, 2021",2026-04-02
WYNN MACAU LTD RegS,Industrial,Fixed Income,"406,782.89",0.1,"406,782.89","400,000.00",-,USG98149AD29,BDZRW55,98.96,Macau,-,USD,1.23,6.23,1.0,"Oct 01, 2027",5.5,1.38,-,6.23,1.38,6.23,USD,"Sep 20, 2017","Sep 20, 2017",2026-04-02
BANGKOK BANK PUBLIC CO LTD (HONG K MTN RegS,Financial Institutions,Fixed Income,"406,684.00",0.1,"406,684.00","400,000.00",-,USY06072AG07,-,101.54,Thailand,-,USD,2.26,4.63,1.0,"Sep 21, 2028",5.3,2.3,-,4.61,2.22,4.61,USD,"Sep 21, 2023","Sep 21, 2023",2026-04-02
GREENSAIF PIPELINES BIDCO SA RL MTN RegS,Industrial,Fixed Income,"406,649.70",0.1,"406,649.70","400,000.00",-,XS2542166231,-,101.03,Saudi Arabia,-,USD,6.88,5.98,1.0,"Feb 23, 2038",6.13,6.86,-,5.98,6.86,5.98,USD,"Feb 23, 2023","Feb 23, 2023",2026-04-02
SAGICOR FINANCIAL COMPANY LTD (BAR RegS,Financial Institutions,Fixed Income,"406,666.67",0.1,"406,666.67","400,000.00",-,USG7777BAA29,BL9YKZ4,99.64,Barbados,-,USD,1.06,5.48,1.0,"May 13, 2028",5.3,1.94,-,5.48,1.94,5.48,USD,"May 13, 2021","May 13, 2021",2026-04-02
LEVIATHAN BOND LTD,Industrial,Fixed Income,"406,628.00",0.1,"406,628.00","400,000.00",-,IL0011677825,-,100.03,Israel,-,USD,1.18,6.46,1.0,"Jun 30, 2027",6.5,1.17,-,6.46,1.17,6.46,USD,"Aug 18, 2020","Aug 18, 2020",2026-04-02
METROPOLITAN BANK AND TRUST COMPAN MTN RegS,Financial Institutions,Fixed Income,"406,466.67",0.1,"406,466.67","400,000.00",-,XS2774954577,-,101.25,Philippines,-,USD,6.38,5.3,1.0,"Mar 06, 2034",5.5,6.35,-,5.3,6.35,5.3,USD,"Mar 06, 2024","Mar 06, 2024",2026-04-02
TURKIYE GARANTI BANKASI AS MTN RegS,Financial Institutions,Fixed Income,"406,378.17",0.1,"406,378.17","400,000.00",-,XS2913414384,-,99.63,Turkey,-,USD,3.19,8.0,1.0,"Jan 03, 2035",8.13,3.09,-,8.23,3.12,8.23,USD,"Dec 03, 2024","Dec 03, 2024",2026-04-02
TURKIYE GARANTI BANKASI AS MTN RegS,Financial Institutions,Fixed Income,"405,977.78",0.1,"405,977.78","400,000.00",-,XS2773062471,-,100.75,Turkey,-,USD,2.58,8.04,1.0,"Feb 28, 2034",8.38,2.48,-,8.08,2.52,8.08,USD,"Feb 28, 2024","Feb 28, 2024",2026-04-02
AL RAJHI SUKUK LTD RegS,Financial Institutions,Fixed Income,"405,792.11",0.1,"405,792.11","400,000.00",-,XS2607535684,-,99.14,Saudi Arabia,-,USD,1.87,5.21,1.0,"Apr 05, 2028",4.75,1.85,-,5.21,1.85,5.21,USD,"Apr 05, 2023","Apr 05, 2023",2026-04-02
FUBON LIFE SINGAPORE PTE LTD RegS,Financial Institutions,Fixed Income,"405,735.11",0.1,"405,735.11","400,000.00",-,XS3151416727,-,98.41,Taiwan,-,USD,7.2,5.66,1.0,"Dec 10, 2035",5.45,7.21,-,5.66,7.21,5.66,USD,"Sep 10, 2025","Sep 10, 2025",2026-04-02
MUTHOOT FINANCE LTD MTN RegS,Financial Institutions,Fixed Income,"405,641.67",0.1,"405,641.67","400,000.00",62828M2C4,US62828M2C41,-,100.5,India,-,USD,1.39,6.75,1.0,"Feb 14, 2028",7.13,1.36,-,6.75,1.36,6.75,USD,"May 14, 2024","May 14, 2024",2026-04-02
TEVA PHARMACEUTICAL FINANCE NETHER,Industrial,Fixed Income,"405,441.67",0.1,"405,441.67","400,000.00",88167AAP6,US88167AAP66,BM92G79,99.5,Israel,-,USD,0.99,5.22,1.0,"May 09, 2027",4.75,1.05,-,5.22,1.05,5.22,USD,"Nov 09, 2021","Nov 09, 2021",2026-04-02
OVERSEA-CHINESE BANKING CORPORATIO MTN RegS,Financial Institutions,Fixed Income,"405,385.00",0.1,"405,385.00","400,000.00",-,XS2490811168,-,100.0,Singapore,-,USD,1.15,5.3,1.0,"Jun 15, 2032",4.6,1.12,-,4.59,1.15,4.59,USD,"Jun 15, 2022","Jun 15, 2022",2026-04-02
MIZRAHI TEFAHOT BANK LTD,Financial Institutions,Fixed Income,"405,314.68",0.1,"405,314.68","400,000.00",-,IL0069508369,-,99.85,Israel,-,USD,0.02,6.19,1.0,"Apr 07, 2031",3.08,0.0,-,10.65,0.02,10.65,USD,"Apr 07, 2021","Apr 07, 2021",2026-04-02
BOC AVIATION (USA) CORPORATION MTN RegS,Agency,Fixed Income,"405,275.50",0.1,"405,275.50","400,000.00",66980Q2F3,US66980Q2F36,-,100.97,Singapore,-,USD,4.7,4.42,1.0,"Sep 04, 2031",4.63,4.74,-,4.42,4.61,4.42,USD,"Sep 04, 2024","Sep 04, 2024",2026-04-02
TSMC ARIZONA CORP,Industrial,Fixed Income,"405,171.50",0.1,"405,171.50","400,000.00",872898AG6,US872898AG66,-,99.47,Taiwan,-,USD,2.74,4.31,1.0,"Apr 22, 2029",4.13,2.79,-,4.31,2.79,4.31,USD,"Apr 22, 2022","Apr 22, 2022",2026-04-02
UNITED OVERSEAS BANK LTD MTN,Financial Institutions,Fixed Income,"404,893.44",0.1,"404,893.44","400,000.00",91127LAL4,US91127LAL45,BTWR8M9,100.19,Singapore,-,USD,0.01,4.21,1.0,"Apr 02, 2028",4.91,0.0,-,4.21,0.0,4.21,USD,"Apr 02, 2025","Apr 02, 2025",2026-04-02
WARBA SUKUK LTD MTN RegS,Financial Institutions,Fixed Income,"404,908.44",0.1,"404,908.44","400,000.00",-,XS2855515875,-,100.04,Kuwait,-,USD,2.96,5.34,1.0,"Jul 10, 2029",5.35,2.94,-,5.34,2.94,5.34,USD,"Jul 10, 2024","Jul 10, 2024",2026-04-02
CHINA CINDA FINANCE (2017) I LTD MTN RegS,Agency,Fixed Income,"404,882.44",0.1,"404,882.44","400,000.00",-,XS1757392540,BFYRC49,100.53,China,-,USD,1.76,4.44,1.0,"Feb 08, 2028",4.75,1.75,-,4.44,1.75,4.44,USD,"Feb 08, 2018","Feb 08, 2018",2026-04-02
OTEL SUKUK LIMITED RegS,Agency,Fixed Income,"404,781.67",0.1,"404,781.67","400,000.00",-,XS2695410832,-,100.21,Oman,-,USD,4.11,5.32,1.0,"Jan 24, 2031",5.38,4.16,-,5.32,3.97,5.32,USD,"Jan 24, 2024","Jan 24, 2024",2026-04-02
BANK OF BAHRAIN AND KUWAIT BSC MTN RegS,Financial Institutions,Fixed Income,"404,708.33",0.1,"404,708.33","400,000.00",-,XS2834924867,-,99.0,Bahrain,-,USD,2.8,7.23,1.0,"Jun 06, 2029",6.88,2.75,-,7.23,2.75,7.23,USD,"Jun 06, 2024","Jun 06, 2024",2026-04-02
ISRAEL DISCOUNT BANK LTD,Financial Institutions,Fixed Income,"404,522.22",0.1,"404,522.22","400,000.00",-,IL0011920878,-,100.18,Israel,-,USD,1.67,5.27,1.0,"Jan 26, 2028",5.38,1.7,-,5.27,1.63,5.27,USD,"Jan 26, 2023","Jan 26, 2023",2026-04-02
IHS HOLDING LTD/KY RegS,Industrial,Fixed Income,"404,466.78",0.1,"404,466.78","400,000.00",-,XS2413632527,-,99.02,Nigeria,-,USD,1.7,6.65,1.0,"Nov 29, 2028",6.25,2.37,-,6.65,2.37,6.65,USD,"Nov 29, 2021","Nov 29, 2021",2026-04-02
MOMENTIVE PERFORMANCE MATERIALS IN RegS,Industrial,Fixed Income,"404,221.67",0.1,"404,221.67","400,000.00",-,XS3202735364,-,99.25,Korea (South),-,USD,2.37,4.44,1.0,"Oct 22, 2028",4.13,2.36,-,4.44,2.36,4.44,USD,"Oct 22, 2025","Oct 22, 2025",2026-04-02
INDUSTRIAL SUBORDINATED TRUST 2.0 RegS,Financial Institutions,Fixed Income,"404,158.33",0.1,"404,158.33","400,000.00",-,USG4800DAA66,-,99.67,Guatemala,-,USD,4.05,6.69,1.0,"Apr 15, 2036",6.55,4.16,-,6.63,4.18,6.63,USD,"Jan 15, 2026","Jan 15, 2026",2026-04-02
PROSUS NV MTN RegS,Industrial,Fixed Income,"404,175.65",0.1,"404,175.65","600,000.00",-,USN7163RAD54,BN2Y9G9,66.72,South Africa,-,USD,12.83,6.85,1.0,"Aug 03, 2050",4.03,13.05,-,6.85,13.05,6.85,USD,"Aug 03, 2020","Aug 03, 2020",2026-04-02
SAN MIGUEL GLOBAL POWER HOLDINGS C RegS,Utility,Fixed Income,"404,083.33",0.1,"404,083.33","400,000.00",-,XS3121131125,-,99.38,Philippines,-,USD,3.37,10.56,1.0,"Dec 31, 2079",8.95,3.3,-,9.13,3.46,9.13,USD,"Jul 24, 2025","Jul 24, 2025",2026-04-02
GLOBE TELECOM INC RegS,Industrial,Fixed Income,"404,090.67",0.1,"404,090.67","400,000.00",-,XS2399476972,BM9XV33,99.3,Philippines,-,USD,0.33,9.24,1.0,"Dec 31, 2079",4.2,0.31,-,6.41,0.56,6.41,USD,"Nov 02, 2021","Nov 02, 2021",2026-04-02
BOUBYAN SUKUK LTD RegS,Financial Institutions,Fixed Income,"404,034.64",0.1,"404,034.64","400,000.00",-,XS3078653279,-,99.41,Kuwait,-,USD,3.69,5.13,1.0,"Jun 04, 2030",4.97,3.67,-,5.13,3.67,5.13,USD,"Jun 04, 2025","Jun 04, 2025",2026-04-02
SASOL FINANCING USA LLC,Industrial,Fixed Income,"403,844.67",0.1,"403,844.67","400,000.00",80386WAB1,US80386WAB19,BG8F4Q2,100.91,South Africa,-,USD,2.17,6.1,1.0,"Sep 27, 2028",6.5,2.27,-,6.07,2.06,6.07,USD,"Sep 27, 2018","Sep 27, 2018",2026-04-02
MAR FINANCE LLC RegS,Financial Institutions,Fixed Income,"403,870.17",0.1,"403,870.17","400,000.00",-,XS3076272130,-,99.33,Qatar,-,USD,3.68,5.05,1.0,"May 29, 2030",4.88,3.66,-,5.05,3.66,5.05,USD,"May 29, 2025","May 29, 2025",2026-04-02
SAUDI ARABIAN OIL CO MTN RegS,Agency,Fixed Income,"403,672.22",0.1,"403,672.22","400,000.00",-,XS3084344947,-,99.16,Saudi Arabia,-,USD,7.01,5.49,1.0,"Jun 02, 2035",5.38,7.03,-,5.49,7.03,5.49,USD,"Jun 02, 2025","Jun 02, 2025",2026-04-02
CHINA CONSTRUCTION BANK CORP (HONG MTN RegS,Agency,Fixed Income,"403,564.78",0.1,"403,564.78","400,000.00",-,XS2858459477,-,100.02,China,-,USD,0.02,4.27,1.0,"Jul 16, 2027",4.22,0.04,-,4.27,0.04,4.27,USD,"Jul 16, 2024","Jul 16, 2024",2026-04-02
TURKIYE GARANTI BANKASI AS MTN RegS,Financial Institutions,Fixed Income,"403,579.17",0.1,"403,579.17","400,000.00",-,XS3205715611,-,97.4,Turkey,-,USD,3.87,8.07,1.0,"Apr 15, 2036",7.63,3.94,-,8.3,3.96,8.3,USD,"Oct 15, 2025","Oct 15, 2025",2026-04-02
MIZRAHI TEFAHOT BANK LTD,Financial Institutions,Fixed Income,"403,563.92",0.1,"403,563.92","400,000.00",-,IL0012338088,-,99.67,Israel,-,USD,4.12,5.96,1.0,"Apr 15, 2036",5.84,4.24,-,5.92,4.26,5.92,USD,"Jan 15, 2026","Jan 15, 2026",2026-04-02
SNB FUNDING LTD MTN RegS,Financial Institutions,Fixed Income,"403,300.00",0.1,"403,300.00","400,000.00",-,XS3098982815,-,99.22,Saudi Arabia,-,USD,3.67,6.24,1.0,"Jun 24, 2035",6.0,3.6,-,6.21,3.63,6.21,USD,"Jun 24, 2025","Jun 24, 2025",2026-04-02
AXIAN TELECOM HOLDING AND MANAGEME RegS,Industrial,Fixed Income,"402,927.89",0.1,"402,927.89","400,000.00",-,XS3107112503,-,99.14,Madagascar,-,USD,3.25,7.48,1.0,"Jul 11, 2030",7.25,3.56,-,7.48,3.56,7.48,USD,"Jul 11, 2025","Jul 11, 2025",2026-04-02
TURK TELEKOMUNIKASYON AS RegS,Agency,Fixed Income,"402,795.44",0.1,"402,795.44","400,000.00",-,XS3194824747,-,97.36,Turkey,-,USD,5.05,7.47,1.0,"Oct 07, 2032",6.95,4.97,-,7.47,4.97,7.47,USD,"Oct 07, 2025","Oct 07, 2025",2026-04-02
MALAYAN BANKING BHD MTN RegS,Agency,Fixed Income,"402,816.24",0.1,"402,816.24","400,000.00",-,XS3228516004,-,100.23,Malaysia,-,USD,0.02,4.26,1.0,"Nov 19, 2028",4.27,0.13,-,4.26,0.13,4.26,USD,"Nov 19, 2025","Nov 19, 2025",2026-04-02
BANK LEUMI LE ISRAEL BM,Financial Institutions,Fixed Income,"402,787.50",0.1,"402,787.50","400,000.00",-,IL0060406878,-,99.8,Israel,-,USD,1.24,5.28,1.0,"Jul 27, 2027",5.13,1.25,-,5.28,1.25,5.28,USD,"Jul 27, 2022","Jul 27, 2022",2026-04-02
KOREA ELECTRIC POWER CORP RegS,Agency,Fixed Income,"402,737.48",0.1,"402,737.48","400,000.00",-,USY4907LAP77,BPCL674,100.13,Korea (South),-,USD,0.02,4.32,1.0,"Nov 12, 2028",4.28,0.11,-,4.32,0.11,4.32,USD,"Nov 12, 2025","Nov 12, 2025",2026-04-02
DIB TIER 1 SUKUK (4) LTD RegS,Financial Institutions,Fixed Income,"402,651.94",0.1,"402,651.94","400,000.00",-,XS2258453443,-,98.98,United Arab Emirates,-,USD,0.13,7.95,1.0,"Dec 31, 2079",4.63,0.41,-,12.04,0.13,12.04,USD,"Nov 19, 2020","Nov 19, 2020",2026-04-02
FIRST ABU DHABI BANK PJSC MTN RegS,Agency,Fixed Income,"402,663.33",0.1,"402,663.33","400,000.00",-,XS2580013386,-,98.77,United Arab Emirates,-,USD,1.93,5.01,1.0,"Apr 24, 2028",4.38,1.91,-,5.01,1.91,5.01,USD,"Jan 24, 2023","Jan 24, 2023",2026-04-02
GREAT EASTERN LIFE ASSURANCE COMPA MTN RegS,Financial Institutions,Fixed Income,"402,578.49",0.1,"402,578.49","400,000.00",-,XS2972561737,-,99.63,Singapore,-,USD,4.38,4.84,1.0,"Dec 31, 2079",5.4,4.86,-,4.84,4.88,4.84,USD,"Jan 22, 2025","Jan 22, 2025",2026-04-02
HIKMA FINANCE USA LLC RegS,Industrial,Fixed Income,"402,544.44",0.1,"402,544.44","400,000.00",-,XS3066661185,-,99.47,Jordan,-,USD,3.77,5.26,1.0,"Jul 08, 2030",5.13,3.75,-,5.26,3.75,5.26,USD,"Jul 08, 2025","Jul 08, 2025",2026-04-02
ST ENGINEERING URBAN SOLUTIONS USA MTN RegS,Agency,Fixed Income,"401,959.00",0.1,"401,959.00","400,000.00",-,USU8585EAA02,-,99.12,Singapore,-,USD,1.01,4.2,1.0,"May 05, 2027",3.38,1.05,-,4.2,1.05,4.2,USD,"May 05, 2022","May 05, 2022",2026-04-02
TURKIYE VAKIFLAR BANKASI TAO MTN RegS,Agency,Fixed Income,"401,833.33",0.1,"401,833.33","400,000.00",-,XS3108471197,-,99.25,Turkey,-,USD,3.68,7.45,1.0,"Jul 31, 2030",7.25,3.62,-,7.45,3.62,7.45,USD,"Jul 09, 2025","Jul 09, 2025",2026-04-02
SAUDI ARABIAN OIL CO MTN RegS,Agency,Fixed Income,"401,727.78",0.1,"401,727.78","400,000.00",-,XS3084344863,-,98.88,Saudi Arabia,-,USD,3.68,5.05,1.0,"Jun 02, 2030",4.75,3.68,-,5.05,3.68,5.05,USD,"Jun 02, 2025","Jun 02, 2025",2026-04-02
CHILE ELECTRICITY LUX MPC RegS,Agency,Fixed Income,"401,664.44",0.1,"401,664.44","388,348.00",-,USL1567LAB91,-,100.91,Chile,-,USD,4.51,5.47,1.0,"Oct 20, 2035",5.67,4.5,-,5.47,4.5,5.47,USD,"Apr 03, 2025","Apr 03, 2025",2026-04-02
BDO UNIBANK INC MTN RegS,Financial Institutions,Fixed Income,"401,639.50",0.1,"401,639.50","400,000.00",-,XS3070012250,-,98.99,Philippines,-,USD,4.14,4.62,1.0,"Dec 03, 2030",4.38,4.12,-,4.62,4.12,4.62,USD,"Dec 03, 2025","Dec 03, 2025",2026-04-02
DOHA FINANCE LTD MTN RegS,Financial Institutions,Fixed Income,"401,554.00",0.1,"401,554.00","400,000.00",-,XS2776001880,-,100.13,Qatar,-,USD,2.71,5.2,1.0,"Mar 12, 2029",5.25,2.69,-,5.2,2.69,5.2,USD,"Mar 12, 2024","Mar 12, 2024",2026-04-02
DBS GROUP HOLDINGS LTD MTN RegS,Financial Institutions,Fixed Income,"401,570.88",0.1,"401,570.88","400,000.00",24023LAP1,US24023LAP13,-,100.3,Singapore,-,USD,0.02,4.3,1.0,"Mar 21, 2030",4.28,0.22,-,4.3,0.22,4.3,USD,"Mar 21, 2025","Mar 21, 2025",2026-04-02
IRB INFRASTRUCTURE DEVELOPERS LTD RegS,Industrial,Fixed Income,"401,501.00",0.1,"401,501.00","400,000.00",-,XS2775699577,-,100.0,India,-,USD,3.76,7.11,1.0,"Mar 11, 2032",7.11,4.24,-,7.11,3.88,7.11,USD,"Mar 11, 2024","Mar 11, 2024",2026-04-02
FIRST ABU DHABI BANK PJSC MTN RegS,Agency,Fixed Income,"401,377.78",0.1,"401,377.78","400,000.00",-,XS2765576538,-,99.9,United Arab Emirates,-,USD,2.69,5.04,1.0,"Feb 28, 2029",5.0,2.67,-,5.04,2.67,5.04,USD,"Feb 28, 2024","Feb 28, 2024",2026-04-02
KASPIKZ AO RegS,Industrial,Fixed Income,"401,345.78",0.1,"401,345.78","400,000.00",-,XS3011744623,-,100.27,Kazakhstan,-,USD,3.43,6.17,1.0,"Mar 26, 2030",6.25,3.48,-,6.17,3.29,6.17,USD,"Mar 26, 2025","Mar 26, 2025",2026-04-02
KT CORPORATION RegS,Industrial,Fixed Income,"401,050.33",0.1,"401,050.33","400,000.00",-,USY49915BC76,-,99.6,Korea (South),-,USD,1.75,4.35,1.0,"Feb 02, 2028",4.13,1.74,-,4.35,1.74,4.35,USD,"Oct 02, 2024","Oct 02, 2024",2026-04-02
BSF SUKUK COMPANY LTD RegS,Financial Institutions,Fixed Income,"401,021.33",0.1,"401,021.33","400,000.00",-,XS2623560781,-,98.67,Saudi Arabia,-,USD,2.02,5.4,1.0,"May 31, 2028",4.75,2.0,-,5.4,2.0,5.4,USD,"May 31, 2023","May 31, 2023",2026-04-02
ANGLO AMERICAN CAPITAL PLC RegS,Industrial,Fixed Income,"400,882.67",0.1,"400,882.67","400,000.00",-,USG0446NBA12,-,97.3,South Africa,-,USD,12.59,6.2,1.0,"Apr 05, 2054",6.0,12.91,-,6.2,12.91,6.2,USD,"Apr 05, 2024","Apr 05, 2024",2026-04-02
MELCO RESORTS FINANCE LTD RegS,Industrial,Fixed Income,"400,822.50",0.1,"400,822.50","400,000.00",-,USG5975LAD85,BK5QGW6,99.06,Macau,-,USD,1.11,6.38,1.0,"Jul 17, 2027",5.63,1.22,-,6.38,1.22,6.38,USD,"Jul 17, 2019","Jul 17, 2019",2026-04-02
STUDIO CITY FINANCE LTD RegS,Industrial,Fixed Income,"400,680.67",0.1,"400,680.67","400,000.00",-,USG85381AF13,-,98.82,Macau,-,USD,1.42,7.21,1.0,"Jan 15, 2028",6.5,1.64,-,7.21,1.64,7.21,USD,"Jul 15, 2020","Jul 15, 2020",2026-04-02
SAN MIGUEL GLOBAL POWER HOLDINGS C RegS,Utility,Fixed Income,"400,216.78",0.1,"400,216.78","400,000.00",-,XS2943809900,-,97.39,Philippines,-,USD,3.1,9.88,1.0,"Dec 31, 2079",8.13,2.83,-,8.97,3.02,8.97,USD,"Dec 02, 2024","Dec 02, 2024",2026-04-02
CONSOLIDATED ENERGY FINANCE SA RegS,Industrial,Fixed Income,"400,000.00",0.1,"400,000.00","400,000.00",-,USL1957QAJ96,-,98.5,Trinidad and Tobago,-,USD,3.22,12.41,1.0,"Feb 15, 2031",12.0,3.55,-,12.41,3.55,12.41,USD,"Feb 13, 2024","Feb 13, 2024",2026-04-02
GREENSAIF PIPELINES BIDCO SA RL MTN RegS,Industrial,Fixed Income,"399,884.89",0.1,"399,884.89","400,000.00",-,XS2850687893,-,99.34,Saudi Arabia,-,USD,8.8,6.18,1.0,"Aug 23, 2042",6.1,8.8,-,6.18,8.8,6.18,USD,"Jul 31, 2024","Jul 31, 2024",2026-04-02
SIAM COMMERCIAL BANK PUBLIC COMPAN MTN RegS,Financial Institutions,Fixed Income,"399,911.56",0.1,"399,911.56","400,000.00",-,XS1945125547,BJF94R9,99.38,Thailand,-,USD,2.66,4.63,1.0,"Feb 11, 2029",4.4,2.65,-,4.63,2.65,4.63,USD,"Feb 11, 2019","Feb 11, 2019",2026-04-02
STANDARD CHARTERED PLC RegS,Financial Institutions,Fixed Income,"399,830.50",0.1,"399,830.50","400,000.00",-,XS2001211122,BFZ9DF2,98.42,Hong Kong,-,USD,2.82,5.35,1.0,"May 21, 2030",4.3,2.85,-,4.91,2.86,4.91,USD,"May 21, 2019","May 21, 2019",2026-04-02
BANGKOK BANK PUBLIC CO LTD (HONG K MTN RegS,Financial Institutions,Fixed Income,"399,477.87",0.1,"399,477.87","400,000.00",-,USY0606WCE85,-,98.12,Thailand,-,USD,7.37,5.33,1.0,"Nov 26, 2035",5.08,7.4,-,5.33,7.4,5.33,USD,"Nov 26, 2025","Nov 26, 2025",2026-04-02
OOREDOO INTERNATIONAL FINANCE LTD MTN RegS,Agency,Fixed Income,"399,484.11",0.1,"399,484.11","400,000.00",-,XS2910502637,-,97.69,Qatar,-,USD,6.82,4.96,1.0,"Oct 10, 2034",4.63,6.8,-,4.96,6.8,4.96,USD,"Oct 10, 2024","Oct 10, 2024",2026-04-02
STATE BANK OF INDIA (LONDON BRANCH MTN RegS,Agency,Fixed Income,"399,358.00",0.1,"399,358.00","400,000.00",-,XS3176783986,-,99.58,India,-,USD,3.99,4.61,1.0,"Sep 09, 2030",4.5,3.97,-,4.61,3.97,4.61,USD,"Sep 09, 2025","Sep 09, 2025",2026-04-02
AL RAJHI SUKUK LTD RegS,Financial Institutions,Fixed Income,"399,141.40",0.1,"399,141.40","400,000.00",-,XS2761205900,-,99.53,Saudi Arabia,-,USD,2.72,5.22,1.0,"Mar 12, 2029",5.05,2.7,-,5.22,2.7,5.22,USD,"Mar 12, 2024","Mar 12, 2024",2026-04-02
QIIB SENIOR ORYX LTD RegS,Financial Institutions,Fixed Income,"399,158.00",0.1,"399,158.00","400,000.00",-,XS3212439916,BQ3R6T0,98.08,Qatar,-,USD,4.07,4.97,1.0,"Nov 13, 2030",4.5,4.05,-,4.97,4.05,4.97,USD,"Nov 13, 2025","Nov 13, 2025",2026-04-02
BANK HAPOALIM BM,Financial Institutions,Fixed Income,"399,051.47",0.1,"399,051.47","400,000.00",-,IL0012343849,-,98.77,Israel,-,USD,2.98,5.13,1.0,"Jul 14, 2029",4.72,2.98,-,5.13,2.98,5.13,USD,"Jan 14, 2026","Jan 14, 2026",2026-04-02
RIYAD T1 SUKUK LTD RegS,Financial Institutions,Fixed Income,"399,052.67",0.1,"399,052.67","400,000.00",-,XS2903270671,-,97.06,Saudi Arabia,-,USD,2.99,6.04,1.0,"Dec 31, 2079",5.5,3.35,-,6.03,3.44,6.03,USD,"Oct 03, 2024","Oct 03, 2024",2026-04-02
DILIJAN FINANCE BV 144A,Financial Institutions,Fixed Income,"398,986.67",0.1,"398,986.67","400,000.00",254032AD7,US254032AD75,-,98.5,Armenia,-,USD,4.01,6.97,1.0,"Jan 22, 2031",6.6,4.0,-,6.97,4.0,6.97,USD,"Jan 22, 2026","Jan 22, 2026",2026-04-02
LIMAK CIMENTO SANAYI VE TICARET AS RegS,Industrial,Fixed Income,"398,980.87",0.1,"398,980.87","400,000.00",-,XS2862382541,-,97.98,Turkey,-,USD,2.58,10.47,1.0,"Jul 25, 2029",9.75,2.72,-,10.47,2.72,10.47,USD,"Jul 25, 2024","Jul 25, 2024",2026-04-02
TURKIYE IS BANKASI AS MTN RegS,Financial Institutions,Fixed Income,"398,831.94",0.1,"398,831.94","400,000.00",-,XS3174368152,-,96.0,Turkey,-,USD,3.85,8.03,1.0,"Apr 02, 2036",7.38,3.91,-,8.42,3.93,8.42,USD,"Sep 29, 2025","Sep 29, 2025",2026-04-02
DIB SUKUK LTD RegS,Financial Institutions,Fixed Income,"398,846.67",0.1,"398,846.67","400,000.00",-,XS2579950200,-,99.13,United Arab Emirates,-,USD,2.22,5.19,1.0,"Aug 16, 2028",4.8,2.21,-,5.19,2.21,5.19,USD,"Feb 16, 2023","Feb 16, 2023",2026-04-02
SINGTEL GROUP TREASURY PTE LTD MTN RegS,Agency,Fixed Income,"398,757.78",0.1,"398,757.78","400,000.00",-,XS1865437930,BFXNHN2,99.34,Singapore,-,USD,2.18,4.16,1.0,"Aug 28, 2028",3.88,2.27,-,4.16,2.27,4.16,USD,"Aug 28, 2018","Aug 28, 2018",2026-04-02
BOC AVIATION LTD MTN RegS,Agency,Fixed Income,"398,307.78",0.1,"398,307.78","400,000.00",09681MAT5,US09681MAT53,-,99.27,Singapore,-,USD,4.37,4.42,1.0,"Mar 04, 2031",4.25,4.39,-,4.42,4.39,4.42,USD,"Sep 04, 2025","Sep 04, 2025",2026-04-02
SA GLOBAL SUKUK LTD RegS,Agency,Fixed Income,"398,105.56",0.1,"398,105.56","400,000.00",-,XS2908722783,-,97.42,Saudi Arabia,-,USD,3.14,5.06,1.0,"Oct 02, 2029",4.25,3.14,-,5.06,3.14,5.06,USD,"Oct 02, 2024","Oct 02, 2024",2026-04-02
SHINHAN BANK MTN RegS,Financial Institutions,Fixed Income,"397,994.06",0.1,"397,994.06","400,000.00",82460EAR1,US82460EAR18,BNM4CB5,97.47,Korea (South),-,USD,5.15,4.86,1.0,"Apr 13, 2032",4.38,5.13,-,4.86,5.13,4.86,USD,"Apr 13, 2022","Apr 13, 2022",2026-04-02
ABQ FINANCE LTD MTN RegS,Financial Institutions,Fixed Income,"397,911.00",0.1,"397,911.00","400,000.00",-,XS3032949458,-,99.41,Qatar,-,USD,3.59,5.12,1.0,"Mar 25, 2030",4.95,3.57,-,5.12,3.57,5.12,USD,"Mar 25, 2025","Mar 25, 2025",2026-04-02
BANCO GENERAL SA RegS,Financial Institutions,Fixed Income,"397,839.17",0.1,"397,839.17","400,000.00",-,USP12651AB49,BF08MV3,98.85,Panama,-,USD,1.28,5.01,1.0,"Aug 07, 2027",4.13,1.29,-,5.01,1.29,5.01,USD,"Aug 07, 2017","Aug 07, 2017",2026-04-02
GFH SENIOR SUKUK LTD MTN RegS,Financial Institutions,Fixed Income,"397,560.00",0.1,"397,560.00","400,000.00",-,XS2928674253,-,96.39,Bahrain,-,USD,3.06,8.68,1.0,"Nov 06, 2029",7.5,2.99,-,8.68,2.99,8.68,USD,"Nov 06, 2024","Nov 06, 2024",2026-04-02
STANDARD CHARTERED PLC RegS,Financial Institutions,Fixed Income,"397,568.00",0.1,"397,568.00","400,000.00",-,XS3145651009,-,98.67,Hong Kong,-,USD,6.98,5.53,1.0,"Aug 12, 2036",5.4,7.21,-,5.53,7.2,5.53,USD,"Aug 12, 2025","Aug 12, 2025",2026-04-02
SOCIEDAD QUIMICA Y MINERA DE CHILE RegS,Industrial,Fixed Income,"397,383.33",0.1,"397,383.33","400,000.00",-,USP8718AAQ96,-,99.03,Chile,-,USD,6.63,5.65,1.0,"Sep 10, 2034",5.5,6.65,-,5.65,6.65,5.65,USD,"Sep 10, 2024","Sep 10, 2024",2026-04-02
QTEL INTERNATIONAL FINANCE LTD RegS,Agency,Fixed Income,"397,267.33",0.1,"397,267.33","400,000.00",-,XS0880134258,B9F5Z29,98.67,Qatar,-,USD,1.75,4.64,1.0,"Jan 31, 2028",3.88,1.74,-,4.64,1.74,4.64,USD,"Jan 31, 2013","Jan 31, 2013",2026-04-02
BANCO DE CREDITO DEL PERU MTN RegS,Financial Institutions,Fixed Income,"397,048.89",0.1,"397,048.89","400,000.00",05971V2H7,US05971V2H78,-,98.94,Peru,-,USD,3.5,6.13,1.0,"Mar 10, 2035",5.8,3.44,-,6.13,3.44,6.13,USD,"Sep 10, 2024","Sep 10, 2024",2026-04-02
SAUDI ELECTRICITY SUKUK PROGRAMME RegS,Agency,Fixed Income,"396,860.42",0.1,"396,860.42","400,000.00",-,XS2763630857,-,98.54,Saudi Arabia,-,USD,6.37,5.42,1.0,"Feb 13, 2034",5.19,6.33,-,5.42,6.33,5.42,USD,"Feb 13, 2024","Feb 13, 2024",2026-04-02
HANWHA LIFE INSURANCE CO LTD RegS,Financial Institutions,Fixed Income,"396,838.49",0.1,"396,838.49","400,000.00",-,USY306AXAD26,-,98.68,Korea (South),-,USD,0.83,5.31,1.0,"Feb 04, 2032",3.38,0.79,-,4.98,0.82,4.98,USD,"Feb 04, 2022","Feb 04, 2022",2026-04-02
AL RAJHI TIER 1 SUKUK LTD RegS,Financial Institutions,Fixed Income,"396,307.67",0.1,"396,307.67","400,000.00",-,XS2975300208,-,97.88,Saudi Arabia,-,USD,3.39,5.83,1.0,"Dec 31, 2079",6.25,3.98,-,5.83,4.03,5.83,USD,"Jan 21, 2025","Jan 21, 2025",2026-04-02
JGSH PHILIPPINES LTD RegS,Industrial,Fixed Income,"396,260.50",0.1,"396,260.50","400,000.00",-,XS2198145422,-,98.14,Philippines,-,USD,3.85,4.61,1.0,"Jul 09, 2030",4.13,3.84,-,4.61,3.84,4.61,USD,"Jul 09, 2020","Jul 09, 2020",2026-04-02
ANGLO AMERICAN CAPITAL PLC 144A,Industrial,Fixed Income,"396,176.67",0.1,"396,176.67","400,000.00",034863BG4,US034863BG48,-,98.89,South Africa,-,USD,4.37,4.88,1.0,"Mar 19, 2031",4.63,4.38,-,4.88,4.38,4.88,USD,"Mar 19, 2026","Mar 19, 2026",2026-04-02
ARAGVI FINANCE INTERNATIONAL DAC RegS,Industrial,Fixed Income,"396,069.44",0.1,"396,069.44","400,000.00",-,XS2932787687,-,95.0,Moldova,-,USD,2.82,12.88,1.0,"Nov 20, 2029",11.13,2.77,-,12.88,2.77,12.88,USD,"Nov 20, 2024","Nov 20, 2024",2026-04-02
EMIRATES NBD BANK PJSC RegS,Agency,Fixed Income,"395,946.56",0.1,"395,946.56","400,000.00",-,XS3004977057,-,98.38,United Arab Emirates,-,USD,3.58,5.99,1.0,"Dec 31, 2079",6.25,4.07,-,5.99,4.13,5.99,USD,"Feb 25, 2025","Feb 25, 2025",2026-04-02
ALINMA TIER 1 SUKUK LTD RegS,Financial Institutions,Fixed Income,"395,733.33",0.1,"395,733.33","400,000.00",-,XS2753907554,-,98.5,Saudi Arabia,-,USD,2.65,6.29,1.0,"Dec 31, 2079",6.5,2.91,-,6.29,3.01,6.29,USD,"Mar 06, 2024","Mar 06, 2024",2026-04-02
BOC AVIATION LTD MTN RegS,Agency,Fixed Income,"395,670.67",0.1,"395,670.67","400,000.00",09681MAE8,US09681MAE84,BZ1FXT8,98.8,Singapore,-,USD,1.39,4.35,1.0,"Sep 18, 2027",3.5,1.41,-,4.35,1.41,4.35,USD,"Sep 18, 2017","Sep 18, 2017",2026-04-02
HDFC BANK LTD RegS,Financial Institutions,Fixed Income,"395,194.89",0.1,"395,194.89","400,000.00",-,USY3119PFH74,BN6SDP4,98.44,India,-,USD,0.83,6.56,1.0,"Dec 31, 2079",3.7,0.69,-,6.56,0.39,6.56,USD,"Aug 25, 2021","Aug 25, 2021",2026-04-02
FIRST ABU DHABI BANK PJSC RegS,Agency,Fixed Income,"394,963.89",0.1,"394,963.89","400,000.00",-,XS3226594581,-,96.75,United Arab Emirates,-,USD,3.65,6.2,1.0,"Dec 31, 2079",5.88,4.6,-,6.2,4.28,6.2,USD,"Nov 28, 2025","Nov 28, 2025",2026-04-02
BANCO DE CREDITO DEL PERU MTN RegS,Financial Institutions,Fixed Income,"394,808.33",0.1,"394,808.33","400,000.00",05971V2K0,US05971V2K08,-,97.53,Peru,-,USD,4.58,6.06,1.0,"Jan 15, 2037",5.65,4.43,-,6.19,4.62,6.19,USD,"Oct 15, 2025","Oct 15, 2025",2026-04-02
BBVA BANCOMER SA (TEXAS BRANCH) RegS,Financial Institutions,Fixed Income,"394,638.46",0.1,"394,638.46","400,000.00",-,USP16259AM84,BYVW206,97.62,Mexico,-,USD,1.7,6.56,1.0,"Jan 18, 2033",5.13,1.62,-,6.54,1.67,6.54,USD,"Jan 17, 2018","Jan 17, 2018",2026-04-02
ANGLO AMERICAN CAPITAL PLC 144A,Industrial,Fixed Income,"394,370.67",0.1,"394,370.67","400,000.00",034863BH2,US034863BH21,-,98.43,South Africa,-,USD,5.79,5.27,1.0,"Mar 21, 2033",5.0,5.8,-,5.27,5.8,5.27,USD,"Mar 19, 2026","Mar 19, 2026",2026-04-02
BANCO DE CREDITO DEL PERU RegS,Financial Institutions,Fixed Income,"394,386.68",0.1,"394,386.68","400,000.00",05971V2D6,US05971V2D64,-,98.6,Peru,-,USD,0.5,6.35,1.0,"Sep 30, 2031",3.25,0.44,-,6.14,0.49,6.14,USD,"Mar 30, 2021","Mar 30, 2021",2026-04-02
MANILA WATER CO INC RegS,Utility,Fixed Income,"394,052.67",0.1,"394,052.67","400,000.00",-,XS2208939368,-,97.78,Philippines,-,USD,2.91,4.95,1.0,"Jul 30, 2030",4.38,3.87,-,4.95,3.87,4.95,USD,"Jul 30, 2020","Jul 30, 2020",2026-04-02
ABU DHABI NATIONAL ENERGY COMPANY MTN RegS,Agency,Fixed Income,"393,991.73",0.1,"393,991.73","400,000.00",-,XS2600248335,-,96.46,United Arab Emirates,-,USD,5.83,5.3,1.0,"Apr 24, 2033",4.7,5.8,-,5.3,5.8,5.3,USD,"Apr 24, 2023","Apr 24, 2023",2026-04-02
PTTEP TREASURY CENTER CO LT MTN RegS,Agency,Fixed Income,"394,009.89",0.1,"394,009.89","400,000.00",-,USY7150MAG25,-,97.71,Thailand,-,USD,1.15,4.57,1.0,"Jun 10, 2027",2.59,1.15,-,4.57,1.15,4.57,USD,"Jun 10, 2020","Jun 10, 2020",2026-04-02
CONSORCIO TRANSMANTARO SA RegS,Agency,Fixed Income,"393,802.22",0.1,"393,802.22","400,000.00",-,USP3083SAF22,BNDQRF9,96.0,Peru,-,USD,7.62,5.72,1.0,"Apr 11, 2038",5.2,7.6,-,5.72,7.6,5.72,USD,"Apr 11, 2022","Apr 11, 2022",2026-04-02
SA GLOBAL SUKUK LTD RegS,Agency,Fixed Income,"393,346.44",0.1,"393,346.44","400,000.00",-,XS2908723328,-,95.99,Saudi Arabia,-,USD,6.69,5.34,1.0,"Oct 02, 2034",4.75,6.71,-,5.34,6.71,5.34,USD,"Oct 02, 2024","Oct 02, 2024",2026-04-02
ALDAR PROPERTIES PJSC RegS,Financial Institutions,Fixed Income,"393,261.62",0.1,"393,261.62","400,000.00",-,XS2975294393,-,95.28,United Arab Emirates,-,USD,4.63,6.58,1.0,"Apr 15, 2055",6.62,4.69,-,7.65,4.71,7.65,USD,"Jan 15, 2025","Jan 15, 2025",2026-04-02
STC SUKUK COMPANY LTD RegS,Agency,Fixed Income,"393,115.44",0.1,"393,115.44","400,000.00",-,XS1992985694,BHNG702,96.8,Saudi Arabia,-,USD,2.87,5.01,1.0,"May 13, 2029",3.89,2.85,-,5.01,2.85,5.01,USD,"May 13, 2019","May 13, 2019",2026-04-02
SAUDI ELECTRICITY SUKUK PROGRAMME RegS,Agency,Fixed Income,"392,945.87",0.1,"392,945.87","400,000.00",-,XS2608256827,-,96.06,Saudi Arabia,-,USD,5.8,5.31,1.0,"Apr 11, 2033",4.63,5.77,-,5.31,5.77,5.31,USD,"Apr 11, 2023","Apr 11, 2023",2026-04-02
YPF SA RegS,Agency,Fixed Income,"392,908.00",0.1,"392,908.00","400,000.00",-,USP989MJBT72,-,98.23,Argentina,-,USD,4.96,7.36,1.0,"Sep 30, 2033",7.0,4.93,-,7.36,4.93,7.36,USD,"Feb 12, 2021","Feb 12, 2021",2026-04-02
EMIRATES NBD BANK PJSC RegS,Agency,Fixed Income,"392,744.33",0.1,"392,744.33","400,000.00",-,XS2342723900,-,96.73,United Arab Emirates,-,USD,0.79,7.13,1.0,"Dec 31, 2079",4.25,0.92,-,7.13,1.09,7.13,USD,"May 27, 2021","May 27, 2021",2026-04-02
ANGLO AMERICAN CAPITAL PLC RegS,Industrial,Fixed Income,"391,998.78",0.1,"391,998.78","400,000.00",-,USG0446NAW41,BN4QFS7,97.85,South Africa,-,USD,2.72,4.66,1.0,"Mar 16, 2029",3.88,2.76,-,4.66,2.76,4.66,USD,"Mar 16, 2022","Mar 16, 2022",2026-04-02
BURGAN BANK KPSC RegS,Financial Institutions,Fixed Income,"391,956.33",0.1,"391,956.33","400,000.00",-,XS2265369491,-,97.19,Kuwait,-,USD,0.45,6.25,1.0,"Dec 15, 2031",2.75,0.63,-,9.16,0.68,9.16,USD,"Dec 15, 2020","Dec 15, 2020",2026-04-02
CONSORCIO TRANSMANTARO SA RegS,Agency,Fixed Income,"391,914.44",0.1,"391,914.44","400,000.00",-,USP3083SAD73,BJ06B85,95.84,Peru,-,USD,5.04,5.52,1.0,"Apr 16, 2034",4.7,5.02,-,5.52,5.02,5.52,USD,"Apr 16, 2019","Apr 16, 2019",2026-04-02
BBVA BANCOMER SA INSTITUCION DE BA RegS,Financial Institutions,Fixed Income,"391,709.72",0.1,"391,709.72","400,000.00",-,USP16259AN67,BKTC4L5,97.65,Mexico,-,USD,3.1,7.47,1.0,"Sep 13, 2034",5.88,3.0,-,6.65,3.06,6.65,USD,"Sep 13, 2019","Sep 13, 2019",2026-04-02
AL RAJHI SUKUK LTD RegS,Financial Institutions,Fixed Income,"391,619.04",0.1,"391,619.04","400,000.00",-,XS3124428254,-,97.69,Saudi Arabia,-,USD,3.91,6.08,1.0,"Mar 16, 2036",5.65,4.23,-,6.25,4.25,6.25,USD,"Sep 16, 2025","Sep 16, 2025",2026-04-02
CBQ FINANCE LTD MTN RegS,Financial Institutions,Fixed Income,"391,294.46",0.1,"391,294.46","400,000.00",-,XS3138731297,-,97.57,Qatar,-,USD,3.98,5.25,1.0,"Sep 10, 2030",4.63,3.95,-,5.25,3.95,5.25,USD,"Sep 10, 2025","Sep 10, 2025",2026-04-02
CIMB BANK BHD RegS,Agency,Fixed Income,"390,740.78",0.1,"390,740.78","400,000.00",12570TAA9,US12570TAA97,-,97.27,Malaysia,-,USD,1.26,4.29,1.0,"Jul 20, 2027",2.13,1.26,-,4.29,1.26,4.29,USD,"Jan 20, 2022","Jan 20, 2022",2026-04-02
SANDS CHINA LTD,Industrial,Fixed Income,"390,606.33",0.1,"390,606.33","400,000.00",80007RAL9,US80007RAL96,BMG4KR6,96.41,Macau,-,USD,3.72,5.33,1.0,"Jun 18, 2030",4.38,3.74,-,5.33,3.74,5.33,USD,"Dec 18, 2020","Feb 02, 2021",2026-04-02
POWER FINANCE CORPORATION LTD MTN RegS,Agency,Fixed Income,"390,592.56",0.1,"390,592.56","400,000.00",73928RAB2,US73928RAB24,-,96.91,India,-,USD,3.69,4.79,1.0,"Apr 23, 2030",3.95,3.67,-,4.79,3.67,4.79,USD,"Jan 23, 2020","Jan 23, 2020",2026-04-02
GREENKO WIND PROJECTS (MAURITIUS) RegS,Agency,Fixed Income,"390,593.54",0.1,"390,593.54","394,000.00",-,USV3856JAB99,-,99.08,India,-,USD,2.04,7.68,1.0,"Sep 27, 2028",7.25,2.15,-,7.68,2.15,7.68,USD,"Mar 27, 2025","Mar 27, 2025",2026-04-02
EMPRESA NACIONAL DE TELECOMUNICACI RegS,Industrial,Fixed Income,"390,404.50",0.1,"390,404.50","450,000.00",-,USP37115AH81,-,86.62,Chile,-,USD,5.32,5.74,1.0,"Sep 14, 2032",3.05,5.28,-,5.74,5.28,5.74,USD,"Sep 14, 2021","Sep 14, 2021",2026-04-02
THAIOIL TREASURY CENTER CO LTD MTN 144A,Industrial,Fixed Income,"390,105.57",0.1,"390,105.57","400,000.00",88323RAC9,US88323RAC97,-,96.26,Thailand,-,USD,3.86,6.74,1.0,"Dec 31, 2079",6.1,4.13,-,6.63,4.21,6.63,USD,"Jan 15, 2026","Jan 15, 2026",2026-04-02
SINGAPORE AIRLINES LTD MTN RegS,Agency,Fixed Income,"389,902.50",0.1,"389,902.50","400,000.00",-,XS2405871570,-,96.81,Singapore,-,USD,2.6,4.6,1.0,"Jan 19, 2029",3.38,2.62,-,4.6,2.62,4.6,USD,"Jan 19, 2022","Jan 19, 2022",2026-04-02
GC TREASURY CENTER PERPNC10 RegS,Industrial,Fixed Income,"389,023.33",0.1,"389,023.33","400,000.00",-,USY3004DAE41,-,96.86,Thailand,-,USD,6.55,7.39,1.0,"Dec 31, 2079",7.13,6.82,-,7.61,6.71,7.61,USD,"Sep 10, 2025","Sep 10, 2025",2026-04-02
AYDEM YENILENEBILIR ENERJI AS RegS,Utility,Fixed Income,"389,000.00",0.1,"389,000.00","400,000.00",-,XS3065322862,-,97.25,Turkey,-,USD,3.16,10.75,1.0,"Sep 30, 2030",9.88,3.17,-,10.75,3.17,10.75,USD,"Sep 30, 2025","Sep 30, 2025",2026-04-02
QIC (CAYMAN) LTD RegS,Financial Institutions,Fixed Income,"388,778.67",0.1,"388,778.67","400,000.00",-,XS3097000668,-,95.83,Qatar,-,USD,4.24,6.44,1.0,"Dec 31, 2079",6.15,4.31,-,7.15,4.35,7.15,USD,"Jul 10, 2025","Jul 10, 2025",2026-04-02
NANSHAN LIFE PTE LTD RegS,Financial Institutions,Fixed Income,"388,752.61",0.1,"388,752.61","400,000.00",-,XS3046322593,-,96.98,Taiwan,-,USD,7.31,6.16,1.0,"Mar 17, 2041",5.88,7.41,-,6.3,7.25,6.3,USD,"Sep 17, 2025","Sep 17, 2025",2026-04-02
ANGLOGOLD ASHANTI HOLDINGS PLC,Industrial,Fixed Income,"388,587.50",0.1,"388,587.50","400,000.00",03512TAF8,US03512TAF84,-,95.75,South Africa,-,USD,2.4,5.15,1.0,"Nov 01, 2028",3.38,2.4,-,5.15,2.4,5.15,USD,"Oct 22, 2021","Oct 22, 2021",2026-04-02
YAPI VE KREDI BANKASI AS MTN RegS,Financial Institutions,Fixed Income,"388,319.33",0.1,"388,319.33","400,000.00",-,XS3169054049,-,96.48,Turkey,-,USD,3.55,8.63,1.0,"Dec 31, 2079",8.25,3.85,-,8.63,3.93,8.63,USD,"Sep 04, 2025","Sep 04, 2025",2026-04-02
SJM INTERNATIONAL LTD RegS,Industrial,Fixed Income,"387,724.67",0.1,"387,724.67","400,000.00",-,XS3267117995,-,95.58,Macau,-,USD,3.85,7.62,1.0,"Jan 15, 2031",6.5,3.97,-,7.62,3.97,7.62,USD,"Jan 15, 2026","Jan 15, 2026",2026-04-02
BANK NEGARA INDONESIA PERSERO TBK RegS,Agency,Fixed Income,"386,786.67",0.1,"386,786.67","400,000.00",-,XS2385923722,BMCPCV1,96.63,Indonesia,-,USD,0.78,7.42,1.0,"Dec 31, 2079",4.3,0.73,-,7.42,0.94,7.42,USD,"Sep 24, 2021","Sep 24, 2021",2026-04-02
ADANI PORTS AND SPECIAL ECONOMIC Z RegS,Industrial,Fixed Income,"386,229.17",0.1,"386,229.17","400,000.00",-,USY00130RP42,BKF9CP0,95.5,India,-,USD,2.93,5.91,1.0,"Jul 03, 2029",4.38,2.95,-,5.91,2.95,5.91,USD,"Jul 03, 2019","Jul 03, 2019",2026-04-02
GARUDA INDONESIA (PERSERO) TBK PT RegS,Industrial,Fixed Income,"386,023.12",0.1,"386,023.12","461,816.00",-,XS2568752682,BR0WR36,83.55,Indonesia,-,USD,4.63,10.47,1.0,"Dec 28, 2031",6.5,4.61,-,10.47,4.61,10.47,USD,"Dec 28, 2022","Dec 28, 2022",2026-04-02
DOHA FINANCE LTD MTN RegS,Financial Institutions,Fixed Income,"385,633.52",0.1,"385,633.52","400,000.00",-,XS3172196100,-,96.23,Qatar,-,USD,4.4,5.37,1.0,"Mar 16, 2031",4.5,4.37,-,5.37,4.37,5.37,USD,"Sep 16, 2025","Sep 16, 2025",2026-04-02
KOREA GAS CORPORATION MTN RegS,Agency,Fixed Income,"385,243.89",0.1,"385,243.89","400,000.00",50066CAP4,US50066CAP41,BJXWWS7,95.72,Korea (South),-,USD,3.08,4.28,1.0,"Jul 16, 2029",2.88,3.08,-,4.28,3.08,4.28,USD,"Jul 16, 2019","Jul 16, 2019",2026-04-02
SAUDI ELECTRICITY SUKUK PROGRAMME RegS,Agency,Fixed Income,"384,273.29",0.1,"384,273.29","400,000.00",-,XS2608638602,-,93.4,Saudi Arabia,-,USD,12.64,6.19,1.0,"Apr 11, 2053",5.68,12.9,-,6.19,12.9,6.19,USD,"Apr 11, 2023","Apr 11, 2023",2026-04-02
MELCO RESORTS FINANCE LTD RegS,Industrial,Fixed Income,"384,205.33",0.1,"384,205.33","400,000.00",-,USG5975LAL02,-,95.94,Macau,-,USD,5.15,7.21,1.0,"Sep 24, 2033",6.5,5.79,-,7.21,5.79,7.21,USD,"Sep 24, 2025","Sep 24, 2025",2026-04-02
AFRICA FINANCE CORP RegS,Supranational,Fixed Income,"384,058.00",0.1,"384,058.00","400,000.00",-,XS2072933778,BKLRM14,94.45,Nigeria,-,USD,3.26,5.48,1.0,"Oct 30, 2029",3.75,3.24,-,5.48,3.24,5.48,USD,"Oct 30, 2019","Oct 30, 2019",2026-04-02
ENERGEAN ISRAEL FINANCE LTD,Industrial,Fixed Income,"384,000.00",0.1,"384,000.00","400,000.00",-,IL0011736738,-,96.0,Israel,-,USD,1.87,7.57,1.0,"Mar 30, 2028",5.38,1.85,-,7.57,1.85,7.57,USD,"Mar 24, 2021","Mar 24, 2021",2026-04-02
STILLWATER MINING COMPANY RegS,Industrial,Fixed Income,"383,306.00",0.1,"383,306.00","400,000.00",-,USU85969AF71,-,94.14,South Africa,-,USD,3.11,6.33,1.0,"Nov 16, 2029",4.5,3.22,-,6.33,3.22,6.33,USD,"Nov 16, 2021","Nov 16, 2021",2026-04-02
MINSUR SA RegS,Industrial,Fixed Income,"383,156.00",0.1,"383,156.00","400,000.00",-,USP6811TAB19,-,93.89,Peru,-,USD,4.74,5.8,1.0,"Oct 28, 2031",4.5,4.74,-,5.8,4.74,5.8,USD,"Oct 28, 2021","Oct 28, 2021",2026-04-02
CONSOLIDATED ENERGY FINANCE SA RegS,Industrial,Fixed Income,"382,812.50",0.1,"382,812.50","400,000.00",-,USL1957QAG57,BLD3GJ3,93.13,Trinidad and Tobago,-,USD,2.29,8.7,1.0,"Oct 15, 2028",5.63,2.24,-,8.7,2.24,8.7,USD,"Oct 07, 2021","Oct 07, 2021",2026-04-02
LENOVO GROUP LTD RegS,Industrial,Fixed Income,"382,777.64",0.1,"382,777.64","400,000.00",-,USY5257YAJ65,BL6G7L8,94.29,China,-,USD,4.11,4.82,1.0,"Nov 02, 2030",3.42,4.11,-,4.82,4.11,4.82,USD,"Nov 02, 2020","Nov 02, 2020",2026-04-02
INRETAIL CONSUMER RegS,Industrial,Fixed Income,"382,788.89",0.1,"382,788.89","400,000.00",-,USP56236AB16,-,95.63,Peru,-,USD,1.89,5.62,1.0,"Mar 22, 2028",3.25,1.88,-,5.62,1.88,5.62,USD,"Mar 22, 2021","Mar 22, 2021",2026-04-02
ALPHA STAR HOLDING IX LTD RegS,Financial Institutions,Fixed Income,"382,484.44",0.1,"382,484.44","400,000.00",-,XS3006253044,-,94.96,United Arab Emirates,-,USD,2.2,9.38,1.0,"Aug 26, 2028",7.0,2.14,-,9.38,2.14,9.38,USD,"Feb 26, 2025","Feb 26, 2025",2026-04-02
SAUDI ARABIAN OIL CO MTN RegS,Agency,Fixed Income,"380,349.00",0.1,"380,349.00","600,000.00",-,XS2262853349,BLD4BG8,62.25,Saudi Arabia,-,USD,13.88,6.28,1.0,"Nov 24, 2050",3.25,14.13,-,6.28,14.13,6.28,USD,"Nov 24, 2020","Nov 24, 2020",2026-04-02
BHARTI AIRTEL LTD RegS,Industrial,Fixed Income,"379,685.00",0.1,"379,685.00","400,000.00",-,USY0889VAC47,-,93.86,India,-,USD,4.61,4.59,1.0,"Jun 03, 2031",3.25,4.63,-,4.59,4.63,4.59,USD,"Mar 03, 2021","Mar 03, 2021",2026-04-02
STANDARD CHARTERED PLC RegS,Financial Institutions,Fixed Income,"379,425.33",0.1,"379,425.33","400,000.00",-,XS1049699926,-,94.79,Hong Kong,-,USD,10.83,6.18,1.0,"Mar 26, 2044",5.7,10.94,-,6.18,10.94,6.18,USD,"Mar 26, 2014","Mar 26, 2014",2026-04-02
CABLE ONDA SA RegS,Industrial,Fixed Income,"378,140.00",0.1,"378,140.00","400,000.00",-,USP1926LAA37,-,93.78,Panama,-,USD,3.31,6.35,1.0,"Jan 30, 2030",4.5,3.42,-,6.35,3.42,6.35,USD,"Nov 01, 2019","Nov 01, 2019",2026-04-02
INDIAN RAILWAY FINANCE CORP LTD MTN RegS,Agency,Fixed Income,"378,133.00",0.1,"378,133.00","400,000.00",45434M2H4,US45434M2H45,BMX5FG6,93.85,India,-,USD,5.14,4.79,1.0,"Jan 21, 2032",3.57,5.12,-,4.79,5.12,4.79,USD,"Jan 21, 2022","Jan 21, 2022",2026-04-02
AMERICA MOVIL SAB DE CV,Industrial,Fixed Income,"377,428.06",0.1,"377,428.06","400,000.00",02364WBJ3,US02364WBJ36,-,93.22,Mexico,-,USD,3.74,4.71,1.0,"May 07, 2030",2.88,3.76,-,4.71,3.76,4.71,USD,"May 07, 2020","May 07, 2020",2026-04-02
SINGTEL GROUP TREASURY PTE LTD MTN RegS,Agency,Fixed Income,"377,368.44",0.1,"377,368.44","400,000.00",-,XS2046591413,-,94.13,Singapore,-,USD,3.2,4.24,1.0,"Aug 28, 2029",2.38,3.22,-,4.24,3.22,4.24,USD,"Aug 28, 2019","Aug 28, 2019",2026-04-02
EASTERN AND SOUTHERN AFRICAN TRADE MTN RegS,Supranational,Fixed Income,"377,125.00",0.1,"377,125.00","400,000.00",-,XS2356571559,BLCHX39,93.25,Supranational,-,USD,2.11,7.43,1.0,"Jun 30, 2028",4.13,2.07,-,7.43,2.07,7.43,USD,"Jun 30, 2021","Jun 30, 2021",2026-04-02
CEMEX SAB DE CV RegS,Industrial,Fixed Income,"376,257.39",0.1,"376,257.39","400,000.00",-,USP2253TJR16,-,93.21,Mexico,-,USD,4.34,5.37,1.0,"Jul 11, 2031",3.88,4.64,-,5.37,4.64,5.37,USD,"Jan 12, 2021","Jan 12, 2021",2026-04-02
SANDS CHINA LTD,Industrial,Fixed Income,"376,228.67",0.1,"376,228.67","400,000.00",80007RAQ8,US80007RAQ83,BNG94T8,93.88,Macau,-,USD,2.77,5.12,1.0,"Mar 08, 2029",2.85,2.76,-,5.12,2.76,5.12,USD,"Mar 08, 2022","Aug 08, 2022",2026-04-02
SOUTHERN COPPER CORP,Industrial,Fixed Income,"374,649.67",0.1,"374,649.67","400,000.00",84265VAG0,US84265VAG05,B8ZRND5,91.58,Mexico,-,USD,10.38,6.06,1.0,"Nov 08, 2042",5.25,10.45,-,6.06,10.45,6.06,USD,"Nov 08, 2012","Nov 08, 2012",2026-04-02
AVIANCA MIDCO 2 PLC 144A,Industrial,Fixed Income,"374,164.44",0.1,"374,164.44","400,000.00",05369YAD1,US05369YAD13,-,91.91,Colombia,-,USD,3.75,11.74,1.0,"Jan 28, 2031",9.5,3.66,-,11.74,3.66,11.74,USD,"Jan 28, 2026","Jan 28, 2026",2026-04-02
MEITUAN RegS,Industrial,Fixed Income,"373,519.11",0.1,"373,519.11","400,000.00",-,USG59669AC89,-,92.09,China,-,USD,4.13,5.0,1.0,"Oct 28, 2030",3.05,4.13,-,5.0,4.13,5.0,USD,"Oct 28, 2020","Oct 28, 2020",2026-04-02
KOSMOS ENERGY LTD RegS,Industrial,Fixed Income,"373,402.78",0.1,"373,402.78","400,000.00",-,USU5007TAE56,-,89.0,Ghana,-,USD,4.07,11.5,1.0,"Oct 01, 2031",8.75,3.98,-,11.5,3.98,11.5,USD,"Sep 24, 2024","Sep 24, 2024",2026-04-02
SAUDI ELECTRICITY GLOBAL SUKUK CO RegS,Agency,Fixed Income,"371,802.22",0.1,"371,802.22","400,000.00",-,XS0911024635,B8FR766,90.53,Saudi Arabia,-,USD,10.6,5.95,1.0,"Apr 08, 2043",5.06,10.69,-,5.95,10.69,5.95,USD,"Apr 08, 2013","Apr 08, 2013",2026-04-02
BOC AVIATION LTD MTN RegS,Agency,Fixed Income,"371,671.17",0.1,"371,671.17","400,000.00",09681MAS7,US09681MAS70,-,92.82,Singapore,-,USD,4.12,4.41,1.0,"Sep 17, 2030",2.63,4.14,-,4.41,4.14,4.41,USD,"Sep 17, 2020","Sep 17, 2020",2026-04-02
ISRAEL ELECTRIC CORP LTD MTN,Agency,Fixed Income,"371,543.33",0.1,"371,543.33","400,000.00",-,IL0060004004,-,92.49,Israel,-,USD,5.19,5.25,1.0,"Feb 22, 2032",3.75,5.16,-,5.25,5.16,5.25,USD,"Feb 22, 2022","Feb 22, 2022",2026-04-02
INDOFOOD CBP SUKSES MAKMUR TBK PT RegS,Industrial,Fixed Income,"370,567.70",0.1,"370,567.70","400,000.00",-,XS2399787899,-,91.14,Indonesia,-,USD,5.24,5.26,1.0,"Apr 27, 2032",3.54,5.26,-,5.26,5.26,5.26,USD,"Oct 27, 2021","Oct 27, 2021",2026-04-02
VALE OVERSEAS LTD,Industrial,Fixed Income,"370,536.25",0.1,"370,536.25","350,000.00",91911TAR4,US91911TAR41,-,104.03,Brazil,-,USD,5.66,5.44,1.0,"Jun 12, 2033",6.13,5.7,-,5.42,5.54,5.42,USD,"Jun 12, 2023","Jun 12, 2023",2026-04-02
FOXCONN FAR EAST LTD MTN RegS,Industrial,Fixed Income,"370,478.22",0.1,"370,478.22","400,000.00",-,XS2236363227,BMG40N2,91.56,Taiwan,-,USD,4.21,4.56,1.0,"Oct 28, 2030",2.5,4.2,-,4.56,4.2,4.56,USD,"Oct 28, 2020","Oct 28, 2020",2026-04-02
STANDARD CHARTERED PLC RegS,Financial Institutions,Fixed Income,"369,415.11",0.1,"369,415.11","400,000.00",-,USG84228EP90,-,91.35,Hong Kong,-,USD,4.19,7.41,1.0,"Dec 31, 2079",4.75,4.39,-,6.9,4.13,6.9,USD,"Jan 14, 2021","Jan 14, 2021",2026-04-02
SAUDI ARABIAN OIL CO MTN RegS,Agency,Fixed Income,"368,241.28",0.09,"368,241.28","400,000.00",-,XS2861555964,BPMPNL9,90.87,Saudi Arabia,-,USD,13.69,6.53,1.0,"Jul 17, 2064",5.88,14.05,-,6.53,14.05,6.53,USD,"Jul 17, 2024","Jul 17, 2024",2026-04-02
ADANI ELECTRICITY MUMBAI LTD RegS,Utility,Fixed Income,"367,506.13",0.09,"367,506.13","400,000.00",-,XS2109438205,BKBN2H8,91.35,India,-,USD,3.53,6.51,1.0,"Feb 12, 2030",3.95,3.48,-,6.51,3.48,6.51,USD,"Feb 12, 2020","Feb 12, 2020",2026-04-02
INDIAN RAILWAY FINANCE CORP LTD MTN RegS,Agency,Fixed Income,"367,159.56",0.09,"367,159.56","400,000.00",45434M2C5,US45434M2C57,-,91.4,India,-,USD,4.46,4.8,1.0,"Feb 10, 2031",2.8,4.44,-,4.8,4.44,4.8,USD,"Feb 10, 2021","Feb 10, 2021",2026-04-02
ANGLO AMERICAN CAPITAL PLC RegS,Industrial,Fixed Income,"366,471.28",0.09,"366,471.28","400,000.00",-,USG0446NAV67,BLF8629,91.51,South Africa,-,USD,4.52,4.82,1.0,"Mar 17, 2031",2.88,4.53,-,4.82,4.53,4.82,USD,"Mar 17, 2021","Mar 17, 2021",2026-04-02
KOOKMIN BANK MTN RegS,Financial Institutions,Fixed Income,"365,655.56",0.09,"365,655.56","400,000.00",50050HAN6,US50050HAN61,-,90.4,Korea (South),-,USD,4.23,4.86,1.0,"Nov 04, 2030",2.5,4.2,-,4.86,4.2,4.86,USD,"Nov 04, 2020","Nov 04, 2020",2026-04-02
SINGTEL GROUP TREASURY PTE LTD MTN RegS,Agency,Fixed Income,"365,283.67",0.09,"365,283.67","400,000.00",-,XS2185867160,-,90.75,Singapore,-,USD,3.93,4.31,1.0,"Jun 10, 2030",1.88,3.94,-,4.31,3.94,4.31,USD,"Jun 10, 2020","Jun 10, 2020",2026-04-02
SAUDI ARABIAN OIL CO MTN RegS,Agency,Fixed Income,"364,368.00",0.09,"364,368.00","600,000.00",-,XS2262853422,-,59.5,Saudi Arabia,-,USD,15.72,6.18,1.0,"Nov 24, 2070",3.5,16.14,-,6.18,16.14,6.18,USD,"Nov 24, 2020","Nov 24, 2020",2026-04-02
STANDARD CHARTERED PLC RegS,Financial Institutions,Fixed Income,"364,391.67",0.09,"364,391.67","400,000.00",-,XS2230265246,BN6TL31,90.72,Hong Kong,-,USD,4.22,5.8,1.0,"Feb 18, 2036",3.27,4.36,-,5.57,4.4,5.57,USD,"Nov 18, 2020","Nov 18, 2020",2026-04-02
TRANSPORTADORA DE GAS DEL PERU SA RegS,Industrial,Fixed Income,"363,279.00",0.09,"363,279.00","360,000.00",-,USP9367RAG67,B7ZRB45,99.14,Peru,-,USD,1.02,5.08,1.0,"Apr 30, 2028",4.25,1.01,-,5.08,1.01,5.08,USD,"Apr 30, 2013","Apr 30, 2013",2026-04-02
AXIATA SPV2 BHD MTN RegS,Agency,Fixed Income,"362,097.37",0.09,"362,097.37","400,000.00",-,XS2216900105,-,90.28,Malaysia,-,USD,4.09,4.64,1.0,"Aug 19, 2030",2.16,4.09,-,4.64,4.09,4.64,USD,"Aug 19, 2020","Aug 19, 2020",2026-04-02
YPF SA RegS,Agency,Fixed Income,"361,766.67",0.09,"361,766.67","400,000.00",-,USP989MJBN03,BF4HVD1,88.4,Argentina,-,USD,10.03,8.15,1.0,"Dec 15, 2047",7.0,10.18,-,8.15,10.18,8.15,USD,"Dec 15, 2017","Dec 15, 2017",2026-04-02
BORR IHC LTD RegS,Industrial,Fixed Income,"361,619.24",0.09,"361,619.24","341,463.00",-,USG1467FAA15,BPNZ4V5,102.13,Mexico,-,USD,1.42,10.85,1.0,"Nov 15, 2028",10.0,1.99,-,8.78,1.34,8.78,USD,"Nov 07, 2023","Nov 07, 2023",2026-04-02
ENFRAGEN ENERGIA SUR SA RegS,Utility,Fixed Income,"361,113.63",0.09,"361,113.63","396,142.00",-,USE4181LAA91,-,91.16,Colombia,-,USD,4.01,7.68,1.0,"Dec 30, 2030",5.38,4.11,-,7.68,4.11,7.68,USD,"Dec 17, 2020","Dec 17, 2020",2026-04-02
HUTCHISON WHAMPOA INTL 03/33 RegS,Industrial,Fixed Income,"360,694.53",0.09,"360,694.53","305,000.00",-,USG4672CAC94,7723388,115.65,Hong Kong,-,USD,5.84,4.96,1.0,"Nov 24, 2033",7.45,5.83,-,4.96,5.83,4.96,USD,"Nov 24, 2003","Nov 24, 2003",2026-04-02
AI CANDELARIA SPAIN SL RegS,Industrial,Fixed Income,"359,888.33",0.09,"359,888.33","400,000.00",-,USE0R75RAB28,-,88.3,Colombia,-,USD,4.22,8.63,1.0,"Jun 15, 2033",5.75,4.16,-,8.63,4.16,8.63,USD,"May 13, 2021","May 13, 2021",2026-04-02
AZUL SECURED FINANCE LLP 144A,Industrial,Fixed Income,"358,925.00",0.09,"358,925.00","400,000.00",05501WAJ1,US05501WAJ18,-,88.25,Brazil,-,USD,3.78,13.21,1.0,"Feb 15, 2031",9.88,3.62,-,13.21,3.62,13.21,USD,"Feb 06, 2026","Feb 06, 2026",2026-04-02
CHILE ELECTRICITY LUX MPC SARL RegS,Agency,Fixed Income,"358,611.78",0.09,"358,611.78","344,000.00",-,USL15669AA91,-,103.08,Chile,-,USD,3.54,5.15,1.0,"Jan 20, 2033",6.01,3.53,-,5.15,3.53,5.15,USD,"Aug 30, 2023","Aug 30, 2023",2026-04-02
COLBUN SA RegS,Utility,Fixed Income,"358,413.00",0.09,"358,413.00","400,000.00",-,USP2867KAL00,-,88.98,Chile,-,USD,5.16,5.39,1.0,"Jan 19, 2032",3.15,5.14,-,5.39,5.14,5.39,USD,"Oct 19, 2021","Oct 19, 2021",2026-04-02
MILLICOM INTERNATIONAL CELLULAR S. RegS,Industrial,Fixed Income,"357,932.90",0.09,"357,932.90","360,000.00",-,USL6388GHV51,BJQ1YF2,99.34,Colombia,-,USD,1.87,6.5,1.0,"Mar 25, 2029",6.25,2.68,-,6.5,2.68,6.5,USD,"Mar 25, 2019","Mar 25, 2019",2026-04-02
METINVEST BV RegS,Industrial,Fixed Income,"355,452.78",0.09,"355,452.78","400,000.00",-,XS2056723468,-,86.0,Ukraine,-,USD,2.98,12.78,1.0,"Oct 17, 2029",7.75,2.85,-,12.78,2.85,12.78,USD,"Oct 17, 2019","Oct 17, 2019",2026-04-02
QTEL INTERNATIONAL FINANCE LTD MTN RegS,Agency,Fixed Income,"355,348.00",0.09,"355,348.00","400,000.00",-,XS0881740384,B9DJHT4,88.09,Qatar,-,USD,11.11,5.6,1.0,"Jan 31, 2043",4.5,11.21,-,5.6,11.21,5.6,USD,"Jan 31, 2013","Jan 31, 2013",2026-04-02
LG CHEM LTD RegS,Industrial,Fixed Income,"354,550.28",0.09,"354,550.28","400,000.00",-,USY52758AF94,-,88.09,Korea (South),-,USD,4.83,4.97,1.0,"Jul 07, 2031",2.38,4.81,-,4.97,4.81,4.97,USD,"Jul 07, 2021","Jul 07, 2021",2026-04-02
INVERSIONES CMPC SA RegS,Industrial,Fixed Income,"353,300.00",0.09,"353,300.00","400,000.00",-,USP58072AT92,-,86.88,Chile,-,USD,4.5,6.07,1.0,"Apr 06, 2031",3.0,4.45,-,6.07,4.45,6.07,USD,"Apr 06, 2021","Apr 06, 2021",2026-04-02
FALABELLA SA RegS,Industrial,Fixed Income,"351,396.50",0.09,"351,396.50","400,000.00",-,USP3984LAA81,-,87.15,Chile,-,USD,5.11,6.04,1.0,"Jan 15, 2032",3.38,5.07,-,6.04,5.07,6.04,USD,"Oct 15, 2021","Oct 15, 2021",2026-04-02
PETROBRAS GLOBAL FINANCE BV,Agency,Fixed Income,"350,228.23",0.09,"350,228.23","375,000.00",71647NAN9,US71647NAN93,BYYG250,91.21,Brazil,-,USD,12.65,7.51,1.0,"Jun 05, 2115",6.85,13.0,-,7.51,13.0,7.51,USD,"Jun 05, 2015","Jun 05, 2015",2026-04-02
GALAXY PIPELINE ASSETS BIDCO LTD RegS,Industrial,Fixed Income,"349,282.39",0.09,"349,282.39","395,922.00",-,XS2300185613,-,88.22,United Arab Emirates,-,USD,3.92,5.29,1.0,"Mar 31, 2034",2.16,3.9,-,5.29,3.9,5.29,USD,"Feb 18, 2021","Feb 18, 2021",2026-04-02
BANCO SANTANDER CHILE MTN RegS,Financial Institutions,Fixed Income,"349,152.71",0.09,"349,152.71","350,000.00",05973P2A3,US05973P2A32,-,98.81,Chile,-,USD,4.09,4.84,1.0,"Nov 20, 2030",4.55,4.09,-,4.84,4.09,4.84,USD,"Jan 15, 2026","Jan 15, 2026",2026-04-02
EIG PEARL HOLDINGS SARL RegS,Industrial,Fixed Income,"346,974.04",0.09,"346,974.04","387,966.00",-,XS2400630005,BMX5H82,89.12,Saudi Arabia,-,USD,5.44,5.61,1.0,"Aug 31, 2036",3.54,5.43,-,5.61,5.43,5.61,USD,"Jan 25, 2022","Jan 25, 2022",2026-04-02
BANCO INTERNACIONAL DEL PERU SAA - RegS,Financial Institutions,Fixed Income,"346,643.50",0.09,"346,643.50","350,000.00",-,USP13435AH85,-,98.04,Peru,-,USD,4.59,5.23,1.0,"Jul 15, 2031",4.8,4.56,-,5.23,4.56,5.23,USD,"Jan 15, 2026","Jan 15, 2026",2026-04-02
AMERICA MOVIL SAB DE CV,Industrial,Fixed Income,"346,269.22",0.09,"346,269.22","400,000.00",02364WBE4,US02364WBE49,B6Z7568,85.67,Mexico,-,USD,10.89,5.74,1.0,"Jul 16, 2042",4.38,10.97,-,5.74,10.97,5.74,USD,"Jul 16, 2012","Jul 16, 2012",2026-04-02
KALLPA GENERACION SA RegS,Utility,Fixed Income,"345,861.26",0.09,"345,861.26","335,000.00",-,USP6040KAC10,-,102.26,Peru,-,USD,4.89,5.42,1.0,"Jan 30, 2032",5.88,4.86,-,5.41,4.74,5.41,USD,"Jan 30, 2025","Jan 30, 2025",2026-04-02
GALAXY PIPELINE ASSETS BID CO LTD RegS,Industrial,Fixed Income,"339,205.52",0.09,"339,205.52","400,000.00",-,XS2249741245,BNC1DS0,84.8,United Arab Emirates,-,USD,5.28,5.68,1.0,"Mar 31, 2036",2.63,5.25,-,5.68,5.25,5.68,USD,"Nov 05, 2020","Nov 05, 2020",2026-04-02
ALIBABA GROUP HOLDING LTD,Industrial,Fixed Income,"335,704.00",0.09,"335,704.00","400,000.00",01609WAV4,US01609WAV46,BFD9PC5,82.6,China,-,USD,12.77,5.6,1.0,"Dec 06, 2047",4.2,13.05,-,5.6,13.05,5.6,USD,"Dec 06, 2017","Dec 06, 2017",2026-04-02
ABU DHABI NATIONAL ENERGY CO RegS,Agency,Fixed Income,"334,453.50",0.09,"334,453.50","300,000.00",-,XS0272949016,B1G94G1,108.72,United Arab Emirates,-,USD,7.55,5.41,1.0,"Oct 27, 2036",6.5,7.54,-,5.41,7.54,5.41,USD,"Oct 27, 2006","Oct 27, 2006",2026-04-02
AMERICA MOVIL SAB DE CV,Industrial,Fixed Income,"334,052.56",0.09,"334,052.56","400,000.00",02364WBG9,US02364WBG96,BK7K1Z4,81.59,Mexico,-,USD,12.8,5.84,1.0,"Apr 22, 2049",4.38,13.08,-,5.84,13.08,5.84,USD,"Apr 22, 2019","Apr 22, 2019",2026-04-02
CELULOSA ARAUCO Y CONSTITUCION SA RegS,Industrial,Fixed Income,"334,018.56",0.09,"334,018.56","400,000.00",-,USP2195VAS45,-,82.63,Chile,-,USD,12.18,6.61,1.0,"Jan 29, 2050",5.15,12.42,-,6.61,12.42,6.61,USD,"Oct 29, 2019","Oct 29, 2019",2026-04-02
MC BRAZIL DOWNSTREAM TRADING SARL RegS,Industrial,Fixed Income,"330,543.11",0.09,"330,543.11","362,467.00",-,USL626A6AA24,BNNTN16,89.38,Brazil,-,USD,3.6,10.34,1.0,"Jun 30, 2031",7.25,3.49,-,10.34,3.49,10.34,USD,"Jul 21, 2021","Jul 21, 2021",2026-04-02
ECOPETROL SA,Agency,Fixed Income,"328,343.75",0.08,"328,343.75","450,000.00",279158AQ2,US279158AQ26,BNM0MV3,70.55,Colombia,-,USD,10.38,8.78,1.0,"Nov 02, 2051",5.88,10.51,-,8.78,10.51,8.78,USD,"Nov 02, 2021","Nov 02, 2021",2026-04-02
ANGLO AMERICAN CAPITAL PLC RegS,Industrial,Fixed Income,"326,538.89",0.08,"326,538.89","400,000.00",-,USG0446NAX24,BN4QGW8,81.45,South Africa,-,USD,13.23,6.2,1.0,"Mar 16, 2052",4.75,13.53,-,6.2,13.53,6.2,USD,"Mar 16, 2022","Mar 16, 2022",2026-04-02
INDUSTRIAS PENOLES SAB DE CV RegS,Industrial,Fixed Income,"325,178.00",0.08,"325,178.00","400,000.00",-,USP55409AC34,-,80.58,Mexico,-,USD,12.73,6.32,1.0,"Aug 06, 2050",4.75,12.99,-,6.32,12.99,6.32,USD,"Aug 06, 2020","Aug 06, 2020",2026-04-02
MINERA MEXICO SA DE CV RegS,Industrial,Fixed Income,"324,960.00",0.08,"324,960.00","400,000.00",-,USP6777MAB83,-,80.44,Mexico,-,USD,12.93,6.06,1.0,"Jan 26, 2050",4.5,13.21,-,6.06,13.21,6.06,USD,"Sep 26, 2019","Sep 26, 2019",2026-04-02
ENERGEAN ISRAEL FINANCE LTD,Industrial,Fixed Income,"324,269.33",0.08,"324,269.33","350,000.00",-,IL0011736811,BKP8KT7,92.65,Israel,-,USD,4.24,7.67,1.0,"Mar 30, 2031",5.88,4.21,-,7.67,4.21,7.67,USD,"Mar 24, 2021","Mar 24, 2021",2026-04-02
INDOFOOD CBP SUKSES MAKMUR TBK PT RegS,Industrial,Fixed Income,"322,328.17",0.08,"322,328.17","400,000.00",-,XS2343321399,BKP5JD5,79.12,Indonesia,-,USD,12.7,6.43,1.0,"Jun 09, 2051",4.75,12.97,-,6.43,12.97,6.43,USD,"Jun 09, 2021","Jun 09, 2021",2026-04-02
TENCENT HOLDINGS LTD MTN RegS,Industrial,Fixed Income,"315,581.33",0.08,"315,581.33","400,000.00",88032XBC7,US88032XBC74,-,77.21,China,-,USD,13.94,5.53,1.0,"Apr 22, 2051",3.84,14.26,-,5.53,14.26,5.53,USD,"Apr 22, 2021","Apr 22, 2021",2026-04-02
GOLAR LNG LTD RegS,Industrial,Fixed Income,"313,648.00",0.08,"313,648.00","300,000.00",-,USG4023LAD31,-,100.84,Cameroon,-,USD,3.16,7.28,1.0,"Oct 02, 2030",7.5,3.64,-,7.22,2.93,7.22,USD,"Oct 02, 2025","Oct 02, 2025",2026-04-02
LAS VEGAS SANDS CORP,Industrial,Fixed Income,"309,866.21",0.08,"309,866.21","300,000.00",517834AJ6,US517834AJ61,-,101.32,United States,-,USD,1.05,4.72,1.0,"Jun 01, 2027",5.9,1.1,-,4.63,1.02,4.63,USD,"May 16, 2024","May 16, 2024",2026-04-02
ABRA GLOBAL FINANCE RegS,Industrial,Fixed Income,"308,063.88",0.08,"308,063.88","320,616.00",-,USG00912AC21,-,94.58,Colombia,-,USD,3.14,7.77,1.0,"Oct 22, 2029",6.0,3.08,-,7.77,3.08,7.77,USD,"Oct 22, 2024","Oct 22, 2024",2026-04-02
TURKCELL ILETISIM HIZMETLERI AS RegS,Industrial,Fixed Income,"306,950.33",0.08,"306,950.33","300,000.00",-,XS1803215869,BF5B529,99.59,Turkey,-,USD,1.76,6.01,1.0,"Apr 11, 2028",5.8,1.84,-,6.01,1.84,6.01,USD,"Apr 11, 2018","Apr 11, 2018",2026-04-02
GALAXY PIPELINE ASSETS BIDCO LTD MTN RegS,Industrial,Fixed Income,"306,484.00",0.08,"306,484.00","400,000.00",-,XS2249741674,BNC1DX5,76.62,United Arab Emirates,-,USD,9.72,5.92,1.0,"Sep 30, 2040",3.25,9.71,-,5.92,9.71,5.92,USD,"Nov 05, 2020","Nov 05, 2020",2026-04-02
PLAYTIKA HOLDING CORP RegS,Industrial,Fixed Income,"304,936.67",0.08,"304,936.67","390,000.00",-,USU7265LAA36,BMG7GP5,78.0,Israel,-,USD,2.73,13.52,1.0,"Mar 15, 2029",4.25,2.6,-,13.52,2.6,13.52,USD,"Mar 11, 2021","Mar 11, 2021",2026-04-02
PETROBRAS GLOBAL FINANCE BV,Agency,Fixed Income,"302,993.98",0.08,"302,993.98","295,000.00",71647NAY5,US71647NAY58,BFD2PX5,101.66,Brazil,-,USD,1.71,5.03,1.0,"Jan 27, 2028",6.0,1.7,-,5.03,1.7,5.03,USD,"Jul 27, 2018","Sep 20, 2018",2026-04-02
JBS NV,Industrial,Fixed Income,"302,111.37",0.08,"302,111.37","300,000.00",472140AF9,US472140AF96,2PGWWX1,99.54,Brazil,-,USD,7.38,5.56,1.0,"Jan 15, 2036",5.5,7.4,-,5.56,7.4,5.56,USD,"Jul 03, 2025","Jan 12, 2026",2026-04-02
TENCENT HOLDINGS LTD MTN RegS,Industrial,Fixed Income,"299,301.04",0.08,"299,301.04","300,000.00",88032XAG9,US88032XAG97,BYVW1J8,99.06,China,-,USD,1.64,4.14,1.0,"Jan 19, 2028",3.6,1.71,-,4.14,1.71,4.14,USD,"Jan 19, 2018","Jan 19, 2018",2026-04-02
PTTEP TREASURY CENTER CO LTD MTN RegS,Agency,Fixed Income,"298,683.80",0.08,"298,683.80","400,000.00",-,USY7150MAE76,BKM9C64,73.44,Thailand,-,USD,15.47,5.68,1.0,"Dec 06, 2059",3.9,15.82,-,5.68,15.82,5.68,USD,"Dec 06, 2019","Dec 06, 2019",2026-04-02
JBS NV,Industrial,Fixed Income,"292,076.53",0.08,"292,076.53","300,000.00",472140AH5,US472140AH52,2PGWWX3,96.84,Brazil,-,USD,12.83,6.49,1.0,"Mar 01, 2056",6.25,13.15,-,6.49,13.15,6.49,USD,"Jul 03, 2025","Jan 12, 2026",2026-04-02
ANGLO AMERICAN CAPITAL PLC RegS,Industrial,Fixed Income,"291,117.78",0.07,"291,117.78","400,000.00",-,USG0446NAT12,BLFF385,72.56,South Africa,-,USD,13.51,6.13,1.0,"Sep 10, 2050",3.95,13.79,-,6.13,13.79,6.13,USD,"Sep 10, 2020","Sep 10, 2020",2026-04-02
PRUDENTIAL FUNDING ASIA PLC,Financial Institutions,Fixed Income,"288,955.96",0.07,"288,955.96","300,000.00",744330AA9,US744330AA93,BPJLBD8,94.87,Hong Kong,-,USD,3.69,4.53,1.0,"Apr 14, 2030",3.13,3.68,-,4.53,3.68,4.53,USD,"Apr 14, 2020","Apr 14, 2020",2026-04-02
VALE OVERSEAS LTD,Industrial,Fixed Income,"288,132.50",0.07,"288,132.50","300,000.00",91911TAQ6,US91911TAQ67,BMVPRC8,95.19,Brazil,-,USD,3.83,5.01,1.0,"Jul 08, 2030",3.75,3.85,-,5.01,3.85,5.01,USD,"Jul 08, 2020","Jul 08, 2020",2026-04-02
TENCENT HOLDINGS LTD MTN RegS,Industrial,Fixed Income,"282,804.00",0.07,"282,804.00","400,000.00",88032XAV6,US88032XAV64,BMX3678,69.65,China,-,USD,14.36,5.53,1.0,"Jun 03, 2050",3.24,14.66,-,5.53,14.66,5.53,USD,"Jun 03, 2020","Jun 03, 2020",2026-04-02
SOUTHERN PERU COPPER CORP,Industrial,Fixed Income,"278,673.75",0.07,"278,673.75","250,000.00",84265VAE5,US84265VAE56,B57GT08,108.39,Mexico,-,USD,8.94,5.86,1.0,"Apr 16, 2040",6.75,8.97,-,5.86,8.97,5.86,USD,"Apr 16, 2010","Apr 16, 2010",2026-04-02
RELIANCE INDUSTRIES LTD RegS,Industrial,Fixed Income,"278,594.00",0.07,"278,594.00","400,000.00",-,USY72570AT43,-,68.84,India,-,USD,15.71,5.83,1.0,"Jan 12, 2062",3.75,16.08,-,5.83,16.08,5.83,USD,"Jan 12, 2022","Jan 12, 2022",2026-04-02
RELIANCE INDUSTRIES LTD RegS,Industrial,Fixed Income,"278,390.35",0.07,"278,390.35","250,000.00",-,USY72570AR86,BMBZ074,108.56,India,-,USD,9.41,5.39,1.0,"Oct 19, 2040",6.25,9.47,-,5.39,9.47,5.39,USD,"Oct 19, 2010","Oct 19, 2010",2026-04-02
AMERICA MOVIL SAB DE CV,Industrial,Fixed Income,"271,571.35",0.07,"271,571.35","250,000.00",02364WAJ4,US02364WAJ45,B069D01,108.11,Mexico,-,USD,6.84,5.22,1.0,"Mar 01, 2035",6.38,6.82,-,5.22,6.82,5.22,USD,"Feb 25, 2005","Feb 25, 2005",2026-04-02
ALIBABA GROUP HOLDING LTD,Industrial,Fixed Income,"270,213.00",0.07,"270,213.00","400,000.00",01609WAZ5,US01609WAZ59,BNNRXN2,67.11,China,-,USD,14.7,5.62,1.0,"Feb 09, 2051",3.15,15.0,-,5.62,15.0,5.62,USD,"Feb 09, 2021","Feb 09, 2021",2026-04-02
ABU DHABI PORTS COMPANY PJSC MTN RegS,Agency,Fixed Income,"269,352.00",0.07,"269,352.00","300,000.00",-,XS2338173680,BMWLCW0,88.78,United Arab Emirates,-,USD,4.64,5.02,1.0,"May 06, 2031",2.5,4.63,-,5.02,4.63,5.02,USD,"May 06, 2021","May 06, 2021",2026-04-02
SUZANO AUSTRIA GMBH,Industrial,Fixed Income,"264,903.12",0.07,"264,903.12","300,000.00",86964WAK8,US86964WAK80,-,87.65,Brazil,-,USD,5.15,5.65,1.0,"Jan 15, 2032",3.13,5.12,-,5.65,5.12,5.65,USD,"Jul 01, 2021","Jul 01, 2021",2026-04-02
GC TREASURY CENTER CO LTD MTN RegS,Industrial,Fixed Income,"264,769.00",0.07,"264,769.00","300,000.00",36830DAB7,US36830DAB73,-,88.16,Thailand,-,USD,4.52,5.76,1.0,"Mar 18, 2031",2.98,4.49,-,5.76,4.49,5.76,USD,"Mar 18, 2021","Mar 18, 2021",2026-04-02
CHINA CITIC BANK INTERNATIONAL LTD MTN RegS,Agency,Fixed Income,"264,034.17",0.07,"264,034.17","250,000.00",-,XS2672283293,-,103.7,Hong Kong,-,USD,2.43,5.15,1.0,"Dec 05, 2033",6.0,2.39,-,4.52,2.42,4.52,USD,"Dec 05, 2023","Dec 05, 2023",2026-04-02
BANK OF EAST ASIA LTD MTN RegS,Financial Institutions,Fixed Income,"263,689.38",0.07,"263,689.38","250,000.00",-,XS2813323685,-,103.73,Hong Kong,-,USD,2.87,6.01,1.0,"Jun 27, 2034",6.75,2.81,-,5.47,2.85,5.47,USD,"Jun 27, 2024","Jun 27, 2024",2026-04-02
TOTAL PLAY TELECOMUNICACIONES SAPI RegS,Industrial,Fixed Income,"262,812.50",0.07,"262,812.50","290,000.00",-,USP9190PAM07,BSNZ8B4,90.63,Mexico,-,USD,3.61,14.08,1.0,"Dec 31, 2032",11.13,3.58,-,14.08,3.58,14.08,USD,"Feb 10, 2025","Feb 10, 2025",2026-04-02
NANYANG COMMERCIAL BANK LTD RegS,Agency,Fixed Income,"259,175.00",0.07,"259,175.00","250,000.00",-,XS2842544491,-,102.77,Hong Kong,-,USD,3.01,5.59,1.0,"Aug 06, 2034",6.0,2.96,-,5.09,2.99,5.09,USD,"Aug 06, 2024","Aug 06, 2024",2026-04-02
SOCIEDAD QUIMICA Y MINERA DE CHILE RegS,Industrial,Fixed Income,"257,357.78",0.07,"257,357.78","400,000.00",-,USP8718AAN65,-,64.14,Chile,-,USD,13.95,6.36,1.0,"Sep 10, 2051",3.5,14.21,-,6.36,14.21,6.36,USD,"Sep 20, 2021","Sep 20, 2021",2026-04-02
CHINA CITIC BANK INTERNATIONAL LTD MTN RegS,Agency,Fixed Income,"256,149.17",0.07,"256,149.17","250,000.00",-,XS2461766805,-,100.35,Hong Kong,-,USD,0.98,5.93,1.0,"Dec 31, 2079",4.8,0.86,-,4.45,1.0,4.45,USD,"Apr 22, 2022","Apr 22, 2022",2026-04-02
PETROBRAS GLOBAL FINANCE BV,Agency,Fixed Income,"255,774.51",0.07,"255,774.51","250,000.00",71647NAK5,US71647NAK54,BKQVML1,102.05,Brazil,-,USD,9.94,7.05,1.0,"Mar 17, 2044",7.25,10.02,-,7.05,10.02,7.05,USD,"Mar 17, 2014","Mar 17, 2014",2026-04-02
PETROBRAS GLOBAL FINANCE BV,Agency,Fixed Income,"254,773.33",0.07,"254,773.33","250,000.00",71647NBH1,US71647NBH17,-,100.56,Brazil,-,USD,4.03,5.46,1.0,"Jan 03, 2031",5.6,4.08,-,5.46,3.89,5.46,USD,"Jun 03, 2020","Jun 03, 2020",2026-04-02
INDUSTRIAL AND COMMERCIAL BANK OF,Agency,Fixed Income,"250,773.86",0.06,"250,773.86","250,000.00",45580KAK4,US45580KAK43,BD9MY72,98.91,China,-,USD,1.53,4.24,1.0,"Nov 08, 2027",3.54,1.52,-,4.24,1.52,4.24,USD,"Nov 08, 2017","Nov 08, 2017",2026-04-02
COCA COLA FEMSA SAB DE CV,Industrial,Fixed Income,"250,362.08",0.06,"250,362.08","300,000.00",191241AJ7,US191241AJ70,BL63TW4,83.31,Mexico,-,USD,5.9,4.91,1.0,"Sep 01, 2032",1.85,5.89,-,4.91,5.89,4.91,USD,"Sep 01, 2020","Sep 01, 2020",2026-04-02
BANK OF COMMUNICATIONS CO LTD (HON RegS,Financial Institutions,Fixed Income,"249,994.50",0.06,"249,994.50","250,000.00",-,XS2357352702,-,99.47,Hong Kong,-,USD,0.27,5.26,1.0,"Jul 08, 2031",2.3,0.24,-,4.24,0.27,4.24,USD,"Jul 08, 2021","Jul 08, 2021",2026-04-02
RELIANCE INDUSTRIES LTD RegS,Industrial,Fixed Income,"249,364.58",0.06,"249,364.58","250,000.00",-,USY72570AN72,BF2TXD3,98.52,India,-,USD,1.58,4.59,1.0,"Nov 30, 2027",3.67,1.58,-,4.59,1.58,4.59,USD,"Nov 30, 2017","Nov 30, 2017",2026-04-02
EIG PEARL HOLDINGS SARL RegS,Industrial,Fixed Income,"236,834.87",0.06,"236,834.87","300,000.00",-,XS2400630187,BMX5H71,78.56,Saudi Arabia,-,USD,11.86,6.31,1.0,"Nov 30, 2046",4.39,12.01,-,6.31,12.01,6.31,USD,"Jan 25, 2022","Jan 25, 2022",2026-04-02
NEXEN INC,Agency,Fixed Income,"235,641.56",0.06,"235,641.56","200,000.00",65334HAG7,US65334HAG74,B1WV0T6,115.4,China,-,USD,7.98,4.61,1.0,"May 15, 2037",6.4,8.0,-,4.61,8.0,4.61,USD,"May 04, 2007","May 04, 2007",2026-04-02
TELEFONICA MOVILES CHILE SA RegS,Industrial,Fixed Income,"231,568.20",0.06,"231,568.20","300,000.00",-,USP90375AV12,BMFRBS4,75.89,Chile,-,USD,4.89,9.1,1.0,"Nov 18, 2031",3.54,4.77,-,9.1,4.77,9.1,USD,"Nov 18, 2021","Nov 18, 2021",2026-04-02
SOUTHERN PERU COPPER,Industrial,Fixed Income,"230,435.00",0.06,"230,435.00","200,000.00",84265VAA3,US84265VAA35,B0W5M84,113.91,Mexico,-,USD,6.81,5.57,1.0,"Jul 27, 2035",7.5,6.78,-,5.57,6.78,5.57,USD,"Jul 27, 2005","Jan 03, 2006",2026-04-02
RELIANCE INDUSTRIES LIMITED RegS,Industrial,Fixed Income,"229,605.21",0.06,"229,605.21","250,000.00",-,USY72570AM99,BVVSZN7,91.17,India,-,USD,11.63,5.64,1.0,"Feb 10, 2045",4.88,11.79,-,5.64,11.79,5.64,USD,"Feb 10, 2015","Feb 10, 2015",2026-04-02
CNPC (HK) OVERSEAS CAPITAL LTD RegS,Agency,Fixed Income,"225,818.44",0.06,"225,818.44","200,000.00",-,USG21895AC44,B50YGW0,110.4,China,-,USD,9.85,4.96,1.0,"Apr 28, 2041",5.95,9.94,-,4.96,9.94,4.96,USD,"Apr 28, 2011","Apr 28, 2011",2026-04-02
VALE OVERSEAS LIMITED,Industrial,Fixed Income,"224,929.08",0.06,"224,929.08","200,000.00",91911TAH6,US91911TAH68,B1HMKF0,110.0,Brazil,-,USD,7.51,5.61,1.0,"Nov 21, 2036",6.88,7.49,-,5.61,7.49,5.61,USD,"Nov 21, 2006","Nov 21, 2006",2026-04-02
COMPANIA CERVECERIAS UNIDAS SA RegS,Industrial,Fixed Income,"224,684.24",0.06,"224,684.24","250,000.00",-,USP3067GAG66,-,89.21,Chile,-,USD,5.13,5.55,1.0,"Jan 19, 2032",3.35,5.11,-,5.55,5.11,5.55,USD,"Jan 19, 2022","Jan 19, 2022",2026-04-02
JBS USA HOLDING LUX SARL,Industrial,Fixed Income,"224,503.32",0.06,"224,503.32","200,000.00",47214BAD0,US47214BAD01,-,109.53,Brazil,-,USD,11.91,6.5,1.0,"Nov 15, 2053",7.25,12.2,-,6.5,12.12,6.5,USD,"Nov 15, 2024","Nov 25, 2024",2026-04-02
JBS USA LUX SA,Industrial,Fixed Income,"224,230.18",0.06,"224,230.18","250,000.00",46590XAP1,US46590XAP15,BLGYSF3,88.57,Brazil,-,USD,5.41,5.2,1.0,"May 15, 2032",3.0,5.39,-,5.2,5.39,5.2,USD,"May 15, 2023","Aug 21, 2023",2026-04-02
BIOCEANICO SOVEREIGN CTF LTD RegS,Agency,Fixed Income,"224,098.49",0.06,"224,098.49","275,639.00",-,USG11176AA54,BK8KJQ0,81.3,Paraguay,-,USD,3.44,5.79,1.0,"Jun 05, 2034",0.0,3.32,-,5.79,3.32,5.79,USD,"May 20, 2019","May 20, 2019",2026-04-02
TEVA PHARMACEUTICAL FINANCE NETHER,Industrial,Fixed Income,"223,427.08",0.06,"223,427.08","200,000.00",88167AAR2,US88167AAR23,-,111.38,Israel,-,USD,4.34,5.67,1.0,"Sep 15, 2031",8.13,4.43,-,5.58,4.26,5.58,USD,"Mar 09, 2023","Mar 09, 2023",2026-04-02
RAIZEN FUELS FINANCE SA RegS,Industrial,Fixed Income,"222,383.33",0.06,"222,383.33","400,000.00",-,USL7909CAE77,-,54.44,Brazil,-,USD,6.01,15.28,1.0,"Jan 17, 2035",5.7,5.71,-,15.28,5.71,15.28,USD,"Sep 17, 2024","Sep 17, 2024",2026-04-02
FWD GROUP HOLDINGS LTD MTN RegS,Financial Institutions,Fixed Income,"221,384.67",0.06,"221,384.67","200,000.00",-,XS2850435731,-,108.83,Hong Kong,-,USD,4.31,5.67,1.0,"Jul 02, 2031",7.63,4.27,-,5.67,4.27,5.67,USD,"Jul 02, 2024","Jul 02, 2024",2026-04-02
TRIDENT ENERGY FINANCE PLC RegS,Industrial,Fixed Income,"220,901.33",0.06,"220,901.33","200,000.00",-,XS2818827169,-,106.28,Brazil,-,USD,1.13,10.38,1.0,"Nov 30, 2029",12.5,2.81,-,9.22,1.82,9.22,USD,"May 20, 2024","May 20, 2024",2026-04-02
VEDANTA RESOURCES FINANCE II PLC RegS,Industrial,Fixed Income,"220,124.50",0.06,"220,124.50","200,000.00",-,USG9T27HAJ33,-,106.41,India,-,USD,2.86,9.75,1.0,"Dec 03, 2031",11.25,4.05,-,9.15,2.9,9.15,USD,"Dec 03, 2024","Dec 03, 2024",2026-04-02
CNOOC FINANCE 2011 LTD RegS,Agency,Fixed Income,"218,416.44",0.06,"218,416.44","200,000.00",-,USG2353WAB75,B4XYT21,108.19,China,-,USD,9.94,4.96,1.0,"Jan 26, 2041",5.75,10.03,-,4.96,10.03,4.96,USD,"Jan 26, 2011","Jan 26, 2011",2026-04-02
ACU PETROLEO LUXEMBOURG SARL RegS,Industrial,Fixed Income,"217,456.26",0.06,"217,456.26","210,909.00",-,USL0R80QAA10,BP6HHS6,101.5,Brazil,-,USD,3.08,7.17,1.0,"Jul 13, 2035",7.5,4.53,-,6.99,2.93,6.99,USD,"Jan 13, 2022","Jan 13, 2022",2026-04-02
FOMENTO ECONOMICO MEXICANO SAB DE,Industrial,Fixed Income,"217,417.33",0.06,"217,417.33","300,000.00",344419AC0,US344419AC03,BKKBHZ6,71.75,Mexico,-,USD,13.97,5.68,1.0,"Jan 16, 2050",3.5,14.26,-,5.68,14.26,5.68,USD,"Jan 16, 2020","Jan 16, 2020",2026-04-02
BIMBO BAKERIES USA INC RegS,Industrial,Fixed Income,"216,566.22",0.06,"216,566.22","200,000.00",-,USU0901RAC17,-,106.93,Mexico,-,USD,6.03,5.3,1.0,"Jan 15, 2034",6.4,6.08,-,5.27,5.92,5.27,USD,"Nov 02, 2023","Nov 02, 2023",2026-04-02
SURA ASSET MANAGEMENT SA RegS,Financial Institutions,Fixed Income,"214,875.06",0.06,"214,875.06","200,000.00",-,USP8803LAB47,-,105.02,Colombia,-,USD,4.91,5.37,1.0,"May 13, 2032",6.35,4.94,-,5.35,4.83,5.35,USD,"May 13, 2025","May 13, 2025",2026-04-02
NEXA RESOURCES SA RegS,Industrial,Fixed Income,"214,662.50",0.06,"214,662.50","200,000.00",-,USL67359AB21,-,104.13,Brazil,-,USD,5.97,6.09,1.0,"Apr 09, 2034",6.75,5.99,-,6.08,5.85,6.08,USD,"Apr 09, 2024","Apr 09, 2024",2026-04-02
AES ANDES SA RegS,Utility,Fixed Income,"214,675.83",0.06,"214,675.83","200,000.00",-,USP0091LAC02,-,104.83,Chile,-,USD,3.32,7.46,1.0,"Jun 10, 2055",8.15,3.36,-,6.73,3.27,6.73,USD,"Jun 10, 2024","Jun 10, 2024",2026-04-02
NEWCO HOLDING USD 20 SARL RegS,Industrial,Fixed Income,"214,677.92",0.06,"214,677.92","200,000.00",-,USL67356AA09,-,103.61,Brazil,-,USD,1.79,7.93,1.0,"Nov 07, 2029",9.38,2.41,-,7.58,1.93,7.58,USD,"Nov 07, 2024","Nov 07, 2024",2026-04-02
STANDARD CHARTERED PLC RegS,Financial Institutions,Fixed Income,"214,185.42",0.06,"214,185.42","200,000.00",-,USG84228FZ63,-,106.08,Hong Kong,-,USD,2.54,4.99,1.0,"Feb 08, 2030",7.02,2.55,-,4.71,2.56,4.71,USD,"Nov 08, 2023","Nov 08, 2023",2026-04-02
TURKIYE IS BANKASI AS RegS,Financial Institutions,Fixed Income,"213,892.24",0.06,"213,892.24","200,000.00",-,XS1623796072,BDDX846,104.71,Turkey,-,USD,0.31,6.7,1.0,"Jun 29, 2028",9.19,0.22,-,6.7,0.22,6.7,USD,"Jun 29, 2017","Jun 29, 2017",2026-04-02
BBVA MEXICO SA INSTITUCION DE BANC MTN RegS,Financial Institutions,Fixed Income,"213,811.39",0.06,"213,811.39","200,000.00",-,USP1S81BAB48,-,105.06,Mexico,-,USD,5.74,7.5,1.0,"Jan 08, 2039",8.13,5.68,-,7.26,5.66,7.26,USD,"Jan 08, 2024","Jan 08, 2024",2026-04-02
CHINA OVERSEAS FINANCE (CAYMAN)III RegS,Agency,Fixed Income,"213,781.92",0.06,"213,781.92","200,000.00",-,XS0985567881,BFZCJ53,104.22,China,-,USD,10.27,5.98,1.0,"Oct 29, 2043",6.38,10.38,-,5.98,10.38,5.98,USD,"Oct 29, 2013","Oct 29, 2013",2026-04-02
MINERVA LUXEMBOURG SA RegS,Industrial,Fixed Income,"213,740.19",0.06,"213,740.19","200,000.00",-,USL6401PAM51,-,106.45,Brazil,-,USD,3.74,7.72,1.0,"Sep 13, 2033",8.88,5.44,-,7.41,4.3,7.41,USD,"Sep 13, 2023","Sep 13, 2023",2026-04-02
SUZANO AUSTRIA GMBH RegS,Industrial,Fixed Income,"213,674.44",0.06,"213,674.44","200,000.00",-,USA8372TAC20,BD096R6,106.57,Brazil,-,USD,10.96,6.43,1.0,"Mar 16, 2047",7.0,11.2,-,6.42,11.08,6.42,USD,"Mar 16, 2017","Mar 16, 2017",2026-04-02
ENGIE ENERGIA CHILE SA RegS,Utility,Fixed Income,"213,372.92",0.05,"213,372.92","200,000.00",-,USP3762TAE12,-,103.8,Chile,-,USD,6.07,5.78,1.0,"Apr 17, 2034",6.38,6.1,-,5.76,5.95,5.76,USD,"Apr 17, 2024","Apr 17, 2024",2026-04-02
VEDANTA RESOURCES FINANCE II PLC RegS,Industrial,Fixed Income,"213,306.67",0.05,"213,306.67","200,000.00",-,USG9T27HAK06,-,102.39,India,-,USD,3.72,9.38,1.0,"Apr 24, 2033",9.85,4.84,-,9.1,3.01,9.1,USD,"Jan 24, 2025","Jan 24, 2025",2026-04-02
YINSON BORONIA PRODUCTION BV RegS,Industrial,Fixed Income,"212,974.89",0.05,"212,974.89","194,292.00",-,USN9733XAA56,-,108.13,Brazil,-,USD,6.59,7.75,1.0,"Jul 31, 2042",8.95,6.57,-,7.75,6.57,7.75,USD,"Jun 04, 2024","Jun 04, 2024",2026-04-02
STANDARD CHARTERED PLC RegS,Financial Institutions,Fixed Income,"212,794.40",0.05,"212,794.40","200,000.00",-,XS2979655904,-,105.2,Hong Kong,-,USD,6.53,5.45,1.0,"Jan 21, 2036",6.23,6.71,-,5.45,6.71,5.45,USD,"Jan 21, 2025","Jan 21, 2025",2026-04-02
JBS NV,Industrial,Fixed Income,"211,967.96",0.05,"211,967.96","200,000.00",472140AB8,US472140AB82,2PGWWW9,103.32,Brazil,-,USD,6.77,5.48,1.0,"Apr 20, 2035",5.95,6.8,-,5.47,6.65,5.47,USD,"Oct 20, 2025","Jan 12, 2026",2026-04-02
SHINHAN BANK MTN RegS,Financial Institutions,Fixed Income,"211,978.83",0.05,"211,978.83","200,000.00",-,USY7770HAB43,-,103.35,Korea (South),-,USD,6.28,5.23,1.0,"Apr 15, 2034",5.75,6.25,-,5.23,6.25,5.23,USD,"Apr 15, 2024","Apr 15, 2024",2026-04-02
MTR CORP LTD RegS,Agency,Fixed Income,"211,781.92",0.05,"211,781.92","200,000.00",-,HK0001127510,-,103.47,Hong Kong,-,USD,7.03,4.4,1.0,"Apr 01, 2035",4.88,7.1,-,4.4,6.94,4.4,USD,"Apr 01, 2025","Apr 01, 2025",2026-04-02
CK HUTCHISON INTERNATIONAL (24) LT RegS,Industrial,Fixed Income,"211,717.56",0.05,"211,717.56","200,000.00",-,USG2176UAB64,-,103.51,Hong Kong,-,USD,6.29,4.97,1.0,"Apr 26, 2034",5.5,6.35,-,4.95,6.19,4.95,USD,"Apr 26, 2024","Apr 26, 2024",2026-04-02
BANCO MERCANTIL DEL NORTE SA (CAYM RegS,Financial Institutions,Fixed Income,"211,558.11",0.05,"211,558.11","200,000.00",-,USP1400MAC21,BN4CF30,104.01,Mexico,-,USD,3.7,10.41,1.0,"Dec 31, 2079",8.38,3.48,-,7.39,3.64,7.39,USD,"Jul 14, 2020","Jul 14, 2020",2026-04-02
HYUNDAI CARD CO LTD RegS,Financial Institutions,Fixed Income,"211,107.33",0.05,"211,107.33","200,000.00",-,XS2798085416,-,103.06,Korea (South),-,USD,2.74,4.67,1.0,"Apr 24, 2029",5.75,2.73,-,4.67,2.73,4.67,USD,"Apr 24, 2024","Apr 24, 2024",2026-04-02
POWER FINANCE CORPORATION LTD MTN RegS,Agency,Fixed Income,"210,963.00",0.05,"210,963.00","200,000.00",73928RAA4,US73928RAA41,BGDMJD0,103.53,India,-,USD,2.43,4.73,1.0,"Dec 06, 2028",6.15,2.42,-,4.73,2.42,4.73,USD,"Dec 06, 2018","Dec 06, 2018",2026-04-02
YINSON BERGENIA PRODUCTION BV RegS,Industrial,Fixed Income,"210,840.69",0.05,"210,840.69","197,340.00",-,USN97336AA49,-,105.43,Malaysia,-,USD,6.02,7.61,1.0,"Jan 31, 2045",8.5,6.03,-,7.61,6.03,7.61,USD,"Jul 07, 2025","Jul 07, 2025",2026-04-02
CLP POWER HK FINANCE LTD RegS,Utility,Fixed Income,"210,753.61",0.05,"210,753.61","200,000.00",-,XS2964354570,BN45XR9,103.0,Hong Kong,-,USD,3.55,5.2,1.0,"Dec 31, 2079",5.45,3.47,-,4.63,0.55,4.63,USD,"Jan 23, 2025","Jan 23, 2025",2026-04-02
TONGYANG LIFE INSURANCE RegS,Financial Institutions,Fixed Income,"210,725.28",0.05,"210,725.28","200,000.00",-,XS3045733840,-,102.88,Korea (South),-,USD,3.53,5.87,1.0,"May 07, 2035",6.25,3.48,-,5.46,3.51,5.46,USD,"May 07, 2025","May 07, 2025",2026-04-02
BANCO MERCANTIL DEL NORTE (NC10.5) RegS,Financial Institutions,Fixed Income,"210,393.06",0.05,"210,393.06","200,000.00",-,USP1400MAE86,-,104.2,Mexico,-,USD,5.97,8.41,1.0,"Dec 31, 2079",8.75,6.29,-,8.18,6.14,8.18,USD,"Nov 20, 2024","Nov 20, 2024",2026-04-02
CHINA CINDA (2020) I MANAGEMENT LT MTN RegS,Agency,Fixed Income,"210,405.22",0.05,"210,405.22","200,000.00",-,XS2823828061,-,103.25,China,-,USD,2.69,4.63,1.0,"May 28, 2029",5.75,2.82,-,4.54,2.62,4.54,USD,"May 28, 2024","May 28, 2024",2026-04-02
MERSIN ULUSLARARASI LIMAN ISLETMEC RegS,Agency,Fixed Income,"210,375.00",0.05,"210,375.00","200,000.00",-,XS2696793012,-,102.09,Turkey,-,USD,1.45,7.35,1.0,"Nov 15, 2028",8.25,2.26,-,6.86,1.46,6.86,USD,"Nov 15, 2023","Nov 15, 2023",2026-04-02
ST MARYS CEMENT INC RegS,Industrial,Fixed Income,"210,344.06",0.05,"210,344.06","200,000.00",-,USC86068AC47,-,102.31,Brazil,-,USD,6.17,5.39,1.0,"Apr 02, 2034",5.75,6.2,-,5.38,6.04,5.38,USD,"Apr 02, 2024","Apr 02, 2024",2026-04-02
ALFA SAB DE CV RegS,Industrial,Fixed Income,"210,080.97",0.05,"210,080.97","200,000.00",-,USP0156PAC34,BKXN7W6,104.94,Mexico,-,USD,10.26,6.41,1.0,"Mar 25, 2044",6.88,10.43,-,6.4,10.27,6.4,USD,"Mar 25, 2014","Mar 25, 2014",2026-04-02
CK HUTCHISON INTERNATIONAL (24) LT RegS,Industrial,Fixed Income,"209,932.61",0.05,"209,932.61","200,000.00",-,USG2176UAA81,-,102.67,Hong Kong,-,USD,2.72,4.44,1.0,"Apr 26, 2029",5.38,2.75,-,4.42,2.68,4.42,USD,"Apr 26, 2024","Apr 26, 2024",2026-04-02
AIA GROUP LTD MTN RegS,Financial Institutions,Fixed Income,"209,890.00",0.05,"209,890.00","200,000.00",00131MAP8,US00131MAP86,-,102.53,Hong Kong,-,USD,5.68,4.53,1.0,"Apr 04, 2033",4.95,5.75,-,4.51,5.58,4.51,USD,"Apr 04, 2023","Apr 04, 2023",2026-04-02
DELHI INTERNATIONAL AIRPORT LTD RegS,Industrial,Fixed Income,"209,656.67",0.05,"209,656.67","200,000.00",-,USY2R40TAB40,BK1VCM7,102.75,India,-,USD,2.82,5.49,1.0,"Jun 04, 2029",6.45,2.79,-,5.49,2.79,5.49,USD,"Jun 04, 2019","Jun 04, 2019",2026-04-02
JOY TREASURE ASSETS HOLDINGS INC MTN RegS,Agency,Fixed Income,"209,643.67",0.05,"209,643.67","200,000.00",-,XS2826701604,-,103.0,China,-,USD,2.71,4.72,1.0,"Jun 06, 2029",5.75,2.84,-,4.64,2.64,4.64,USD,"Jun 06, 2024","Jun 06, 2024",2026-04-02
ALIBABA GROUP HOLDING LTD,Industrial,Fixed Income,"209,535.83",0.05,"209,535.83","200,000.00",01609WBP6,US01609WBP68,-,102.94,China,-,USD,7.06,4.85,1.0,"May 26, 2035",5.25,7.11,-,4.84,6.96,4.84,USD,"May 26, 2025","Oct 02, 2025",2026-04-02
EL PUERTO DE LIVERPOOL SAB DE CV RegS,Industrial,Fixed Income,"209,463.00",0.05,"209,463.00","200,000.00",-,USP3691NBL30,-,103.55,Mexico,-,USD,4.77,5.53,1.0,"Jan 22, 2032",6.25,4.79,-,5.51,4.68,5.51,USD,"Jan 22, 2025","Jan 22, 2025",2026-04-02
BUFFALO ENERGY MEXICO HOLDINGS SA RegS,Utility,Fixed Income,"209,411.33",0.05,"209,411.33","198,268.00",-,USP1915AAA09,-,104.64,Mexico,-,USD,6.14,7.13,1.0,"Feb 15, 2039",7.88,6.1,-,7.13,6.09,7.13,USD,"Jan 22, 2024","Jan 22, 2024",2026-04-02
BANCO DE CRDITO E INVERSIONES MTN RegS,Financial Institutions,Fixed Income,"209,361.67",0.05,"209,361.67","200,000.00",-,USP32133CH47,-,104.29,Chile,-,USD,4.82,5.04,1.0,"Dec 31, 2079",7.5,6.23,-,5.04,6.35,5.04,USD,"Sep 12, 2024","Sep 12, 2024",2026-04-02
BANCO DO BRASIL SA (CAYMAN ISLANDS MTN RegS,Agency,Fixed Income,"209,265.00",0.05,"209,265.00","200,000.00",-,USP2000TAB19,-,101.82,Brazil,-,USD,3.48,5.74,1.0,"Apr 18, 2030",6.25,3.45,-,5.74,3.45,5.74,USD,"Apr 18, 2023","Apr 18, 2023",2026-04-02
BANCO BRADESCO SA (CAYMAN ISLANDS MTN RegS,Financial Institutions,Fixed Income,"209,275.67",0.05,"209,275.67","200,000.00",05947LBB3,US05947LBB36,-,103.39,Brazil,-,USD,3.34,5.5,1.0,"Jan 22, 2030",6.5,3.31,-,5.5,3.31,5.5,USD,"Jan 22, 2025","Jan 22, 2025",2026-04-02
BIMBO BAKERIES USA INC RegS,Industrial,Fixed Income,"209,215.32",0.05,"209,215.32","200,000.00",-,USU0901RAB34,-,103.33,Mexico,-,USD,2.49,4.76,1.0,"Jan 15, 2029",6.05,2.52,-,4.73,2.45,4.73,USD,"Nov 02, 2023","Nov 02, 2023",2026-04-02
AIA GROUP LTD MTN RegS,Financial Institutions,Fixed Income,"209,225.69",0.05,"209,225.69","200,000.00",00131MAQ6,US00131MAQ69,-,102.0,Hong Kong,-,USD,6.26,5.07,1.0,"Apr 05, 2034",5.38,6.31,-,5.06,6.15,5.06,USD,"Apr 05, 2024","Apr 05, 2024",2026-04-02
BANK LEUMI LE ISRAEL BM,Financial Institutions,Fixed Income,"208,895.60",0.05,"208,895.60","200,000.00",-,IL0060406795,-,103.02,Israel,-,USD,2.1,6.76,1.0,"Jul 18, 2033",7.13,2.03,-,5.7,2.08,5.7,USD,"Jan 18, 2023","Jan 18, 2023",2026-04-02
TURKIYE IS BANKASI AS MTN RegS,Financial Institutions,Fixed Income,"208,912.00",0.05,"208,912.00","200,000.00",-,XS2654059752,-,102.13,Turkey,-,USD,2.78,6.99,1.0,"Jun 12, 2029",7.75,2.74,-,6.99,2.74,6.99,USD,"Jun 12, 2024","Jun 12, 2024",2026-04-02
AIA GROUP LTD MTN RegS,Financial Institutions,Fixed Income,"208,775.75",0.05,"208,775.75","200,000.00",00131MAN3,US00131MAN39,-,101.97,Hong Kong,-,USD,1.4,4.31,1.0,"Oct 25, 2027",5.63,1.46,-,4.25,1.38,4.25,USD,"Oct 25, 2022","Oct 25, 2022",2026-04-02
WOORI BANK MTN RegS,Financial Institutions,Fixed Income,"208,650.00",0.05,"208,650.00","200,000.00",-,USY9700WAB29,-,103.16,Korea (South),-,USD,2.86,6.03,1.0,"Dec 31, 2079",6.38,2.82,-,5.32,2.94,5.32,USD,"Jul 24, 2024","Jul 24, 2024",2026-04-02
VEDANTA RESOURCES FINANCE II PLC RegS,Industrial,Fixed Income,"208,614.58",0.05,"208,614.58","200,000.00",-,USG9T27HAN45,-,100.13,India,-,USD,3.8,9.1,1.0,"Oct 15, 2032",9.13,4.65,-,9.08,2.85,9.08,USD,"Oct 15, 2025","Oct 15, 2025",2026-04-02
QNB FINANSBANK AS MTN RegS,Agency,Fixed Income,"208,557.83",0.05,"208,557.83","200,000.00",-,XS2798098310,-,101.68,Turkey,-,USD,2.74,6.64,1.0,"May 21, 2029",7.25,2.71,-,6.64,2.71,6.64,USD,"May 21, 2024","May 21, 2024",2026-04-02
LD CELULOSE INTERNATIONAL GMBH RegS,Industrial,Fixed Income,"208,421.67",0.05,"208,421.67","200,000.00",-,USA4S42PAA32,-,102.8,Brazil,-,USD,3.49,7.35,1.0,"Jan 26, 2032",7.95,4.56,-,7.25,3.92,7.25,USD,"Oct 03, 2024","Oct 03, 2024",2026-04-02
GOLD FIELDS OROGEN HOLDINGS (BVI) RegS,Industrial,Fixed Income,"208,343.75",0.05,"208,343.75","200,000.00",-,XS1993965950,BJDQNP3,101.88,South Africa,-,USD,2.65,5.46,1.0,"May 15, 2029",6.13,2.76,-,5.41,2.55,5.41,USD,"May 15, 2019","May 15, 2019",2026-04-02
BANCO MERCANTIL DEL NORTE (NC6.5) RegS,Financial Institutions,Fixed Income,"208,261.11",0.05,"208,261.11","200,000.00",-,USP1400MAD04,-,103.2,Mexico,-,USD,3.88,7.94,1.0,"Dec 31, 2079",8.38,3.98,-,7.69,4.05,7.69,USD,"Nov 20, 2024","Nov 20, 2024",2026-04-02
ALIBABA GROUP HOLDING LTD,Industrial,Fixed Income,"208,101.42",0.05,"208,101.42","200,000.00",01609WBM3,US01609WBM38,-,102.36,China,-,USD,3.65,4.25,1.0,"May 26, 2030",4.88,3.68,-,4.24,3.61,4.24,USD,"May 26, 2025","Oct 02, 2025",2026-04-02
STANDARD CHARTERED PLC RegS,Financial Institutions,Fixed Income,"208,040.50",0.05,"208,040.50","200,000.00",-,USG84228GE26,-,103.54,Hong Kong,-,USD,3.36,7.33,1.0,"Dec 31, 2079",7.88,3.6,-,6.83,3.34,6.83,USD,"Mar 08, 2024","Mar 08, 2024",2026-04-02
CENCOSUD SA RegS,Industrial,Fixed Income,"208,055.83",0.05,"208,055.83","200,000.00",-,USP2205JAT71,-,102.0,Chile,-,USD,4.3,5.5,1.0,"May 28, 2031",5.95,4.32,-,5.49,4.2,5.49,USD,"May 28, 2024","May 28, 2024",2026-04-02
BANCO SANTANDER MEXICO SA INSTITUC RegS,Financial Institutions,Fixed Income,"207,986.28",0.05,"207,986.28","200,000.00",-,USP1507SAL18,-,102.26,Mexico,-,USD,3.24,4.94,1.0,"Dec 10, 2029",5.62,3.25,-,4.93,3.18,4.93,USD,"Dec 10, 2024","Dec 10, 2024",2026-04-02
BBVA MEXICO SA INSTITUCION DE BANC MTN RegS,Financial Institutions,Fixed Income,"207,911.69",0.05,"207,911.69","200,000.00",-,USP2000GAA15,-,102.92,Mexico,-,USD,3.33,7.01,1.0,"Feb 11, 2035",7.63,3.25,-,6.75,3.28,6.75,USD,"Feb 11, 2025","Feb 11, 2025",2026-04-02
ELECT GLOBAL INVESTMENTS LTD RegS,Financial Institutions,Fixed Income,"207,880.00",0.05,"207,880.00","200,000.00",-,XS3012400746,-,103.56,Hong Kong,-,USD,3.81,7.42,1.0,"Dec 31, 2079",7.2,3.64,-,6.27,3.76,6.27,USD,"Mar 11, 2025","Mar 11, 2025",2026-04-02
YAPI VE KREDI BANKASI AS MTN RegS,Financial Institutions,Fixed Income,"207,887.17",0.05,"207,887.17","200,000.00",-,XS2896892655,-,100.58,Turkey,-,USD,3.02,6.94,1.0,"Oct 10, 2029",7.13,2.98,-,6.94,2.98,6.94,USD,"Sep 10, 2024","Sep 10, 2024",2026-04-02
ADIB SUKUK COMPANY II LTD RegS,Financial Institutions,Fixed Income,"207,773.25",0.05,"207,773.25","200,000.00",-,XS2713768807,-,101.75,United Arab Emirates,-,USD,2.38,4.97,1.0,"Nov 15, 2028",5.7,2.37,-,4.97,2.37,4.97,USD,"Nov 15, 2023","Nov 15, 2023",2026-04-02
PETROBRAS GLOBAL FINANCE BV,Agency,Fixed Income,"207,691.67",0.05,"207,691.67","200,000.00",71647NBK4,US71647NBK46,-,102.28,Brazil,-,USD,5.64,6.11,1.0,"Jul 03, 2033",6.5,5.66,-,6.1,5.5,6.1,USD,"Jul 03, 2023","Jul 03, 2023",2026-04-02
STANDARD CHARTERED PLC RegS,Financial Institutions,Fixed Income,"207,570.72",0.05,"207,570.72","200,000.00",-,USG84228GP72,-,102.22,Hong Kong,-,USD,4.5,7.03,1.0,"Dec 31, 2079",7.63,4.86,-,7.03,4.57,7.03,USD,"Jan 16, 2025","Jan 16, 2025",2026-04-02
EMIRATES NBD BANK PJSC MTN RegS,Agency,Fixed Income,"207,468.75",0.05,"207,468.75","200,000.00",-,XS2546930061,-,101.25,United Arab Emirates,-,USD,1.45,4.78,1.0,"Oct 21, 2027",5.63,1.44,-,4.78,1.44,4.78,USD,"Oct 21, 2022","Oct 21, 2022",2026-04-02
TURK TELEKOMUNIKASYON AS RegS,Agency,Fixed Income,"207,238.11",0.05,"207,238.11","200,000.00",-,XS2820499619,-,100.96,Turkey,-,USD,2.63,7.03,1.0,"May 20, 2029",7.38,2.69,-,7.0,2.5,7.0,USD,"May 20, 2024","May 20, 2024",2026-04-02
TURKIYE GARANTI BANKASI AS RegS,Financial Institutions,Fixed Income,"207,181.90",0.05,"207,181.90","200,000.00",-,XS1617531063,BNKJ698,101.08,Turkey,-,USD,1.01,6.15,1.0,"May 24, 2027",7.18,0.14,-,-5.0,0.09,-5.0,USD,"May 23, 2017","May 23, 2017",2026-04-02
SHRIRAM FINANCE LTD MTN RegS,Financial Institutions,Fixed Income,"207,021.50",0.05,"207,021.50","200,000.00",-,USY775M1CJ07,-,100.49,India,-,USD,1.74,5.89,1.0,"Apr 03, 2028",6.15,1.81,-,5.88,1.66,5.88,USD,"Sep 30, 2024","Sep 30, 2024",2026-04-02
LG ENERGY SOLUTION LTD RegS,Industrial,Fixed Income,"206,981.28",0.05,"206,981.28","200,000.00",-,USY5S5CGAP79,-,100.83,Korea (South),-,USD,3.5,5.14,1.0,"Apr 02, 2030",5.38,3.48,-,5.14,3.48,5.14,USD,"Apr 02, 2025","Apr 02, 2025",2026-04-02
KOREA GAS CORPORATION MTN RegS,Agency,Fixed Income,"206,997.78",0.05,"206,997.78","200,000.00",50066CAV1,US50066CAV19,-,102.36,Korea (South),-,USD,2.97,4.22,1.0,"Jul 08, 2029",5.0,2.97,-,4.22,2.97,4.22,USD,"Jul 08, 2024","Jul 08, 2024",2026-04-02
AKBANK TAS RegS,Financial Institutions,Fixed Income,"206,699.89",0.05,"206,699.89","200,000.00",-,XS2842188687,-,101.89,Turkey,-,USD,3.28,6.92,1.0,"Jan 20, 2030",7.5,3.23,-,6.92,3.23,6.92,USD,"Jun 20, 2024","Jun 20, 2024",2026-04-02
LENOVO GROUP LTD RegS,Industrial,Fixed Income,"206,700.85",0.05,"206,700.85","200,000.00",-,USY5257YAL12,-,102.33,China,-,USD,1.65,4.48,1.0,"Jan 27, 2028",5.83,1.7,-,4.42,1.63,4.42,USD,"Jul 27, 2022","Jul 27, 2022",2026-04-02
FORD OTOMOTIV SANAYI AS RegS,Industrial,Fixed Income,"206,635.42",0.05,"206,635.42","200,000.00",-,XS2782775345,-,100.25,Turkey,-,USD,2.58,7.03,1.0,"Apr 25, 2029",7.13,2.64,-,7.03,2.44,7.03,USD,"Apr 25, 2024","Apr 25, 2024",2026-04-02
BANCO VOTORANTIM SA (LUXEMBOURG B MTN RegS,Financial Institutions,Fixed Income,"206,613.89",0.05,"206,613.89","200,000.00",-,XS3046422542,-,100.5,Brazil,-,USD,1.86,5.61,1.0,"Apr 08, 2028",5.88,1.83,-,5.61,1.83,5.61,USD,"Apr 08, 2025","Apr 08, 2025",2026-04-02
KLABIN AUSTRIA GMBH RegS,Industrial,Fixed Income,"206,518.17",0.05,"206,518.17","200,000.00",-,USA35155AA77,BHQ4FV0,100.43,Brazil,-,USD,2.57,5.59,1.0,"Apr 03, 2029",5.75,2.65,-,5.58,2.45,5.58,USD,"Apr 03, 2019","Apr 03, 2019",2026-04-02
ARCOS DORADOS BV RegS,Industrial,Fixed Income,"206,520.42",0.05,"206,520.42","200,000.00",-,USP04568AC88,-,102.18,Brazil,-,USD,4.77,5.93,1.0,"Jan 29, 2032",6.38,4.78,-,5.92,4.66,5.92,USD,"Jan 29, 2025","Jan 29, 2025",2026-04-02
ELDORADO INTL FINANCE GMBH RegS,Industrial,Fixed Income,"206,437.44",0.05,"206,437.44","200,000.00",-,USA18007AC71,-,100.41,Brazil,-,USD,4.62,8.41,1.0,"Dec 01, 2032",8.5,4.88,-,8.4,4.31,8.4,USD,"Dec 01, 2025","Dec 01, 2025",2026-04-02
MTR CORP LTD RegS,Agency,Fixed Income,"206,428.69",0.05,"206,428.69","200,000.00",-,HK0001121083,-,101.04,Hong Kong,-,USD,3.54,4.09,1.0,"Apr 01, 2030",4.38,3.57,-,4.09,3.49,4.09,USD,"Apr 01, 2025","Apr 01, 2025",2026-04-02
ITAU UNIBANCO HOLDING SA (CAYMAN I MTN RegS,Financial Institutions,Fixed Income,"206,316.00",0.05,"206,316.00","200,000.00",46556W2E9,US46556W2E95,-,102.61,Brazil,-,USD,3.43,5.25,1.0,"Feb 27, 2030",6.0,3.44,-,5.24,3.37,5.24,USD,"Feb 27, 2025","Feb 27, 2025",2026-04-02
ITTIHAD INTERNATIONAL II LTD RegS,Financial Institutions,Fixed Income,"206,333.19",0.05,"206,333.19","200,000.00",-,XS3225872525,-,100.36,United Arab Emirates,-,USD,3.35,7.28,1.0,"Nov 13, 2030",7.38,3.76,-,7.26,3.05,7.26,USD,"Nov 13, 2025","Nov 13, 2025",2026-04-02
YAPI VE KREDI BANKASI AS MTN RegS,Financial Institutions,Fixed Income,"206,298.99",0.05,"206,298.99","200,000.00",-,XS2796491681,-,100.82,Turkey,-,USD,2.47,9.42,1.0,"Dec 31, 2079",9.74,2.51,-,9.42,2.51,9.42,USD,"Apr 04, 2024","Apr 04, 2024",2026-04-02
SITIOS LATINOAMERICA SAB DE CV RegS,Industrial,Fixed Income,"206,300.01",0.05,"206,300.01","200,000.00",-,USP87026AA16,-,101.07,Mexico,-,USD,3.18,5.67,1.0,"Nov 25, 2029",6.0,3.18,-,5.66,3.11,5.66,USD,"Nov 25, 2024","Nov 25, 2024",2026-04-02
STATE BANK OF INDIA (LONDON BRANCH MTN RegS,Agency,Fixed Income,"206,257.03",0.05,"206,257.03","200,000.00",-,XS2945642093,-,101.35,India,-,USD,3.26,4.72,1.0,"Nov 25, 2029",5.13,3.25,-,4.72,3.25,4.72,USD,"Nov 25, 2024","Nov 25, 2024",2026-04-02
FORTUNE STAR BVI LTD RegS,Industrial,Fixed Income,"206,183.61",0.05,"206,183.61","200,000.00",-,XS2922957746,-,100.0,China,-,USD,1.9,8.49,1.0,"May 19, 2028",8.5,1.86,-,8.49,1.86,8.49,USD,"Nov 19, 2024","Nov 19, 2024",2026-04-02
USIMINAS INTERNATIONAL SARL RegS,Industrial,Fixed Income,"206,127.00",0.05,"206,127.00","200,000.00",-,USL95806AB88,-,101.75,Brazil,-,USD,4.68,7.12,1.0,"Jan 27, 2032",7.5,4.61,-,7.12,4.61,7.12,USD,"Jan 27, 2025","Jan 27, 2025",2026-04-02
TURKCELL ILETISIM HIZMETLERI AS RegS,Industrial,Fixed Income,"206,057.00",0.05,"206,057.00","200,000.00",-,XS2981975613,-,101.63,Turkey,-,USD,4.59,7.3,1.0,"Jan 24, 2032",7.65,4.58,-,7.29,4.42,7.29,USD,"Jan 24, 2025","Jan 24, 2025",2026-04-02
ARCELIK AS RegS,Industrial,Fixed Income,"205,928.11",0.05,"205,928.11","200,000.00",-,XS2695038401,-,102.85,Turkey,-,USD,2.09,7.23,1.0,"Sep 25, 2028",8.5,2.21,-,7.11,2.01,7.11,USD,"Sep 25, 2023","Sep 25, 2023",2026-04-02
SHINHAN BANK RegS,Financial Institutions,Fixed Income,"205,836.14",0.05,"205,836.14","200,000.00",-,USY7770HAC26,-,101.16,Korea (South),-,USD,3.66,4.31,1.0,"May 13, 2030",4.63,3.66,-,4.31,3.66,4.31,USD,"May 13, 2025","May 13, 2025",2026-04-02
CK HUTCHISON INTERNATIONAL (23) LT RegS,Industrial,Fixed Income,"205,795.83",0.05,"205,795.83","200,000.00",-,USG21819AA80,-,100.8,Hong Kong,-,USD,1.87,4.34,1.0,"Apr 21, 2028",4.75,1.9,-,4.32,1.83,4.32,USD,"Apr 21, 2023","Apr 21, 2023",2026-04-02
XP INC RegS,Financial Institutions,Fixed Income,"205,724.00",0.05,"205,724.00","200,000.00",-,USG98239AB55,-,101.21,Brazil,-,USD,2.84,6.33,1.0,"Jul 02, 2029",6.75,2.84,-,6.32,2.78,6.32,USD,"Jul 02, 2024","Jul 02, 2024",2026-04-02
KYOBO LIFE INSURANCE CO LTD RegS,Financial Institutions,Fixed Income,"205,569.67",0.05,"205,569.67","200,000.00",-,USY50800AA26,-,101.06,Korea (South),-,USD,1.14,7.21,1.0,"Jun 15, 2052",5.9,0.97,-,4.97,1.14,4.97,USD,"Jun 15, 2022","Jun 15, 2022",2026-04-02
KOOKMIN BANK MTN RegS,Financial Institutions,Fixed Income,"205,529.42",0.05,"205,529.42","200,000.00",50050HAU0,US50050HAU05,-,100.72,Korea (South),-,USD,1.91,4.25,1.0,"Apr 21, 2028",4.63,1.91,-,4.25,1.91,4.25,USD,"Apr 21, 2023","Apr 21, 2023",2026-04-02
TURKCELL ILETISIM HIZMETLERI AS RegS,Industrial,Fixed Income,"205,481.67",0.05,"205,481.67","200,000.00",-,XS2981975027,-,101.38,Turkey,-,USD,3.2,7.03,1.0,"Jan 24, 2030",7.45,3.24,-,7.01,3.05,7.01,USD,"Jan 24, 2025","Jan 24, 2025",2026-04-02
KOREA EXPRESSWAY CORP MTN RegS,Agency,Fixed Income,"205,411.78",0.05,"205,411.78","200,000.00",-,USY4872AMX28,-,100.82,Korea (South),-,USD,1.06,4.24,1.0,"May 14, 2027",5.0,1.06,-,4.24,1.06,4.24,USD,"May 14, 2024","May 14, 2024",2026-04-02
ATP TOWER HOLDINGS LLC RegS,Industrial,Fixed Income,"205,243.75",0.05,"205,243.75","200,000.00",-,USU0489EAA48,-,101.38,Chile,-,USD,2.69,7.45,1.0,"Feb 03, 2030",7.88,3.23,-,7.32,2.48,7.32,USD,"Feb 03, 2025","Feb 03, 2025",2026-04-02
SHINHAN BANK MTN RegS,Financial Institutions,Fixed Income,"205,024.00",0.05,"205,024.00","200,000.00",82460EAV2,US82460EAV20,-,100.41,Korea (South),-,USD,1.89,4.29,1.0,"Apr 12, 2028",4.5,1.89,-,4.29,1.89,4.29,USD,"Apr 12, 2023","Apr 12, 2023",2026-04-02
MASHREQBANK PSC RegS,Financial Institutions,Fixed Income,"204,975.00",0.05,"204,975.00","200,000.00",-,XS2548003503,-,101.7,United Arab Emirates,-,USD,1.54,7.58,1.0,"Feb 24, 2033",7.88,1.66,-,6.77,1.52,6.77,USD,"Nov 23, 2022","Nov 23, 2022",2026-04-02
AES ANDES SA RegS,Utility,Fixed Income,"204,900.00",0.05,"204,900.00","200,000.00",-,USP0091LAA46,-,102.19,Chile,-,USD,2.64,5.49,1.0,"Mar 15, 2029",6.3,2.67,-,5.47,2.6,5.47,USD,"Mar 15, 2024","Mar 15, 2024",2026-04-02
TURKIYE IS BANKASI AS MTN RegS,Financial Institutions,Fixed Income,"204,802.08",0.05,"204,802.08","200,000.00",-,XS2970145012,-,100.5,Turkey,-,USD,3.1,8.69,1.0,"Dec 31, 2079",9.13,3.32,-,8.69,3.09,8.69,USD,"Jan 15, 2025","Jan 15, 2025",2026-04-02
KOREA GAS CORPORATION MTN RegS,Agency,Fixed Income,"204,812.08",0.05,"204,812.08","200,000.00",50066CAU3,US50066CAU36,-,101.26,Korea (South),-,USD,2.11,4.28,1.0,"Jul 05, 2028",4.88,2.1,-,4.28,2.1,4.28,USD,"Jul 05, 2023","Jul 05, 2023",2026-04-02
ADIB CAPITAL INVEST 3 LTD RegS,Financial Institutions,Fixed Income,"204,798.00",0.05,"204,798.00","200,000.00",-,XS2642454271,-,100.95,United Arab Emirates,-,USD,2.11,6.96,1.0,"Dec 31, 2079",7.25,2.32,-,6.79,2.06,6.79,USD,"Jul 18, 2023","Jul 18, 2023",2026-04-02
HYUNDAI CAPITAL SERVICES INC MTN RegS,Industrial,Fixed Income,"204,731.97",0.05,"204,731.97","200,000.00",-,USY3815NBH36,-,101.58,Korea (South),-,USD,2.62,4.52,1.0,"Feb 05, 2029",5.13,2.61,-,4.52,2.61,4.52,USD,"Feb 05, 2024","Feb 05, 2024",2026-04-02
KLABIN AUSTRIA GMBH RegS,Industrial,Fixed Income,"204,759.43",0.05,"204,759.43","200,000.00",-,USA35155AB50,BHQ4FT8,98.94,Brazil,-,USD,10.7,7.09,1.0,"Apr 03, 2049",7.0,10.91,-,7.09,10.91,7.09,USD,"Apr 03, 2019","Apr 03, 2019",2026-04-02
JBS NV,Industrial,Fixed Income,"204,665.55",0.05,"204,665.55","200,000.00",472140AK8,US472140AK81,2PGWWX2,97.6,Brazil,-,USD,13.16,6.54,1.0,"Apr 15, 2066",6.38,13.52,-,6.54,13.52,6.54,USD,"Jul 03, 2025","Jan 12, 2026",2026-04-02
CMHI FINANCE (BVI) CO LTD RegS,Agency,Fixed Income,"204,570.00",0.05,"204,570.00","200,000.00",-,XS1856800450,BFXLB78,101.54,China,-,USD,2.19,4.3,1.0,"Aug 06, 2028",5.0,2.19,-,4.3,2.19,4.3,USD,"Aug 06, 2018","Aug 06, 2018",2026-04-02
HYUNDAI CAPITAL SERVICES INC MTN RegS,Industrial,Fixed Income,"204,533.33",0.05,"204,533.33","200,000.00",-,USY3815NBK64,-,101.28,Korea (South),-,USD,1.71,4.51,1.0,"Jan 22, 2028",5.25,1.7,-,4.51,1.7,4.51,USD,"Jan 22, 2025","Jan 22, 2025",2026-04-02
DIB SUKUK LTD RegS,Financial Institutions,Fixed Income,"204,537.00",0.05,"204,537.00","200,000.00",-,XS2553243655,-,100.44,United Arab Emirates,-,USD,1.56,5.21,1.0,"Nov 30, 2027",5.49,1.55,-,5.21,1.55,5.21,USD,"Nov 30, 2022","Nov 30, 2022",2026-04-02
AJMAN SENIOR SUKUK LTD RegS,Financial Institutions,Fixed Income,"204,366.83",0.05,"204,366.83","200,000.00",-,XS3048482783,-,100.05,United Arab Emirates,-,USD,3.59,5.11,1.0,"Apr 30, 2030",5.13,3.57,-,5.11,3.57,5.11,USD,"Apr 30, 2025","Apr 30, 2025",2026-04-02
COMMERCIAL BANK OF DUBAI RegS,Financial Institutions,Fixed Income,"204,300.00",0.05,"204,300.00","200,000.00",-,XS2243350753,-,99.5,United Arab Emirates,-,USD,0.06,9.43,1.0,"Dec 31, 2079",6.0,0.29,-,14.26,0.53,14.26,USD,"Oct 21, 2020","Oct 21, 2020",2026-04-02
ABU DHABI COMMERCIAL BANK PJSC MTN RegS,Agency,Fixed Income,"204,281.33",0.05,"204,281.33","200,000.00",-,XS2677030194,-,100.95,United Arab Emirates,-,USD,2.54,5.13,1.0,"Jan 12, 2029",5.5,2.53,-,5.13,2.53,5.13,USD,"Sep 12, 2023","Sep 12, 2023",2026-04-02
SHINHAN FINANCIAL GROUP CO LTD MTN RegS,Financial Institutions,Fixed Income,"204,287.33",0.05,"204,287.33","200,000.00",-,USY7749XBA82,-,101.23,Korea (South),-,USD,2.16,4.43,1.0,"Jul 24, 2028",5.0,2.15,-,4.43,2.15,4.43,USD,"Jul 24, 2023","Jul 24, 2023",2026-04-02
TRANSPORTADORA DE GAS INTERNACIONA RegS,Local Authority,Fixed Income,"204,220.17",0.05,"204,220.17","200,000.00",-,USP93077AC28,BFXX5Z0,99.81,Colombia,-,USD,2.25,5.63,1.0,"Nov 01, 2028",5.55,2.33,-,5.63,2.33,5.63,USD,"Nov 01, 2018","Nov 01, 2018",2026-04-02
CENTRAL PLAZA DEVELOPMENT LTD RegS,Local Authority,Fixed Income,"204,220.56",0.05,"204,220.56","200,000.00",-,XS3035206518,-,98.84,China,-,USD,2.63,7.23,1.0,"Apr 07, 2029",6.8,2.6,-,7.23,2.6,7.23,USD,"Apr 07, 2025","Apr 07, 2025",2026-04-02
ARABIAN CENTRES SUKUK IV LTD RegS,Financial Institutions,Fixed Income,"204,199.44",0.05,"204,199.44","200,000.00",-,XS3240866411,-,99.24,Saudi Arabia,-,USD,3.44,9.07,1.0,"Dec 04, 2030",8.88,3.65,-,9.07,3.65,9.07,USD,"Dec 04, 2025","Dec 04, 2025",2026-04-02
LG ENERGY SOLUTION LTD RegS,Industrial,Fixed Income,"204,144.16",0.05,"204,144.16","200,000.00",-,USY5S5CGAB83,-,101.99,Korea (South),-,USD,2.31,4.89,1.0,"Sep 25, 2028",5.75,2.3,-,4.89,2.3,4.89,USD,"Sep 25, 2023","Sep 25, 2023",2026-04-02
BSF FINANCE MTN RegS,Financial Institutions,Fixed Income,"204,064.56",0.05,"204,064.56","200,000.00",-,XS2493296813,-,100.09,Saudi Arabia,-,USD,1.54,5.44,1.0,"Nov 23, 2027",5.5,1.53,-,5.44,1.53,5.44,USD,"Nov 23, 2022","Nov 23, 2022",2026-04-02
SHINHAN BANK MTN RegS,Financial Institutions,Fixed Income,"204,092.27",0.05,"204,092.27","200,000.00",-,XS2696788285,-,101.2,Korea (South),-,USD,0.04,4.33,1.0,"Oct 26, 2028",4.75,0.07,-,4.33,0.07,4.33,USD,"Oct 26, 2023","Oct 26, 2023",2026-04-02
MEITUAN RegS,Industrial,Fixed Income,"204,030.00",0.05,"204,030.00","200,000.00",-,USG59669AE46,-,99.79,China,-,USD,1.83,4.61,1.0,"Apr 02, 2028",4.5,1.86,-,4.61,1.86,4.61,USD,"Oct 02, 2024","Oct 02, 2024",2026-04-02
FIRST ABU DHABI BANK PJSC RegS,Agency,Fixed Income,"204,000.00",0.05,"204,000.00","200,000.00",-,XS2236340951,BLF7819,99.81,United Arab Emirates,-,USD,0.02,7.93,1.0,"Dec 31, 2079",4.5,0.28,-,18.43,0.01,18.43,USD,"Oct 05, 2020","Oct 05, 2020",2026-04-02
CHINA CINDA (2020) I MANAGEMENT LT MTN RegS,Agency,Fixed Income,"203,954.69",0.05,"203,954.69","200,000.00",-,XS2862887663,-,100.98,China,-,USD,1.09,4.59,1.0,"Jul 23, 2027",5.38,1.25,-,4.43,1.01,4.43,USD,"Jul 23, 2024","Jul 23, 2024",2026-04-02
ABU DHABI NATIONAL ENERGY CO PJSC MTN RegS,Agency,Fixed Income,"203,888.08",0.05,"203,888.08","200,000.00",-,XS1808738212,BFZP510,99.82,United Arab Emirates,-,USD,3.59,4.92,1.0,"Apr 23, 2030",4.88,3.57,-,4.92,3.57,4.92,USD,"Apr 23, 2018","Apr 23, 2018",2026-04-02
CELULOSA ARAUCO Y CONSTITUCION SA RegS,Industrial,Fixed Income,"203,854.33",0.05,"203,854.33","200,000.00",-,USP2195VBA28,-,99.44,Chile,-,USD,4.9,6.29,1.0,"May 05, 2032",6.18,4.89,-,6.29,4.89,6.29,USD,"May 05, 2025","May 05, 2025",2026-04-02
CEMEX SAB DE CV RegS,Industrial,Fixed Income,"203,863.64",0.05,"203,863.64","200,000.00",-,USP2253TJW01,-,101.51,Mexico,-,USD,3.43,7.35,1.0,"Dec 31, 2079",7.2,3.25,-,6.75,3.38,6.75,USD,"Jun 10, 2025","Jun 10, 2025",2026-04-02
ABU DHABI COMMERCIAL BANK PJSC MTN RegS,Agency,Fixed Income,"203,800.00",0.05,"203,800.00","200,000.00",-,XS2651081304,-,100.83,United Arab Emirates,-,USD,2.13,4.99,1.0,"Jul 18, 2028",5.38,2.12,-,4.99,2.12,4.99,USD,"Jul 18, 2023","Jul 18, 2023",2026-04-02
CENTRAIS ELETRICAS BRASILEIRAS SA RegS,Utility,Fixed Income,"203,778.89",0.05,"203,778.89","200,000.00",-,USP2281VAA81,-,100.44,Brazil,-,USD,6.53,6.43,1.0,"Jan 11, 2035",6.5,6.53,-,6.43,6.39,6.43,USD,"Sep 11, 2024","Sep 11, 2024",2026-04-02
INDUSTRIAL BANK OF KOREA RegS,Agency,Fixed Income,"203,635.33",0.05,"203,635.33","200,000.00",45604HAS6,US45604HAS67,-,100.65,Korea (South),-,USD,3.79,4.2,1.0,"Jun 24, 2030",4.38,3.79,-,4.2,3.79,4.2,USD,"Jun 24, 2025","Jun 24, 2025",2026-04-02
SIB TIER 1 SUKUK IIND LTD RegS,Financial Institutions,Fixed Income,"203,523.22",0.05,"203,523.22","200,000.00",-,XS3039166791,-,99.79,United Arab Emirates,-,USD,3.87,5.96,1.0,"Dec 31, 2079",6.13,4.24,-,5.96,4.3,5.96,USD,"Jun 04, 2025","Jun 04, 2025",2026-04-02
ENN ENERGY HOLDINGS LTD RegS,Utility,Fixed Income,"203,481.36",0.05,"203,481.36","200,000.00",-,USG3066DAA75,-,100.03,China,-,USD,1.04,4.59,1.0,"May 17, 2027",4.63,1.07,-,4.59,1.07,4.59,USD,"May 17, 2022","May 17, 2022",2026-04-02
STATE BANK OF INDIA (LONDON BRANCH MTN RegS,Agency,Fixed Income,"203,481.78",0.05,"203,481.78","200,000.00",-,XS2744125696,-,100.73,India,-,USD,2.57,4.72,1.0,"Jan 17, 2029",5.0,2.56,-,4.72,2.56,4.72,USD,"Jan 17, 2024","Jan 17, 2024",2026-04-02
BAB USD AT1 SUKUK LTD RegS,Financial Institutions,Fixed Income,"203,426.00",0.05,"203,426.00","200,000.00",-,XS3071347994,-,99.31,Saudi Arabia,-,USD,3.41,6.59,1.0,"Dec 31, 2079",6.75,3.76,-,6.59,3.83,6.59,USD,"May 22, 2025","May 22, 2025",2026-04-02
ABSA GROUP LTD RegS,Financial Institutions,Fixed Income,"203,356.25",0.05,"203,356.25","200,000.00",-,XS2339102878,BMBQ862,99.5,South Africa,-,USD,0.3,9.2,1.0,"Dec 31, 2079",6.38,0.37,-,9.2,0.15,9.2,USD,"May 27, 2021","May 27, 2021",2026-04-02
BOC AVIATION (USA) CORPORATION MTN RegS,Agency,Fixed Income,"203,323.56",0.05,"203,323.56","200,000.00",-,XS2971655696,-,100.66,Singapore,-,USD,1.64,4.36,1.0,"Jan 14, 2028",4.75,1.68,-,4.34,1.61,4.34,USD,"Jan 14, 2025","Jan 14, 2025",2026-04-02
OIL INDIA LTD RegS,Agency,Fixed Income,"203,200.44",0.05,"203,200.44","200,000.00",-,XS1932866079,BJBC0H4,100.8,India,-,USD,2.62,4.82,1.0,"Feb 04, 2029",5.13,2.6,-,4.82,2.6,4.82,USD,"Feb 04, 2019","Feb 04, 2019",2026-04-02
YONGDA INVESTMENT LTD RegS,Industrial,Fixed Income,"203,014.00",0.05,"203,014.00","200,000.00",-,XS3035196297,-,100.01,China,-,USD,2.0,4.59,1.0,"Jun 03, 2028",4.6,2.02,-,4.59,2.02,4.59,USD,"Jun 03, 2025","Jun 03, 2025",2026-04-02
GREENTOWN CHINA HOLDINGS LTD RegS,Financial Institutions,Fixed Income,"202,877.50",0.05,"202,877.50","200,000.00",-,XS2971601336,-,100.59,China,-,USD,1.55,8.1,1.0,"Feb 24, 2028",8.45,1.71,-,8.1,1.71,8.1,USD,"Feb 24, 2025","Feb 24, 2025",2026-04-02
MINERA MEXICO SA DE CV RegS,Industrial,Fixed Income,"202,800.00",0.05,"202,800.00","200,000.00",-,USP6777MAA01,-,100.65,Mexico,-,USD,4.9,5.49,1.0,"Feb 12, 2032",5.63,4.91,-,5.49,4.79,5.49,USD,"Feb 12, 2025","Feb 12, 2025",2026-04-02
KOREA HYDRO & NUCLEAR POWER CO LTD MTN RegS,Agency,Fixed Income,"202,727.36",0.05,"202,727.36","200,000.00",-,USY4899GGX52,-,100.58,Korea (South),-,USD,3.05,4.43,1.0,"Jul 29, 2029",4.63,3.04,-,4.43,3.04,4.43,USD,"Jul 29, 2024","Jul 29, 2024",2026-04-02
BANCO DO BRASIL SA (CAYMAN ISLANDS RegS,Agency,Fixed Income,"202,648.00",0.05,"202,648.00","200,000.00",-,USP2000TAE57,-,101.12,Brazil,-,USD,4.28,5.74,1.0,"Mar 18, 2031",6.0,4.24,-,5.74,4.24,5.74,USD,"Mar 18, 2024","Mar 18, 2024",2026-04-02
AIA GROUP LTD MTN RegS,Financial Institutions,Fixed Income,"202,658.00",0.05,"202,658.00","200,000.00",00131MAF0,US00131MAF05,BF1GMK5,99.44,Hong Kong,-,USD,1.79,4.19,1.0,"Apr 06, 2028",3.9,1.88,-,4.19,1.88,4.19,USD,"Apr 06, 2018","Apr 06, 2018",2026-04-02
BSF SUKUK COMPANY LTD RegS,Financial Institutions,Fixed Income,"202,592.42",0.05,"202,592.42","200,000.00",-,XS2978771942,-,100.27,Saudi Arabia,-,USD,3.4,5.29,1.0,"Jan 21, 2030",5.38,3.37,-,5.29,3.37,5.29,USD,"Jan 21, 2025","Jan 21, 2025",2026-04-02
AMERICA MOVIL SAB DE CV,Industrial,Fixed Income,"202,612.44",0.05,"202,612.44","200,000.00",02364WBM6,US02364WBM64,-,100.33,Mexico,-,USD,5.63,4.94,1.0,"Jan 20, 2033",5.0,5.66,-,4.94,5.54,4.94,USD,"Jun 20, 2025","Jun 20, 2025",2026-04-02
BOS FUNDING LTD MTN RegS,Financial Institutions,Fixed Income,"202,624.22",0.05,"202,624.22","200,000.00",-,XS2597110613,-,101.0,United Arab Emirates,-,USD,1.82,6.44,1.0,"Mar 14, 2028",7.0,1.8,-,6.44,1.8,6.44,USD,"Mar 14, 2023","Mar 14, 2023",2026-04-02
AKBANK TAS RegS,Financial Institutions,Fixed Income,"202,580.22",0.05,"202,580.22","200,000.00",-,XS2355183091,BM9C6T1,99.44,Turkey,-,USD,0.22,9.9,1.0,"Jun 22, 2031",6.8,0.13,-,9.14,0.22,9.14,USD,"Jun 22, 2021","Jun 22, 2021",2026-04-02
ARABIAN CENTRES SUKUK III LTD RegS,Financial Institutions,Fixed Income,"202,546.67",0.05,"202,546.67","200,000.00",-,XS2756519232,-,100.64,Saudi Arabia,-,USD,2.07,9.24,1.0,"Mar 06, 2029",9.5,2.5,-,9.12,1.72,9.12,USD,"Mar 06, 2024","Mar 06, 2024",2026-04-02
MAADEN SUKUK LTD RegS,Agency,Fixed Income,"202,472.09",0.05,"202,472.09","200,000.00",-,XS2998746213,-,100.55,Saudi Arabia,-,USD,3.44,5.09,1.0,"Feb 13, 2030",5.25,3.44,-,5.09,3.37,5.09,USD,"Feb 13, 2025","Feb 13, 2025",2026-04-02
SIB SUKUK COMPANY III LTD RegS,Financial Institutions,Fixed Income,"202,475.50",0.05,"202,475.50","200,000.00",-,XS2801337283,-,99.97,United Arab Emirates,-,USD,2.94,5.26,1.0,"Jul 03, 2029",5.25,2.92,-,5.26,2.92,5.26,USD,"Jul 03, 2024","Jul 03, 2024",2026-04-02
KOREA HYDRO & NUCLEAR POWER CO LTD MTN RegS,Agency,Fixed Income,"202,423.93",0.05,"202,423.93","200,000.00",-,XS3113268307,-,100.47,Korea (South),-,USD,0.02,4.41,1.0,"Jul 30, 2030",4.46,0.07,-,4.41,0.07,4.41,USD,"Jul 30, 2025","Jul 30, 2025",2026-04-02
AIA GROUP LTD MTN RegS,Financial Institutions,Fixed Income,"202,377.00",0.05,"202,377.00","200,000.00",-,XS2328261263,-,99.89,Hong Kong,-,USD,0.02,5.68,1.0,"Dec 31, 2079",2.7,0.0,-,8.21,0.02,8.21,USD,"Apr 07, 2021","Apr 07, 2021",2026-04-02
ALINMA AT1 SUKUK LTD RegS,Financial Institutions,Fixed Income,"202,301.56",0.05,"202,301.56","200,000.00",-,XS3079963834,-,98.95,Saudi Arabia,-,USD,3.43,6.41,1.0,"Dec 31, 2079",6.5,3.8,-,6.41,3.87,6.41,USD,"May 28, 2025","May 28, 2025",2026-04-02
SWIRE PACIFIC MTN FINANCING HK LTD MTN RegS,Industrial,Fixed Income,"202,304.22",0.05,"202,304.22","200,000.00",-,XS3148200457,-,100.74,Hong Kong,-,USD,5.42,4.49,1.0,"Aug 28, 2032",4.63,5.48,-,4.49,5.29,4.49,USD,"Aug 28, 2025","Aug 28, 2025",2026-04-02
CHINA CINDA FINANCE (2017) I LTD MTN RegS,Agency,Fixed Income,"202,308.17",0.05,"202,308.17","200,000.00",-,XS1948752826,BJNFPN2,100.64,China,-,USD,2.68,4.51,1.0,"Feb 21, 2029",4.75,2.66,-,4.51,2.66,4.51,USD,"Feb 21, 2019","Feb 21, 2019",2026-04-02
COMMERCIAL BANK OF DUBAI MTN RegS,Financial Institutions,Fixed Income,"202,243.78",0.05,"202,243.78","200,000.00",-,XS2912500761,-,98.83,United Arab Emirates,-,USD,3.15,5.23,1.0,"Oct 10, 2029",4.86,3.13,-,5.23,3.13,5.23,USD,"Oct 10, 2024","Oct 10, 2024",2026-04-02
TURKIYE GARANTI BANKASI AS MTN RegS,Financial Institutions,Fixed Income,"202,141.39",0.05,"202,141.39","200,000.00",-,XS3106498051,-,99.22,Turkey,-,USD,3.73,8.29,1.0,"Jan 08, 2036",8.13,3.79,-,8.33,3.82,8.33,USD,"Jul 01, 2025","Jul 01, 2025",2026-04-02
GRUMA SAB DE CV RegS,Industrial,Fixed Income,"202,151.78",0.05,"202,151.78","200,000.00",-,USP4948KAH88,-,99.4,Mexico,-,USD,6.73,5.48,1.0,"Dec 09, 2034",5.39,6.75,-,5.48,6.75,5.48,USD,"Dec 09, 2024","Dec 09, 2024",2026-04-02
EMIRATES NBD BANK PJSC RegS,Agency,Fixed Income,"202,006.25",0.05,"202,006.25","200,000.00",-,XS2134363170,-,99.63,United Arab Emirates,-,USD,0.02,9.57,1.0,"Dec 31, 2079",6.13,0.07,-,20.92,0.25,20.92,USD,"Jul 09, 2020","Jul 09, 2020",2026-04-02
HUARONG FINANCE 2017 CO LTD MTN RegS,Agency,Fixed Income,"202,028.39",0.05,"202,028.39","200,000.00",-,XS1711550373,BFFY9P9,99.33,China,-,USD,1.52,4.69,1.0,"Nov 07, 2027",4.25,1.51,-,4.69,1.51,4.69,USD,"Nov 07, 2017","Nov 07, 2017",2026-04-02
MASHREQBANK PSC RegS,Financial Institutions,Fixed Income,"202,042.17",0.05,"202,042.17","200,000.00",-,XS2827680112,-,98.84,United Arab Emirates,-,USD,2.65,6.82,1.0,"Dec 31, 2079",7.13,3.02,-,6.82,3.12,6.82,USD,"Jun 10, 2024","Jun 10, 2024",2026-04-02
CSI MTN LTD MTN RegS,Financial Institutions,Fixed Income,"201,929.46",0.05,"201,929.46","200,000.00",-,HK0001074969,-,100.13,China,-,USD,0.05,4.3,1.0,"Oct 22, 2027",4.4,0.06,-,4.3,0.06,4.3,USD,"Oct 22, 2024","Oct 22, 2024",2026-04-02
NETWORK I2I LTD RegS,Industrial,Fixed Income,"201,929.75",0.05,"201,929.75","200,000.00",-,USV6703DAC84,-,99.67,India,-,USD,0.17,4.43,1.0,"Dec 31, 2079",3.98,0.17,-,5.79,0.17,5.79,USD,"Mar 03, 2021","Mar 03, 2021",2026-04-02
FIRST ABU DHABI BANK PJSC MTN RegS,Agency,Fixed Income,"201,962.61",0.05,"201,962.61","200,000.00",-,XS2750475894,-,100.16,United Arab Emirates,-,USD,0.0,4.94,1.0,"Jan 29, 2029",4.87,0.07,-,4.94,0.07,4.94,USD,"Jan 29, 2024","Jan 29, 2024",2026-04-02
ABU DHABI FUTURE ENERGY COMPANY PJ MTN RegS,Agency,Fixed Income,"201,913.75",0.05,"201,913.75","200,000.00",-,XS3074432959,-,99.21,United Arab Emirates,-,USD,3.66,5.09,1.0,"May 21, 2030",4.88,3.64,-,5.09,3.64,5.09,USD,"May 21, 2025","May 21, 2025",2026-04-02
HPHT FINANCE (25) LTD RegS,Industrial,Fixed Income,"201,873.33",0.05,"201,873.33","200,000.00",-,XS2991145033,-,100.4,Hong Kong,-,USD,3.47,4.89,1.0,"Feb 21, 2030",5.0,3.48,-,4.88,3.41,4.88,USD,"Feb 21, 2025","Feb 21, 2025",2026-04-02
PETROBRAS GLOBAL FINANCE BV,Agency,Fixed Income,"201,829.61",0.05,"201,829.61","200,000.00",71645WAQ4,US71645WAQ42,B57YS94,99.58,Brazil,-,USD,8.72,6.92,1.0,"Jan 20, 2040",6.88,8.7,-,6.92,8.7,6.92,USD,"Oct 30, 2009","Oct 30, 2009",2026-04-02
NATIONAL BANK OF RAS AL KHAIMAH PS MTN RegS,Financial Institutions,Fixed Income,"201,834.81",0.05,"201,834.81","200,000.00",-,XS2765600262,-,99.95,United Arab Emirates,-,USD,3.0,5.39,1.0,"Jul 25, 2029",5.38,2.98,-,5.39,2.98,5.39,USD,"Jul 25, 2024","Jul 25, 2024",2026-04-02
FIRST ABU DHABI BANK PJSC MTN RegS,Agency,Fixed Income,"201,773.53",0.05,"201,773.53","200,000.00",-,XS2615919284,-,99.38,United Arab Emirates,-,USD,2.03,5.08,1.0,"Jun 06, 2028",4.77,2.02,-,5.08,2.02,5.08,USD,"Jun 06, 2023","Jun 06, 2023",2026-04-02
FIRST ABU DHABI BANK PJSC RegS,Agency,Fixed Income,"201,786.09",0.05,"201,786.09","200,000.00",-,XS2821704850,-,99.7,United Arab Emirates,-,USD,2.95,5.68,1.0,"Jan 16, 2035",5.8,3.3,-,5.9,3.32,5.9,USD,"Jul 16, 2024","Jul 16, 2024",2026-04-02
EMIRATES NBD BANK PJSC MTN RegS,Agency,Fixed Income,"201,739.22",0.05,"201,739.22","200,000.00",-,XS2976518972,-,99.97,United Arab Emirates,-,USD,0.02,4.87,1.0,"Jan 22, 2030",4.77,0.05,-,4.87,0.05,4.87,USD,"Jan 22, 2025","Jan 22, 2025",2026-04-02
MYRIAD INTERNATIONAL HOLDINGS BV RegS,Industrial,Fixed Income,"201,763.33",0.05,"201,763.33","200,000.00",-,USN5946FAD98,BF2BKV6,99.75,South Africa,-,USD,1.13,5.05,1.0,"Jul 06, 2027",4.85,1.2,-,5.05,1.2,5.05,USD,"Jul 06, 2017","Jul 06, 2017",2026-04-02
DBS GROUP HOLDINGS LTD MTN RegS,Financial Institutions,Fixed Income,"201,660.15",0.05,"201,660.15","200,000.00",24023LAL0,US24023LAL09,-,100.72,Singapore,-,USD,1.88,4.02,1.0,"Mar 21, 2028",4.4,1.87,-,4.02,1.87,4.02,USD,"Mar 21, 2025","Mar 21, 2025",2026-04-02
FS LUXEMBOURG SARL RegS,Industrial,Fixed Income,"201,682.08",0.05,"201,682.08","200,000.00",-,USL40756AG06,-,98.56,Brazil,-,USD,4.24,8.89,1.0,"Jun 25, 2033",8.63,5.17,-,8.89,5.17,8.89,USD,"Jun 25, 2025","Jun 25, 2025",2026-04-02
CHINA STATE CONSTRUCTION FINANCE C RegS,Agency,Fixed Income,"201,595.56",0.05,"201,595.56","200,000.00",-,XS2344740811,-,99.74,China,-,USD,0.19,9.42,1.0,"Dec 31, 2079",3.4,0.03,-,4.74,0.18,4.74,USD,"Jun 08, 2021","Jun 08, 2021",2026-04-02
GREENSAIF PIPELINES BIDCO SA RL MTN RegS,Industrial,Fixed Income,"201,603.08",0.05,"201,603.08","200,000.00",-,XS2850687620,-,100.2,Saudi Arabia,-,USD,6.65,5.82,1.0,"Feb 23, 2036",5.85,6.61,-,5.82,6.61,5.82,USD,"Jul 31, 2024","Jul 31, 2024",2026-04-02
BANK OF COMMUNICATIONS CO LTD (HON MTN RegS,Financial Institutions,Fixed Income,"201,606.37",0.05,"201,606.37","200,000.00",-,XS2868743803,-,100.13,China,-,USD,0.02,4.19,1.0,"Aug 01, 2027",4.28,0.08,-,4.19,0.08,4.19,USD,"Aug 01, 2024","Aug 01, 2024",2026-04-02
BIMBO BAKERIES USA INC RegS,Industrial,Fixed Income,"201,608.61",0.05,"201,608.61","200,000.00",-,USU0901RAE72,-,99.58,Mexico,-,USD,7.41,5.43,1.0,"Jan 09, 2036",5.38,7.43,-,5.43,7.43,5.43,USD,"Jan 09, 2024","Jan 09, 2024",2026-04-02
HUARONG FINANCE 2019 CO LTD MTN RegS,Agency,Fixed Income,"201,617.00",0.05,"201,617.00","200,000.00",-,XS2001732283,BK9S6K6,99.3,China,-,USD,2.88,4.74,1.0,"May 29, 2029",4.5,2.87,-,4.74,2.87,4.74,USD,"May 29, 2019","May 29, 2019",2026-04-02
RIYAD SUKUK LTD RegS,Financial Institutions,Fixed Income,"201,539.58",0.05,"201,539.58","200,000.00",-,XS3068748618,-,99.46,Saudi Arabia,-,USD,3.71,6.27,1.0,"Jul 14, 2035",6.21,3.64,-,6.35,3.67,6.35,USD,"Jul 14, 2025","Jul 14, 2025",2026-04-02
CSI MTN LTD MTN RegS,Financial Institutions,Fixed Income,"201,503.73",0.05,"201,503.73","200,000.00",-,HK0001167060,-,99.87,China,-,USD,0.03,4.38,1.0,"Jul 16, 2028",4.3,0.04,-,4.38,0.04,4.38,USD,"Jul 16, 2025","Jul 16, 2025",2026-04-02
YAPI VE KREDI BANKASI AS MTN RegS,Financial Institutions,Fixed Income,"201,507.50",0.05,"201,507.50","200,000.00",-,XS3013242196,-,100.21,Turkey,-,USD,3.4,7.19,1.0,"Mar 03, 2030",7.25,3.35,-,7.19,3.35,7.19,USD,"Mar 03, 2025","Mar 03, 2025",2026-04-02
BANGKOK BANK PUBLIC CO LTD (HONG K MTN RegS,Financial Institutions,Fixed Income,"201,509.82",0.05,"201,509.82","200,000.00",-,USY0606WCD03,-,99.2,Thailand,-,USD,4.08,4.7,1.0,"Nov 26, 2030",4.51,4.09,-,4.7,4.09,4.7,USD,"Nov 26, 2025","Nov 26, 2025",2026-04-02
MOVIDA EUROPE SA RegS,Industrial,Fixed Income,"201,511.28",0.05,"201,511.28","200,000.00",-,USL65266AC91,-,97.07,Brazil,-,USD,2.6,8.97,1.0,"Apr 11, 2029",7.85,2.54,-,8.97,2.54,8.97,USD,"Apr 11, 2024","Apr 11, 2024",2026-04-02
MAADEN SUKUK LTD RegS,Agency,Fixed Income,"201,521.11",0.05,"201,521.11","200,000.00",-,XS2998746486,-,100.04,Saudi Arabia,-,USD,6.87,5.49,1.0,"Feb 13, 2035",5.5,6.9,-,5.49,6.9,5.49,USD,"Feb 13, 2025","Feb 13, 2025",2026-04-02
SAUDI ELECTRICITY SUKUK PROGRAMME RegS,Agency,Fixed Income,"201,527.17",0.05,"201,527.17","200,000.00",-,XS2993845945,-,100.15,Saudi Arabia,-,USD,3.48,5.18,1.0,"Feb 18, 2030",5.22,3.46,-,5.18,3.46,5.18,USD,"Feb 18, 2025","Feb 18, 2025",2026-04-02
INVERSIONES CMPC SA RegS,Industrial,Fixed Income,"201,452.69",0.05,"201,452.69","200,000.00",-,USP58072AX05,-,99.08,Chile,-,USD,5.66,6.28,1.0,"Jun 23, 2033",6.13,5.67,-,6.28,5.67,6.28,USD,"Jun 23, 2023","Jun 23, 2023",2026-04-02
BANK OF CHINA LTD (MACAU BRANCH) MTN RegS,Agency,Fixed Income,"201,460.59",0.05,"201,460.59","200,000.00",-,XS3187823771,-,99.94,China,-,USD,0.02,4.25,1.0,"Oct 21, 2028",4.15,0.05,-,4.25,0.05,4.25,USD,"Oct 21, 2025","Oct 21, 2025",2026-04-02
KOREA GAS CORPORATION MTN RegS,Agency,Fixed Income,"201,384.89",0.05,"201,384.89","200,000.00",-,USY48861DD04,BVMR0V6,99.75,Korea (South),-,USD,3.84,4.31,1.0,"Jul 10, 2030",4.25,3.84,-,4.31,3.84,4.31,USD,"Jul 10, 2025","Jul 10, 2025",2026-04-02
SABIC CAPITAL II BV RegS,Agency,Fixed Income,"201,408.00",0.05,"201,408.00","200,000.00",-,XS1890684761,BGV52Y3,98.58,Saudi Arabia,-,USD,2.32,5.11,1.0,"Oct 10, 2028",4.5,2.31,-,5.11,2.31,5.11,USD,"Oct 10, 2018","Oct 10, 2018",2026-04-02
PETROBRAS GLOBAL FINANCE BV,Agency,Fixed Income,"201,306.67",0.05,"201,306.67","200,000.00",71647NBL2,US71647NBL29,-,99.37,Brazil,-,USD,6.66,6.09,1.0,"Jan 13, 2035",6.0,6.66,-,6.09,6.66,6.09,USD,"Sep 13, 2024","Sep 13, 2024",2026-04-02
CHARMING LIGHT INVESTMENTS LTD MTN RegS,Agency,Fixed Income,"201,332.25",0.05,"201,332.25","200,000.00",-,XS1692177774,BFNXGN5,99.46,China,-,USD,1.63,4.7,1.0,"Dec 21, 2027",4.38,1.62,-,4.7,1.62,4.7,USD,"Dec 21, 2017","Dec 21, 2017",2026-04-02
INDUSTRIAL AND COMMERCIAL (HK) MTN RegS,Agency,Fixed Income,"201,338.14",0.05,"201,338.14","200,000.00",-,XS2913971748,-,100.25,China,-,USD,0.02,4.14,1.0,"May 21, 2028",4.2,0.14,-,4.14,0.14,4.14,USD,"May 21, 2025","May 21, 2025",2026-04-02
TURKIYE VAKIFLAR BANKASI TAO MTN RegS,Agency,Fixed Income,"201,250.14",0.05,"201,250.14","200,000.00",-,XS2913966318,-,99.04,Turkey,-,USD,3.27,7.17,1.0,"Jan 07, 2030",6.88,3.22,-,7.17,3.22,7.17,USD,"Oct 07, 2024","Oct 07, 2024",2026-04-02
STANDARD CHARTERED PLC RegS,Financial Institutions,Fixed Income,"201,202.89",0.05,"201,202.89","200,000.00",-,USG84228HA94,-,97.96,Hong Kong,-,USD,6.59,7.05,1.0,"Dec 31, 2079",7.0,7.06,-,7.05,6.94,7.05,USD,"Nov 14, 2025","Nov 14, 2025",2026-04-02
DIB SUKUK LTD RegS,Financial Institutions,Fixed Income,"201,161.32",0.05,"201,161.32","200,000.00",-,XS2749764382,-,100.2,United Arab Emirates,-,USD,2.69,5.17,1.0,"Mar 04, 2029",5.24,2.67,-,5.17,2.67,5.17,USD,"Mar 04, 2024","Mar 04, 2024",2026-04-02
AL RAJHI TIER 1 SUKUK LTD RegS,Financial Institutions,Fixed Income,"201,177.83",0.05,"201,177.83","200,000.00",-,XS2819196879,-,98.22,Saudi Arabia,-,USD,2.55,6.03,1.0,"Dec 31, 2079",6.38,3.02,-,6.03,3.11,6.03,USD,"May 16, 2024","May 16, 2024",2026-04-02
ESIC SUKUK LTD RegS,Financial Institutions,Fixed Income,"201,086.14",0.05,"201,086.14","200,000.00",-,XS2747181613,-,99.8,United Arab Emirates,-,USD,2.62,5.91,1.0,"Feb 14, 2029",5.83,2.59,-,5.91,2.59,5.91,USD,"Feb 14, 2024","Feb 14, 2024",2026-04-02
CMB INTERNATIONAL LEASING MANAGEME MTN RegS,Financial Institutions,Fixed Income,"201,037.87",0.05,"201,037.87","200,000.00",-,XS2808077023,-,100.19,China,-,USD,0.02,4.33,1.0,"Jun 04, 2027",4.42,0.17,-,4.3,0.17,4.3,USD,"Jun 04, 2024","Jun 04, 2024",2026-04-02
SHINHAN FINANCIAL GROUP CO LTD MTN RegS,Financial Institutions,Fixed Income,"201,048.17",0.05,"201,048.17","200,000.00",-,USY7749XAY77,-,99.42,Korea (South),-,USD,-0.05,6.0,1.0,"Dec 31, 2079",2.88,0.03,-,6.0,0.11,6.0,USD,"May 12, 2021","May 12, 2021",2026-04-02
SAB AT1 LTD RegS,Financial Institutions,Fixed Income,"201,059.08",0.05,"201,059.08","200,000.00",-,XS3072307807,-,98.07,Saudi Arabia,-,USD,3.16,6.26,1.0,"Dec 31, 2079",6.88,3.75,-,6.26,3.81,6.26,USD,"May 21, 2025","May 21, 2025",2026-04-02
BURGAN SENIOR SPC LTD MTN RegS,Financial Institutions,Fixed Income,"201,067.67",0.05,"201,067.67","200,000.00",-,XS3201279638,-,98.31,Kuwait,-,USD,3.96,5.3,1.0,"Oct 16, 2030",4.88,3.93,-,5.3,3.93,5.3,USD,"Oct 16, 2025","Oct 16, 2025",2026-04-02
CHINA EVERBRIGHT BANK CO LTD (HONG MTN RegS,Agency,Fixed Income,"200,989.33",0.05,"200,989.33","200,000.00",-,XS2801983078,-,100.03,China,-,USD,0.02,4.21,1.0,"May 14, 2027",4.28,0.12,-,4.21,0.12,4.21,USD,"May 14, 2024","May 14, 2024",2026-04-02
SIGMA FINANCE NETHERLANDS BV RegS,Industrial,Fixed Income,"200,932.85",0.05,"200,932.85","200,000.00",-,USN8133NAA56,BFWMBG1,100.43,Mexico,-,USD,1.75,4.65,1.0,"Mar 27, 2028",4.88,1.88,-,4.62,1.65,4.62,USD,"Mar 27, 2018","Mar 27, 2018",2026-04-02
SK BATTERY AMERICA INC RegS,Industrial,Fixed Income,"200,891.17",0.05,"200,891.17","200,000.00",-,XS3273749823,-,99.63,Korea (South),-,USD,2.61,4.39,1.0,"Jan 22, 2029",4.25,2.6,-,4.39,2.6,4.39,USD,"Jan 22, 2026","Jan 22, 2026",2026-04-02
CHINA CONSTRUCTION BANK CORP (HONG MTN RegS,Agency,Fixed Income,"200,908.53",0.05,"200,908.53","200,000.00",-,XS3078861625,BTXS5P3,100.08,China,-,USD,0.05,4.3,1.0,"May 28, 2030",4.26,0.15,-,4.3,0.15,4.3,USD,"May 28, 2025","May 28, 2025",2026-04-02
ABU DHABI FUTURE ENERGY COMPANY PJ MTN RegS,Agency,Fixed Income,"200,854.42",0.05,"200,854.42","200,000.00",-,XS2865538776,-,99.55,United Arab Emirates,-,USD,3.02,5.02,1.0,"Jul 25, 2029",4.88,3.0,-,5.02,3.0,5.02,USD,"Jul 25, 2024","Jul 25, 2024",2026-04-02
KOREA GAS CORPORATION MTN RegS,Agency,Fixed Income,"200,863.64",0.05,"200,863.64","200,000.00",50066CAT6,US50066CAT62,-,99.6,Korea (South),-,USD,1.23,4.19,1.0,"Jul 13, 2027",3.88,1.23,-,4.19,1.23,4.19,USD,"Jul 13, 2022","Jul 13, 2022",2026-04-02
CSCIF HONG KONG LTD MTN RegS,Local Authority,Fixed Income,"200,814.23",0.05,"200,814.23","200,000.00",-,XS2820206378,-,100.01,China,-,USD,0.02,4.36,1.0,"May 31, 2027",4.45,0.16,-,4.36,0.16,4.36,USD,"May 31, 2024","May 31, 2024",2026-04-02
FIRST ABU DHABI BANK PJSC MTN RegS,Agency,Fixed Income,"200,814.84",0.05,"200,814.84","200,000.00",-,XS2861722531,-,99.52,United Arab Emirates,-,USD,0.01,4.97,1.0,"Jul 22, 2029",4.72,0.05,-,4.97,0.05,4.97,USD,"Jul 22, 2024","Jul 22, 2024",2026-04-02
BOCOM LEASING MANAGEMENT HONG KONG MTN RegS,Financial Institutions,Fixed Income,"200,799.19",0.05,"200,799.19","200,000.00",-,XS3016269592,-,100.13,China,-,USD,0.01,4.33,1.0,"Mar 07, 2028",4.35,0.18,-,4.33,0.18,4.33,USD,"Mar 07, 2025","Mar 07, 2025",2026-04-02
LG ENERGY SOLUTION LTD RegS,Industrial,Fixed Income,"200,801.89",0.05,"200,801.89","200,000.00",-,USY5S5CGAM49,-,99.06,Korea (South),-,USD,6.5,5.64,1.0,"Jul 02, 2034",5.5,6.47,-,5.64,6.47,5.64,USD,"Jul 02, 2024","Jul 02, 2024",2026-04-02
INDUSTRIAL BANK OF KOREA RegS,Agency,Fixed Income,"200,726.04",0.05,"200,726.04","200,000.00",45604HAT4,US45604HAT41,-,100.28,Korea (South),-,USD,0.02,4.2,1.0,"Jun 24, 2028",4.21,0.23,-,4.2,0.23,4.2,USD,"Jun 24, 2025","Jun 24, 2025",2026-04-02
PRIO LUXEMBOURG HOLDING SARL RegS,Industrial,Fixed Income,"200,737.50",0.05,"200,737.50","200,000.00",-,USL7S62BAA03,-,97.28,Brazil,-,USD,3.52,7.47,1.0,"Oct 15, 2030",6.75,3.72,-,7.47,3.72,7.47,USD,"Oct 15, 2025","Oct 15, 2025",2026-04-02
SAUDI ELECTRICITY SUKUK PROGRAMME RegS,Agency,Fixed Income,"200,698.41",0.05,"200,698.41","200,000.00",-,XS2763630774,-,99.7,Saudi Arabia,-,USD,2.65,5.05,1.0,"Feb 13, 2029",4.94,2.63,-,5.05,2.63,5.05,USD,"Feb 13, 2024","Feb 13, 2024",2026-04-02
SHINHAN FINANCIAL GROUP CO LTD MTN RegS,Financial Institutions,Fixed Income,"200,682.00",0.05,"200,682.00","200,000.00",-,USY7T4K3AC40,-,99.59,Korea (South),-,USD,3.88,4.6,1.0,"Jul 30, 2030",4.5,3.87,-,4.6,3.87,4.6,USD,"Jul 14, 2025","Jul 14, 2025",2026-04-02
SNB FUNDING LTD MTN RegS,Financial Institutions,Fixed Income,"200,610.46",0.05,"200,610.46","200,000.00",-,XS2853489271,-,99.25,Saudi Arabia,-,USD,0.01,5.21,1.0,"Jul 11, 2029",4.87,0.02,-,5.21,0.02,5.21,USD,"Jul 11, 2024","Jul 11, 2024",2026-04-02
FAB SUKUK COMPANY LTD RegS,Agency,Fixed Income,"200,578.85",0.05,"200,578.85","200,000.00",-,XS2747271018,-,99.4,United Arab Emirates,-,USD,2.6,5.01,1.0,"Jan 23, 2029",4.78,2.58,-,5.01,2.58,5.01,USD,"Jan 23, 2024","Jan 23, 2024",2026-04-02
SNB SUKUK LTD RegS,Financial Institutions,Fixed Income,"200,607.08",0.05,"200,607.08","200,000.00",-,XS2747631914,-,99.83,Saudi Arabia,-,USD,2.68,5.19,1.0,"Feb 27, 2029",5.13,2.66,-,5.19,2.66,5.19,USD,"Feb 27, 2024","Feb 27, 2024",2026-04-02
FAB SUKUK COMPANY LTD RegS,Agency,Fixed Income,"200,545.35",0.05,"200,545.35","200,000.00",-,XS2576361195,-,99.34,United Arab Emirates,-,USD,1.7,4.96,1.0,"Jan 17, 2028",4.58,1.69,-,4.96,1.69,4.96,USD,"Jan 17, 2023","Jan 17, 2023",2026-04-02
SNB SUKUK LTD MTN RegS,Financial Institutions,Fixed Income,"200,501.20",0.05,"200,501.20","200,000.00",-,XS3121750619,BV5PF12,99.06,Saudi Arabia,-,USD,4.48,5.99,1.0,"Jul 18, 2036",5.94,4.42,-,6.15,4.43,6.15,USD,"Jul 18, 2025","Jul 18, 2025",2026-04-02
BANK OF CHINA (DUBAI) BRANCH MTN RegS,Agency,Fixed Income,"200,514.56",0.05,"200,514.56","200,000.00",-,XS3233493801,-,99.86,China,-,USD,0.02,4.23,1.0,"Nov 24, 2028",4.11,0.14,-,4.23,0.14,4.23,USD,"Nov 24, 2025","Nov 24, 2025",2026-04-02
TABREED SUKUK PROGRAMME LTD RegS,Utility,Fixed Income,"200,515.19",0.05,"200,515.19","200,000.00",-,XS3013061489,-,99.89,United Arab Emirates,-,USD,3.43,5.31,1.0,"Mar 05, 2030",5.28,3.5,-,5.31,3.5,5.31,USD,"Mar 05, 2025","Mar 05, 2025",2026-04-02
CCB SHIPPING AND AVIATION LEASING MTN RegS,Agency,Fixed Income,"200,522.41",0.05,"200,522.41","200,000.00",-,XS3175935116,-,100.09,Hong Kong,-,USD,0.02,4.33,1.0,"Sep 17, 2028",4.31,0.21,-,4.33,0.21,4.33,USD,"Sep 17, 2025","Sep 17, 2025",2026-04-02
BOCOM LEASING MANAGEMENT HONG KONG MTN RegS,Financial Institutions,Fixed Income,"200,459.64",0.05,"200,459.64","200,000.00",-,XS2849213058,-,100.16,China,-,USD,0.02,4.29,1.0,"Jun 26, 2027",5.03,0.23,-,4.24,0.23,4.24,USD,"Jun 26, 2024","Jun 26, 2024",2026-04-02
INVENTIVE GLOBAL INVESTMENTS LTD MTN RegS,Agency,Fixed Income,"200,472.14",0.05,"200,472.14","200,000.00",-,XS3231134084,-,99.77,China,-,USD,0.0,4.34,1.0,"Nov 19, 2028",4.16,0.13,-,4.34,0.13,4.34,USD,"Nov 19, 2025","Nov 19, 2025",2026-04-02
CHINA RAILWAY XUNJIE CO LTD RegS,Industrial,Fixed Income,"200,424.67",0.05,"200,424.67","200,000.00",-,XS2486840544,-,99.28,China,-,USD,1.21,4.59,1.0,"Jul 06, 2027",4.0,1.21,-,4.59,1.21,4.59,USD,"Jul 06, 2022","Jul 06, 2022",2026-04-02
BANK OF CHINA LTD (SYDNEY BRANCH) MTN RegS,Agency,Fixed Income,"200,381.87",0.05,"200,381.87","200,000.00",-,XS2992396247,-,99.88,China,-,USD,0.01,4.33,1.0,"Mar 04, 2028",4.16,0.17,-,4.33,0.17,4.33,USD,"Mar 04, 2025","Mar 04, 2025",2026-04-02
ALDAR INVESTMENT PROPERTIES SUKUK RegS,Financial Institutions,Fixed Income,"200,344.44",0.05,"200,344.44","200,000.00",-,XS2816816305,-,98.13,United Arab Emirates,-,USD,6.37,5.79,1.0,"May 16, 2034",5.5,6.33,-,5.79,6.33,5.79,USD,"May 16, 2024","May 16, 2024",2026-04-02
BANCO DE CREDITO E INVERSIONES-SD RegS,Financial Institutions,Fixed Income,"200,352.67",0.05,"200,352.67","200,000.00",05890PZA7,US05890PZA73,BD353W5,98.54,Chile,-,USD,1.45,4.49,1.0,"Oct 12, 2027",3.5,1.45,-,4.49,1.45,4.49,USD,"Oct 12, 2017","Oct 12, 2017",2026-04-02
DAR AL-ARKAN SUKUK COMPANY LTD RegS,Financial Institutions,Fixed Income,"200,305.56",0.05,"200,305.56","200,000.00",-,XS2648078322,-,99.38,Saudi Arabia,-,USD,2.58,8.24,1.0,"Feb 25, 2029",8.0,2.52,-,8.24,2.52,8.24,USD,"Jul 25, 2023","Jul 25, 2023",2026-04-02
POWER FINANCE CORPORATION LTD MTN RegS,Agency,Fixed Income,"200,270.00",0.05,"200,270.00","200,000.00",-,XS2013531061,BK9PVW4,98.86,India,-,USD,2.94,4.89,1.0,"Jun 18, 2029",4.5,2.92,-,4.89,2.92,4.89,USD,"Jun 18, 2019","Jun 18, 2019",2026-04-02
ANGLO AMERICAN CAPITAL PLC RegS,Industrial,Fixed Income,"200,297.00",0.05,"200,297.00","200,000.00",-,USG0446NAP99,BFMHFH5,99.96,South Africa,-,USD,1.74,4.52,1.0,"Mar 15, 2028",4.5,1.85,-,4.52,1.85,4.52,USD,"Mar 15, 2018","Mar 15, 2018",2026-04-02
BANK OF CHINA LIMITED (BUDAPEST BR MTN RegS,Agency,Fixed Income,"200,160.02",0.05,"200,160.02","200,000.00",-,XS2845725139,-,100.01,China,-,USD,0.01,4.3,1.0,"Jun 26, 2027",4.9,0.23,-,4.3,0.23,4.3,USD,"Jun 26, 2024","Jun 26, 2024",2026-04-02
AIA GROUP LTD MTN RegS,Financial Institutions,Fixed Income,"200,112.00",0.05,"200,112.00","200,000.00",00131MAH6,US00131MAH60,BJK34H6,98.35,Hong Kong,-,USD,2.72,4.19,1.0,"Apr 09, 2029",3.6,2.78,-,4.19,2.78,4.19,USD,"Apr 09, 2019","Apr 09, 2019",2026-04-02
FAR EAST HORIZON LTD MTN RegS,Financial Institutions,Fixed Income,"200,065.97",0.05,"200,065.97","200,000.00",-,XS2886144232,-,99.63,China,-,USD,1.82,6.08,1.0,"Mar 05, 2028",5.88,1.79,-,6.08,1.79,6.08,USD,"Sep 05, 2024","Sep 05, 2024",2026-04-02
ALMARAI SUKUK LTD RegS,Industrial,Fixed Income,"200,071.69",0.05,"200,071.69","200,000.00",-,XS2641777235,-,99.09,Saudi Arabia,-,USD,5.98,5.38,1.0,"Jul 25, 2033",5.23,5.95,-,5.38,5.95,5.38,USD,"Jul 25, 2023","Jul 25, 2023",2026-04-02
RUWAIS POWER CO PJSC RegS,Agency,Fixed Income,"200,092.00",0.05,"200,092.00","200,000.00",-,USM8220VAA28,BCLBGG3,99.5,United Arab Emirates,-,USD,6.46,6.07,1.0,"Aug 31, 2036",6.0,6.42,-,6.07,6.42,6.07,USD,"Aug 06, 2013","Aug 06, 2013",2026-04-02
BANK OF CHINA LIMITED (PANAMA BRAN MTN RegS,Agency,Fixed Income,"200,034.80",0.05,"200,034.80","200,000.00",-,XS3023969739,-,99.88,China,-,USD,-0.02,4.37,1.0,"Mar 19, 2028",4.18,0.21,-,4.37,0.21,4.37,USD,"Mar 19, 2025","Mar 19, 2025",2026-04-02
ORBIA ADVANCE CORPORATION SAB DE C RegS,Industrial,Fixed Income,"199,950.56",0.05,"199,950.56","200,000.00",-,USP7S81YBJ38,-,97.39,Mexico,-,USD,3.48,7.55,1.0,"May 13, 2030",6.8,3.43,-,7.55,3.43,7.55,USD,"May 13, 2025","May 13, 2025",2026-04-02
BANCO BTG PACTUAL SA (CAYMAN ISLAN MTN RegS,Financial Institutions,Fixed Income,"199,952.22",0.05,"199,952.22","200,000.00",05971BAL3,US05971BAL36,-,98.89,Brazil,-,USD,3.35,6.08,1.0,"Jan 22, 2030",5.75,3.34,-,6.08,3.34,6.08,USD,"Oct 22, 2024","Oct 22, 2024",2026-04-02
REC LIMITED MTN RegS,Agency,Fixed Income,"199,975.17",0.05,"199,975.17","200,000.00",74947MAE2,US74947MAE21,-,99.95,India,-,USD,3.2,4.77,1.0,"Sep 27, 2029",4.75,3.18,-,4.77,3.18,4.77,USD,"Sep 27, 2024","Sep 27, 2024",2026-04-02
BAIDU INC,Industrial,Fixed Income,"199,975.67",0.05,"199,975.67","200,000.00",056752AJ7,US056752AJ76,BF25212,99.14,China,-,USD,1.22,4.32,1.0,"Jul 06, 2027",3.63,1.21,-,4.32,1.21,4.32,USD,"Jul 06, 2017","Jul 06, 2017",2026-04-02
AMAGGI LUXEMBOURG INTERNATIONAL SA RegS,Industrial,Fixed Income,"199,984.33",0.05,"199,984.33","200,000.00",-,USL0183BAA90,BNDN4V5,99.09,Brazil,-,USD,1.44,5.78,1.0,"Jan 28, 2028",5.25,1.7,-,5.78,1.7,5.78,USD,"Jan 28, 2021","Jan 28, 2021",2026-04-02
HINDUSTAN PETROLEUM CORP LTD RegS,Agency,Fixed Income,"199,913.33",0.05,"199,913.33","200,000.00",-,XS1637846616,BYXCMC6,99.09,India,-,USD,1.23,4.73,1.0,"Jul 12, 2027",4.0,1.22,-,4.73,1.22,4.73,USD,"Jul 12, 2017","Jul 12, 2017",2026-04-02
BANK OF CHINA LTD (LUXEMBOURG BRAN MTN RegS,Agency,Fixed Income,"199,925.10",0.05,"199,925.10","200,000.00",-,XS3032820410,-,99.88,China,-,USD,0.02,4.3,1.0,"Mar 24, 2028",4.19,0.23,-,4.3,0.23,4.3,USD,"Mar 24, 2025","Mar 24, 2025",2026-04-02
BIDVEST GROUP (UK) PLC RegS,Industrial,Fixed Income,"199,907.78",0.05,"199,907.78","200,000.00",-,XS3179720167,-,99.73,South Africa,-,USD,4.43,6.25,1.0,"Sep 17, 2032",6.2,5.25,-,6.25,5.25,6.25,USD,"Sep 17, 2025","Sep 17, 2025",2026-04-02
BANCO BRADESCO SA (CAYMAN ISLANDS MTN RegS,Financial Institutions,Fixed Income,"199,840.28",0.05,"199,840.28","200,000.00",05947LBD9,US05947LBD91,-,98.88,Brazil,-,USD,4.17,5.64,1.0,"Jan 20, 2031",5.38,4.14,-,5.64,4.14,5.64,USD,"Jan 20, 2026","Jan 20, 2026",2026-04-02
WE SODA INVESTMENTS HOLDING PLC RegS,Industrial,Fixed Income,"199,770.83",0.05,"199,770.83","200,000.00",-,USG95448AC32,-,98.69,Turkey,-,USD,3.33,9.71,1.0,"Feb 14, 2031",9.38,3.79,-,9.71,3.79,9.71,USD,"Feb 14, 2024","Feb 14, 2024",2026-04-02
BANCO MERCANTIL DEL NORTE SA NC5 RegS,Financial Institutions,Fixed Income,"199,786.17",0.05,"199,786.17","200,000.00",-,USP1401KAA99,-,98.82,Mexico,-,USD,0.71,8.57,1.0,"Dec 31, 2079",5.88,0.52,-,7.45,0.77,7.45,USD,"Nov 24, 2021","Nov 24, 2021",2026-04-02
JBS NV,Industrial,Fixed Income,"199,641.20",0.05,"199,641.20","200,000.00",472140AD4,US472140AD49,2PGWWX0,99.18,Brazil,-,USD,12.68,6.44,1.0,"Feb 25, 2055",6.38,12.99,-,6.44,12.99,6.44,USD,"Aug 25, 2025","Jan 12, 2026",2026-04-02
BANCO MERCANTIL DEL NORTE SA (GRAN RegS,Financial Institutions,Fixed Income,"199,614.10",0.05,"199,614.10","200,000.00",-,USP1400MAB48,BK5SMQ8,99.74,Mexico,-,USD,2.85,9.04,1.0,"Dec 31, 2079",7.5,2.59,-,7.66,2.8,7.66,USD,"Jun 27, 2019","Jun 27, 2019",2026-04-02
CEMEX SAB DE CV RegS,Industrial,Fixed Income,"199,628.39",0.05,"199,628.39","200,000.00",-,USP2253TJS98,BMJ1BZ9,99.5,Mexico,-,USD,0.19,4.55,1.0,"Dec 31, 2079",5.13,0.37,-,7.78,0.18,7.78,USD,"Jun 08, 2021","Jun 08, 2021",2026-04-02
ISRAEL ELECTRIC CORP LTD MTN,Agency,Fixed Income,"199,566.26",0.05,"199,566.26","200,000.00",-,IL0012349887,-,98.81,Israel,-,USD,8.45,5.77,1.0,"Jan 28, 2038",5.63,8.44,-,5.77,8.44,5.77,USD,"Jan 28, 2026","Jan 28, 2026",2026-04-02
CSCEC FINANCE (CAYMAN) II LTD RegS,Agency,Fixed Income,"199,586.78",0.05,"199,586.78","200,000.00",-,XS1634368259,BYVKR38,98.97,China,-,USD,1.22,4.34,1.0,"Jul 05, 2027",3.5,1.21,-,4.34,1.21,4.34,USD,"Jul 05, 2017","Jul 05, 2017",2026-04-02
FIRST ABU DHABI BANK PJSC MTN RegS,Agency,Fixed Income,"199,521.86",0.05,"199,521.86","200,000.00",-,XS2979644536,-,98.88,United Arab Emirates,-,USD,0.0,5.08,1.0,"Jan 22, 2030",4.67,0.04,-,5.08,0.04,5.08,USD,"Jan 22, 2025","Jan 22, 2025",2026-04-02
ABU DHABI FUTURE ENERGY COMPANY PJ MTN RegS,Agency,Fixed Income,"199,489.83",0.05,"199,489.83","200,000.00",-,XS2856902189,-,98.8,United Arab Emirates,-,USD,6.62,5.43,1.0,"Jul 25, 2034",5.25,6.59,-,5.43,6.59,5.43,USD,"Jul 25, 2024","Jul 25, 2024",2026-04-02
AEGEA FINANCE SARL RegS,Utility,Fixed Income,"199,500.00",0.05,"199,500.00","200,000.00",-,USL01343AB52,-,98.0,Brazil,-,USD,3.46,9.52,1.0,"Jan 20, 2031",9.0,3.75,-,9.52,3.75,9.52,USD,"Oct 04, 2023","Oct 04, 2023",2026-04-02
SITIOS LATINOAMERICA SAB DE CV RegS,Industrial,Fixed Income,"199,505.56",0.05,"199,505.56","200,000.00",-,USP0R80BAG79,-,97.13,Mexico,-,USD,4.92,5.95,1.0,"Apr 04, 2032",5.38,4.92,-,5.95,4.92,5.95,USD,"Apr 04, 2022","Apr 04, 2022",2026-04-02
REDE D OR FINANCE SARL RegS,Industrial,Fixed Income,"199,457.50",0.05,"199,457.50","200,000.00",-,USL7915RAA43,BD0G224,98.72,Brazil,-,USD,1.63,5.7,1.0,"Jan 17, 2028",4.95,1.68,-,5.7,1.68,5.7,USD,"Jan 17, 2018","Jan 17, 2018",2026-04-02
ICICI BANK LTD (DUBAI BRANCH) MTN RegS,Financial Institutions,Fixed Income,"199,427.78",0.05,"199,427.78","200,000.00",45112FAM8,US45112FAM86,BF4KYF3,98.59,India,-,USD,1.62,4.66,1.0,"Dec 14, 2027",3.8,1.61,-,4.66,1.61,4.66,USD,"Dec 14, 2017","Dec 14, 2017",2026-04-02
BOC AVIATION LTD MTN RegS,Agency,Fixed Income,"199,369.83",0.05,"199,369.83","200,000.00",-,XS3262495131,-,98.74,Singapore,-,USD,5.72,4.59,1.0,"Jan 12, 2033",4.38,5.75,-,4.59,5.75,4.59,USD,"Jan 12, 2026","Jan 12, 2026",2026-04-02
INVERSIONES CMPC SA RegS,Industrial,Fixed Income,"199,388.94",0.05,"199,388.94","200,000.00",-,USP58072AY87,-,99.12,Chile,-,USD,6.15,6.27,1.0,"Feb 26, 2034",6.13,6.15,-,6.27,6.15,6.27,USD,"Feb 26, 2024","Feb 26, 2024",2026-04-02
CAS CAPITAL NO 2 LTD RegS,Industrial,Fixed Income,"199,393.61",0.05,"199,393.61","200,000.00",-,XS3258406761,-,98.36,Hong Kong,-,USD,4.08,6.75,1.0,"Dec 31, 2079",6.25,4.12,-,6.65,4.2,6.65,USD,"Jan 13, 2026","Jan 13, 2026",2026-04-02
AMERICA MOVIL SAB DE CV,Industrial,Fixed Income,"199,397.67",0.05,"199,397.67","200,000.00",02364WBK0,US02364WBK09,-,98.8,Mexico,-,USD,5.3,4.92,1.0,"Jul 21, 2032",4.7,5.35,-,4.92,5.35,4.92,USD,"Jul 21, 2022","Jul 21, 2022",2026-04-02
INDUSTRIAL BANK OF KOREA MTN RegS,Agency,Fixed Income,"199,338.00",0.05,"199,338.00","200,000.00",45604HAQ0,US45604HAQ02,-,99.67,Korea (South),-,USD,3.24,4.1,1.0,"Sep 30, 2029",4.0,3.23,-,4.1,3.23,4.1,USD,"Sep 30, 2024","Sep 30, 2024",2026-04-02
INVERSIONES CMPC SA RegS,Industrial,Fixed Income,"199,343.89",0.05,"199,343.89","200,000.00",-,USP58072BA92,-,97.59,Chile,-,USD,5.11,6.92,1.0,"Dec 09, 2057",6.7,5.18,-,7.17,5.18,7.17,USD,"Sep 09, 2025","Sep 09, 2025",2026-04-02
SUZANO AUSTRIA GMBH,Industrial,Fixed Income,"199,353.79",0.05,"199,353.79","200,000.00",86964WAH5,US86964WAH51,BJXTN41,98.64,Brazil,-,USD,3.33,5.4,1.0,"Jan 15, 2030",5.0,3.37,-,5.4,3.37,5.4,USD,"May 29, 2019","Aug 14, 2019",2026-04-02
MIZRAHI TEFAHOT BANK LTD,Financial Institutions,Fixed Income,"199,364.10",0.05,"199,364.10","200,000.00",-,IL0012348483,-,98.81,Israel,-,USD,4.2,5.33,1.0,"Jan 28, 2031",5.05,4.19,-,5.33,4.19,5.33,USD,"Jan 28, 2026","Jan 28, 2026",2026-04-02
EI SUKUK COMPANY LTD RegS,Agency,Fixed Income,"199,262.53",0.05,"199,262.53","200,000.00",-,XS3030374030,-,99.56,United Arab Emirates,-,USD,3.58,5.18,1.0,"Mar 25, 2030",5.06,3.56,-,5.18,3.56,5.18,USD,"Mar 25, 2025","Mar 25, 2025",2026-04-02
SAIB TIER 1 SUKUK LIMITED RegS,Financial Institutions,Fixed Income,"199,286.25",0.05,"199,286.25","200,000.00",-,XS2917911401,-,97.47,Saudi Arabia,-,USD,2.95,6.26,1.0,"Dec 31, 2079",6.38,3.42,-,6.26,3.51,6.26,USD,"Nov 27, 2024","Nov 27, 2024",2026-04-02
DIB SUKUK LTD RegS,Financial Institutions,Fixed Income,"199,109.40",0.05,"199,109.40","200,000.00",-,XS3002400540,-,97.89,United Arab Emirates,-,USD,4.08,5.09,1.0,"Nov 19, 2030",4.57,4.05,-,5.09,4.05,5.09,USD,"Nov 19, 2025","Nov 19, 2025",2026-04-02
CNOOC NEXEN FINANCE 2014 ULC,Agency,Fixed Income,"199,124.50",0.05,"199,124.50","200,000.00",12591DAD3,US12591DAD30,BLXQ294,97.53,China,-,USD,11.44,5.09,1.0,"Apr 30, 2044",4.88,11.59,-,5.09,11.59,5.09,USD,"Apr 30, 2014","Apr 30, 2014",2026-04-02
ANTOFAGASTA PLC RegS,Industrial,Fixed Income,"199,056.25",0.05,"199,056.25","200,000.00",-,USG0399BAC12,-,99.2,Chile,-,USD,7.2,5.74,1.0,"Sep 09, 2035",5.63,7.21,-,5.74,7.21,5.74,USD,"Sep 09, 2025","Sep 09, 2025",2026-04-02
CCCI TREASURE LTD RegS,Agency,Fixed Income,"199,070.83",0.05,"199,070.83","200,000.00",-,XS2102905168,-,99.14,China,-,USD,0.63,8.71,1.0,"Dec 31, 2079",3.65,0.59,-,5.03,0.86,5.03,USD,"Feb 21, 2020","Feb 21, 2020",2026-04-02
GRUPO AEROMEXICO SAB DE CV RegS,Industrial,Fixed Income,"199,016.67",0.05,"199,016.67","200,000.00",-,USP4955JAC29,-,96.25,Mexico,-,USD,3.96,9.5,1.0,"Nov 15, 2031",8.63,4.2,-,9.5,4.2,9.5,USD,"Nov 14, 2024","Nov 14, 2024",2026-04-02
ABU DHABI NATIONAL ENERGY COMPANY MTN RegS,Agency,Fixed Income,"198,994.17",0.05,"198,994.17","200,000.00",-,XS2600246552,-,98.69,United Arab Emirates,-,USD,2.61,4.87,1.0,"Jan 24, 2029",4.38,2.6,-,4.87,2.6,4.87,USD,"Apr 24, 2023","Apr 24, 2023",2026-04-02
CK HUTCHISON INTERNATIONAL (19) LT RegS,Industrial,Fixed Income,"198,995.47",0.05,"198,995.47","200,000.00",-,USG2179DAB13,BJQPNZ7,97.8,Hong Kong,-,USD,2.73,4.41,1.0,"Apr 11, 2029",3.63,2.78,-,4.41,2.78,4.41,USD,"Apr 11, 2019","Apr 11, 2019",2026-04-02
MAF SUKUK LTD RegS,Financial Institutions,Fixed Income,"198,868.27",0.05,"198,868.27","200,000.00",-,XS1991188548,BK6QWG1,97.68,United Arab Emirates,-,USD,2.83,5.45,1.0,"May 14, 2029",4.64,2.81,-,5.45,2.81,5.45,USD,"May 14, 2019","May 14, 2019",2026-04-02
GRUPO AEROMEXICO SAB DE CV RegS,Industrial,Fixed Income,"198,793.33",0.05,"198,793.33","200,000.00",-,USP4955JAB46,-,96.28,Mexico,-,USD,2.89,9.48,1.0,"Nov 15, 2029",8.25,2.96,-,9.48,2.96,9.48,USD,"Nov 14, 2024","Nov 14, 2024",2026-04-02
PEGASUS HAVA TASIMACILIGI AS RegS,Industrial,Fixed Income,"198,740.44",0.05,"198,740.44","200,000.00",-,XS2897383043,-,98.95,Turkey,-,USD,3.77,8.24,1.0,"Sep 11, 2031",8.0,4.32,-,8.24,4.32,8.24,USD,"Sep 11, 2024","Sep 11, 2024",2026-04-02
SK HYNIX INC RegS,Industrial,Fixed Income,"198,673.81",0.05,"198,673.81","200,000.00",-,USY8085FBZ28,-,99.11,Korea (South),-,USD,4.0,4.6,1.0,"Sep 11, 2030",4.38,3.99,-,4.6,3.99,4.6,USD,"Sep 11, 2025","Sep 11, 2025",2026-04-02
AKBANK TAS RegS,Financial Institutions,Fixed Income,"198,637.50",0.05,"198,637.50","200,000.00",-,XS3013974533,-,98.75,Turkey,-,USD,3.55,7.96,1.0,"Sep 04, 2035",7.88,3.62,-,8.24,3.65,8.24,USD,"Mar 04, 2025","Mar 04, 2025",2026-04-02
ALIBABA GROUP HOLDING LTD,Industrial,Fixed Income,"198,650.00",0.05,"198,650.00","200,000.00",01609WAR3,US01609WAR34,BYP8WZ5,97.8,China,-,USD,6.87,4.81,1.0,"Nov 28, 2034",4.5,6.97,-,4.81,6.97,4.81,USD,"May 28, 2015","Nov 25, 2015",2026-04-02
CASTLE PEAK POWER FINANCE CO LTD MTN RegS,Utility,Fixed Income,"198,663.61",0.05,"198,663.61","200,000.00",-,XS1648263926,BDC3QX2,98.75,Hong Kong,-,USD,1.27,4.23,1.0,"Jul 25, 2027",3.25,1.27,-,4.23,1.27,4.23,USD,"Jul 25, 2017","Jul 25, 2017",2026-04-02
CEMEX SAB DE CV RegS,Industrial,Fixed Income,"198,577.56",0.05,"198,577.56","200,000.00",-,USP2253TJQ33,BLN8YC7,99.1,Mexico,-,USD,2.88,5.43,1.0,"Sep 17, 2030",5.2,3.92,-,5.43,3.92,5.43,USD,"Sep 17, 2020","Sep 17, 2020",2026-04-02
CLIFFORD CAPITAL HOLDINGS PTE LTD RegS,Agency,Fixed Income,"198,536.00",0.05,"198,536.00","200,000.00",-,XS3177888198,-,99.27,Singapore,-,USD,2.37,4.28,1.0,"Sep 30, 2028",3.97,2.35,-,4.28,2.35,4.28,USD,"Sep 30, 2025","Sep 30, 2025",2026-04-02
KUAISHOU TECHNOLOGY 144A,Industrial,Fixed Income,"198,542.33",0.05,"198,542.33","200,000.00",50116LAA7,US50116LAA70,-,98.49,China,-,USD,4.27,4.48,1.0,"Jan 22, 2031",4.13,4.28,-,4.48,4.28,4.48,USD,"Jan 22, 2026","Jan 22, 2026",2026-04-02
SWIRE PROPERTIES MTN FINANCING LTD MTN RegS,Financial Institutions,Fixed Income,"198,543.56",0.05,"198,543.56","200,000.00",-,XS1743657683,BFNM1J3,98.49,Hong Kong,-,USD,1.7,4.39,1.0,"Jan 10, 2028",3.5,1.69,-,4.39,1.69,4.39,USD,"Jan 10, 2018","Jan 10, 2018",2026-04-02
VALE OVERSEAS LTD RegS,Industrial,Fixed Income,"198,546.67",0.05,"198,546.67","200,000.00",-,USG9317UAD75,-,98.69,Brazil,-,USD,4.02,6.34,1.0,"Feb 25, 2056",6.0,4.1,-,6.33,4.16,6.33,USD,"Nov 25, 2025","Nov 25, 2025",2026-04-02
CHINA GREAT WALL INTERNATIONAL HOL MTN RegS,Agency,Fixed Income,"198,438.89",0.05,"198,438.89","200,000.00",-,XS1645684827,BD1ML02,98.88,China,-,USD,1.36,4.69,1.0,"Aug 31, 2027",3.88,1.36,-,4.69,1.36,4.69,USD,"Aug 31, 2017","Aug 31, 2017",2026-04-02
CK HUTCHISON INTERNATIONAL (25) LT RegS,Industrial,Fixed Income,"198,356.44",0.05,"198,356.44","200,000.00",-,USG21913AA93,-,99.13,Hong Kong,-,USD,4.03,4.47,1.0,"Sep 26, 2030",4.25,4.04,-,4.47,4.04,4.47,USD,"Sep 26, 2025","Sep 26, 2025",2026-04-02
ALINMA AT1 SUKUK LTD RegS,Financial Institutions,Fixed Income,"198,125.50",0.05,"198,125.50","200,000.00",-,XS3168164286,-,98.59,Saudi Arabia,-,USD,3.75,6.42,1.0,"Dec 31, 2079",6.25,4.08,-,6.42,4.15,6.42,USD,"Sep 03, 2025","Sep 03, 2025",2026-04-02
MEITUAN RegS,Industrial,Fixed Income,"198,152.39",0.05,"198,152.39","200,000.00",-,USG59669AH76,-,97.16,China,-,USD,5.47,5.26,1.0,"Nov 05, 2032",4.75,5.47,-,5.26,5.47,5.26,USD,"Nov 05, 2025","Nov 05, 2025",2026-04-02
STANDARD CHARTERED PLC RegS,Financial Institutions,Fixed Income,"198,088.13",0.05,"198,088.13","200,000.00",-,XS2428496637,-,98.48,Hong Kong,-,USD,0.75,4.74,1.0,"Jan 12, 2028",2.61,0.75,-,4.6,0.76,4.6,USD,"Jan 12, 2022","Jan 12, 2022",2026-04-02
RUMO LUXEMBOURG SARL RegS,Industrial,Fixed Income,"198,096.67",0.05,"198,096.67","200,000.00",-,USL79090AC78,-,97.88,Brazil,-,USD,1.58,6.53,1.0,"Jan 10, 2028",5.25,1.65,-,6.53,1.65,6.53,USD,"Jul 10, 2020","Jul 10, 2020",2026-04-02
STC SUKUK COMPANY 2 LTD 144A,Agency,Fixed Income,"198,117.92",0.05,"198,117.92","200,000.00",784772AB1,US784772AB10,-,98.0,Saudi Arabia,-,USD,7.5,5.35,1.0,"Jan 15, 2036",5.08,7.53,-,5.35,7.53,5.35,USD,"Jan 15, 2026","Jan 15, 2026",2026-04-02
BANQUE SAUDI FRANSI RegS,Financial Institutions,Fixed Income,"198,050.58",0.05,"198,050.58","200,000.00",-,XS3058649784,-,96.49,Saudi Arabia,-,USD,3.25,6.69,1.0,"Dec 31, 2079",6.38,4.11,-,6.69,4.16,6.69,USD,"May 07, 2025","May 07, 2025",2026-04-02
PETROBRAS GLOBAL FINANCE BV,Agency,Fixed Income,"198,007.78",0.05,"198,007.78","200,000.00",71647NBN8,US71647NBN84,-,97.61,Brazil,-,USD,7.11,6.58,1.0,"Jan 10, 2036",6.25,7.09,-,6.58,7.09,6.58,USD,"Sep 10, 2025","Sep 10, 2025",2026-04-02
FWD GROUP HOLDINGS LTD MTN RegS,Financial Institutions,Fixed Income,"197,975.38",0.05,"197,975.38","200,000.00",-,USG37049AD85,-,98.86,Hong Kong,-,USD,7.22,6.0,1.0,"Sep 22, 2035",5.84,7.17,-,6.0,7.17,6.0,USD,"Sep 22, 2025","Sep 22, 2025",2026-04-02
MUTHOOT FINANCE LTD MTN RegS,Financial Institutions,Fixed Income,"197,991.67",0.05,"197,991.67","200,000.00",62828M2E0,US62828M2E07,-,98.5,India,-,USD,3.13,6.86,1.0,"Mar 02, 2030",6.38,3.08,-,6.86,3.08,6.86,USD,"Sep 02, 2025","Sep 02, 2025",2026-04-02
GDZ ELEKTRIK DAGITIM AS RegS,Utility,Fixed Income,"198,000.00",0.05,"198,000.00","200,000.00",-,XS2911134604,-,94.88,Turkey,-,USD,2.83,10.78,1.0,"Oct 15, 2029",9.0,2.82,-,10.78,2.82,10.78,USD,"Oct 15, 2024","Oct 15, 2024",2026-04-02
AXIS BANK LTD GIFT CITY (GANDHINAG RegS,Financial Institutions,Fixed Income,"198,001.11",0.05,"198,001.11","200,000.00",-,USY1009XAA73,BMYRD23,98.75,India,-,USD,0.88,7.12,1.0,"Dec 31, 2079",4.1,0.7,-,7.02,0.42,7.02,USD,"Sep 08, 2021","Sep 08, 2021",2026-04-02
WHARF REIC FINANCE BVI LTD MTN RegS,Financial Institutions,Fixed Income,"197,871.44",0.05,"197,871.44","200,000.00",-,XS1751002707,BFWCRD0,98.23,Hong Kong,-,USD,1.72,4.54,1.0,"Jan 17, 2028",3.5,1.71,-,4.54,1.71,4.54,USD,"Jan 17, 2018","Jan 17, 2018",2026-04-02
AMERICA MOVIL SAB DE CV,Industrial,Fixed Income,"197,713.94",0.05,"197,713.94","200,000.00",02364WBH7,US02364WBH79,BK7K1Y3,97.27,Mexico,-,USD,2.77,4.59,1.0,"Apr 22, 2029",3.63,2.81,-,4.59,2.81,4.59,USD,"Apr 22, 2019","Apr 22, 2019",2026-04-02
DAR AL-ARKAN SUKUK COMPANY LTD MTN RegS,Financial Institutions,Fixed Income,"197,530.70",0.05,"197,530.70","200,000.00",-,XS3101460304,-,96.99,Saudi Arabia,-,USD,3.59,8.09,1.0,"Jul 02, 2030",7.25,3.52,-,8.09,3.52,8.09,USD,"Jul 02, 2025","Jul 02, 2025",2026-04-02
ABU DHABI COMMERCIAL BANK PJSC RegS,Agency,Fixed Income,"197,471.67",0.05,"197,471.67","200,000.00",-,XS2893176276,-,98.44,United Arab Emirates,-,USD,3.12,5.71,1.0,"Mar 10, 2035",5.36,3.47,-,5.87,3.49,5.87,USD,"Sep 10, 2024","Sep 10, 2024",2026-04-02
QNB FINANCE LTD MTN RegS,Agency,Fixed Income,"197,457.29",0.05,"197,457.29","200,000.00",-,XS3277074004,-,97.96,Qatar,-,USD,-0.03,5.03,1.0,"Jan 29, 2031",4.47,0.06,-,5.03,0.06,5.03,USD,"Jan 29, 2026","Jan 29, 2026",2026-04-02
ABU DHABI NATIONAL ENERGY COMPANY MTN RegS,Agency,Fixed Income,"197,316.25",0.05,"197,316.25","200,000.00",-,XS2911044019,-,96.58,United Arab Emirates,-,USD,4.76,5.09,1.0,"Oct 09, 2031",4.38,4.73,-,5.09,4.73,5.09,USD,"Oct 09, 2024","Oct 09, 2024",2026-04-02
SIB SUKUK COMPANY III LTD RegS,Financial Institutions,Fixed Income,"197,338.67",0.05,"197,338.67","200,000.00",-,XS3220972478,-,96.91,United Arab Emirates,-,USD,4.05,5.36,1.0,"Nov 12, 2030",4.6,4.02,-,5.36,4.02,5.36,USD,"Nov 12, 2025","Nov 12, 2025",2026-04-02
CK HUTCHISON INTERNATIONAL 24 II L RegS,Industrial,Fixed Income,"197,230.61",0.05,"197,230.61","200,000.00",-,USG21776AB80,-,98.39,Hong Kong,-,USD,6.82,4.99,1.0,"Sep 13, 2034",4.75,6.86,-,4.99,6.86,4.99,USD,"Sep 13, 2024","Sep 13, 2024",2026-04-02
STC SUKUK COMPANY 2 LTD RegS,Agency,Fixed Income,"197,252.92",0.05,"197,252.92","200,000.00",-,XS3263996632,-,97.69,Saudi Arabia,-,USD,4.22,5.04,1.0,"Jan 15, 2031",4.49,4.21,-,5.04,4.21,5.04,USD,"Jan 15, 2026","Jan 15, 2026",2026-04-02
FIDEICOMISO IRREVOCABLE NO F/1721 RegS,Financial Institutions,Fixed Income,"197,262.89",0.05,"197,262.89","200,000.00",-,USP40692AA67,-,96.74,Mexico,-,USD,7.22,5.95,1.0,"Nov 26, 2035",5.5,7.22,-,5.95,7.22,5.95,USD,"Nov 26, 2025","Nov 26, 2025",2026-04-02
COLBUN SA RegS,Utility,Fixed Income,"197,197.22",0.05,"197,197.22","200,000.00",-,USP2867KAM82,-,98.3,Chile,-,USD,7.27,5.61,1.0,"Sep 11, 2035",5.38,7.28,-,5.61,7.28,5.61,USD,"Sep 11, 2025","Sep 11, 2025",2026-04-02
MEITUAN RegS,Industrial,Fixed Income,"197,204.47",0.05,"197,204.47","200,000.00",-,USG59669AJ33,-,96.54,China,-,USD,7.28,5.6,1.0,"Nov 05, 2035",5.13,7.3,-,5.6,7.3,5.6,USD,"Nov 05, 2025","Nov 05, 2025",2026-04-02
YAPI VE KREDI BANKASI AS MTN RegS,Financial Institutions,Fixed Income,"197,115.94",0.05,"197,115.94","200,000.00",-,XS3246209749,-,96.27,Turkey,-,USD,4.02,8.17,1.0,"Jun 11, 2036",7.55,4.09,-,8.49,4.1,8.49,USD,"Dec 11, 2025","Dec 11, 2025",2026-04-02
SOCIEDAD QUIMICA Y MINERA DE CHILE RegS,Industrial,Fixed Income,"197,081.25",0.05,"197,081.25","200,000.00",-,USP8718AAR79,-,97.46,Chile,-,USD,4.05,5.96,1.0,"Apr 22, 2056",5.63,3.85,-,6.25,4.09,6.25,USD,"Jan 22, 2026","Jan 22, 2026",2026-04-02
ADANI PORTS AND SPECIAL ECONOMIC Z RegS,Industrial,Fixed Income,"196,844.81",0.05,"196,844.81","200,000.00",-,USY00130VS35,BK7YPF4,97.77,India,-,USD,1.28,5.95,1.0,"Aug 04, 2027",4.2,1.28,-,5.95,1.28,5.95,USD,"Aug 04, 2020","Aug 04, 2020",2026-04-02
IFC DEVELOPMENT CORPORATE TREASURY RegS,Financial Institutions,Fixed Income,"196,806.64",0.05,"196,806.64","200,000.00",-,XS1982058692,BK4R8P7,96.76,Hong Kong,-,USD,2.81,4.78,1.0,"Apr 17, 2029",3.63,2.79,-,4.78,2.79,4.78,USD,"Apr 17, 2019","Apr 17, 2019",2026-04-02
SAUDI AWWAL BANK SJSC MTN RegS,Financial Institutions,Fixed Income,"196,739.01",0.05,"196,739.01","200,000.00",-,XS3170344314,-,97.94,Saudi Arabia,-,USD,3.86,6.32,1.0,"Sep 04, 2035",5.95,3.79,-,6.49,3.81,6.49,USD,"Sep 04, 2025","Sep 04, 2025",2026-04-02
CK HUTCHISON INTERNATIONAL 17 II L RegS,Industrial,Fixed Income,"196,756.06",0.05,"196,756.06","200,000.00",-,USG2178XAC68,BYWXN94,98.37,Hong Kong,-,USD,1.45,4.39,1.0,"Sep 29, 2027",3.25,1.44,-,4.39,1.44,4.39,USD,"Sep 29, 2017","Sep 29, 2017",2026-04-02
AIA GROUP LTD RegS,Financial Institutions,Fixed Income,"196,705.75",0.05,"196,705.75","200,000.00",00131MAJ2,US00131MAJ27,-,96.73,Hong Kong,-,USD,3.6,4.27,1.0,"Apr 07, 2030",3.38,3.65,-,4.27,3.65,4.27,USD,"Apr 07, 2020","Apr 07, 2020",2026-04-02
MERCADOLIBRE INC,Industrial,Fixed Income,"196,591.67",0.05,"196,591.67","200,000.00",58733RAG7,US58733RAG74,-,96.78,Brazil,-,USD,5.61,5.47,1.0,"Jan 15, 2033",4.9,5.6,-,5.47,5.6,5.47,USD,"Dec 09, 2025","Dec 09, 2025",2026-04-02
PETROBRAS GLOBAL FINANCE BV,Agency,Fixed Income,"196,539.44",0.05,"196,539.44","200,000.00",71647NBM0,US71647NBM02,-,97.98,Brazil,-,USD,3.92,5.64,1.0,"Sep 10, 2030",5.13,3.9,-,5.64,3.9,5.64,USD,"Sep 10, 2025","Sep 10, 2025",2026-04-02
ANB TIER 1 SUKUK COMPANY LTD RegS,Financial Institutions,Fixed Income,"196,446.17",0.05,"196,446.17","200,000.00",-,XS3170935608,-,97.85,Saudi Arabia,-,USD,3.71,6.74,1.0,"Dec 31, 2079",6.4,4.07,-,6.74,4.15,6.74,USD,"Sep 09, 2025","Sep 09, 2025",2026-04-02
LG CHEM LTD RegS,Industrial,Fixed Income,"196,346.92",0.05,"196,346.92","200,000.00",-,USY52758AD47,BJH8TF7,96.51,Korea (South),-,USD,2.8,4.87,1.0,"Apr 15, 2029",3.63,2.79,-,4.87,2.79,4.87,USD,"Apr 15, 2019","Apr 15, 2019",2026-04-02
DHAFRAH PV2 ENERGY CO LLC 144A,Agency,Fixed Income,"196,228.17",0.05,"196,228.17","200,000.00",25241MAA5,US25241MAA53,-,96.91,United Arab Emirates,-,USD,9.39,6.11,1.0,"Jun 30, 2053",5.79,9.58,-,6.11,9.58,6.11,USD,"Jan 15, 2026","Jan 15, 2026",2026-04-02
LIMAK YENILENEBILIR ENERJI AS RegS,Utility,Fixed Income,"196,066.67",0.05,"196,066.67","200,000.00",-,XS2989570945,-,96.75,Turkey,-,USD,3.11,10.63,1.0,"Aug 12, 2030",9.63,3.21,-,10.63,3.21,10.63,USD,"Feb 12, 2025","Feb 12, 2025",2026-04-02
ABU DHABI FUTURE ENERGY COMPANY PJ MTN RegS,Agency,Fixed Income,"196,029.42",0.05,"196,029.42","200,000.00",-,XS2651619285,-,97.13,United Arab Emirates,-,USD,6.04,5.35,1.0,"Jul 25, 2033",4.88,6.01,-,5.35,6.01,5.35,USD,"Jul 25, 2023","Jul 25, 2023",2026-04-02
RENEW TREASURY IFSC PVT LTD 144A,Utility,Fixed Income,"196,031.94",0.05,"196,031.94","200,000.00",759963AA9,US759963AA95,-,96.97,India,-,USD,3.98,7.25,1.0,"Feb 02, 2031",6.5,4.03,-,7.25,4.03,7.25,USD,"Feb 02, 2026","Feb 02, 2026",2026-04-02
STANDARD CHARTERED PLC 144A,Financial Institutions,Fixed Income,"195,928.84",0.05,"195,928.84","200,000.00",85325C2L5,US85325C2L58,-,96.84,United Kingdom,-,USD,7.18,5.62,1.0,"Jan 13, 2037",5.24,7.45,-,5.62,7.44,5.62,USD,"Jan 13, 2026","Jan 13, 2026",2026-04-02
JSW STEEL LTD RegS,Industrial,Fixed Income,"195,909.72",0.05,"195,909.72","200,000.00",-,USY44680RW11,BPGN1Q0,95.5,India,-,USD,4.92,5.95,1.0,"Apr 05, 2032",5.05,4.96,-,5.95,4.96,5.95,USD,"Sep 23, 2021","Sep 23, 2021",2026-04-02
GRUPO ENERGIA BOGOTA SA ESP RegS,Local Authority,Fixed Income,"195,482.22",0.05,"195,482.22","200,000.00",-,USP4R53VAC78,-,95.22,Colombia,-,USD,7.03,6.43,1.0,"Oct 22, 2035",5.75,7.01,-,6.43,7.01,6.43,USD,"Oct 22, 2025","Oct 22, 2025",2026-04-02
ALDAR INVESTMENT PROPERTIES SUKUK RegS,Financial Institutions,Fixed Income,"195,412.50",0.05,"195,412.50","200,000.00",-,XS2627338580,-,96.0,United Arab Emirates,-,USD,5.86,5.56,1.0,"May 24, 2033",4.88,5.83,-,5.56,5.83,5.56,USD,"May 24, 2023","May 24, 2023",2026-04-02
SAUDI ARABIAN OIL CO MTN 144A,Agency,Fixed Income,"195,259.72",0.05,"195,259.72","200,000.00",80415RAA9,US80415RAA95,-,96.92,Saudi Arabia,-,USD,4.28,5.1,1.0,"Feb 02, 2031",4.38,4.27,-,5.1,4.27,5.1,USD,"Feb 02, 2026","Feb 02, 2026",2026-04-02
CORPORACION INMOBILIARIA VESTA SAB RegS,Financial Institutions,Fixed Income,"195,083.33",0.05,"195,083.33","200,000.00",-,USP3146DAB93,-,96.63,Mexico,-,USD,5.6,6.11,1.0,"Jan 30, 2033",5.5,5.54,-,6.11,5.54,6.11,USD,"Sep 30, 2025","Sep 30, 2025",2026-04-02
BOS FUNDING LTD MTN RegS,Financial Institutions,Fixed Income,"195,025.00",0.05,"195,025.00","200,000.00",-,XS2890378453,-,97.25,United Arab Emirates,-,USD,3.13,6.15,1.0,"Sep 12, 2029",5.25,3.09,-,6.15,3.09,6.15,USD,"Sep 12, 2024","Sep 12, 2024",2026-04-02
BANCO BTG PACTUAL SA (CAYMAN ISLAN MTN 144A,Financial Institutions,Fixed Income,"194,825.00",0.05,"194,825.00","200,000.00",05971AAM3,US05971AAM36,-,96.45,Brazil,-,USD,4.16,6.36,1.0,"Jan 27, 2031",5.5,4.12,-,6.36,4.12,6.36,USD,"Jan 27, 2026","Jan 27, 2026",2026-04-02
JD.COM INC,Industrial,Fixed Income,"194,843.00",0.05,"194,843.00","200,000.00",47215PAE6,US47215PAE60,-,96.71,China,-,USD,3.44,4.32,1.0,"Jan 14, 2030",3.38,3.48,-,4.32,3.48,4.32,USD,"Jan 14, 2020","Jan 14, 2020",2026-04-02
BAJ TIER 1 SUKUK COMPANY LTD RegS,Financial Institutions,Fixed Income,"194,850.89",0.05,"194,850.89","200,000.00",-,XS3184155441,-,97.28,Saudi Arabia,-,USD,3.74,6.88,1.0,"Dec 31, 2079",6.5,4.09,-,6.88,4.17,6.88,USD,"Sep 22, 2025","Sep 22, 2025",2026-04-02
NOVA SECURITISATION SARL 144A,Utility,Fixed Income,"194,679.83",0.05,"194,679.83","200,000.00",66984FAA5,US66984FAA57,-,96.43,Brazil,-,USD,4.15,6.62,1.0,"Feb 03, 2031",5.75,4.11,-,6.62,4.11,6.62,USD,"Feb 03, 2026","Feb 03, 2026",2026-04-02
SUZANO NETHERLANDS BV,Industrial,Fixed Income,"194,541.67",0.05,"194,541.67","200,000.00",86960YAA0,US86960YAA01,BVZNY97,96.13,Brazil,-,USD,7.35,6.03,1.0,"Jan 15, 2036",5.5,7.34,-,6.03,7.34,6.03,USD,"Sep 10, 2025","Sep 10, 2025",2026-04-02
INDUSTRIAS PENOLES SAB DE CV RegS,Industrial,Fixed Income,"194,465.00",0.05,"194,465.00","200,000.00",-,USP55409AA77,-,97.03,Mexico,-,USD,3.13,5.1,1.0,"Sep 12, 2029",4.15,3.16,-,5.1,3.16,5.1,USD,"Sep 12, 2019","Sep 12, 2019",2026-04-02
BRASKEM NETHERLANDS FINANCE BV RegS,Industrial,Fixed Income,"194,400.00",0.05,"194,400.00","400,000.00",-,USN15516AB83,BF8F6P8,47.6,Brazil,-,USD,1.64,50.0,1.0,"Jan 10, 2028",4.5,1.32,-,50.0,1.32,50.0,USD,"Oct 10, 2017","Oct 10, 2017",2026-04-02
TURKIYE IS BANKASI AS MTN 144A,Financial Institutions,Fixed Income,"194,323.00",0.05,"194,323.00","200,000.00",900151AP6,US900151AP66,-,95.9,Turkey,-,USD,4.53,8.15,1.0,"Feb 05, 2037",7.58,4.55,-,8.15,4.55,8.15,USD,"Jan 30, 2026","Jan 30, 2026",2026-04-02
ALMARAI SUKUK LTD RegS,Industrial,Fixed Income,"194,328.33",0.05,"194,328.33","200,000.00",-,XS3182054422,-,97.09,Saudi Arabia,-,USD,4.03,5.19,1.0,"Sep 24, 2030",4.45,4.0,-,5.19,4.0,5.19,USD,"Sep 24, 2025","Sep 24, 2025",2026-04-02
MUTHOOT FINANCE LTD MTN RegS,Financial Institutions,Fixed Income,"193,920.83",0.05,"193,920.83","200,000.00",62828M2F7,US62828M2F71,-,96.05,India,-,USD,3.48,6.91,1.0,"Aug 04, 2030",5.75,3.42,-,6.91,3.42,6.91,USD,"Feb 04, 2026","Feb 04, 2026",2026-04-02
SAUDI ARABIAN OIL CO MTN 144A,Agency,Fixed Income,"193,791.11",0.05,"193,791.11","200,000.00",80415RAC5,US80415RAC51,-,96.09,Saudi Arabia,-,USD,7.56,5.52,1.0,"Feb 02, 2036",5.0,7.57,-,5.52,7.57,5.52,USD,"Feb 02, 2026","Feb 02, 2026",2026-04-02
SAUDI ELECTRICITY GLOBAL SUKUK CO RegS,Agency,Fixed Income,"193,691.56",0.05,"193,691.56","200,000.00",-,XS1054250318,BLCG6V5,94.22,Saudi Arabia,-,USD,10.7,6.03,1.0,"Apr 08, 2044",5.5,10.81,-,6.03,10.81,6.03,USD,"Apr 08, 2014","Apr 08, 2014",2026-04-02
RIYAD TIER 1 SUKUK LTD RegS,Financial Institutions,Fixed Income,"193,695.78",0.05,"193,695.78","200,000.00",-,XS2431946529,-,96.36,Saudi Arabia,-,USD,1.07,6.15,1.0,"Dec 31, 2079",4.0,1.15,-,6.15,1.3,6.15,USD,"Feb 16, 2022","Feb 16, 2022",2026-04-02
NATIONAL CENTRAL COOLING CO PJSC RegS,Utility,Fixed Income,"193,644.33",0.05,"193,644.33","200,000.00",-,XS2242171291,-,95.72,United Arab Emirates,-,USD,1.49,5.4,1.0,"Oct 21, 2027",2.5,1.48,-,5.4,1.48,5.4,USD,"Oct 21, 2020","Oct 21, 2020",2026-04-02
ALDAR SUKUK NO 2 LTD RegS,Financial Institutions,Fixed Income,"193,651.39",0.05,"193,651.39","200,000.00",-,XS2068063465,-,95.13,United Arab Emirates,-,USD,3.23,5.4,1.0,"Oct 22, 2029",3.88,3.21,-,5.4,3.21,5.4,USD,"Oct 22, 2019","Oct 22, 2019",2026-04-02
FIDEICOMISO IRREVOCABLE NO F/1721 RegS,Financial Institutions,Fixed Income,"193,606.25",0.05,"193,606.25","200,000.00",-,USP40692AB41,-,95.6,Mexico,-,USD,8.33,6.15,1.0,"Jan 14, 2038",5.63,8.33,-,6.15,8.33,6.15,USD,"Jan 14, 2026","Jan 14, 2026",2026-04-02
CELULOSA ARAUCO Y CONSTITUCION SA RegS,Industrial,Fixed Income,"193,531.67",0.05,"193,531.67","200,000.00",-,USP2195VAP06,-,95.0,Chile,-,USD,2.79,6.05,1.0,"Apr 30, 2029",4.25,2.78,-,6.05,2.78,6.05,USD,"Apr 30, 2019","Apr 30, 2019",2026-04-02
XIAOMI BEST TIME INTERNATIONAL LTD RegS,Industrial,Fixed Income,"193,415.25",0.05,"193,415.25","200,000.00",-,USY77108AA93,-,95.29,China,-,USD,3.67,4.65,1.0,"Apr 29, 2030",3.38,3.7,-,4.65,3.7,4.65,USD,"Apr 29, 2020","Apr 29, 2020",2026-04-02
COCA-COLA ICECEK AS RegS,Industrial,Fixed Income,"193,312.00",0.05,"193,312.00","200,000.00",-,XS2434515313,-,95.78,Turkey,-,USD,2.58,6.16,1.0,"Jan 20, 2029",4.5,2.56,-,6.16,2.56,6.16,USD,"Jan 20, 2022","Jan 20, 2022",2026-04-02
CENTRAIS ELETRICAS BRASILEIRAS SA RegS,Utility,Fixed Income,"193,178.89",0.05,"193,178.89","200,000.00",-,USP22835AB13,BKLPRD5,95.87,Brazil,-,USD,3.47,5.84,1.0,"Feb 04, 2030",4.63,3.43,-,5.84,3.43,5.84,USD,"Feb 04, 2020","Feb 04, 2020",2026-04-02
ALDAR INVESTMENT PROPERTIES SUKUK RegS,Financial Institutions,Fixed Income,"193,145.83",0.05,"193,145.83","200,000.00",-,XS2854315814,-,96.5,United Arab Emirates,-,USD,6.98,5.75,1.0,"Mar 25, 2035",5.25,7.03,-,5.75,7.03,5.75,USD,"Mar 25, 2025","Mar 25, 2025",2026-04-02
REDE DOR FINANCE SARL RegS,Industrial,Fixed Income,"193,006.00",0.05,"193,006.00","200,000.00",-,USL7915TAA09,BKP8ZH0,95.65,Brazil,-,USD,3.41,5.79,1.0,"Jan 22, 2030",4.5,3.41,-,5.79,3.41,5.79,USD,"Jan 22, 2020","Jan 22, 2020",2026-04-02
JBS USA LUX SA,Industrial,Fixed Income,"192,782.13",0.05,"192,782.13","200,000.00",46590XAN6,US46590XAN66,BMZ6DZ2,95.91,Brazil,-,USD,2.66,4.55,1.0,"Feb 02, 2029",3.0,2.67,-,4.55,2.67,4.55,USD,"Aug 02, 2023","Aug 21, 2023",2026-04-02
EMBRAER NETHERLANDS FINANCE BV,Industrial,Fixed Income,"192,704.00",0.05,"192,704.00","200,000.00",29082HAF9,US29082HAF91,-,95.14,Brazil,-,USD,8.41,5.98,1.0,"Jan 09, 2038",5.4,8.42,-,5.98,8.42,5.98,USD,"Oct 09, 2025","Oct 09, 2025",2026-04-02
BSF FINANCE MTN RegS,Financial Institutions,Fixed Income,"192,647.49",0.05,"192,647.49","200,000.00",-,XS3169052183,-,95.89,Saudi Arabia,-,USD,3.87,6.58,1.0,"Sep 03, 2035",5.76,3.79,-,6.85,3.81,6.85,USD,"Sep 03, 2025","Sep 03, 2025",2026-04-02
JOY TREASURE ASSETS HOLDINGS INC RegS,Agency,Fixed Income,"192,558.67",0.05,"192,558.67","200,000.00",-,XS2053056706,BK6WV28,96.22,China,-,USD,3.2,4.69,1.0,"Sep 24, 2029",3.5,3.23,-,4.69,3.23,4.69,USD,"Sep 24, 2019","Sep 24, 2019",2026-04-02
ADM ELEKTRIK DAGITIM AS 144A,Utility,Fixed Income,"192,466.78",0.05,"192,466.78","200,000.00",00710QAA1,US00710QAA13,-,94.78,Turkey,-,USD,3.78,10.91,1.0,"Feb 05, 2031",9.5,3.71,-,10.91,3.71,10.91,USD,"Feb 05, 2026","Feb 05, 2026",2026-04-02
PRUDENTIAL FUNDING ASIA PLC MTN RegS,Financial Institutions,Fixed Income,"192,399.17",0.05,"192,399.17","200,000.00",-,XS2403426427,-,95.0,Hong Kong,-,USD,2.21,5.28,1.0,"Nov 03, 2033",2.95,2.39,-,5.25,2.42,5.25,USD,"Nov 03, 2021","Nov 03, 2021",2026-04-02
BANCO MERCANTIL DEL NORTE SA NC10 RegS,Financial Institutions,Fixed Income,"192,229.17",0.05,"192,229.17","200,000.00",-,USP1401KAB72,-,94.9,Mexico,-,USD,4.52,8.8,1.0,"Dec 31, 2079",6.63,4.53,-,7.8,4.6,7.8,USD,"Nov 24, 2021","Nov 24, 2021",2026-04-02
ZHONGSHENG GROUP HOLDINGS LTD RegS,Industrial,Fixed Income,"192,073.33",0.05,"192,073.33","200,000.00",-,XS2867272630,-,95.04,China,-,USD,1.72,8.97,1.0,"Jan 30, 2028",5.98,1.67,-,8.97,1.67,8.97,USD,"Jul 30, 2024","Jul 30, 2024",2026-04-02
CFE FIBRA E RegS,Utility,Fixed Income,"191,699.57",0.05,"191,699.57","197,160.00",-,USP24038AA23,-,97.1,Mexico,-,USD,5.18,6.48,1.0,"Sep 23, 2040",5.88,5.23,-,6.48,5.23,6.48,USD,"Sep 18, 2025","Sep 18, 2025",2026-04-02
NOVA SECURITISATION SARL 144A,Utility,Fixed Income,"191,558.33",0.05,"191,558.33","200,000.00",66984FAB3,US66984FAB31,-,94.75,Brazil,-,USD,7.07,7.25,1.0,"Feb 03, 2036",6.5,7.01,-,7.25,7.01,7.25,USD,"Feb 03, 2026","Feb 03, 2026",2026-04-02
AGROSUPER SA RegS,Industrial,Fixed Income,"191,398.89",0.05,"191,398.89","200,000.00",-,USP01020AK52,-,94.81,Chile,-,USD,4.95,5.66,1.0,"Jan 20, 2032",4.6,4.95,-,5.66,4.95,5.66,USD,"Jan 20, 2022","Jan 20, 2022",2026-04-02
CNOOC FINANCE (2013) LTD,Agency,Fixed Income,"191,270.00",0.05,"191,270.00","200,000.00",12625GAF1,US12625GAF19,-,95.64,China,-,USD,3.26,4.23,1.0,"Sep 30, 2029",2.88,3.28,-,4.23,3.28,4.23,USD,"Sep 30, 2019","Sep 30, 2019",2026-04-02
SWIRE PACIFIC MTN FINANCING HK LTD MTN RegS,Industrial,Fixed Income,"191,228.33",0.05,"191,228.33","200,000.00",-,XS2043949200,-,95.14,Hong Kong,-,USD,3.53,4.26,1.0,"Jan 30, 2030",2.88,3.56,-,4.26,3.56,4.26,USD,"Jan 30, 2020","Jan 30, 2020",2026-04-02
SEASPAN CORP RegS,Industrial,Fixed Income,"191,176.78",0.05,"191,176.78","200,000.00",-,USY75638AF67,BNXKW45,94.69,Hong Kong,-,USD,2.87,7.32,1.0,"Aug 01, 2029",5.5,2.95,-,7.32,2.95,7.32,USD,"Jul 14, 2021","Jul 14, 2021",2026-04-02
ARADA SUKUK 2 LTD RegS,Financial Institutions,Fixed Income,"190,866.67",0.05,"190,866.67","200,000.00",-,XS2841181972,-,93.3,United Arab Emirates,-,USD,2.79,10.49,1.0,"Jun 24, 2029",8.0,2.7,-,10.49,2.7,10.49,USD,"Jun 24, 2024","Jun 24, 2024",2026-04-02
INDIAN RAILWAY FINANCE CORP LTD MTN RegS,Agency,Fixed Income,"190,722.35",0.05,"190,722.35","200,000.00",45434M2A9,US45434M2A91,BKM2BF5,94.94,India,-,USD,3.58,4.69,1.0,"Feb 13, 2030",3.25,3.56,-,4.69,3.56,4.69,USD,"Feb 13, 2020","Feb 13, 2020",2026-04-02
SAUDI ARABIAN OIL CO MTN 144A,Agency,Fixed Income,"190,641.33",0.05,"190,641.33","200,000.00",80415RAD3,US80415RAD35,-,94.35,Saudi Arabia,-,USD,12.92,6.43,1.0,"Feb 02, 2056",6.0,13.24,-,6.43,13.24,6.43,USD,"Feb 02, 2026","Feb 02, 2026",2026-04-02
ABU DHABI NATIONAL ENERGY COMPANY MTN RegS,Agency,Fixed Income,"190,599.78",0.05,"190,599.78","200,000.00",-,XS2333388184,-,94.46,United Arab Emirates,-,USD,2.0,4.83,1.0,"Apr 29, 2028",2.0,1.98,-,4.83,1.98,4.83,USD,"Apr 29, 2021","Apr 29, 2021",2026-04-02
RENEW POWER PVT LTD RegS,Utility,Fixed Income,"190,337.50",0.05,"190,337.50","200,000.00",-,USY7280PAA13,BNVTTQ5,94.22,India,-,USD,2.13,7.28,1.0,"Jul 14, 2028",4.5,2.1,-,7.28,2.1,7.28,USD,"Apr 14, 2021","Apr 14, 2021",2026-04-02
EL PUERTO DE LIVERPOOL SAB DE CV 144A,Industrial,Fixed Income,"190,297.22",0.05,"190,297.22","200,000.00",283837AE2,US283837AE21,-,94.35,Mexico,-,USD,8.32,6.44,1.0,"Feb 10, 2038",5.75,8.31,-,6.44,8.31,6.44,USD,"Feb 10, 2026","Feb 10, 2026",2026-04-02
EMAAR SUKUK LTD MTN RegS,Financial Institutions,Fixed Income,"190,279.86",0.05,"190,279.86","200,000.00",-,XS2052469165,BKV2KY8,95.0,United Arab Emirates,-,USD,3.2,5.48,1.0,"Sep 17, 2029",3.88,3.18,-,5.48,3.18,5.48,USD,"Sep 17, 2019","Sep 17, 2019",2026-04-02
HONGKONG LAND FINANCE (CAYMAN ISLA MTN RegS,Financial Institutions,Fixed Income,"190,142.58",0.05,"190,142.58","200,000.00",-,XS2143035587,BJK0G60,94.09,Hong Kong,-,USD,3.8,4.45,1.0,"May 27, 2030",2.88,3.82,-,4.45,3.82,4.45,USD,"May 27, 2020","May 27, 2020",2026-04-02
SUN HUNG KAI PROPERTIES (CAPITAL M MTN RegS,Financial Institutions,Fixed Income,"190,030.08",0.05,"190,030.08","200,000.00",-,XS2099130382,BKLZKB4,94.46,Hong Kong,-,USD,3.54,4.47,1.0,"Jan 21, 2030",2.88,3.53,-,4.47,3.53,4.47,USD,"Jan 21, 2020","Jan 21, 2020",2026-04-02
TENCENT HOLDINGS LTD MTN RegS,Industrial,Fixed Income,"189,952.00",0.05,"189,952.00","200,000.00",88032XBA1,US88032XBA19,-,93.71,China,-,USD,4.54,4.27,1.0,"Apr 22, 2031",2.88,4.57,-,4.27,4.57,4.27,USD,"Apr 22, 2021","Apr 22, 2021",2026-04-02
CELULOSA ARAUCO Y CONSTITUCION SA RegS,Industrial,Fixed Income,"189,882.33",0.05,"189,882.33","200,000.00",-,USP2195VAR61,BKRKN69,94.23,Chile,-,USD,3.45,5.9,1.0,"Jan 29, 2030",4.2,3.44,-,5.9,3.44,5.9,USD,"Oct 29, 2019","Oct 29, 2019",2026-04-02
CK HUTCHISON INTERNATIONAL (19) (I RegS,Industrial,Fixed Income,"189,778.67",0.05,"189,778.67","200,000.00",-,USG2176DAA66,BGBVKJ2,94.71,Hong Kong,-,USD,3.2,4.43,1.0,"Sep 06, 2029",2.75,3.22,-,4.43,3.22,4.43,USD,"Sep 06, 2019","Sep 06, 2019",2026-04-02
SF HOLDING INVESTMENT LTD RegS,Industrial,Fixed Income,"189,614.89",0.05,"189,614.89","200,000.00",-,XS2099049699,-,94.49,China,-,USD,3.62,4.43,1.0,"Feb 20, 2030",2.88,3.61,-,4.43,3.61,4.43,USD,"Feb 20, 2020","Feb 20, 2020",2026-04-02
BORR IHC LTD RegS,Industrial,Fixed Income,"189,578.47",0.05,"189,578.47","180,583.00",-,USG1467FAB97,BMTRBN5,101.09,Mexico,-,USD,2.49,10.33,1.0,"Nov 15, 2030",10.38,3.04,-,10.13,2.0,10.13,USD,"Nov 07, 2023","Nov 07, 2023",2026-04-02
CONTINUUM GREEN ENERGY RESTRICTED RegS,Utility,Fixed Income,"189,539.17",0.05,"189,539.17","188,150.00",-,USY8987LAA45,-,98.78,India,-,USD,4.67,7.72,1.0,"Jun 26, 2033",7.5,5.29,-,7.72,5.29,7.72,USD,"Jun 26, 2024","Jun 26, 2024",2026-04-02
CITIC LTD MTN RegS,Agency,Fixed Income,"189,454.17",0.05,"189,454.17","200,000.00",-,XS2109790001,BKMQBG8,94.45,China,-,USD,3.64,4.41,1.0,"Feb 25, 2030",2.85,3.62,-,4.41,3.62,4.41,USD,"Feb 25, 2020","Feb 25, 2020",2026-04-02
WEIBO CORP,Industrial,Fixed Income,"189,382.50",0.05,"189,382.50","200,000.00",948596AE1,US948596AE12,-,93.92,China,-,USD,3.87,4.97,1.0,"Jul 08, 2030",3.38,3.88,-,4.97,3.88,4.97,USD,"Jul 08, 2020","Jul 08, 2020",2026-04-02
POWER FINANCE CORPORATION LTD MTN RegS,Agency,Fixed Income,"189,293.89",0.05,"189,293.89","200,000.00",-,XS2282240907,-,93.4,India,-,USD,4.58,4.82,1.0,"May 16, 2031",3.35,4.57,-,4.82,4.57,4.82,USD,"Jan 29, 2021","Jan 29, 2021",2026-04-02
AIA GROUP LTD MTN RegS,Financial Institutions,Fixed Income,"189,136.00",0.05,"189,136.00","200,000.00",00131MAS2,US00131MAS26,-,94.57,Hong Kong,-,USD,13.7,5.79,1.0,"Sep 30, 2054",5.4,14.07,-,5.79,14.07,5.79,USD,"Sep 30, 2024","Sep 30, 2024",2026-04-02
SF HOLDING INVESTMENT 2021 LTD RegS,Industrial,Fixed Income,"189,097.03",0.05,"189,097.03","200,000.00",-,XS2389983524,BMQ7ZH0,93.39,China,-,USD,5.03,4.46,1.0,"Nov 17, 2031",3.13,5.01,-,4.46,5.01,4.46,USD,"Nov 17, 2021","Nov 17, 2021",2026-04-02
SUN HUNG KAI PROPERTIES (CAPITAL M MTN RegS,Financial Institutions,Fixed Income,"189,113.06",0.05,"189,113.06","200,000.00",-,XS2130065258,BMZ7TS0,93.51,Hong Kong,-,USD,3.77,4.49,1.0,"May 13, 2030",2.75,3.79,-,4.49,3.79,4.49,USD,"May 13, 2020","May 13, 2020",2026-04-02
MAF SUKUK LTD RegS,Financial Institutions,Fixed Income,"189,039.17",0.05,"189,039.17","200,000.00",-,XS3213255998,-,92.38,United Arab Emirates,-,USD,7.32,5.93,1.0,"Oct 22, 2035",4.88,7.28,-,5.93,7.28,5.93,USD,"Oct 22, 2025","Oct 22, 2025",2026-04-02
CHINA CINDA (2020) I MANAGEMENT LT MTN RegS,Agency,Fixed Income,"189,061.69",0.05,"189,061.69","200,000.00",-,XS2133246327,BK53LS8,94.42,China,-,USD,3.65,4.68,1.0,"Mar 18, 2030",3.13,3.66,-,4.68,3.66,4.68,USD,"Mar 18, 2020","Mar 18, 2020",2026-04-02
AIA GROUP LTD MTN RegS,Financial Institutions,Fixed Income,"188,626.78",0.05,"188,626.78","200,000.00",00131M2B8,US00131M2B87,BKHDRW2,94.06,Hong Kong,-,USD,11.47,5.4,1.0,"Mar 11, 2044",4.88,11.61,-,5.4,11.61,5.4,USD,"Mar 11, 2014","Mar 11, 2014",2026-04-02
COCA COLA FEMSA SAB DE CV,Industrial,Fixed Income,"188,632.89",0.05,"188,632.89","200,000.00",191241AH1,US191241AH15,BKVGJ43,93.8,Mexico,-,USD,3.53,4.54,1.0,"Jan 22, 2030",2.75,3.54,-,4.54,3.54,4.54,USD,"Jan 22, 2020","Jan 22, 2020",2026-04-02
MAF SUKUK LTD RegS,Financial Institutions,Fixed Income,"188,499.11",0.05,"188,499.11","200,000.00",-,XS2069310865,BKWBF94,93.9,United Arab Emirates,-,USD,3.58,5.69,1.0,"Feb 28, 2030",3.93,3.54,-,5.69,3.54,5.69,USD,"Oct 30, 2019","Oct 30, 2019",2026-04-02
INVERSIONES CMPC SA RegS,Industrial,Fixed Income,"188,456.94",0.05,"188,456.94","200,000.00",-,USP58072AS10,-,93.41,Chile,-,USD,3.44,5.81,1.0,"Jan 13, 2030",3.85,3.42,-,5.81,3.42,5.81,USD,"Jan 13, 2020","Jan 13, 2020",2026-04-02
SOBHA SUKUK I HOLDING LTD RegS,Financial Institutions,Fixed Income,"188,218.95",0.05,"188,218.95","200,000.00",-,XS3073626601,-,91.2,United Arab Emirates,-,USD,2.5,11.67,1.0,"Feb 19, 2029",8.0,2.4,-,11.67,2.4,11.67,USD,"May 19, 2025","May 19, 2025",2026-04-02
ABU DHABI NATIONAL ENERGY COMPANY MTN RegS,Agency,Fixed Income,"188,058.17",0.05,"188,058.17","200,000.00",-,XS2911046147,-,93.75,United Arab Emirates,-,USD,8.33,5.52,1.0,"Mar 09, 2037",4.75,8.31,-,5.52,8.31,5.52,USD,"Oct 09, 2024","Oct 09, 2024",2026-04-02
HYSAN MTN LTD MTN RegS,Financial Institutions,Fixed Income,"188,016.33",0.05,"188,016.33","200,000.00",-,XS2044279334,BKS1156,93.8,Hong Kong,-,USD,3.22,4.8,1.0,"Sep 04, 2029",2.82,3.2,-,4.8,3.2,4.8,USD,"Sep 04, 2019","Sep 04, 2019",2026-04-02
BRASKEM NETHERLANDS FINANCE BV RegS,Industrial,Fixed Income,"187,726.11",0.05,"187,726.11","400,000.00",-,USN15516AG70,-,45.98,Brazil,-,USD,4.57,23.43,1.0,"Feb 13, 2033",7.25,4.18,-,23.43,4.18,23.43,USD,"Feb 13, 2023","Feb 13, 2023",2026-04-02
CK HUTCHISON INTERNATIONAL 20 LTD RegS,Industrial,Fixed Income,"187,574.22",0.05,"187,574.22","200,000.00",-,USG2181LAA10,BMBWSN7,92.8,Hong Kong,-,USD,3.78,4.44,1.0,"May 08, 2030",2.5,3.79,-,4.44,3.79,4.44,USD,"May 08, 2020","May 08, 2020",2026-04-02
PROMIGAS SA ESP RegS,Utility,Fixed Income,"187,546.67",0.05,"187,546.67","200,000.00",-,USP7922TAA71,BJXP6K6,92.06,Colombia,-,USD,3.21,6.28,1.0,"Oct 16, 2029",3.75,3.18,-,6.28,3.18,6.28,USD,"Oct 16, 2019","Oct 16, 2019",2026-04-02
MAF GLOBAL SECURITIES LTD RegS,Financial Institutions,Fixed Income,"187,483.27",0.05,"187,483.27","200,000.00",-,XS3225990483,-,93.1,United Arab Emirates,-,USD,4.01,6.64,1.0,"Dec 31, 2079",5.75,4.04,-,7.54,4.13,7.54,USD,"Nov 20, 2025","Nov 20, 2025",2026-04-02
SA GLOBAL SUKUK LTD RegS,Agency,Fixed Income,"187,484.72",0.05,"187,484.72","200,000.00",-,XS3182417249,-,93.56,Saudi Arabia,-,USD,7.47,5.51,1.0,"Sep 17, 2035",4.63,7.48,-,5.51,7.48,5.51,USD,"Sep 17, 2025","Sep 17, 2025",2026-04-02
ENGIE ENERGIA CHILE SA RegS,Utility,Fixed Income,"187,277.77",0.05,"187,277.77","200,000.00",-,USP3762TAA99,-,93.05,Chile,-,USD,3.51,5.43,1.0,"Jan 28, 2030",3.4,3.5,-,5.43,3.5,5.43,USD,"Jan 28, 2020","Jan 28, 2020",2026-04-02
CHINA CINDA (2020) I MANAGEMENT LT MTN RegS,Agency,Fixed Income,"187,058.67",0.05,"187,058.67","200,000.00",-,XS2281799572,-,92.95,China,-,USD,4.36,4.65,1.0,"Jan 20, 2031",3.0,4.37,-,4.65,4.37,4.65,USD,"Jan 20, 2021","Jan 20, 2021",2026-04-02
SHANGHAI PORT GROUP (BVI) DEVELOPM RegS,Industrial,Fixed Income,"186,883.97",0.05,"186,883.97","200,000.00",-,XS2187635375,-,92.93,China,-,USD,3.97,4.19,1.0,"Jul 13, 2030",2.38,3.99,-,4.19,3.99,4.19,USD,"Jul 13, 2020","Jul 13, 2020",2026-04-02
EMAAR SUKUK LTD MTN RegS,Financial Institutions,Fixed Income,"186,262.67",0.05,"186,262.67","200,000.00",-,XS2356219084,BND89Z9,92.27,United Arab Emirates,-,USD,4.68,5.41,1.0,"Jul 06, 2031",3.7,4.64,-,5.41,4.64,5.41,USD,"Jul 06, 2021","Jul 06, 2021",2026-04-02
JBS USA LUX SA,Industrial,Fixed Income,"186,115.88",0.05,"186,115.88","200,000.00",46590XAU0,US46590XAU00,BMGC2W9,92.3,Brazil,-,USD,4.76,5.18,1.0,"Jan 15, 2032",3.63,5.08,-,5.18,5.08,5.18,USD,"Jul 15, 2023","Aug 21, 2023",2026-04-02
COLBUN SA RegS,Utility,Fixed Income,"186,120.00",0.05,"186,120.00","200,000.00",-,USP2867KAK27,-,92.85,Chile,-,USD,3.62,5.18,1.0,"Mar 06, 2030",3.15,3.62,-,5.18,3.62,5.18,USD,"Mar 06, 2020","Mar 06, 2020",2026-04-02
FRANSHION BRILLIANT LTD RegS,Financial Institutions,Fixed Income,"186,019.44",0.05,"186,019.44","200,000.00",-,XS2030348903,BK8Q485,92.22,China,-,USD,3.03,6.91,1.0,"Jul 23, 2029",4.25,2.99,-,6.91,2.99,6.91,USD,"Jul 23, 2019","Jul 23, 2019",2026-04-02
