Name,Sector,Asset Class,Market Value,Weight (%),Notional Value,Par Value,CUSIP,ISIN,SEDOL,Price,Location,Exchange,Currency,Duration,YTM (%),FX Rate,Maturity,Coupon (%),Mod. Duration,Yield to Call (%),Yield to Worst (%),Real Duration,Real YTM (%),Market Currency,Accrual Date,Effective Date,date_of_pull
ARGENTINA REPUBLIC OF GOVERNMENT,Sovereign,Fixed Income,"161,011,708.96",1.11,"161,011,708.96","218,433,349.00",040114HT0,US040114HT09,-,72.86,Argentina,-,USD,5.6,10.31,1.0,"Jul 09, 2035",4.13,5.45,-,10.31,5.45,10.31,USD,"Sep 04, 2020","Sep 04, 2020",2026-03-25
ECUADOR REPUBLIC OF (GOVERNMENT) RegS,Sovereign,Fixed Income,"108,348,775.08",0.75,"108,348,775.08","120,440,505.00",-,XS2214238441,BMGR2G8,88.94,Ecuador,-,USD,5.39,9.06,1.0,"Jul 31, 2035",6.9,5.27,-,9.06,5.27,9.06,USD,"Aug 31, 2020","Aug 31, 2020",2026-03-25
ARGENTINA REPUBLIC OF GOVERNMENT,Sovereign,Fixed Income,"103,185,057.36",0.71,"103,185,057.36","122,570,592.00",040114HS2,US040114HS26,-,84.03,Argentina,-,USD,2.1,9.36,1.0,"Jul 09, 2030",0.75,2.04,-,9.36,2.04,9.36,USD,"Sep 04, 2020","Sep 04, 2020",2026-03-25
ARGENTINA REPUBLIC OF GOVERNMENT,Sovereign,Fixed Income,"91,331,784.36",0.63,"91,331,784.36","118,789,568.00",040114HU7,US040114HU71,-,75.86,Argentina,-,USD,4.77,10.5,1.0,"Jan 09, 2038",5.0,4.65,-,10.50,4.65,10.50,USD,"Sep 04, 2020","Sep 04, 2020",2026-03-25
ARGENTINA REPUBLIC OF GOVERNMENT,Sovereign,Fixed Income,"74,314,623.59",0.51,"74,314,623.59","109,108,231.00",040114HV5,US040114HV54,-,67.39,Argentina,-,USD,5.95,10.42,1.0,"Jul 09, 2041",3.5,5.85,-,10.42,5.85,10.42,USD,"Sep 04, 2020","Sep 04, 2020",2026-03-25
URUGUAY (ORIENTAL REPUBLIC OF),Sovereign,Fixed Income,"74,254,496.67",0.51,"74,254,496.67","80,525,788.00",760942BA9,US760942BA98,BNB7S17,90.87,Uruguay,-,USD,12.59,5.82,1.0,"Jun 18, 2050",5.1,12.81,-,5.82,12.81,5.82,USD,"Jun 18, 2014","Jun 18, 2014",2026-03-25
EAGLE FUNDING LUXCO SARL RegS,Sovereign,Fixed Income,"74,231,276.00",0.51,"74,231,276.00","73,540,000.00",-,USL2660VAA37,-,100.39,Mexico,-,USD,2.69,5.35,1.0,"Aug 17, 2030",5.5,2.67,-,5.35,2.67,5.35,USD,"Aug 14, 2025","Aug 14, 2025",2026-03-25
GHANA (REPUBLIC OF) DISCO RegS,Sovereign,Fixed Income,"73,587,229.44",0.51,"73,587,229.44","83,874,417.00",-,XS2893151287,-,86.62,Ghana,-,USD,5.33,8.27,1.0,"Jul 03, 2035",5.0,5.23,-,8.27,5.23,8.27,USD,"Jul 03, 2024","Oct 09, 2024",2026-03-25
OMAN SULTANATE OF (GOVERNMENT) RegS,Sovereign,Fixed Income,"58,883,460.60",0.41,"58,883,460.60","56,170,000.00",-,XS1750114396,BFWM9T0,103.59,Oman,-,USD,11.2,6.44,1.0,"Jan 17, 2048",6.75,11.39,-,6.44,11.39,6.44,USD,"Jan 17, 2018","Jan 17, 2018",2026-03-25
POLAND (REPUBLIC OF),Sovereign,Fixed Income,"57,419,336.64",0.4,"57,419,336.64","62,975,000.00",731011AZ5,US731011AZ55,BSLLZS0,91.1,Poland,-,USD,13.23,6.17,1.0,"Mar 18, 2054",5.5,13.54,-,6.17,13.54,6.17,USD,"Mar 18, 2024","Mar 18, 2024",2026-03-25
POLAND (REPUBLIC OF),Sovereign,Fixed Income,"53,919,339.07",0.37,"53,919,339.07","53,818,000.00",731011AY8,US731011AY80,-,100.12,Poland,-,USD,6.77,5.11,1.0,"Sep 18, 2034",5.13,6.81,-,5.11,6.81,5.11,USD,"Mar 18, 2024","Mar 18, 2024",2026-03-25
BRAZIL FEDERATIVE REPUBLIC OF (GOV,Sovereign,Fixed Income,"52,853,905.81",0.36,"52,853,905.81","51,667,000.00",105756CL2,US105756CL22,-,102.15,Brazil,-,USD,6.77,6.31,1.0,"Mar 15, 2035",6.63,6.71,-,6.31,6.71,6.31,USD,"Feb 25, 2025","Feb 25, 2025",2026-03-25
POLAND (REPUBLIC OF),Sovereign,Fixed Income,"52,735,878.58",0.36,"52,735,878.58","51,259,000.00",857524AF9,US857524AF94,-,102.33,Poland,-,USD,3.47,4.22,1.0,"Feb 12, 2030",4.88,3.5,-,4.21,3.43,4.21,USD,"Feb 12, 2025","Feb 12, 2025",2026-03-25
POLAND (REPUBLIC OF),Sovereign,Fixed Income,"49,919,307.46",0.34,"49,919,307.46","49,079,000.00",857524AH5,US857524AH50,-,101.1,Poland,-,USD,6.93,5.22,1.0,"Feb 12, 2035",5.38,6.97,-,5.22,6.81,5.22,USD,"Feb 12, 2025","Feb 12, 2025",2026-03-25
GHANA (REPUBLIC OF) DISCO RegS,Sovereign,Fixed Income,"49,152,120.10",0.34,"49,152,120.10","50,679,533.00",-,XS2893147251,-,95.88,Ghana,-,USD,1.63,7.68,1.0,"Jul 03, 2029",5.0,1.6,-,7.68,1.6,7.68,USD,"Jul 03, 2024","Oct 09, 2024",2026-03-25
ECUADOR REPUBLIC OF (GOVERNMENT) RegS,Sovereign,Fixed Income,"48,952,110.45",0.34,"48,952,110.45","61,200,468.00",-,XS2214239175,BMGR2K2,79.25,Ecuador,-,USD,7.85,9.4,1.0,"Jul 31, 2040",5.0,7.73,-,9.40,7.73,9.40,USD,"Aug 31, 2020","Aug 31, 2020",2026-03-25
PERU (REPUBLIC OF),Sovereign,Fixed Income,"48,734,161.65",0.34,"48,734,161.65","53,036,000.00",715638DF6,US715638DF60,BMGFFR4,91.42,Peru,-,USD,4.41,4.79,1.0,"Jan 23, 2031",2.78,4.41,-,4.79,4.41,4.79,USD,"Apr 23, 2020","Apr 23, 2020",2026-03-25
DOMINICAN REPUBLIC (GOVERNMENT) RegS,Sovereign,Fixed Income,"48,440,014.70",0.33,"48,440,014.70","51,991,000.00",-,USP3579ECH82,-,93.17,Dominican Republic,-,USD,5.5,6.17,1.0,"Sep 23, 2032",4.88,5.44,-,6.17,5.44,6.17,USD,"Sep 23, 2020","Sep 23, 2020",2026-03-25
PETRONAS CAPITAL LTD MTN RegS,Agency,Fixed Income,"48,428,487.74",0.33,"48,428,487.74","55,299,000.00",-,USY68856AV83,-,85.65,Malaysia,-,USD,13.08,5.65,1.0,"Apr 21, 2050",4.55,13.39,-,5.65,13.39,5.65,USD,"Apr 21, 2020","Apr 21, 2020",2026-03-25
OMAN SULTANATE OF (GOVERNMENT) MTN RegS,Sovereign,Fixed Income,"48,195,228.12",0.33,"48,195,228.12","47,410,000.00",-,XS1750113661,BFWM9S9,100.63,Oman,-,USD,1.71,5.25,1.0,"Jan 17, 2028",5.63,1.69,-,5.25,1.69,5.25,USD,"Jan 17, 2018","Jan 17, 2018",2026-03-25
HUNGARY (GOVERNMENT) RegS,Sovereign,Fixed Income,"48,000,613.43",0.33,"48,000,613.43","48,393,000.00",-,XS2744128369,-,96.48,Hungary,-,USD,7.39,5.97,1.0,"Mar 26, 2036",5.5,7.35,-,5.97,7.35,5.97,USD,"Jan 10, 2024","Jan 10, 2024",2026-03-25
BLK CSH FND TREASURY SL AGENCY,Cash and/or Derivatives,Money Market,"47,899,999.88",0.33,"47,899,999.88","47,900,000.00",066922477,US0669224778,6922477,1.0,United States,-,USD,0.11,3.5,1.0,-,3.65,0.14,-,3.50,0.14,3.50,USD,-,"Feb 04, 2009",2026-03-25
PERU (REPUBLIC OF),Sovereign,Fixed Income,"47,896,142.49",0.33,"47,896,142.49","38,389,000.00",715638AP7,US715638AP79,2172833,121.8,Peru,-,USD,5.68,5.25,1.0,"Nov 21, 2033",8.75,5.66,-,5.25,5.66,5.25,USD,"Nov 21, 2003","Nov 21, 2003",2026-03-25
SOUTH AFRICA (REPUBLIC OF),Sovereign,Fixed Income,"47,785,775.47",0.33,"47,785,775.47","59,722,000.00",836205BB9,US836205BB97,-,77.25,South Africa,-,USD,10.78,7.89,1.0,"Sep 30, 2049",5.75,10.91,-,7.89,10.91,7.89,USD,"Sep 30, 2019","Sep 30, 2019",2026-03-25
DOMINICAN REPUBLIC (GOVERNMENT) RegS,Sovereign,Fixed Income,"47,644,434.51",0.33,"47,644,434.51","56,126,000.00",-,USP3579ECG00,-,84.02,Dominican Republic,-,USD,12.74,7.13,1.0,"Jan 30, 2060",5.88,12.98,-,7.13,12.98,7.13,USD,"Jan 30, 2020","Jan 30, 2020",2026-03-25
POLAND (REPUBLIC OF),Sovereign,Fixed Income,"47,332,414.10",0.33,"47,332,414.10","46,128,000.00",731011AV4,US731011AV42,-,100.32,Poland,-,USD,6.05,4.82,1.0,"Oct 04, 2033",4.88,6.11,-,4.82,5.93,4.82,USD,"Apr 04, 2023","Apr 04, 2023",2026-03-25
URUGUAY (ORIENTAL REPUBLIC OF),Sovereign,Fixed Income,"47,218,747.83",0.32,"47,218,747.83","44,351,023.00",760942BE1,US760942BE11,BMYY454,104.15,Uruguay,-,USD,6.18,5.1,1.0,"Oct 28, 2034",5.75,6.2,-,5.10,6.11,5.10,USD,"Oct 28, 2022","Oct 28, 2022",2026-03-25
URUGUAY (ORIENTAL REPUBLIC OF),Sovereign,Fixed Income,"46,385,707.71",0.32,"46,385,707.71","51,993,489.00",760942BD3,US760942BD38,BDR8F57,87.1,Uruguay,-,USD,13.49,5.92,1.0,"Apr 20, 2055",4.97,13.75,-,5.92,13.75,5.92,USD,"Apr 20, 2018","Apr 20, 2018",2026-03-25
EGYPT (ARAB REPUBLIC OF) MTN RegS,Sovereign,Fixed Income,"46,091,490.08",0.32,"46,091,490.08","51,654,000.00",-,XS1558078496,BD31H09,87.98,Egypt,-,USD,8.86,9.87,1.0,"Jan 31, 2047",8.5,8.89,-,9.87,8.89,9.87,USD,"Jan 31, 2017","Jan 31, 2017",2026-03-25
OMAN SULTANATE OF (GOVERNMENT) MTN RegS,Sovereign,Fixed Income,"45,953,332.24",0.32,"45,953,332.24","44,453,000.00",-,XS1944412748,BHNV376,102.51,Oman,-,USD,3.01,5.17,1.0,"Aug 01, 2029",6.0,2.99,-,5.17,2.99,5.17,USD,"Aug 01, 2019","Aug 01, 2019",2026-03-25
PETROLEOS MEXICANOS,Agency,Fixed Income,"45,199,944.12",0.31,"45,199,944.12","50,683,000.00",71654QDD1,US71654QDD16,BMYVTL6,87.9,Mexico,-,USD,9.8,8.92,1.0,"Jan 23, 2050",7.69,9.92,-,8.92,9.92,8.92,USD,"Jul 23, 2020","Oct 21, 2020",2026-03-25
PETRONAS CAPITAL LTD MTN RegS,Agency,Fixed Income,"44,811,395.80",0.31,"44,811,395.80","45,740,000.00",-,USY68856AT38,-,96.49,Malaysia,-,USD,3.65,4.45,1.0,"Apr 21, 2030",3.5,3.69,-,4.45,3.69,4.45,USD,"Apr 21, 2020","Apr 21, 2020",2026-03-25
ECUADOR REPUBLIC OF (GOVERNMENT) 144A,Sovereign,Fixed Income,"44,271,661.46",0.3,"44,271,661.46","44,200,000.00",-,XS3285368380,-,98.85,Ecuador,-,USD,5.09,8.98,1.0,"Jan 29, 2034",8.75,4.98,-,8.98,4.98,8.98,USD,"Jan 29, 2026","Jan 29, 2026",2026-03-25
HUNGARY (GOVERNMENT) RegS,Sovereign,Fixed Income,"44,258,597.46",0.3,"44,258,597.46","42,430,000.00",-,XS2574267188,-,102.25,Hungary,-,USD,1.99,5.01,1.0,"May 22, 2028",6.13,1.97,-,5.01,1.97,5.01,USD,"Jan 11, 2023","Jan 11, 2023",2026-03-25
PERU (REPUBLIC OF),Sovereign,Fixed Income,"43,231,756.22",0.3,"43,231,756.22","44,671,000.00",715638BM3,US715638BM30,B63ZT39,94.83,Peru,-,USD,12.44,6.03,1.0,"Nov 18, 2050",5.63,12.67,-,6.03,12.67,6.03,USD,"Nov 18, 2010","Nov 18, 2010",2026-03-25
PANAMA REPUBLIC OF (GOVERNMENT),Sovereign,Fixed Income,"43,199,412.00",0.3,"43,199,412.00","40,944,000.00",698299BT0,US698299BT07,-,104.82,Panama,-,USD,6.71,5.7,1.0,"Feb 14, 2035",6.4,6.73,-,5.69,6.59,5.69,USD,"Nov 21, 2022","Nov 21, 2022",2026-03-25
BRAZIL FEDERATIVE REPUBLIC OF (GOV,Sovereign,Fixed Income,"43,171,351.39",0.3,"43,171,351.39","43,700,000.00",105756CQ1,US105756CQ19,-,98.2,Brazil,-,USD,7.42,6.5,1.0,"May 22, 2036",6.25,7.36,-,6.50,7.36,6.50,USD,"Feb 19, 2026","Feb 19, 2026",2026-03-25
JAMAICA (GOVERNMENT),Sovereign,Fixed Income,"43,139,300.16",0.3,"43,139,300.16","36,465,000.00",470160CB6,US470160CB63,BYZRKT2,117.1,Jamaica,-,USD,10.33,6.33,1.0,"Jul 28, 2045",7.88,10.48,-,6.33,10.48,6.33,USD,"Jul 28, 2015","Jul 28, 2015",2026-03-25
PETROLEOS MEXICANOS,Agency,Fixed Income,"41,644,339.01",0.29,"41,644,339.01","42,155,000.00",71643VAB1,US71643VAB18,BJLV7R0,98.1,Mexico,-,USD,4.11,7.17,1.0,"Feb 16, 2032",6.7,4.06,-,7.17,4.06,7.17,USD,"Dec 16, 2021","Mar 25, 2022",2026-03-25
SOUTH AFRICA (REPUBLIC OF) RegS,Sovereign,Fixed Income,"41,219,302.65",0.28,"41,219,302.65","39,251,000.00",-,XS2908172260,-,102.57,South Africa,-,USD,7.33,6.76,1.0,"Nov 19, 2036",7.1,7.27,-,6.76,7.27,6.76,USD,"Nov 19, 2024","Nov 19, 2024",2026-03-25
POLAND (REPUBLIC OF),Sovereign,Fixed Income,"41,122,254.81",0.28,"41,122,254.81","44,107,000.00",731011AW2,US731011AW25,-,90.65,Poland,-,USD,12.67,6.22,1.0,"Apr 04, 2053",5.5,12.96,-,6.22,12.96,6.22,USD,"Apr 04, 2023","Apr 04, 2023",2026-03-25
OMAN SULTANATE OF (GOVERNMENT) RegS,Sovereign,Fixed Income,"41,031,167.09",0.28,"41,031,167.09","40,391,000.00",-,XS1575968026,BF04KP1,101.31,Oman,-,USD,11.21,6.39,1.0,"Mar 08, 2047",6.5,11.39,-,6.39,11.39,6.39,USD,"Mar 08, 2017","Mar 08, 2017",2026-03-25
URUGUAY (ORIENTAL REPUBLIC OF),Sovereign,Fixed Income,"40,856,735.73",0.28,"40,856,735.73","39,958,059.00",760942BH4,US760942BH42,-,101.66,Uruguay,-,USD,7.55,5.22,1.0,"Feb 14, 2037",5.44,7.55,-,5.22,7.5,5.22,USD,"Feb 14, 2025","Feb 14, 2025",2026-03-25
BRAZIL FEDERATIVE REPUBLIC OF (GOV,Sovereign,Fixed Income,"40,290,423.68",0.28,"40,290,423.68","40,550,000.00",105756CN8,US105756CN87,-,97.93,Brazil,-,USD,11.62,7.42,1.0,"Jan 12, 2056",7.25,11.81,-,7.42,11.81,7.42,USD,"Sep 11, 2025","Sep 11, 2025",2026-03-25
STATE GRID OVERSEAS INVESTMENT BVI MTN RegS,Agency,Fixed Income,"39,728,104.38",0.27,"39,728,104.38","39,513,000.00",-,USG8450LAJ38,BYPDJL5,99.19,China,-,USD,1.07,4.25,1.0,"May 04, 2027",3.5,1.07,-,4.25,1.07,4.25,USD,"May 04, 2017","May 04, 2017",2026-03-25
SOUTH AFRICA (REPUBLIC OF),Sovereign,Fixed Income,"39,447,389.23",0.27,"39,447,389.23","39,288,000.00",836205BA1,US836205BA15,-,98.08,South Africa,-,USD,3.14,5.46,1.0,"Sep 30, 2029",4.85,3.11,-,5.46,3.11,5.46,USD,"Sep 30, 2019","Sep 30, 2019",2026-03-25
REPUBLIC OF HUNGARY,Sovereign,Fixed Income,"39,108,267.03",0.27,"39,108,267.03","33,636,000.00",445545AF3,US445545AF36,B4MXDK5,112.58,Hungary,-,USD,8.92,6.32,1.0,"Mar 29, 2041",7.63,8.96,-,6.32,8.96,6.32,USD,"Mar 29, 2011","Mar 29, 2011",2026-03-25
SOUTH AFRICA (REPUBLIC OF),Sovereign,Fixed Income,"38,900,985.74",0.27,"38,900,985.74","38,984,000.00",836205AU8,US836205AU87,BYYHFB0,97.86,South Africa,-,USD,2.36,5.2,1.0,"Oct 12, 2028",4.3,2.34,-,5.20,2.34,5.20,USD,"Oct 12, 2016","Oct 12, 2016",2026-03-25
URUGUAY (ORIENTAL REPUBLIC OF),Sovereign,Fixed Income,"38,702,096.92",0.27,"38,702,096.92","38,479,238.00",917288BK7,US917288BK78,BHXJX58,99.85,Uruguay,-,USD,3.44,4.42,1.0,"Jan 23, 2031",4.38,3.46,-,4.42,3.46,4.42,USD,"Jan 23, 2019","Jan 23, 2019",2026-03-25
ROMANIA (REPUBLIC OF) MTN RegS,Sovereign,Fixed Income,"38,598,072.71",0.27,"38,598,072.71","39,250,000.00",-,XS2908633683,-,95.53,Romania,-,USD,6.74,6.41,1.0,"Mar 24, 2035",5.75,6.68,-,6.41,6.68,6.41,USD,"Sep 24, 2024","Sep 24, 2024",2026-03-25
BRAZIL FEDERATIVE REPUBLIC OF (GOV,Sovereign,Fixed Income,"38,526,355.23",0.27,"38,526,355.23","39,929,000.00",105756CC2,US105756CC23,-,95.4,Brazil,-,USD,3.81,5.1,1.0,"Jun 12, 2030",3.88,3.79,-,5.10,3.79,5.10,USD,"Jun 10, 2020","Jun 10, 2020",2026-03-25
ROMANIA (REPUBLIC OF) MTN RegS,Sovereign,Fixed Income,"38,330,591.98",0.26,"38,330,591.98","37,732,000.00",-,XS2756521212,-,100.72,Romania,-,USD,2.6,5.59,1.0,"Jan 30, 2029",5.88,2.58,-,5.59,2.58,5.59,USD,"Jan 30, 2024","Jan 30, 2024",2026-03-25
HUNGARY (REPUBLIC OF) RegS,Sovereign,Fixed Income,"38,302,910.85",0.26,"38,302,910.85","45,286,000.00",-,XS2388586401,-,84.57,Hungary,-,USD,5.09,5.41,1.0,"Sep 22, 2031",2.13,5.05,-,5.41,5.05,5.41,USD,"Sep 21, 2021","Sep 21, 2021",2026-03-25
ROMANIA (REPUBLIC OF) MTN RegS,Sovereign,Fixed Income,"38,301,087.77",0.26,"38,301,087.77","38,302,000.00",-,XS3114901336,-,99.89,Romania,-,USD,3.93,5.78,1.0,"Sep 16, 2030",5.75,3.9,-,5.78,3.9,5.78,USD,"Jul 16, 2025","Jul 16, 2025",2026-03-25
PETRONAS CAPITAL LTD MTN RegS,Agency,Fixed Income,"37,852,525.18",0.26,"37,852,525.18","36,023,000.00",-,USY68856BE59,-,102.56,Malaysia,-,USD,6.91,4.98,1.0,"Apr 03, 2035",5.34,6.96,-,4.98,6.8,4.98,USD,"Apr 03, 2025","Apr 03, 2025",2026-03-25
COTE D IVOIRE (REPUBLIC OF) RegS,Sovereign,Fixed Income,"37,540,488.47",0.26,"37,540,488.47","34,921,000.00",-,XS3030237120,-,103.64,Cote D'Ivoire (Ivory Coast),-,USD,6.7,7.55,1.0,"Apr 01, 2036",8.07,6.61,-,7.55,6.61,7.55,USD,"Apr 01, 2025","Apr 01, 2025",2026-03-25
COLOMBIA REPUBLIC OF (GOVERNMENT),Sovereign,Fixed Income,"37,483,726.00",0.26,"37,483,726.00","50,904,000.00",195325CU7,US195325CU73,BVHFBK1,72.28,Colombia,-,USD,10.56,7.81,1.0,"Jun 15, 2045",5.0,10.66,-,7.81,10.66,7.81,USD,"Jan 28, 2015","Jan 28, 2015",2026-03-25
EGYPT (ARAB REPUBLIC OF) MTN RegS,Sovereign,Fixed Income,"37,374,468.92",0.26,"37,374,468.92","40,444,000.00",-,XS2176899701,-,89.6,Egypt,-,USD,8.89,10.02,1.0,"May 29, 2050",8.88,8.93,-,10.02,8.93,10.02,USD,"May 29, 2020","May 29, 2020",2026-03-25
ROMANIA (REPUBLIC OF) MTN RegS,Sovereign,Fixed Income,"37,372,908.13",0.26,"37,372,908.13","36,888,000.00",-,XS2756521303,-,100.38,Romania,-,USD,6.11,6.31,1.0,"Jan 30, 2034",6.38,6.05,-,6.31,6.05,6.31,USD,"Jan 30, 2024","Jan 30, 2024",2026-03-25
HUNGARY (GOVERNMENT) RegS,Sovereign,Fixed Income,"37,181,459.22",0.26,"37,181,459.22","35,766,000.00",-,XS2574267261,-,103.94,Hungary,-,USD,5.35,5.52,1.0,"Sep 22, 2032",6.25,5.31,-,5.52,5.31,5.52,USD,"Jan 11, 2023","Jan 11, 2023",2026-03-25
PANAMA (REPUBLIC OF),Sovereign,Fixed Income,"36,887,304.98",0.25,"36,887,304.98","34,358,000.00",698299AW4,US698299AW45,B2QVD12,106.3,Panama,-,USD,6.66,5.78,1.0,"Jan 26, 2036",6.7,6.62,-,5.78,6.62,5.78,USD,"Jan 26, 2006","Jan 26, 2006",2026-03-25
NIGERIA (FEDERAL REPUBLIC OF) MTN RegS,Sovereign,Fixed Income,"36,879,876.61",0.25,"36,879,876.61","30,927,000.00",-,XS2948512913,-,116.25,Nigeria,-,USD,5.87,7.77,1.0,"Dec 09, 2034",10.38,5.78,-,7.77,5.78,7.77,USD,"Dec 09, 2024","Dec 09, 2024",2026-03-25
SRI LANKA (REPUBLIC OF) MLB RegS,Sovereign,Fixed Income,"36,780,844.54",0.25,"36,780,844.54","40,895,617.00",-,XS2966242096,BPLNMD9,89.56,Sri Lanka,-,USD,8.71,7.18,1.0,"Feb 15, 2038",3.6,8.62,-,7.18,8.62,7.18,USD,"Aug 15, 2024","Dec 20, 2024",2026-03-25
ANGOLA (REPUBLIC OF) RegS,Sovereign,Fixed Income,"36,708,620.30",0.25,"36,708,620.30","35,623,000.00",-,XS1819680288,BYVMF07,100.8,Angola,-,USD,1.92,7.83,1.0,"May 09, 2028",8.25,1.88,-,7.83,1.88,7.83,USD,"May 09, 2018","May 09, 2018",2026-03-25
ANGOLA (REPUBLIC OF) MTN RegS,Sovereign,Fixed Income,"36,642,072.32",0.25,"36,642,072.32","35,401,000.00",-,XS2446175577,-,99.64,Angola,-,USD,4.56,8.83,1.0,"Apr 14, 2032",8.75,4.45,-,8.83,4.45,8.83,USD,"Apr 14, 2022","Apr 14, 2022",2026-03-25
EGYPT (ARAB REPUBLIC OF) MTN RegS,Sovereign,Fixed Income,"36,570,861.64",0.25,"36,570,861.64","35,539,000.00",-,XS1953057061,BGSGVS6,102.44,Egypt,-,USD,2.63,6.67,1.0,"Mar 01, 2029",7.6,2.59,-,6.67,2.59,6.67,USD,"Feb 26, 2019","Feb 26, 2019",2026-03-25
SRI LANKA (REPUBLIC OF) MLB RegS,Sovereign,Fixed Income,"36,543,702.78",0.25,"36,543,702.78","43,336,961.00",-,XS2966241445,BTKVSM3,84.25,Sri Lanka,-,USD,5.26,6.91,1.0,"Mar 15, 2033",3.35,5.19,-,6.91,5.19,6.91,USD,"Sep 15, 2024","Dec 20, 2024",2026-03-25
CHINA PEOPLES REPUBLIC OF (GOVERNM RegS,Sovereign,Fixed Income,"36,337,991.49",0.25,"36,337,991.49","35,981,000.00",-,USY5325QAJ14,-,99.64,China,-,USD,4.17,3.84,1.0,"Nov 13, 2030",3.75,4.16,-,3.84,4.16,3.84,USD,"Nov 13, 2025","Nov 13, 2025",2026-03-25
ANGOLA (REPUBLIC OF) MTN RegS,Sovereign,Fixed Income,"36,248,507.05",0.25,"36,248,507.05","35,311,000.00",-,XS2083302419,BKWCVZ5,100.06,Angola,-,USD,3.12,7.98,1.0,"Nov 26, 2029",8.0,3.05,-,7.98,3.05,7.98,USD,"Nov 26, 2019","Nov 26, 2019",2026-03-25
CHINA LIFE INSURANCE OVERSEAS CO L RegS,Agency,Fixed Income,"36,219,505.28",0.25,"36,219,505.28","35,321,000.00",-,XS2621319040,BQVVX37,101.98,China,-,USD,2.23,4.92,1.0,"Aug 15, 2033",5.35,2.19,-,4.47,2.22,4.47,USD,"Aug 15, 2023","Aug 15, 2023",2026-03-25
ECUADOR REPUBLIC OF (GOVERNMENT) 144A,Sovereign,Fixed Income,"36,089,312.42",0.25,"36,089,312.42","35,855,000.00",-,XS3283442625,-,99.27,Ecuador,-,USD,7.1,9.35,1.0,"Jan 29, 2039",9.25,6.98,-,9.35,6.98,9.35,USD,"Jan 29, 2026","Jan 29, 2026",2026-03-25
UKRAINE (REPUBLIC OF) A BONDS RegS,Sovereign,Fixed Income,"35,725,669.65",0.25,"35,725,669.65","63,343,264.00",-,XS2895056013,-,55.75,Ukraine,-,USD,5.71,15.83,1.0,"Feb 01, 2034",4.5,5.41,-,15.83,5.41,15.83,USD,"Aug 01, 2024","Aug 30, 2024",2026-03-25
CHINA PEOPLES REPUBLIC OF (GOVERNM RegS,Sovereign,Fixed Income,"35,671,775.38",0.25,"35,671,775.38","35,350,000.00",-,USY5325QAH57,-,99.6,China,-,USD,2.47,3.78,1.0,"Nov 13, 2028",3.63,2.46,-,3.78,2.46,3.78,USD,"Nov 13, 2025","Nov 13, 2025",2026-03-25
OMAN SOVEREIGN SUKUK SAOC RegS,Sovereign,Fixed Income,"35,410,751.85",0.24,"35,410,751.85","35,083,000.00",-,XS2351310482,-,99.61,Oman,-,USD,3.75,4.98,1.0,"Jun 15, 2030",4.88,3.73,-,4.98,3.73,4.98,USD,"Jun 15, 2021","Jun 15, 2021",2026-03-25
HUNGARY (GOVERNMENT) RegS,Sovereign,Fixed Income,"35,364,833.24",0.24,"35,364,833.24","34,842,000.00",-,XS2010026305,-,100.09,Hungary,-,USD,2.92,5.22,1.0,"Jun 16, 2029",5.25,2.9,-,5.22,2.9,5.22,USD,"Jun 16, 2022","Jun 16, 2022",2026-03-25
EGYPT (ARAB REPUBLIC OF) MTN RegS,Sovereign,Fixed Income,"35,215,583.03",0.24,"35,215,583.03","35,340,000.00",-,XS2176897754,-,97.23,Egypt,-,USD,4.81,8.2,1.0,"May 29, 2032",7.63,4.71,-,8.20,4.71,8.20,USD,"May 29, 2020","May 29, 2020",2026-03-25
DOMINICAN REPUBLIC (GOVERNMENT) RegS,Sovereign,Fixed Income,"35,100,326.31",0.24,"35,100,326.31","34,093,000.00",-,USP3579ECW59,-,102.8,Dominican Republic,-,USD,7.65,6.59,1.0,"Mar 15, 2037",6.95,7.64,-,6.58,7.52,6.58,USD,"Feb 24, 2025","Feb 24, 2025",2026-03-25
PHILIPPINES (REPUBLIC OF),Sovereign,Fixed Income,"34,986,806.50",0.24,"34,986,806.50","29,532,000.00",718286AY3,US718286AY36,B2PDPM4,117.13,Philippines,-,USD,3.28,4.6,1.0,"Feb 02, 2030",9.5,3.26,-,4.60,3.26,4.60,USD,"Feb 02, 2005","Feb 02, 2005",2026-03-25
PERU (REPUBLIC OF),Sovereign,Fixed Income,"34,575,596.33",0.24,"34,575,596.33","40,138,000.00",715638DU3,US715638DU38,BNTYXY8,85.58,Peru,-,USD,6.74,5.28,1.0,"Jan 15, 2034",3.0,6.72,-,5.28,6.72,5.28,USD,"Nov 02, 2021","Nov 02, 2021",2026-03-25
BRAZIL FEDERATIVE REPUBLIC OF (GOV,Sovereign,Fixed Income,"34,488,006.10",0.24,"34,488,006.10","34,113,000.00",105756BZ2,US105756BZ27,BYPHD82,100.2,Brazil,-,USD,1.58,4.5,1.0,"Jan 13, 2028",4.63,1.7,-,4.49,1.47,4.49,USD,"Oct 13, 2017","Oct 13, 2017",2026-03-25
DOMINICAN REPUBLIC (GOVERNMENT) RegS,Sovereign,Fixed Income,"34,470,113.88",0.24,"34,470,113.88","34,539,000.00",-,USP3579EBE60,BV0L861,98.73,Dominican Republic,-,USD,10.22,6.97,1.0,"Jan 27, 2045",6.85,10.33,-,6.97,10.33,6.97,USD,"Jan 27, 2015","Jan 27, 2015",2026-03-25
OMAN SULTANATE OF (GOVERNMENT) MTN RegS,Sovereign,Fixed Income,"34,416,026.04",0.24,"34,416,026.04","32,775,000.00",-,XS2288905370,BMXYFP2,104.0,Oman,-,USD,4.15,5.3,1.0,"Jan 25, 2031",6.25,4.12,-,5.30,4.12,5.30,USD,"Jan 25, 2021","Jan 25, 2021",2026-03-25
PETRONAS CAPITAL LTD MTN RegS,Agency,Fixed Income,"34,358,670.54",0.24,"34,358,670.54","32,892,000.00",-,USY68856BF25,-,101.7,Malaysia,-,USD,13.31,5.73,1.0,"Apr 03, 2055",5.85,13.64,-,5.73,13.55,5.73,USD,"Apr 03, 2025","Apr 03, 2025",2026-03-25
CHINA PEOPLES REPUBLIC OF (GOVERNM RegS,Sovereign,Fixed Income,"34,302,288.93",0.24,"34,302,288.93","36,037,000.00",-,XS2084425110,BMT7V57,94.54,China,-,USD,3.48,3.72,1.0,"Dec 03, 2029",2.13,3.48,-,3.72,3.48,3.72,USD,"Dec 03, 2019","Dec 03, 2019",2026-03-25
CBB INTERNATIONAL SUKUK PROGRAMME RegS,Sovereign,Fixed Income,"34,135,839.58",0.23,"34,135,839.58","35,925,000.00",-,XS3068594129,-,93.7,Bahrain,-,USD,5.71,7.38,1.0,"Jul 07, 2033",6.25,5.63,-,7.38,5.63,7.38,USD,"May 07, 2025","May 07, 2025",2026-03-25
COSTA RICA (REPUBLIC OF) RegS,Sovereign,Fixed Income,"33,960,963.31",0.23,"33,960,963.31","30,421,000.00",-,USP3699PGN17,-,109.0,Costa Rica,-,USD,11.83,6.59,1.0,"Nov 13, 2054",7.3,12.12,-,6.58,12.02,6.58,USD,"Nov 13, 2023","Nov 13, 2023",2026-03-25
PETRONAS CAPITAL LTD MTN RegS,Agency,Fixed Income,"33,876,213.35",0.23,"33,876,213.35","32,490,000.00",-,USY68856BD76,-,101.93,Malaysia,-,USD,4.11,4.5,1.0,"Jan 03, 2031",4.95,4.13,-,4.49,4.06,4.49,USD,"Apr 03, 2025","Apr 03, 2025",2026-03-25
PANAMA REPUBLIC OF (GOVERNMENT),Sovereign,Fixed Income,"33,844,801.88",0.23,"33,844,801.88","40,345,000.00",698299BN3,US698299BN37,-,82.8,Panama,-,USD,5.84,5.42,1.0,"Sep 29, 2032",2.25,5.81,-,5.42,5.81,5.42,USD,"Sep 29, 2020","Sep 29, 2020",2026-03-25
SAUDI ARABIA (KINGDOM OF) MTN RegS,Sovereign,Fixed Income,"33,837,788.80",0.23,"33,837,788.80","41,060,000.00",-,XS1508675508,BDFT8M0,80.57,Saudi Arabia,-,USD,11.92,6.18,1.0,"Oct 26, 2046",4.5,12.1,-,6.18,12.1,6.18,USD,"Oct 26, 2016","Oct 26, 2016",2026-03-25
ROMANIA (REPUBLIC OF) MTN RegS,Sovereign,Fixed Income,"33,838,222.27",0.23,"33,838,222.27","32,894,000.00",-,XS2571922884,-,102.21,Romania,-,USD,1.78,5.38,1.0,"Feb 17, 2028",6.63,1.76,-,5.38,1.76,5.38,USD,"Jan 17, 2023","Jan 17, 2023",2026-03-25
ROMANIA (REPUBLIC OF) MTN RegS,Sovereign,Fixed Income,"33,781,664.64",0.23,"33,781,664.64","32,202,000.00",-,XS3114897633,-,100.36,Romania,-,USD,7.06,6.57,1.0,"May 16, 2036",6.63,7.0,-,6.57,7.0,6.57,USD,"Jul 16, 2025","Jul 16, 2025",2026-03-25
COLOMBIA (REPUBLIC OF),Sovereign,Fixed Income,"33,673,497.17",0.23,"33,673,497.17","32,312,000.00",195325EG6,US195325EG61,-,103.15,Colombia,-,USD,5.86,6.97,1.0,"Feb 02, 2034",7.5,5.85,-,6.96,5.71,6.96,USD,"Feb 02, 2023","Feb 02, 2023",2026-03-25
COSTA RICA (REPUBLIC OF) RegS,Sovereign,Fixed Income,"33,292,237.39",0.23,"33,292,237.39","30,593,000.00",-,USP3699PGM34,-,105.73,Costa Rica,-,USD,5.47,5.55,1.0,"Apr 03, 2034",6.55,5.46,-,5.54,5.41,5.54,USD,"Apr 03, 2023","Apr 03, 2023",2026-03-25
DOMINICAN REPUBLIC (GOVERNMENT) RegS,Sovereign,Fixed Income,"33,222,831.48",0.23,"33,222,831.48","34,564,000.00",-,USP3579ECF27,-,95.46,Dominican Republic,-,USD,3.49,5.83,1.0,"Jan 30, 2030",4.5,3.45,-,5.83,3.45,5.83,USD,"Jan 30, 2020","Jan 30, 2020",2026-03-25
UKRAINE (REPUBLIC OF) A BONDS RegS,Sovereign,Fixed Income,"33,088,195.36",0.23,"33,088,195.36","59,833,988.00",-,XS2895056369,-,54.65,Ukraine,-,USD,6.15,15.49,1.0,"Feb 01, 2035",4.5,5.84,-,15.49,5.84,15.49,USD,"Aug 01, 2024","Aug 30, 2024",2026-03-25
SOUTH AFRICA (REPUBLIC OF) RegS,Sovereign,Fixed Income,"33,013,901.74",0.23,"33,013,901.74","34,775,000.00",-,XS3250317354,-,93.2,South Africa,-,USD,8.03,6.98,1.0,"Dec 11, 2037",6.13,7.97,-,6.98,7.97,6.98,USD,"Dec 11, 2025","Dec 11, 2025",2026-03-25
ANGOLA (REPUBLIC OF) RegS,Sovereign,Fixed Income,"32,926,316.65",0.23,"32,926,316.65","35,158,000.00",-,XS1819680528,BG205D7,91.1,Angola,-,USD,8.49,10.41,1.0,"May 08, 2048",9.38,8.5,-,10.41,8.5,10.41,USD,"May 09, 2018","May 09, 2018",2026-03-25
KAZAKHSTAN (REPUBLIC OF) MTN RegS,Sovereign,Fixed Income,"32,844,409.58",0.23,"32,844,409.58","30,272,000.00",-,XS1263139856,BYQDTJ2,107.38,Kazakhstan,-,USD,10.95,5.86,1.0,"Jul 21, 2045",6.5,11.12,-,5.86,11.12,5.86,USD,"Jul 21, 2015","Jul 21, 2015",2026-03-25
SAUDI ARABIA (KINGDOM OF) MTN RegS,Sovereign,Fixed Income,"32,600,286.36",0.22,"32,600,286.36","32,070,000.00",-,XS2974923497,-,100.66,Saudi Arabia,-,USD,1.7,4.74,1.0,"Jan 13, 2028",5.13,1.69,-,4.74,1.69,4.74,USD,"Jan 13, 2025","Jan 13, 2025",2026-03-25
TURKEY (REPUBLIC OF),Sovereign,Fixed Income,"32,597,909.81",0.22,"32,597,909.81","29,934,000.00",900123DF4,US900123DF45,-,107.03,Turkey,-,USD,1.66,5.72,1.0,"Jan 15, 2028",9.88,1.63,-,5.72,1.63,5.72,USD,"Nov 15, 2022","Nov 15, 2022",2026-03-25
BAHRAIN (KINGDOM OF) RegS,Sovereign,Fixed Income,"32,579,642.56",0.22,"32,579,642.56","31,861,000.00",-,XS1405766541,BDFD907,99.13,Bahrain,-,USD,2.27,7.38,1.0,"Oct 12, 2028",7.0,2.23,-,7.38,2.23,7.38,USD,"Oct 12, 2016","Oct 12, 2016",2026-03-25
BANK GOSPODARSTWA KRAJOWEGO MTN RegS,Agency,Fixed Income,"32,554,998.01",0.22,"32,554,998.01","31,182,000.00",-,XS2851607403,-,103.22,Poland,-,USD,6.52,5.26,1.0,"Jul 09, 2034",5.75,6.5,-,5.26,6.5,5.26,USD,"Jul 09, 2024","Jul 09, 2024",2026-03-25
CHINA PEOPLES REPUBLIC OF (GOVERNM RegS,Sovereign,Fixed Income,"32,204,335.64",0.22,"32,204,335.64","35,886,000.00",-,USY15025AC67,-,89.23,China,-,USD,4.35,3.78,1.0,"Oct 21, 2030",1.2,4.35,-,3.78,4.35,3.78,USD,"Oct 21, 2020","Oct 21, 2020",2026-03-25
BANK GOSPODARSTWA KRAJOWEGO MTN RegS,Agency,Fixed Income,"32,183,920.74",0.22,"32,183,920.74","32,086,000.00",-,XS2851609102,BSMNYS8,99.02,Poland,-,USD,12.72,6.32,1.0,"Jul 09, 2054",6.25,12.96,-,6.32,12.96,6.32,USD,"Jul 09, 2024","Jul 09, 2024",2026-03-25
SOUTH AFRICA (REPUBLIC OF) RegS,Sovereign,Fixed Income,"32,044,582.29",0.22,"32,044,582.29","34,225,000.00",-,XS3250317867,-,91.58,South Africa,-,USD,11.05,7.99,1.0,"Dec 11, 2055",7.25,11.21,-,7.99,11.21,7.99,USD,"Dec 11, 2025","Dec 11, 2025",2026-03-25
CNAC HK FINBRIDGE CO LTD RegS,Agency,Fixed Income,"31,758,787.57",0.22,"31,758,787.57","31,346,000.00",-,XS1788513734,BFWX7G6,101.19,China,-,USD,1.87,4.49,1.0,"Mar 14, 2028",5.13,1.86,-,4.49,1.86,4.49,USD,"Mar 14, 2018","Mar 14, 2018",2026-03-25
NIGERIA (FEDERAL REPUBLIC OF) RegS,Sovereign,Fixed Income,"31,756,731.74",0.22,"31,756,731.74","30,674,000.00",-,XS1566179039,BZ13PB8,102.72,Nigeria,-,USD,4.72,7.3,1.0,"Feb 16, 2032",7.88,4.64,-,7.30,4.64,7.30,USD,"Feb 16, 2017","Feb 16, 2017",2026-03-25
COLOMBIA (REPUBLIC OF),Sovereign,Fixed Income,"31,729,348.42",0.22,"31,729,348.42","36,357,000.00",195325DS1,US195325DS19,-,85.9,Colombia,-,USD,4.52,6.43,1.0,"Apr 15, 2031",3.13,4.47,-,6.43,4.47,6.43,USD,"Jun 04, 2020","Jun 04, 2020",2026-03-25
BANK GOSPODARSTWA KRAJOWEGO MTN RegS,Agency,Fixed Income,"31,631,701.18",0.22,"31,631,701.18","30,755,000.00",-,XS2625207571,-,101.04,Poland,-,USD,5.82,5.2,1.0,"May 22, 2033",5.38,5.79,-,5.20,5.79,5.20,USD,"May 22, 2023","May 22, 2023",2026-03-25
KENYA (REPUBLIC OF) RegS,Sovereign,Fixed Income,"31,598,043.12",0.22,"31,598,043.12","29,945,000.00",-,XS2764839945,-,104.52,Kenya,-,USD,3.25,8.35,1.0,"Feb 16, 2031",9.75,3.17,-,8.35,3.17,8.35,USD,"Feb 16, 2024","Feb 16, 2024",2026-03-25
NIGERIA (FEDERAL REPUBLIC OF) MTN RegS,Sovereign,Fixed Income,"31,453,186.63",0.22,"31,453,186.63","30,542,000.00",-,XS1717011982,BF2RB55,100.91,Nigeria,-,USD,1.56,5.92,1.0,"Nov 28, 2027",6.5,1.54,-,5.92,1.54,5.92,USD,"Nov 28, 2017","Nov 28, 2017",2026-03-25
KAZAKHSTAN (REPUBLIC OF) MTN RegS,Sovereign,Fixed Income,"31,414,478.97",0.22,"31,414,478.97","31,450,000.00",-,XS3212533262,-,98.11,Kazakhstan,-,USD,4.05,4.87,1.0,"Oct 28, 2030",4.41,4.03,-,4.87,4.03,4.87,USD,"Oct 28, 2025","Oct 28, 2025",2026-03-25
ROMANIA (REPUBLIC OF) MTN RegS,Sovereign,Fixed Income,"31,290,695.05",0.22,"31,290,695.05","29,266,000.00",-,XS2571923007,-,105.61,Romania,-,USD,5.38,6.1,1.0,"Jan 17, 2033",7.13,5.33,-,6.10,5.33,6.10,USD,"Jan 17, 2023","Jan 17, 2023",2026-03-25
COTE D IVOIRE (REPUBLIC OF) RegS,Sovereign,Fixed Income,"31,200,940.74",0.21,"31,200,940.74","29,522,000.00",-,XS2752065479,-,104.47,Cote D'Ivoire (Ivory Coast),-,USD,6.97,7.62,1.0,"Jan 30, 2037",8.25,6.89,-,7.62,6.89,7.62,USD,"Jan 30, 2024","Jan 30, 2024",2026-03-25
HUNGARY (GOVERNMENT) RegS,Sovereign,Fixed Income,"31,115,796.23",0.21,"31,115,796.23","29,825,000.00",-,XS3101499187,-,100.3,Hungary,-,USD,3.83,5.3,1.0,"Sep 26, 2030",5.38,3.81,-,5.30,3.81,5.30,USD,"Jun 23, 2025","Jun 23, 2025",2026-03-25
SAUDI ARABIA (KINGDOM OF) MTN RegS,Sovereign,Fixed Income,"31,019,890.00",0.21,"31,019,890.00","31,680,000.00",-,XS1694217495,BYZFF68,97.72,Saudi Arabia,-,USD,1.87,4.86,1.0,"Mar 04, 2028",3.63,1.85,-,4.86,1.85,4.86,USD,"Oct 04, 2017","Oct 04, 2017",2026-03-25
COLOMBIA (REPUBLIC OF),Sovereign,Fixed Income,"30,962,937.20",0.21,"30,962,937.20","34,915,000.00",195325BM6,US195325BM66,B512BZ1,87.58,Colombia,-,USD,9.14,7.53,1.0,"Jan 18, 2041",6.13,9.12,-,7.53,9.12,7.53,USD,"Oct 20, 2009","Oct 20, 2009",2026-03-25
PERU (REPUBLIC OF),Sovereign,Fixed Income,"30,953,699.93",0.21,"30,953,699.93","29,750,000.00",715638FC1,US715638FC12,-,100.03,Peru,-,USD,7.31,5.5,1.0,"Mar 30, 2036",5.5,7.33,-,5.50,7.33,5.50,USD,"Jun 30, 2025","Jun 30, 2025",2026-03-25
NIGERIA (FEDERAL REPUBLIC OF) MTN RegS,Sovereign,Fixed Income,"30,922,806.08",0.21,"30,922,806.08","30,070,000.00",-,XS2384701020,BP5GRZ1,99.25,Nigeria,-,USD,5.57,7.51,1.0,"Sep 28, 2033",7.38,5.48,-,7.51,5.48,7.51,USD,"Sep 28, 2021","Sep 28, 2021",2026-03-25
SERBIA (REPUBLIC OF) MTN RegS,Sovereign,Fixed Income,"30,370,930.33",0.21,"30,370,930.33","29,722,000.00",-,XS2838999691,-,100.5,Serbia,-,USD,6.37,5.92,1.0,"Jun 12, 2034",6.0,6.32,-,5.92,6.32,5.92,USD,"Jun 12, 2024","Jun 12, 2024",2026-03-25
DOMINICAN REPUBLIC (GOVERNMENT) RegS,Sovereign,Fixed Income,"30,328,780.96",0.21,"30,328,780.96","30,215,000.00",-,USP3579ECP09,-,99.9,Dominican Republic,-,USD,2.61,5.53,1.0,"Feb 22, 2029",5.5,2.65,-,5.53,2.65,5.53,USD,"Feb 22, 2022","Feb 22, 2022",2026-03-25
PHILIPPINES (REPUBLIC OF),Sovereign,Fixed Income,"30,271,909.09",0.21,"30,271,909.09","27,574,000.00",718286BG1,US718286BG11,B55JJ76,107.13,Philippines,-,USD,6.5,5.33,1.0,"Oct 23, 2034",6.38,6.48,-,5.33,6.48,5.33,USD,"Oct 23, 2009","Oct 23, 2009",2026-03-25
SOUTH AFRICA (REPUBLIC OF) RegS,Sovereign,Fixed Income,"30,142,145.78",0.21,"30,142,145.78","29,569,000.00",-,XS2917537875,-,99.2,South Africa,-,USD,10.72,8.02,1.0,"Nov 19, 2054",7.95,10.88,-,8.02,10.88,8.02,USD,"Nov 19, 2024","Nov 19, 2024",2026-03-25
SOUTH AFRICA (REPUBLIC OF),Sovereign,Fixed Income,"30,111,498.23",0.21,"30,111,498.23","31,349,000.00",836205BE3,US836205BE37,-,92.95,South Africa,-,USD,10.6,7.94,1.0,"Apr 20, 2052",7.3,10.74,-,7.94,10.74,7.94,USD,"Apr 20, 2022","Apr 20, 2022",2026-03-25
HUNGARY (GOVERNMENT) RegS,Sovereign,Fixed Income,"29,929,438.50",0.21,"29,929,438.50","29,850,000.00",-,XS3101499773,-,100.27,Hungary,-,USD,12.51,6.73,1.0,"Sep 23, 2055",6.75,12.74,-,6.73,12.74,6.73,USD,"Jun 23, 2025","Jun 23, 2025",2026-03-25
PERU (REPUBLIC OF),Sovereign,Fixed Income,"29,891,854.22",0.21,"29,891,854.22","30,885,000.00",715638EC2,US715638EC21,BSWVNX0,96.05,Peru,-,USD,13.04,6.17,1.0,"Aug 08, 2054",5.88,13.34,-,6.17,13.34,6.17,USD,"Aug 08, 2024","Aug 08, 2024",2026-03-25
PAKISTAN (ISLAMIC REPUBLIC OF) RegS,Sovereign,Fixed Income,"29,854,910.91",0.21,"29,854,910.91","30,005,000.00",-,XS1729875598,BFD9P70,97.44,Pakistan,-,USD,1.58,8.52,1.0,"Dec 05, 2027",6.88,1.54,-,8.52,1.54,8.52,USD,"Dec 05, 2017","Dec 05, 2017",2026-03-25
UKRAINE (REPUBLIC OF) C BONDS 144A,Sovereign,Fixed Income,"29,822,886.11",0.21,"29,822,886.11","40,450,000.00",903724CH3,US903724CH33,-,73.15,Ukraine,-,USD,3.88,13.7,1.0,"Feb 01, 2032",4.0,3.7,-,13.70,3.7,13.70,USD,"Dec 23, 2025","Dec 23, 2025",2026-03-25
COLOMBIA (REPUBLIC OF),Sovereign,Fixed Income,"29,818,330.67",0.21,"29,818,330.67","27,978,000.00",195325EP6,US195325EP60,-,103.65,Colombia,-,USD,7.06,7.25,1.0,"Nov 07, 2036",7.75,7.03,-,7.24,6.92,7.24,USD,"Nov 07, 2024","Nov 07, 2024",2026-03-25
PHILIPPINES (REPUBLIC OF),Sovereign,Fixed Income,"29,761,007.93",0.2,"29,761,007.93","26,138,000.00",718286BB2,US718286BB24,B0WC940,112.38,Philippines,-,USD,4.02,4.83,1.0,"Jan 14, 2031",7.75,4.0,-,4.83,4.0,4.83,USD,"Jan 11, 2006","Jan 11, 2006",2026-03-25
DOMINICAN REPUBLIC (GOVERNMENT) RegS,Sovereign,Fixed Income,"29,658,046.65",0.2,"29,658,046.65","29,969,000.00",-,USP3579ECN50,-,98.45,Dominican Republic,-,USD,5.55,6.28,1.0,"Feb 22, 2033",6.0,5.55,-,6.28,5.55,6.28,USD,"Feb 22, 2022","Feb 22, 2022",2026-03-25
KENYA (REPUBLIC OF) RegS,Sovereign,Fixed Income,"29,421,308.28",0.2,"29,421,308.28","29,666,000.00",-,XS3010561762,-,98.7,Kenya,-,USD,6.02,9.72,1.0,"Mar 05, 2036",9.5,5.87,-,9.72,5.87,9.72,USD,"Mar 05, 2025","Mar 05, 2025",2026-03-25
KAZAKHSTAN (REPUBLIC OF) MTN RegS,Sovereign,Fixed Income,"29,405,373.55",0.2,"29,405,373.55","29,663,000.00",-,XS2914770545,-,96.98,Kazakhstan,-,USD,7.12,5.13,1.0,"Apr 09, 2035",4.71,7.09,-,5.13,7.09,5.13,USD,"Oct 09, 2024","Oct 09, 2024",2026-03-25
JAMAICA (GOVERNMENT OF),Sovereign,Fixed Income,"29,207,799.56",0.2,"29,207,799.56","24,926,000.00",470160AV4,US470160AV46,B1V2P06,117.0,Jamaica,-,USD,8.0,5.99,1.0,"Mar 15, 2039",8.0,8.0,-,5.99,8.0,5.99,USD,"Mar 15, 2007","Mar 15, 2007",2026-03-25
POLAND (REPUBLIC OF),Sovereign,Fixed Income,"29,145,556.64",0.2,"29,145,556.64","28,706,000.00",731011AX0,US731011AX08,-,101.47,Poland,-,USD,2.73,4.1,1.0,"Mar 18, 2029",4.63,2.77,-,4.08,2.69,4.08,USD,"Mar 18, 2024","Mar 18, 2024",2026-03-25
FED REPUBLIC OF BRAZIL,Sovereign,Fixed Income,"29,090,802.31",0.2,"29,090,802.31","39,842,000.00",105756CB4,US105756CB40,BK71V79,72.11,Brazil,-,USD,11.96,7.22,1.0,"Jan 14, 2050",4.75,12.17,-,7.22,12.17,7.22,USD,"Nov 14, 2019","Nov 14, 2019",2026-03-25
BULGARIA REPUBLIC OF (GOVERNMENT) MTN RegS,Sovereign,Fixed Income,"29,024,582.61",0.2,"29,024,582.61","29,876,000.00",-,XS2890436087,BSY4VX3,96.9,Bulgaria,-,USD,8.29,5.38,1.0,"Mar 05, 2037",5.0,8.27,-,5.38,8.27,5.38,USD,"Sep 05, 2024","Sep 05, 2024",2026-03-25
TURKEY (REPUBLIC OF),Sovereign,Fixed Income,"28,988,970.53",0.2,"28,988,970.53","30,058,000.00",900123DN7,US900123DN78,-,95.0,Turkey,-,USD,6.52,7.28,1.0,"Jan 03, 2035",6.5,6.43,-,7.28,6.43,7.28,USD,"Oct 03, 2024","Oct 03, 2024",2026-03-25
BRAZIL (FEDERATIVE REPUBLIC OF),Sovereign,Fixed Income,"28,966,441.30",0.2,"28,966,441.30","36,652,000.00",105756BW9,US105756BW95,BPFK010,78.25,Brazil,-,USD,10.9,7.11,1.0,"Jan 27, 2045",5.0,10.99,-,7.11,10.99,7.11,USD,"Aug 01, 2014","Aug 01, 2014",2026-03-25
COLOMBIA (REPUBLIC OF),Sovereign,Fixed Income,"28,937,906.94",0.2,"28,937,906.94","27,100,000.00",195325ER2,US195325ER27,-,103.75,Colombia,-,USD,3.41,6.32,1.0,"Apr 25, 2030",7.38,3.41,-,6.30,3.34,6.30,USD,"Apr 25, 2025","Apr 25, 2025",2026-03-25
NIGERIA (FEDERAL REPUBLIC OF) MTN RegS,Sovereign,Fixed Income,"28,640,444.50",0.2,"28,640,444.50","30,089,000.00",-,XS1717013095,BF2RBB1,92.75,Nigeria,-,USD,9.77,8.35,1.0,"Nov 28, 2047",7.63,9.86,-,8.35,9.86,8.35,USD,"Nov 28, 2017","Nov 28, 2017",2026-03-25
SOUTH AFRICA (REPUBLIC OF),Sovereign,Fixed Income,"28,637,725.77",0.2,"28,637,725.77","27,991,000.00",836205AY0,US836205AY00,BD24PK5,100.83,South Africa,-,USD,3.7,5.65,1.0,"Jun 22, 2030",5.88,3.67,-,5.65,3.67,5.65,USD,"May 22, 2018","May 22, 2018",2026-03-25
COLOMBIA (REPUBLIC OF),Sovereign,Fixed Income,"28,600,948.50",0.2,"28,600,948.50","29,531,000.00",195325DP7,US195325DP79,BGV7K78,96.75,Colombia,-,USD,2.71,5.7,1.0,"Mar 15, 2029",4.5,2.74,-,5.70,2.74,5.70,USD,"Oct 12, 2018","Oct 12, 2018",2026-03-25
ROMANIA (REPUBLIC OF) MTN 144A,Sovereign,Fixed Income,"28,573,709.88",0.2,"28,573,709.88","30,350,000.00",775921AA7,US775921AA76,-,93.84,Romania,-,USD,7.62,6.58,1.0,"Jul 04, 2036",5.75,7.55,-,6.58,7.55,6.58,USD,"Mar 04, 2026","Mar 04, 2026",2026-03-25
EGYPT (ARAB REPUBLIC OF) MTN RegS,Sovereign,Fixed Income,"28,554,750.12",0.2,"28,554,750.12","30,535,000.00",-,XS2297226545,-,92.91,Egypt,-,USD,4.2,7.63,1.0,"Feb 16, 2031",5.88,4.12,-,7.63,4.12,7.63,USD,"Feb 16, 2021","Feb 16, 2021",2026-03-25
POLAND (REPUBLIC OF),Sovereign,Fixed Income,"28,545,728.67",0.2,"28,545,728.67","26,609,000.00",857524AE2,US857524AE20,-,105.25,Poland,-,USD,5.34,4.82,1.0,"Nov 16, 2032",5.75,5.41,-,4.79,5.24,4.79,USD,"Nov 16, 2022","Nov 16, 2022",2026-03-25
COLOMBIA (REPUBLIC OF),Sovereign,Fixed Income,"28,535,822.92",0.2,"28,535,822.92","28,500,000.00",195325ET8,US195325ET82,-,99.2,Colombia,-,USD,2.57,5.68,1.0,"Jan 21, 2029",5.38,2.56,-,5.68,2.56,5.68,USD,"Jan 21, 2026","Jan 21, 2026",2026-03-25
OMAN SULTANATE OF (GOVERNMENT) RegS,Sovereign,Fixed Income,"28,505,464.64",0.2,"28,505,464.64","27,051,000.00",-,XS2234859101,-,102.66,Oman,-,USD,1.48,4.99,1.0,"Oct 28, 2027",6.75,1.47,-,4.99,1.47,4.99,USD,"Oct 28, 2020","Oct 28, 2020",2026-03-25
TURKEY (REPUBLIC OF),Sovereign,Fixed Income,"28,412,086.26",0.2,"28,412,086.26","24,998,000.00",900123DG2,US900123DG28,-,111.99,Turkey,-,USD,5.11,7.12,1.0,"Jan 19, 2033",9.38,5.04,-,7.12,5.04,7.12,USD,"Jan 19, 2023","Jan 19, 2023",2026-03-25
DOMINICAN REPUBLIC (GOVERNMENT) RegS,Sovereign,Fixed Income,"28,406,945.46",0.2,"28,406,945.46","26,221,000.00",-,USP3579EAY34,BLZGST4,105.38,Dominican Republic,-,USD,9.72,6.92,1.0,"Apr 30, 2044",7.45,9.8,-,6.92,9.8,6.92,USD,"Apr 30, 2014","Apr 30, 2014",2026-03-25
PANAMA REPUBLIC OF (GOVERNMENT),Sovereign,Fixed Income,"28,354,508.46",0.2,"28,354,508.46","35,854,000.00",698299BH6,US698299BH68,BZ19JW5,77.12,Panama,-,USD,12.48,6.39,1.0,"Apr 16, 2050",4.5,12.71,-,6.39,12.71,6.39,USD,"Apr 16, 2018","Apr 16, 2018",2026-03-25
TURKEY (REPUBLIC OF),Sovereign,Fixed Income,"28,108,676.06",0.19,"28,108,676.06","26,326,000.00",900123CT5,US900123CT57,BGLHP62,103.66,Turkey,-,USD,2.69,6.3,1.0,"Apr 26, 2029",7.63,2.65,-,6.30,2.65,6.30,USD,"Jan 16, 2019","Jan 16, 2019",2026-03-25
PHILIPPINES (REPUBLIC OF),Sovereign,Fixed Income,"28,068,637.30",0.19,"28,068,637.30","28,785,000.00",718286CC9,US718286CC97,BD45NK2,97.08,Philippines,-,USD,1.78,4.66,1.0,"Feb 01, 2028",3.0,1.77,-,4.66,1.77,4.66,USD,"Feb 01, 2018","Feb 01, 2018",2026-03-25
NIGERIA (FEDERAL REPUBLIC OF) MTN RegS,Sovereign,Fixed Income,"28,047,318.81",0.19,"28,047,318.81","25,448,000.00",-,XS2445169985,-,106.05,Nigeria,-,USD,2.58,6.14,1.0,"Mar 24, 2029",8.38,2.55,-,6.14,2.55,6.14,USD,"Mar 24, 2022","Mar 24, 2022",2026-03-25
SOUTH AFRICA (REPUBLIC OF),Sovereign,Fixed Income,"27,940,795.09",0.19,"27,940,795.09","27,377,000.00",836205BC7,US836205BC70,-,99.56,South Africa,-,USD,4.97,5.96,1.0,"Apr 20, 2032",5.88,4.92,-,5.96,4.92,5.96,USD,"Apr 20, 2022","Apr 20, 2022",2026-03-25
CBB INTERNATIONAL SUKUK PROGRAMME RegS,Sovereign,Fixed Income,"27,758,332.33",0.19,"27,758,332.33","30,050,000.00",-,XS3197741732,-,91.61,Bahrain,-,USD,6.15,7.29,1.0,"Feb 06, 2034",5.87,6.06,-,7.29,6.06,7.29,USD,"Oct 06, 2025","Oct 06, 2025",2026-03-25
COSTA RICA REPUBLIC OF (GOVERNMEN RegS,Sovereign,Fixed Income,"27,633,696.02",0.19,"27,633,696.02","25,802,000.00",-,USP3699PGJ05,BWB63S9,106.88,Costa Rica,-,USD,10.44,6.52,1.0,"Mar 12, 2045",7.16,10.57,-,6.52,10.57,6.52,USD,"Mar 12, 2015","Mar 12, 2015",2026-03-25
MEXICO (UNITED MEXICAN STATES) (GO,Sovereign,Fixed Income,"27,629,438.02",0.19,"27,629,438.02","25,750,000.00",91087BBC3,US91087BBC37,-,104.82,Mexico,-,USD,7.61,6.27,1.0,"May 13, 2037",6.88,7.62,-,6.26,7.5,6.26,USD,"Jan 13, 2025","Jan 13, 2025",2026-03-25
PANAMA REPUBLIC OF (GOVERNMENT),Sovereign,Fixed Income,"27,607,900.60",0.19,"27,607,900.60","28,072,000.00",698299BF0,US698299BF03,BYSXF47,98.28,Panama,-,USD,1.83,4.79,1.0,"Mar 17, 2028",3.88,1.88,-,4.79,1.88,4.79,USD,"Mar 17, 2016","Mar 17, 2016",2026-03-25
COLOMBIA REPUBLIC OF (GOVERNMENT),Sovereign,Fixed Income,"27,594,140.75",0.19,"27,594,140.75","34,408,000.00",195325BR5,US195325BR53,BJ62Z74,79.78,Colombia,-,USD,10.16,7.73,1.0,"Feb 26, 2044",5.63,10.23,-,7.73,10.23,7.73,USD,"Jan 28, 2014","Jan 28, 2014",2026-03-25
NIGERIA (FEDERAL REPUBLIC OF) MTN RegS,Sovereign,Fixed Income,"27,485,553.64",0.19,"27,485,553.64","25,250,000.00",-,XS3218072919,-,105.74,Nigeria,-,USD,6.56,7.78,1.0,"Jan 13, 2036",8.63,6.46,-,7.78,6.46,7.78,USD,"Nov 13, 2025","Nov 13, 2025",2026-03-25
PAKISTAN (ISLAMIC REPUBLIC OF) MTN RegS,Sovereign,Fixed Income,"27,299,138.51",0.19,"27,299,138.51","28,398,000.00",-,XS2322319638,-,92.75,Pakistan,-,USD,4.04,9.2,1.0,"Apr 08, 2031",7.38,3.94,-,9.20,3.94,9.20,USD,"Apr 08, 2021","Apr 08, 2021",2026-03-25
SAUDI ARABIA (KINGDOM OF) MTN RegS,Sovereign,Fixed Income,"27,255,164.23",0.19,"27,255,164.23","28,964,000.00",-,XS2747599509,-,93.03,Saudi Arabia,-,USD,12.9,6.28,1.0,"Jan 16, 2054",5.75,13.15,-,6.28,13.15,6.28,USD,"Jan 16, 2024","Jan 16, 2024",2026-03-25
TURKEY (REPUBLIC OF),Sovereign,Fixed Income,"27,233,878.78",0.19,"27,233,878.78","25,900,000.00",900123DK3,US900123DK30,-,102.44,Turkey,-,USD,5.95,7.22,1.0,"May 15, 2034",7.63,5.87,-,7.22,5.87,7.22,USD,"Feb 15, 2024","Feb 15, 2024",2026-03-25
GUATEMALA REPUBLIC OF (GOVERNMENT) RegS,Sovereign,Fixed Income,"27,181,493.60",0.19,"27,181,493.60","27,699,000.00",-,USP5015VAJ54,BK4VBV6,96.23,Guatemala,-,USD,11.63,6.44,1.0,"Jun 01, 2050",6.13,11.84,-,6.44,11.84,6.44,USD,"May 31, 2019","May 31, 2019",2026-03-25
KAZAKHSTAN (REPUBLIC OF) MTN RegS,Sovereign,Fixed Income,"27,120,981.39",0.19,"27,120,981.39","26,900,000.00",-,XS3093655341,-,99.68,Kazakhstan,-,USD,5.29,5.06,1.0,"Jul 01, 2032",5.0,5.27,-,5.06,5.27,5.06,USD,"Jul 01, 2025","Jul 01, 2025",2026-03-25
PETROLEOS MEXICANOS MTN,Agency,Fixed Income,"26,965,036.12",0.19,"26,965,036.12","33,617,000.00",71654QCC4,US71654QCC42,BD3NBC5,80.17,Mexico,-,USD,9.99,8.82,1.0,"Sep 21, 2047",6.75,10.06,-,8.82,10.06,8.82,USD,"Sep 21, 2016","Jan 27, 2017",2026-03-25
UKRAINE (REPUBLIC OF) A BONDS RegS,Sovereign,Fixed Income,"26,956,738.15",0.19,"26,956,738.15","49,644,085.00",-,XS2895056526,-,53.65,Ukraine,-,USD,6.53,15.24,1.0,"Feb 01, 2036",4.5,6.21,-,15.24,6.21,15.24,USD,"Aug 01, 2024","Aug 30, 2024",2026-03-25
SAUDI ARABIA (KINGDOM OF) MTN RegS,Sovereign,Fixed Income,"26,744,685.75",0.18,"26,744,685.75","25,758,000.00",-,XS2974969482,-,102.74,Saudi Arabia,-,USD,6.87,5.23,1.0,"Jan 13, 2035",5.63,6.84,-,5.23,6.84,5.23,USD,"Jan 13, 2025","Jan 13, 2025",2026-03-25
EGYPT (ARAB REPUBLIC OF) MTN RegS,Sovereign,Fixed Income,"26,734,270.97",0.18,"26,734,270.97","29,857,000.00",-,XS1953057491,BGSGVT7,89.01,Egypt,-,USD,9.09,9.92,1.0,"Mar 01, 2049",8.7,9.13,-,9.92,9.13,9.92,USD,"Feb 26, 2019","Feb 26, 2019",2026-03-25
MOROCCO (KINGDOM OF) RegS,Sovereign,Fixed Income,"26,723,195.83",0.18,"26,723,195.83","25,340,000.00",-,XS2595028700,-,105.19,Morocco,-,USD,5.93,5.64,1.0,"Sep 08, 2033",6.5,5.89,-,5.64,5.89,5.64,USD,"Mar 08, 2023","Mar 08, 2023",2026-03-25
GOVERNMENT OF THE FEDERATIVE REPUB,Sovereign,Fixed Income,"26,662,390.28",0.18,"26,662,390.28","25,750,000.00",105756CM0,US105756CM05,-,101.45,Brazil,-,USD,3.99,5.14,1.0,"Nov 06, 2030",5.5,3.96,-,5.14,3.96,5.14,USD,"Jun 11, 2025","Jun 11, 2025",2026-03-25
PERU (REPUBLIC OF),Sovereign,Fixed Income,"26,597,352.78",0.18,"26,597,352.78","26,100,000.00",715638FD9,US715638FD94,-,100.47,Peru,-,USD,12.97,6.16,1.0,"Jun 30, 2055",6.2,13.28,-,6.16,13.2,6.16,USD,"Jun 30, 2025","Jun 30, 2025",2026-03-25
PETRONAS CAPITAL LTD MTN RegS,Agency,Fixed Income,"26,512,296.00",0.18,"26,512,296.00","30,400,000.00",-,USY68856AQ98,BWC9G11,87.15,Malaysia,-,USD,11.96,5.61,1.0,"Mar 18, 2045",4.5,12.13,-,5.61,12.13,5.61,USD,"Mar 18, 2015","Mar 18, 2015",2026-03-25
EGYPT (ARAB REPUBLIC OF) MTN RegS,Sovereign,Fixed Income,"26,486,369.30",0.18,"26,486,369.30","25,112,000.00",-,XS2989586941,-,104.3,Egypt,-,USD,3.29,7.32,1.0,"Feb 04, 2030",8.63,3.23,-,7.32,3.23,7.32,USD,"Feb 04, 2025","Feb 04, 2025",2026-03-25
JORDAN (HASHEMITE KINGDOM OF) MTN RegS,Sovereign,Fixed Income,"26,410,889.75",0.18,"26,410,889.75","25,300,000.00",-,XS2602742285,-,102.93,Jordan,-,USD,2.51,6.34,1.0,"Jan 13, 2029",7.5,2.47,-,6.34,2.47,6.34,USD,"Apr 13, 2023","Apr 13, 2023",2026-03-25
PANAMA REPUBLIC OF (GOVERNMENT),Sovereign,Fixed Income,"26,386,261.53",0.18,"26,386,261.53","27,050,000.00",698299CC6,US698299CC62,-,97.07,Panama,-,USD,8.23,6.02,1.0,"Feb 23, 2038",5.66,8.22,-,6.02,8.22,6.02,USD,"Feb 23, 2026","Feb 23, 2026",2026-03-25
DOMINICAN REPUBLIC (GOVERNMENT) RegS,Sovereign,Fixed Income,"26,299,738.64",0.18,"26,299,738.64","26,850,000.00",-,USP3579ECZ80,-,95.58,Dominican Republic,-,USD,7.03,6.5,1.0,"Oct 28, 2035",5.88,7.01,-,6.50,7.01,6.50,USD,"Oct 28, 2025","Oct 28, 2025",2026-03-25
HUNGARY (GOVERNMENT) RegS,Sovereign,Fixed Income,"26,273,201.88",0.18,"26,273,201.88","25,037,000.00",-,XS2574267345,-,101.6,Hungary,-,USD,11.76,6.62,1.0,"Sep 25, 2052",6.75,11.98,-,6.62,11.98,6.62,USD,"Jan 11, 2023","Jan 11, 2023",2026-03-25
BRAZIL FEDERATIVE REPUBLIC OF (GOV,Sovereign,Fixed Income,"26,240,728.00",0.18,"26,240,728.00","25,526,000.00",105756CF5,US105756CF53,-,100.25,Brazil,-,USD,5.92,5.96,1.0,"Oct 20, 2033",6.0,5.87,-,5.96,5.87,5.96,USD,"Apr 13, 2023","Apr 13, 2023",2026-03-25
DOMINICAN REPUBLIC (GOVERNMENT) 144A,Sovereign,Fixed Income,"26,186,454.30",0.18,"26,186,454.30","27,250,000.00",25714PFH6,US25714PFH64,-,95.48,Dominican Republic,-,USD,8.33,6.69,1.0,"May 17, 2038",6.15,8.32,-,6.69,8.32,6.69,USD,"Feb 17, 2026","Feb 17, 2026",2026-03-25
KENYA (REPUBLIC OF) 144A,Sovereign,Fixed Income,"26,055,817.38",0.18,"26,055,817.38","28,175,000.00",491798AS3,US491798AS39,-,91.83,Kenya,-,USD,7.18,9.88,1.0,"Feb 26, 2039",8.7,7.04,-,9.88,7.04,9.88,USD,"Feb 26, 2026","Feb 26, 2026",2026-03-25
PANAMA REPUBLIC OF (GOVERNMENT),Sovereign,Fixed Income,"26,049,830.75",0.18,"26,049,830.75","38,985,000.00",698299BL7,US698299BL70,BJVN8G2,66.17,Panama,-,USD,14.78,6.31,1.0,"Jul 23, 2060",3.87,15.06,-,6.31,15.06,6.31,USD,"Jul 23, 2019","Jul 23, 2019",2026-03-25
PANAMA REPUBLIC OF (GOVERNMENT),Sovereign,Fixed Income,"26,030,187.81",0.18,"26,030,187.81","33,762,000.00",698299BM5,US698299BM53,BK8TZM5,74.95,Panama,-,USD,13.41,6.41,1.0,"Apr 01, 2056",4.5,13.66,-,6.41,13.66,6.41,USD,"Apr 01, 2020","Apr 01, 2020",2026-03-25
PANAMA REPUBLIC OF (GOVERNMENT),Sovereign,Fixed Income,"25,997,893.64",0.18,"25,997,893.64","26,550,000.00",698299CB8,US698299CB89,-,97.48,Panama,-,USD,6.05,5.65,1.0,"Feb 23, 2034",5.23,6.02,-,5.65,6.02,5.65,USD,"Feb 23, 2026","Feb 23, 2026",2026-03-25
ROMANIA (REPUBLIC OF) MTN RegS,Sovereign,Fixed Income,"25,992,230.25",0.18,"25,992,230.25","24,372,000.00",-,XS2571924070,-,105.25,Romania,-,USD,11.36,7.18,1.0,"Jan 17, 2053",7.63,11.55,-,7.18,11.55,7.18,USD,"Jan 17, 2023","Jan 17, 2023",2026-03-25
NIGERIA (FEDERAL REPUBLIC OF) MTN RegS,Sovereign,Fixed Income,"25,799,610.87",0.18,"25,799,610.87","25,008,000.00",-,XS2384698994,BP6QFK1,100.19,Nigeria,-,USD,2.26,6.04,1.0,"Sep 28, 2028",6.13,2.23,-,6.04,2.23,6.04,USD,"Sep 28, 2021","Sep 28, 2021",2026-03-25
SINOPEC GROUP OVERSEAS DEVELOPMENT RegS,Agency,Fixed Income,"25,753,273.80",0.18,"25,753,273.80","26,916,000.00",-,USG82016AP45,-,94.7,China,-,USD,3.78,4.1,1.0,"May 13, 2030",2.7,3.82,-,4.10,3.82,4.10,USD,"May 13, 2020","May 13, 2020",2026-03-25
NIGERIA (FEDERAL REPUBLIC OF) MTN RegS,Sovereign,Fixed Income,"25,705,557.90",0.18,"25,705,557.90","25,080,000.00",-,XS1777972511,BF2XXP7,101.9,Nigeria,-,USD,3.41,6.58,1.0,"Feb 23, 2030",7.14,3.36,-,6.58,3.36,6.58,USD,"Feb 23, 2018","Feb 23, 2018",2026-03-25
BRAZIL FEDERATIVE REPUBLIC OF (GOV,Sovereign,Fixed Income,"25,656,946.97",0.18,"25,656,946.97","25,571,000.00",105756CH1,US105756CH10,-,100.2,Brazil,-,USD,6.28,6.09,1.0,"Mar 15, 2034",6.13,6.23,-,6.09,6.23,6.09,USD,"Jan 29, 2024","Jan 29, 2024",2026-03-25
ROMANIA (REPUBLIC OF) MTN RegS,Sovereign,Fixed Income,"25,580,273.83",0.18,"25,580,273.83","39,460,000.00",-,XS2201851685,-,64.39,Romania,-,USD,12.88,7.06,1.0,"Feb 14, 2051",4.0,13.05,-,7.06,13.05,7.06,USD,"Jul 14, 2020","Jul 14, 2020",2026-03-25
NIGERIA (FEDERAL REPUBLIC OF) MTN RegS,Sovereign,Fixed Income,"25,531,437.15",0.18,"25,531,437.15","25,251,000.00",-,XS2384704800,BP6QCY4,97.1,Nigeria,-,USD,9.86,8.53,1.0,"Sep 28, 2051",8.25,9.98,-,8.53,9.98,8.53,USD,"Sep 28, 2021","Sep 28, 2021",2026-03-25
MOROCCO (KINGDOM OF) RegS,Sovereign,Fixed Income,"25,514,765.25",0.18,"25,514,765.25","25,038,000.00",-,XS2595028452,-,101.66,Morocco,-,USD,1.84,5.05,1.0,"Mar 08, 2028",5.95,1.83,-,5.05,1.83,5.05,USD,"Mar 08, 2023","Mar 08, 2023",2026-03-25
EGYPT (ARAB REPUBLIC OF) MTN RegS,Sovereign,Fixed Income,"25,464,462.31",0.18,"25,464,462.31","25,379,000.00",-,XS1775618439,BF0VM34,99.75,Egypt,-,USD,1.79,6.72,1.0,"Feb 21, 2028",6.59,1.76,-,6.72,1.76,6.72,USD,"Feb 21, 2018","Feb 21, 2018",2026-03-25
COLOMBIA (REPUBLIC OF),Sovereign,Fixed Income,"25,447,067.73",0.18,"25,447,067.73","25,345,000.00",195325BK0,US195325BK01,B1DW3T9,100.3,Colombia,-,USD,7.73,7.34,1.0,"Sep 18, 2037",7.38,7.66,-,7.34,7.66,7.34,USD,"Sep 19, 2006","Sep 19, 2006",2026-03-25
ROMANIA (REPUBLIC OF) MTN RegS,Sovereign,Fixed Income,"25,442,290.92",0.18,"25,442,290.92","23,668,000.00",-,XS2999564581,-,106.6,Romania,-,USD,7.49,6.64,1.0,"Feb 10, 2037",7.5,7.43,-,6.64,7.43,6.64,USD,"Feb 10, 2025","Feb 10, 2025",2026-03-25
URUGUAY (REPUBLIC OF),Sovereign,Fixed Income,"25,440,368.93",0.18,"25,440,368.93","21,671,104.00",760942AS1,US760942AS16,B11PLF2,117.35,Uruguay,-,USD,6.71,5.18,1.0,"Mar 21, 2036",7.63,6.69,-,5.18,6.69,5.18,USD,"Mar 21, 2006","Mar 21, 2006",2026-03-25
COTE D IVOIRE (REPUBLIC OF) 144A,Sovereign,Fixed Income,"25,425,681.25",0.17,"25,425,681.25","28,025,000.00",221625AX4,US221625AX40,-,90.2,Cote D'Ivoire (Ivory Coast),-,USD,8.62,7.92,1.0,"Feb 25, 2041",6.75,8.56,-,7.92,8.56,7.92,USD,"Feb 25, 2026","Feb 25, 2026",2026-03-25
COLOMBIA (REPUBLIC OF),Sovereign,Fixed Income,"25,407,192.25",0.17,"25,407,192.25","23,397,000.00",195325EL5,US195325EL56,-,105.72,Colombia,-,USD,6.59,7.17,1.0,"Nov 14, 2035",8.0,6.57,-,7.15,6.45,7.15,USD,"Nov 14, 2023","Nov 14, 2023",2026-03-25
CHILE (REPUBLIC OF),Sovereign,Fixed Income,"25,393,768.64",0.17,"25,393,768.64","33,142,000.00",168863DS4,US168863DS48,BN77TM9,75.45,Chile,-,USD,11.07,5.51,1.0,"May 07, 2041",3.1,11.16,-,5.51,11.16,5.51,USD,"May 07, 2021","May 07, 2021",2026-03-25
COLOMBIA (REPUBLIC OF),Sovereign,Fixed Income,"25,339,235.19",0.17,"25,339,235.19","23,433,000.00",195325EQ4,US195325EQ44,BRBFPL8,104.97,Colombia,-,USD,10.64,7.93,1.0,"Nov 07, 2054",8.38,10.83,-,7.93,10.78,7.93,USD,"Nov 07, 2024","Nov 07, 2024",2026-03-25
MEXICO (UNITED MEXICAN STATES) (GO,Sovereign,Fixed Income,"25,313,180.83",0.17,"25,313,180.83","24,935,000.00",91087BAZ3,US91087BAZ31,-,99.25,Mexico,-,USD,7.33,6.1,1.0,"May 07, 2036",6.0,7.33,-,6.10,7.33,6.10,USD,"Jan 08, 2024","Jan 08, 2024",2026-03-25
SAUDI ARABIA (KINGDOM OF) RegS,Sovereign,Fixed Income,"25,304,630.39",0.17,"25,304,630.39","25,183,000.00",-,XS1936302865,BHN6649,98.58,Saudi Arabia,-,USD,2.79,4.88,1.0,"Apr 16, 2029",4.38,2.78,-,4.88,2.78,4.88,USD,"Jan 16, 2019","Jan 16, 2019",2026-03-25
EGYPT (ARAB REPUBLIC OF) MTN RegS,Sovereign,Fixed Income,"25,251,258.40",0.17,"25,251,258.40","30,185,000.00",-,XS1775617464,BYWJDR0,82.95,Egypt,-,USD,9.18,9.81,1.0,"Feb 21, 2048",7.9,9.21,-,9.81,9.21,9.81,USD,"Feb 21, 2018","Feb 21, 2018",2026-03-25
ABU DHABI (EMIRATE OF) RegS,Sovereign,Fixed Income,"25,229,605.37",0.17,"25,229,605.37","25,412,000.00",-,XS1696892295,BF0M765,97.88,United Arab Emirates,-,USD,1.48,4.56,1.0,"Oct 11, 2027",3.13,1.47,-,4.56,1.47,4.56,USD,"Oct 11, 2017","Oct 11, 2017",2026-03-25
COSTA RICA (REPUBLIC OF) RegS,Sovereign,Fixed Income,"25,048,666.98",0.17,"25,048,666.98","24,301,000.00",-,USP3699PGK77,BJLPZ01,102.5,Costa Rica,-,USD,3.45,5.4,1.0,"Feb 19, 2031",6.13,3.41,-,5.40,3.41,5.40,USD,"Nov 19, 2019","Nov 19, 2019",2026-03-25
JORDAN (HASHEMITE KINGDOM OF) RegS,Sovereign,Fixed Income,"25,038,849.71",0.17,"25,038,849.71","25,129,000.00",-,XS2199272662,-,98.41,Jordan,-,USD,3.74,6.28,1.0,"Jul 07, 2030",5.85,3.69,-,6.28,3.69,6.28,USD,"Jul 07, 2020","Jul 07, 2020",2026-03-25
NIGERIA (FEDERAL REPUBLIC OF) MTN RegS,Sovereign,Fixed Income,"24,939,623.90",0.17,"24,939,623.90","25,267,000.00",-,XS1777972941,BF3TZV4,98.06,Nigeria,-,USD,7.7,7.95,1.0,"Feb 23, 2038",7.7,7.61,-,7.95,7.61,7.95,USD,"Feb 23, 2018","Feb 23, 2018",2026-03-25
LATVIA (REPUBLIC OF) MTN RegS,Sovereign,Fixed Income,"24,906,947.44",0.17,"24,906,947.44","24,568,000.00",-,XS2829701718,-,100.63,Latvia,-,USD,6.71,5.03,1.0,"Jul 30, 2034",5.13,6.69,-,5.03,6.69,5.03,USD,"May 30, 2024","May 30, 2024",2026-03-25
DOMINICAN REPUBLIC (GOVERNMENT) RegS,Sovereign,Fixed Income,"24,886,354.20",0.17,"24,886,354.20","25,985,000.00",-,USP3579ECE51,BGLJW45,93.85,Dominican Republic,-,USD,11.24,6.94,1.0,"Jun 05, 2049",6.4,11.41,-,6.94,11.41,6.94,USD,"Jun 05, 2019","Jun 05, 2019",2026-03-25
PANAMA REPUBLIC OF (GOVERNMENT),Sovereign,Fixed Income,"24,868,870.66",0.17,"24,868,870.66","23,120,000.00",698299BV5,US698299BV52,-,104.23,Panama,-,USD,11.88,6.52,1.0,"Mar 28, 2054",6.85,12.12,-,6.52,12.09,6.52,USD,"Mar 28, 2023","Mar 28, 2023",2026-03-25
MEXICO (UNITED MEXICAN STATES) (GO,Sovereign,Fixed Income,"24,857,332.50",0.17,"24,857,332.50","24,200,000.00",91087BBE9,US91087BBE92,-,101.4,Mexico,-,USD,5.13,5.58,1.0,"Jul 02, 2032",5.85,5.14,-,5.58,5.02,5.58,USD,"Jul 02, 2025","Jul 02, 2025",2026-03-25
NIGERIA (FEDERAL REPUBLIC OF) MTN RegS,Sovereign,Fixed Income,"24,852,616.74",0.17,"24,852,616.74","22,725,000.00",-,XS3218073057,-,106.07,Nigeria,-,USD,9.04,8.49,1.0,"Jan 13, 2046",9.13,9.11,-,8.49,9.11,8.49,USD,"Nov 13, 2025","Nov 13, 2025",2026-03-25
TURKEY (REPUBLIC OF),Sovereign,Fixed Income,"24,750,753.53",0.17,"24,750,753.53","24,007,000.00",900123CQ1,US900123CQ19,BFZYKC3,100.56,Turkey,-,USD,2.33,5.88,1.0,"Oct 24, 2028",6.13,2.3,-,5.88,2.3,5.88,USD,"Apr 24, 2018","Apr 24, 2018",2026-03-25
MAGYAR EXPORT IMPORT BANK ZRT RegS,Agency,Fixed Income,"24,695,880.45",0.17,"24,695,880.45","24,069,000.00",-,XS2618838564,-,100.75,Hungary,-,USD,1.54,5.65,1.0,"Dec 04, 2027",6.13,1.57,-,5.63,1.49,5.63,USD,"May 04, 2023","May 04, 2023",2026-03-25
JAMAICA (GOVERNMENT),Sovereign,Fixed Income,"24,626,579.29",0.17,"24,626,579.29","23,481,000.00",470160CA8,US470160CA80,BYZ7VR7,102.16,Jamaica,-,USD,1.02,4.67,1.0,"Apr 28, 2028",6.75,1.02,-,4.67,1.02,4.67,USD,"Jul 28, 2015","Jul 28, 2015",2026-03-25
COLOMBIA (REPUBLIC OF),Sovereign,Fixed Income,"24,580,361.00",0.17,"24,580,361.00","22,412,000.00",195325EF8,US195325EF88,-,106.28,Colombia,-,USD,5.23,6.86,1.0,"Apr 20, 2033",8.0,5.24,-,6.83,5.1,6.83,USD,"Dec 07, 2022","Dec 07, 2022",2026-03-25
BAHRAIN (KINGDOM OF) RegS,Sovereign,Fixed Income,"24,576,814.22",0.17,"24,576,814.22","25,144,000.00",-,XS1675862012,BFB5LX8,97.69,Bahrain,-,USD,3.11,7.51,1.0,"Sep 20, 2029",6.75,3.05,-,7.51,3.05,7.51,USD,"Sep 20, 2017","Sep 20, 2017",2026-03-25
SAUDI ARABIA (KINGDOM OF) MTN RegS,Sovereign,Fixed Income,"24,551,623.76",0.17,"24,551,623.76","24,580,000.00",-,XS2747599095,BPQWK26,98.95,Saudi Arabia,-,USD,6.36,5.16,1.0,"Jan 16, 2034",5.0,6.33,-,5.16,6.33,5.16,USD,"Jan 16, 2024","Jan 16, 2024",2026-03-25
PHILIPPINES (REPUBLIC OF),Sovereign,Fixed Income,"24,489,076.80",0.17,"24,489,076.80","29,312,000.00",718286BZ9,US718286BZ91,BV8NTQ6,82.86,Philippines,-,USD,10.04,5.77,1.0,"Jan 20, 2040",3.95,10.05,-,5.77,10.05,5.77,USD,"Jan 20, 2015","Jan 20, 2015",2026-03-25
HUNGARY (GOVERNMENT) RegS,Sovereign,Fixed Income,"24,343,554.81",0.17,"24,343,554.81","24,386,000.00",-,XS2010026487,-,98.34,Hungary,-,USD,6.47,5.75,1.0,"Jun 16, 2034",5.5,6.43,-,5.75,6.43,5.75,USD,"Jun 16, 2022","Jun 16, 2022",2026-03-25
MEXICO (UNITED MEXICAN STATES) (GO,Sovereign,Fixed Income,"24,300,749.83",0.17,"24,300,749.83","24,575,000.00",91087BBR0,US91087BBR06,-,97.63,Mexico,-,USD,8.2,6.41,1.0,"Feb 09, 2038",6.13,8.2,-,6.41,8.2,6.41,USD,"Jan 09, 2026","Jan 09, 2026",2026-03-25
COTE D IVOIRE (REPUBLIC OF) RegS,Sovereign,Fixed Income,"24,291,858.47",0.17,"24,291,858.47","24,923,000.00",-,XS1631415400,BYW5KQ6,95.8,Cote D'Ivoire (Ivory Coast),-,USD,5.04,6.97,1.0,"Jun 15, 2033",6.13,4.97,-,6.97,4.97,6.97,USD,"Jun 15, 2017","Jun 15, 2017",2026-03-25
MEXICO (UNITED MEXICAN STATES) (GO,Sovereign,Fixed Income,"24,264,949.82",0.17,"24,264,949.82","24,807,000.00",91087BBK5,US91087BBK52,-,97.8,Mexico,-,USD,5.74,5.76,1.0,"Mar 22, 2033",5.38,5.74,-,5.76,5.74,5.76,USD,"Sep 22, 2025","Sep 22, 2025",2026-03-25
BRAZIL FEDERATIVE REPUBLIC OF (GOV,Sovereign,Fixed Income,"24,116,282.66",0.17,"24,116,282.66","23,309,000.00",105756CK4,US105756CK49,-,102.43,Brazil,-,USD,4.86,5.63,1.0,"Jan 22, 2032",6.13,4.82,-,5.63,4.82,5.63,USD,"Jun 27, 2024","Jun 27, 2024",2026-03-25
TURKEY (REPUBLIC OF),Sovereign,Fixed Income,"24,104,167.77",0.17,"24,104,167.77","30,844,000.00",900123CM0,US900123CM05,BD3N0C8,76.04,Turkey,-,USD,10.36,8.14,1.0,"May 11, 2047",5.75,10.46,-,8.14,10.46,8.14,USD,"May 11, 2017","May 11, 2017",2026-03-25
TURKEY (REPUBLIC OF),Sovereign,Fixed Income,"24,086,240.81",0.17,"24,086,240.81","21,636,000.00",900123DJ6,US900123DJ66,-,109.55,Turkey,-,USD,3.57,6.54,1.0,"Jul 13, 2030",9.13,3.52,-,6.54,3.52,6.54,USD,"Apr 13, 2023","Apr 13, 2023",2026-03-25
BRAZIL FEDERATIVE REPUBLIC OF (GOV,Sovereign,Fixed Income,"23,982,828.25",0.17,"23,982,828.25","28,517,000.00",105756BY5,US105756BY51,BYM8140,83.6,Brazil,-,USD,11.12,7.15,1.0,"Feb 21, 2047",5.63,11.26,-,7.15,11.26,7.15,USD,"Jul 28, 2016","Jul 28, 2016",2026-03-25
REPUBLIC OF PHILIPPINES,Sovereign,Fixed Income,"23,980,463.63",0.17,"23,980,463.63","30,517,000.00",718286CB1,US718286CB15,BYWYT99,78.06,Philippines,-,USD,11.1,5.84,1.0,"Feb 02, 2042",3.7,11.15,-,5.84,11.15,5.84,USD,"Feb 02, 2017","Feb 02, 2017",2026-03-25
PETROLEOS DEL PERU PETROPERU SA RegS,Agency,Fixed Income,"23,824,133.44",0.16,"23,824,133.44","35,181,000.00",-,USP7808BAB38,BZ3ZZB2,66.25,Peru,-,USD,9.89,9.29,1.0,"Jun 19, 2047",5.63,9.94,-,9.29,9.94,9.29,USD,"Jun 19, 2017","Jun 19, 2017",2026-03-25
PETRONAS CAPITAL LTD MTN RegS,Agency,Fixed Income,"23,752,059.62",0.16,"23,752,059.62","35,329,000.00",-,USY6886MAC48,-,65.86,Malaysia,-,USD,16.12,5.65,1.0,"Apr 28, 2061",3.4,16.47,-,5.65,16.47,5.65,USD,"Apr 28, 2021","Apr 28, 2021",2026-03-25
COLOMBIA (REPUBLIC OF),Sovereign,Fixed Income,"23,696,592.89",0.16,"23,696,592.89","27,776,000.00",195325DZ5,US195325DZ51,-,83.95,Colombia,-,USD,5.31,6.49,1.0,"Apr 22, 2032",3.25,5.25,-,6.49,5.25,6.49,USD,"Apr 22, 2021","Apr 22, 2021",2026-03-25
CORPORACION NACIONAL DEL COBRE DE RegS,Agency,Fixed Income,"23,670,286.09",0.16,"23,670,286.09","34,467,000.00",-,USP3143NBF08,BKPGX36,68.13,Chile,-,USD,13.4,6.3,1.0,"Jan 30, 2050",3.7,13.65,-,6.30,13.65,6.30,USD,"Sep 30, 2019","Sep 30, 2019",2026-03-25
POLAND (REPUBLIC OF),Sovereign,Fixed Income,"23,668,122.79",0.16,"23,668,122.79","22,749,000.00",857524AD4,US857524AD47,-,102.1,Poland,-,USD,1.35,4.16,1.0,"Nov 16, 2027",5.5,1.54,-,3.94,1.31,3.94,USD,"Nov 16, 2022","Nov 16, 2022",2026-03-25
BAHRAIN (KINGDOM OF) MTN 144A,Sovereign,Fixed Income,"23,662,912.58",0.16,"23,662,912.58","25,725,000.00",056909AB0,US056909AB01,-,91.0,Bahrain,-,USD,7.71,8.31,1.0,"Feb 03, 2038",7.1,7.61,-,8.31,7.61,8.31,USD,"Feb 03, 2026","Feb 03, 2026",2026-03-25
ZAMBIA (REPUBLIC OF) A bond RegS,Sovereign,Fixed Income,"23,658,933.05",0.16,"23,658,933.05","24,753,054.00",-,XS2837240261,-,94.25,Zambia,-,USD,2.68,8.15,1.0,"Jun 30, 2033",5.75,2.63,-,8.15,2.63,8.15,USD,"Mar 31, 2024","Jun 11, 2024",2026-03-25
CBB INTERNATIONAL SUKUK PROGRAMME RegS,Sovereign,Fixed Income,"23,660,312.09",0.16,"23,660,312.09","24,813,000.00",-,XS2951616478,-,93.59,Bahrain,-,USD,5.06,7.17,1.0,"Jun 05, 2032",5.88,4.98,-,7.17,4.98,7.17,USD,"Dec 05, 2024","Dec 05, 2024",2026-03-25
COTE D IVOIRE (REPUBLIC OF) RegS,Sovereign,Fixed Income,"23,627,089.51",0.16,"23,627,089.51","22,559,000.00",-,XS2752065040,-,103.61,Cote D'Ivoire (Ivory Coast),-,USD,5.02,6.91,1.0,"Jan 30, 2033",7.63,4.95,-,6.91,4.95,6.91,USD,"Jan 30, 2024","Jan 30, 2024",2026-03-25
URUGUAY (ORIENTAL REPUBLIC OF),Sovereign,Fixed Income,"23,624,332.02",0.16,"23,624,332.02","26,319,615.00",760942BG6,US760942BG68,BTFKGS7,89.57,Uruguay,-,USD,14.41,5.97,1.0,"Sep 10, 2060",5.25,14.71,-,5.97,14.71,5.97,USD,"Sep 10, 2024","Sep 10, 2024",2026-03-25
SAUDI ARABIA (KINGDOM OF) MTN RegS,Sovereign,Fixed Income,"23,611,870.04",0.16,"23,611,870.04","28,169,000.00",-,XS1694218469,BYWYZG8,81.65,Saudi Arabia,-,USD,12.06,6.18,1.0,"Oct 04, 2047",4.63,12.25,-,6.18,12.25,6.18,USD,"Oct 04, 2017","Oct 04, 2017",2026-03-25
EGYPT (ARAB REPUBLIC OF) MTN RegS,Sovereign,Fixed Income,"23,548,963.33",0.16,"23,548,963.33","29,827,000.00",-,XS2297221405,-,78.18,Egypt,-,USD,9.99,9.69,1.0,"Feb 16, 2061",7.5,10.09,-,9.69,10.09,9.69,USD,"Feb 16, 2021","Feb 16, 2021",2026-03-25
PANAMA REPUBLIC OF (GOVERNMENT),Sovereign,Fixed Income,"23,516,418.90",0.16,"23,516,418.90","24,990,000.00",698299BK9,US698299BK97,BJVN8H3,93.58,Panama,-,USD,3.52,5.02,1.0,"Jan 23, 2030",3.16,3.52,-,5.02,3.52,5.02,USD,"Jul 23, 2019","Jul 23, 2019",2026-03-25
BRAZIL FEDERATIVE REPUBLIC OF (GOV,Sovereign,Fixed Income,"23,513,496.47",0.16,"23,513,496.47","22,612,000.00",105756CG3,US105756CG37,-,103.9,Brazil,-,USD,4.29,5.35,1.0,"Mar 18, 2031",6.25,4.26,-,5.35,4.26,5.35,USD,"Nov 20, 2023","Nov 20, 2023",2026-03-25
KAZAKHSTAN (REPUBLIC OF) MTN RegS,Sovereign,Fixed Income,"23,492,717.42",0.16,"23,492,717.42","23,100,000.00",-,XS3093658014,-,100.45,Kazakhstan,-,USD,8.24,5.45,1.0,"Jul 01, 2037",5.5,8.23,-,5.45,8.23,5.45,USD,"Jul 01, 2025","Jul 01, 2025",2026-03-25
SRI LANKA (REPUBLIC OF) PDI RegS,Sovereign,Fixed Income,"23,274,527.83",0.16,"23,274,527.83","24,117,293.00",-,XS2966242500,-,94.75,Sri Lanka,-,USD,1.14,8.66,1.0,"Apr 15, 2028",4.0,1.11,-,8.66,1.11,8.66,USD,"Oct 15, 2024","Dec 20, 2024",2026-03-25
CHILE (REPUBLIC OF),Sovereign,Fixed Income,"23,250,398.05",0.16,"23,250,398.05","27,131,000.00",168863DT2,US168863DT21,-,85.3,Chile,-,USD,6.49,4.96,1.0,"Jul 27, 2033",2.55,6.49,-,4.96,6.49,4.96,USD,"Jul 27, 2021","Jul 27, 2021",2026-03-25
EGYPT (ARAB REPUBLIC OF) MTN RegS,Sovereign,Fixed Income,"23,235,242.74",0.16,"23,235,242.74","22,904,000.00",-,XS2391394348,-,98.66,Egypt,-,USD,1.41,6.74,1.0,"Sep 30, 2027",5.8,1.39,-,6.74,1.39,6.74,USD,"Sep 30, 2021","Sep 30, 2021",2026-03-25
SOUTH AFRICA (REPUBLIC OF),Sovereign,Fixed Income,"23,220,294.51",0.16,"23,220,294.51","28,796,000.00",836205AX2,US836205AX27,BD35XR0,77.88,South Africa,-,USD,10.57,7.79,1.0,"Sep 27, 2047",5.65,10.69,-,7.79,10.69,7.79,USD,"Sep 27, 2017","Sep 27, 2017",2026-03-25
TURKEY (REPUBLIC OF),Sovereign,Fixed Income,"23,202,958.33",0.16,"23,202,958.33","24,016,000.00",900123AY6,US900123AY60,B0WC9K6,96.5,Turkey,-,USD,7.15,7.38,1.0,"Mar 17, 2036",6.88,7.06,-,7.38,7.06,7.38,USD,"Jan 17, 2006","Jan 17, 2006",2026-03-25
HUNGARY (GOVERNMENT) RegS,Sovereign,Fixed Income,"23,196,775.00",0.16,"23,196,775.00","22,050,000.00",-,XS3101499260,-,100.7,Hungary,-,USD,6.91,5.9,1.0,"Sep 26, 2035",6.0,6.87,-,5.90,6.87,5.90,USD,"Jun 23, 2025","Jun 23, 2025",2026-03-25
HUNGARY (REPUBLIC OF) RegS,Sovereign,Fixed Income,"23,155,504.72",0.16,"23,155,504.72","39,953,000.00",-,XS2388586583,-,57.94,Hungary,-,USD,14.29,6.54,1.0,"Sep 21, 2051",3.13,14.49,-,6.54,14.49,6.54,USD,"Sep 21, 2021","Sep 21, 2021",2026-03-25
PHILIPPINES (REPUBLIC OF),Sovereign,Fixed Income,"23,070,065.42",0.16,"23,070,065.42","29,254,000.00",718286CA3,US718286CA32,BYXBMS9,78.64,Philippines,-,USD,10.72,5.87,1.0,"Mar 01, 2041",3.7,10.75,-,5.87,10.75,5.87,USD,"Mar 01, 2016","Mar 01, 2016",2026-03-25
DOMINICAN REPUBLIC (GOVERNMENT) RegS,Sovereign,Fixed Income,"23,000,424.65",0.16,"23,000,424.65","26,478,000.00",-,USP3579ECJ49,-,85.95,Dominican Republic,-,USD,9.63,6.82,1.0,"Jan 21, 2041",5.3,9.63,-,6.82,9.63,6.82,USD,"Jan 21, 2021","Jan 21, 2021",2026-03-25
ANGOLA (REPUBLIC OF) MTN RegS,Sovereign,Fixed Income,"22,901,433.26",0.16,"22,901,433.26","24,714,000.00",-,XS2083302500,BKWCW07,89.7,Angola,-,USD,8.66,10.29,1.0,"Nov 26, 2049",9.13,8.69,-,10.29,8.69,10.29,USD,"Nov 26, 2019","Nov 26, 2019",2026-03-25
HAZINE MUSTESARLIGI VARLIK KIRALAM RegS,Sovereign,Fixed Income,"22,846,222.90",0.16,"22,846,222.90","21,165,000.00",-,XS2689091846,-,106.31,Turkey,-,USD,2.49,6.03,1.0,"Jan 14, 2029",8.51,2.46,-,6.03,2.46,6.03,USD,"Nov 14, 2023","Nov 14, 2023",2026-03-25
PETRONAS CAPITAL LTD MTN RegS,Agency,Fixed Income,"22,703,960.96",0.16,"22,703,960.96","25,313,000.00",-,USY6886MAE04,BMBV4C5,89.31,Malaysia,-,USD,5.3,4.58,1.0,"Jan 28, 2032",2.48,5.31,-,4.58,5.31,4.58,USD,"Apr 28, 2021","Apr 28, 2021",2026-03-25
PETROLEOS MEXICANOS,Agency,Fixed Income,"22,678,483.95",0.16,"22,678,483.95","23,362,000.00",71654QDE9,US71654QDE98,-,96.17,Mexico,-,USD,4.11,6.89,1.0,"Jan 28, 2031",5.95,4.09,-,6.89,4.09,6.89,USD,"Jul 28, 2020","Oct 21, 2020",2026-03-25
OMAN SULTANATE OF (GOVERNMENT) RegS,Sovereign,Fixed Income,"22,676,443.17",0.16,"22,676,443.17","19,920,000.00",-,XS2234859283,-,110.87,Oman,-,USD,5.17,5.39,1.0,"Oct 28, 2032",7.38,5.14,-,5.39,5.14,5.39,USD,"Oct 28, 2020","Oct 28, 2020",2026-03-25
MFB MAGYAR FEJLESZTESI BANK ZRT RegS,Agency,Fixed Income,"22,658,966.39",0.16,"22,658,966.39","21,823,000.00",-,XS2630760796,-,102.31,Hungary,-,USD,2.08,5.4,1.0,"Jun 29, 2028",6.5,2.06,-,5.40,2.06,5.40,USD,"May 31, 2023","May 31, 2023",2026-03-25
DOMINICAN REPUBLIC (GOVERNMENT) RegS,Sovereign,Fixed Income,"22,650,612.21",0.16,"22,650,612.21","22,158,000.00",-,USP3579ECB13,BF2WX32,101.16,Dominican Republic,-,USD,2.14,5.46,1.0,"Jul 19, 2028",6.0,2.12,-,5.46,2.12,5.46,USD,"Jul 19, 2018","Jul 19, 2018",2026-03-25
UKRAINE (REPUBLIC OF) C BONDS RegS,Sovereign,Fixed Income,"22,597,658.33",0.16,"22,597,658.33","30,650,000.00",-,XS3261834314,-,73.15,Ukraine,-,USD,3.88,13.7,1.0,"Feb 01, 2032",4.0,3.7,-,13.70,3.7,13.70,USD,"Dec 23, 2025","Dec 23, 2025",2026-03-25
TURKEY REPUBLIC OF (GOVERNMENT),Sovereign,Fixed Income,"22,566,500.56",0.16,"22,566,500.56","26,050,000.00",900123CG3,US900123CG37,BJW06D5,85.97,Turkey,-,USD,9.87,8.09,1.0,"Feb 17, 2045",6.63,9.93,-,8.09,9.93,8.09,USD,"Feb 19, 2014","Feb 19, 2014",2026-03-25
BRAZIL FEDERATIVE REPUBLIC OF (GOV,Sovereign,Fixed Income,"22,540,218.75",0.16,"22,540,218.75","22,470,000.00",105756CA6,US105756CA66,BJ6R944,98.9,Brazil,-,USD,2.82,4.87,1.0,"May 30, 2029",4.5,2.89,-,4.87,2.89,4.87,USD,"Mar 28, 2019","Mar 28, 2019",2026-03-25
CHINA PEOPLES REPUBLIC OF (GOVERNM RegS,Sovereign,Fixed Income,"22,411,066.03",0.15,"22,411,066.03","21,997,000.00",-,USY15025AE24,-,100.47,China,-,USD,1.58,3.83,1.0,"Nov 20, 2027",4.13,1.57,-,3.83,1.57,3.83,USD,"Nov 20, 2024","Nov 20, 2024",2026-03-25
TURKEY (REPUBLIC OF),Sovereign,Fixed Income,"22,312,998.62",0.15,"22,312,998.62","20,564,000.00",900123DH0,US900123DH01,-,108.27,Turkey,-,USD,2.62,6.28,1.0,"Mar 14, 2029",9.38,2.59,-,6.28,2.59,6.28,USD,"Mar 14, 2023","Mar 14, 2023",2026-03-25
PERU (REPUBLIC OF),Sovereign,Fixed Income,"22,264,585.40",0.15,"22,264,585.40","22,105,000.00",715638EB4,US715638EB48,-,100.05,Peru,-,USD,6.91,5.37,1.0,"Feb 08, 2035",5.38,6.94,-,5.37,6.94,5.37,USD,"Aug 08, 2024","Aug 08, 2024",2026-03-25
EL SALVADOR REPUBLIC OF (GOVERNMEN RegS,Sovereign,Fixed Income,"22,221,474.08",0.15,"22,221,474.08","19,965,000.00",-,USP01012CH71,-,108.03,El Salvador,-,USD,9.76,8.87,1.0,"Nov 21, 2054",9.65,9.88,-,8.87,9.86,8.87,USD,"Nov 21, 2024","Nov 21, 2024",2026-03-25
COLOMBIA (REPUBLIC OF),Sovereign,Fixed Income,"22,220,147.06",0.15,"22,220,147.06","29,977,000.00",195325DQ5,US195325DQ52,BGC21T1,72.28,Colombia,-,USD,11.1,7.81,1.0,"May 15, 2049",5.2,11.26,-,7.81,11.26,7.81,USD,"Jan 28, 2019","Jan 28, 2019",2026-03-25
TURKEY (REPUBLIC OF),Sovereign,Fixed Income,"22,157,115.43",0.15,"22,157,115.43","21,786,000.00",900123DP2,US900123DP27,-,100.89,Turkey,-,USD,4.78,6.94,1.0,"Feb 12, 2032",7.13,4.71,-,6.94,4.71,6.94,USD,"Feb 12, 2025","Feb 12, 2025",2026-03-25
HAZINE MUSTESARLIGI VARLIK KIRALAM RegS,Sovereign,Fixed Income,"22,091,924.65",0.15,"22,091,924.65","21,416,000.00",-,XS2900389870,-,100.5,Turkey,-,USD,3.5,6.36,1.0,"Apr 26, 2030",6.5,3.46,-,6.36,3.46,6.36,USD,"Nov 26, 2024","Nov 26, 2024",2026-03-25
SAUDI ARABIA (KINGDOM OF) MTN RegS,Sovereign,Fixed Income,"22,089,959.15",0.15,"22,089,959.15","21,962,000.00",-,XS2577134401,-,99.72,Saudi Arabia,-,USD,1.72,4.91,1.0,"Jan 18, 2028",4.75,1.71,-,4.91,1.71,4.91,USD,"Jan 18, 2023","Jan 18, 2023",2026-03-25
BRAZIL (FEDERATIVE REPUBLIC OF),Sovereign,Fixed Income,"22,020,901.25",0.15,"22,020,901.25","23,952,000.00",105756BR0,US105756BR01,B4TL852,90.75,Brazil,-,USD,9.52,6.61,1.0,"Jan 07, 2041",5.63,9.53,-,6.61,9.53,6.61,USD,"Oct 07, 2009","Oct 07, 2009",2026-03-25
BRAZIL FEDERATIVE REPUBLIC OF (GOV,Sovereign,Fixed Income,"21,991,245.94",0.15,"21,991,245.94","21,915,000.00",105756CJ7,US105756CJ75,-,97.78,Brazil,-,USD,11.42,7.31,1.0,"May 13, 2054",7.13,11.61,-,7.31,11.61,7.31,USD,"Jan 29, 2024","Jan 29, 2024",2026-03-25
TURKEY (REPUBLIC OF),Sovereign,Fixed Income,"21,965,505.00",0.15,"21,965,505.00","25,918,000.00",900123BJ8,US900123BJ84,B669ZF2,83.6,Turkey,-,USD,9.07,7.9,1.0,"Jan 14, 2041",6.0,9.03,-,7.90,9.03,7.90,USD,"Jan 12, 2011","Jan 12, 2011",2026-03-25
NIGERIA (FEDERAL REPUBLIC OF) RegS,Sovereign,Fixed Income,"21,912,341.07",0.15,"21,912,341.07","20,107,000.00",-,XS1910827887,BGT0PT6,107.47,Nigeria,-,USD,3.94,6.9,1.0,"Jan 21, 2031",8.75,3.88,-,6.90,3.88,6.90,USD,"Nov 21, 2018","Nov 21, 2018",2026-03-25
EGYPT (ARAB REPUBLIC OF) MTN RegS,Sovereign,Fixed Income,"21,903,445.00",0.15,"21,903,445.00","22,400,000.00",-,XS2391395154,-,94.28,Egypt,-,USD,5.53,8.34,1.0,"Sep 30, 2033",7.3,5.43,-,8.34,5.43,8.34,USD,"Sep 30, 2021","Sep 30, 2021",2026-03-25
OMAN SULTANATE OF (GOVERNMENT) MTN RegS,Sovereign,Fixed Income,"21,829,275.94",0.15,"21,829,275.94","20,077,000.00",-,XS2288906857,-,107.6,Oman,-,USD,11.81,6.38,1.0,"Jan 25, 2051",7.0,12.03,-,6.38,12.03,6.38,USD,"Jan 25, 2021","Jan 25, 2021",2026-03-25
HAZINE MUSTESARLIGI VARLIK KIRALAM RegS,Sovereign,Fixed Income,"21,816,480.00",0.15,"21,816,480.00","21,500,000.00",-,XS3072231809,-,101.06,Turkey,-,USD,3.83,6.47,1.0,"Sep 01, 2030",6.75,3.78,-,6.47,3.78,6.47,USD,"Jul 01, 2025","Jul 01, 2025",2026-03-25
CHILE (REPUBLIC OF),Sovereign,Fixed Income,"21,793,554.42",0.15,"21,793,554.42","22,154,000.00",168863CF3,US168863CF36,BFYTTF5,97.95,Chile,-,USD,1.75,4.39,1.0,"Feb 06, 2028",3.24,1.78,-,4.39,1.78,4.39,USD,"Feb 06, 2018","Feb 06, 2018",2026-03-25
PANAMA REPUBLIC OF (GOVERNMENT),Sovereign,Fixed Income,"21,784,443.20",0.15,"21,784,443.20","18,720,000.00",698299BY9,US698299BY91,BSNSFY5,115.88,Panama,-,USD,7.44,5.98,1.0,"Mar 01, 2038",8.0,7.42,-,5.97,7.4,5.97,USD,"Feb 29, 2024","Feb 29, 2024",2026-03-25
ROMANIA (REPUBLIC OF) MTN RegS,Sovereign,Fixed Income,"21,757,691.17",0.15,"21,757,691.17","24,578,000.00",-,XS2201851172,-,88.2,Romania,-,USD,4.46,5.8,1.0,"Feb 14, 2031",3.0,4.42,-,5.80,4.42,5.80,USD,"Jul 14, 2020","Jul 14, 2020",2026-03-25
COSTA RICA REPUBLIC OF (GOVERNMEN RegS,Sovereign,Fixed Income,"21,750,918.43",0.15,"21,750,918.43","19,855,000.00",-,USP3699PGH49,BLBWJ26,106.26,Costa Rica,-,USD,9.99,6.41,1.0,"Apr 04, 2044",7.0,10.1,-,6.41,10.1,6.41,USD,"Apr 04, 2014","Apr 04, 2014",2026-03-25
PHILIPPINES (REPUBLIC OF),Sovereign,Fixed Income,"21,711,485.90",0.15,"21,711,485.90","22,028,000.00",718286CG0,US718286CG02,BH42KC2,97.84,Philippines,-,USD,2.63,4.57,1.0,"Jan 14, 2029",3.75,2.61,-,4.57,2.61,4.57,USD,"Jan 14, 2019","Jan 14, 2019",2026-03-25
SRI LANKA (REPUBLIC OF) GLB RegS,Sovereign,Fixed Income,"21,704,578.71",0.15,"21,704,578.71","28,850,962.00",-,XS2966242179,-,74.25,Sri Lanka,-,USD,6.81,9.83,1.0,"Jun 15, 2035",3.6,6.64,-,9.83,6.64,9.83,USD,"Dec 15, 2024","Dec 20, 2024",2026-03-25
PHILIPPINES (REPUBLIC OF),Sovereign,Fixed Income,"21,678,916.67",0.15,"21,678,916.67","22,200,000.00",718286DK0,US718286DK05,-,96.88,Philippines,-,USD,7.62,5.41,1.0,"Jan 27, 2036",5.0,7.59,-,5.41,7.59,5.41,USD,"Jan 27, 2026","Jan 27, 2026",2026-03-25
GUATEMALA REPUBLIC OF (GOVERNMENT) RegS,Sovereign,Fixed Income,"21,606,687.33",0.15,"21,606,687.33","20,168,000.00",-,USP5015VAQ97,-,105.3,Guatemala,-,USD,6.81,5.85,1.0,"Jun 13, 2036",6.6,6.79,-,5.84,6.75,5.84,USD,"Jun 13, 2023","Jun 13, 2023",2026-03-25
PHILIPPINES (REPUBLIC OF),Sovereign,Fixed Income,"21,548,647.44",0.15,"21,548,647.44","32,071,000.00",718286CP0,US718286CP01,-,66.51,Philippines,-,USD,12.97,6.1,1.0,"Jul 06, 2046",3.2,13.14,-,6.10,13.14,6.10,USD,"Jul 06, 2021","Jul 06, 2021",2026-03-25
PARAGUAY REPUBLIC OF (GOVERNMENT) RegS,Sovereign,Fixed Income,"21,533,319.36",0.15,"21,533,319.36","23,418,000.00",-,USP75744AG08,BJ9VJT8,89.36,Paraguay,-,USD,11.9,6.28,1.0,"Mar 30, 2050",5.4,12.12,-,6.28,12.12,6.28,USD,"Feb 07, 2019","Feb 07, 2019",2026-03-25
SERBIA (REPUBLIC OF) MTN RegS,Sovereign,Fixed Income,"21,531,503.25",0.15,"21,531,503.25","20,021,000.00",-,XS2580270275,-,104.35,Serbia,-,USD,5.79,5.78,1.0,"Sep 26, 2033",6.5,5.75,-,5.78,5.75,5.78,USD,"Jan 26, 2023","Jan 26, 2023",2026-03-25
EL SALVADOR REPUBLIC OF (GOVERNMEN RegS,Sovereign,Fixed Income,"21,514,008.98",0.15,"21,514,008.98","19,764,000.00",-,USP01012CF16,BPBSCL2,104.85,El Salvador,-,USD,2.57,7.44,1.0,"Apr 17, 2030",9.25,2.54,-,7.42,2.52,7.42,USD,"Apr 17, 2024","Apr 17, 2024",2026-03-25
ANGOLA (REPUBLIC OF) MTN RegS,Sovereign,Fixed Income,"21,379,777.89",0.15,"21,379,777.89","20,450,000.00",-,XS3204248440,-,102.8,Angola,-,USD,3.87,8.52,1.0,"Jan 15, 2031",9.24,3.78,-,8.52,3.78,8.52,USD,"Oct 15, 2025","Oct 15, 2025",2026-03-25
CHILE (REPUBLIC OF),Sovereign,Fixed Income,"21,378,098.72",0.15,"21,378,098.72","20,975,000.00",168863EB0,US168863EB04,-,101.1,Chile,-,USD,2.57,4.43,1.0,"Jan 22, 2029",4.85,2.6,-,4.43,2.52,4.43,USD,"Jan 22, 2024","Jan 22, 2024",2026-03-25
PERU (REPUBLIC OF),Sovereign,Fixed Income,"21,295,644.15",0.15,"21,295,644.15","19,652,000.00",715638AU6,US715638AU64,B1TMPZ3,108.2,Peru,-,USD,7.39,5.47,1.0,"Mar 14, 2037",6.55,7.37,-,5.47,7.37,5.47,USD,"Mar 14, 2007","Mar 14, 2007",2026-03-25
SAUDI ARABIA (KINGDOM OF) MTN RegS,Sovereign,Fixed Income,"21,286,742.92",0.15,"21,286,742.92","21,436,000.00",-,XS2577135127,-,98.42,Saudi Arabia,-,USD,6.05,5.13,1.0,"Jul 18, 2033",4.88,6.02,-,5.13,6.02,5.13,USD,"Jan 18, 2023","Jan 18, 2023",2026-03-25
DOMINICAN REPUBLIC (GOVERNMENT) RegS,Sovereign,Fixed Income,"21,245,634.78",0.15,"21,245,634.78","20,211,000.00",-,USP3579ECR64,-,104.14,Dominican Republic,-,USD,4.04,6.05,1.0,"Feb 03, 2031",7.05,4.05,-,6.03,3.93,6.03,USD,"Feb 03, 2023","Feb 03, 2023",2026-03-25
SERBIA (REPUBLIC OF) MTN RegS,Sovereign,Fixed Income,"21,194,462.18",0.15,"21,194,462.18","24,383,000.00",-,XS2264555744,-,86.26,Serbia,-,USD,4.35,5.49,1.0,"Dec 01, 2030",2.13,4.32,-,5.49,4.32,5.49,USD,"Dec 01, 2020","Dec 01, 2020",2026-03-25
COLOMBIA (REPUBLIC OF),Sovereign,Fixed Income,"21,169,230.56",0.15,"21,169,230.56","21,200,000.00",195325EU5,US195325EU55,-,98.8,Colombia,-,USD,4.11,6.42,1.0,"Jan 21, 2031",6.13,4.07,-,6.42,4.07,6.42,USD,"Jan 21, 2026","Jan 21, 2026",2026-03-25
CHILE (REPUBLIC OF),Sovereign,Fixed Income,"21,102,776.70",0.15,"21,102,776.70","24,037,000.00",168863DY1,US168863DY16,-,87.6,Chile,-,USD,10.87,5.52,1.0,"Mar 07, 2042",4.34,11.01,-,5.52,11.01,5.52,USD,"Mar 07, 2022","Mar 07, 2022",2026-03-25
EXPORT-IMPORT BANK OF INDIA MTN RegS,Agency,Fixed Income,"20,931,304.69",0.14,"20,931,304.69","20,200,000.00",30216KAG7,US30216KAG76,-,102.63,India,-,USD,5.62,5.04,1.0,"Jan 18, 2033",5.5,5.6,-,5.04,5.6,5.04,USD,"Jan 18, 2023","Jan 18, 2023",2026-03-25
CHILE (REPUBLIC OF),Sovereign,Fixed Income,"20,915,339.09",0.14,"20,915,339.09","20,905,196.00",168863DZ8,US168863DZ80,BMXTZ02,98.97,Chile,-,USD,7.56,5.08,1.0,"Jan 05, 2036",4.95,7.58,-,5.08,7.58,5.08,USD,"Jul 05, 2023","Jul 05, 2023",2026-03-25
DOMINICAN REPUBLIC (GOVERNMENT) 144A,Sovereign,Fixed Income,"20,838,850.00",0.14,"20,838,850.00","21,550,000.00",25714PFG8,US25714PFG81,-,96.13,Dominican Republic,-,USD,6.27,6.37,1.0,"Mar 17, 2034",5.75,6.24,-,6.37,6.24,6.37,USD,"Feb 17, 2026","Feb 17, 2026",2026-03-25
INDONESIA (REPUBLIC OF) RegS,Sovereign,Fixed Income,"20,821,674.65",0.14,"20,821,674.65","17,430,000.00",-,USY20721AL30,B2NMTZ4,118.04,Indonesia,-,USD,7.97,5.64,1.0,"Jan 17, 2038",7.75,7.96,-,5.64,7.96,5.64,USD,"Jan 17, 2008","Jan 17, 2008",2026-03-25
SURINAME (REPUBLIC OF) 144A,Sovereign,Fixed Income,"20,725,562.46",0.14,"20,725,562.46","19,310,000.00",86886PAF9,US86886PAF99,-,104.1,Suriname,-,USD,6.46,7.88,1.0,"Nov 06, 2035",8.5,6.37,-,7.88,6.37,7.88,USD,"Nov 06, 2025","Nov 06, 2025",2026-03-25
PERU (REPUBLIC OF),Sovereign,Fixed Income,"20,714,948.93",0.14,"20,714,948.93","30,676,000.00",715638DT6,US715638DT64,-,67.4,Peru,-,USD,14.01,6.11,1.0,"Mar 10, 2051",3.55,14.29,-,6.11,14.29,6.11,USD,"Mar 10, 2021","Mar 10, 2021",2026-03-25
EDO SUKUK LTD RegS,Agency,Fixed Income,"20,649,466.72",0.14,"20,649,466.72","19,915,000.00",-,XS2689095086,-,103.66,Oman,-,USD,6.07,5.28,1.0,"Sep 21, 2033",5.88,6.04,-,5.28,6.04,5.28,USD,"Sep 21, 2023","Sep 21, 2023",2026-03-25
BAHRAIN (KINGDOM OF) MTN RegS,Sovereign,Fixed Income,"20,628,328.04",0.14,"20,628,328.04","20,214,000.00",-,XS2172965282,BL9Y753,99.41,Bahrain,-,USD,3.48,7.54,1.0,"May 14, 2030",7.38,3.42,-,7.54,3.42,7.54,USD,"May 14, 2020","May 14, 2020",2026-03-25
EXPORT-IMPORT BANK OF INDIA MTN RegS,Agency,Fixed Income,"20,604,244.02",0.14,"20,604,244.02","20,012,000.00",-,USY2387VAA18,-,101.89,India,-,USD,6.89,5.23,1.0,"Jan 13, 2035",5.5,6.86,-,5.23,6.86,5.23,USD,"Jan 13, 2025","Jan 13, 2025",2026-03-25
BENIN ( REPUBLIC OF) RegS,Sovereign,Fixed Income,"20,485,665.67",0.14,"20,485,665.67","20,350,000.00",-,XS2759982064,-,99.78,Benin,-,USD,7.21,7.99,1.0,"Feb 13, 2038",7.96,7.12,-,7.99,7.12,7.99,USD,"Feb 13, 2024","Feb 13, 2024",2026-03-25
CBB INTERNATIONAL SUKUK PROGRAMME RegS,Sovereign,Fixed Income,"20,479,159.10",0.14,"20,479,159.10","20,646,000.00",-,XS2611617619,-,96.5,Bahrain,-,USD,3.85,7.16,1.0,"Oct 18, 2030",6.25,3.79,-,7.16,3.79,7.16,USD,"Apr 18, 2023","Apr 18, 2023",2026-03-25
BAHRAIN (KINGDOM OF) MTN RegS,Sovereign,Fixed Income,"20,444,993.67",0.14,"20,444,993.67","20,239,000.00",-,XS2611617700,-,97.68,Bahrain,-,USD,6.28,8.11,1.0,"Apr 18, 2035",7.75,6.18,-,8.11,6.18,8.11,USD,"Apr 18, 2023","Apr 18, 2023",2026-03-25
BANK GOSPODARSTWA KRAJOWEGO MTN RegS,Agency,Fixed Income,"20,440,348.78",0.14,"20,440,348.78","18,995,000.00",-,XS2711511795,-,105.13,Poland,-,USD,2.35,4.15,1.0,"Oct 31, 2028",6.25,2.34,-,4.15,2.34,4.15,USD,"Oct 31, 2023","Oct 31, 2023",2026-03-25
SAUDI ARABIA (KINGDOM OF) MTN RegS,Sovereign,Fixed Income,"20,396,904.51",0.14,"20,396,904.51","20,329,000.00",-,XS2747598444,-,99.45,Saudi Arabia,-,USD,3.44,4.91,1.0,"Jan 16, 2030",4.75,3.42,-,4.91,3.42,4.91,USD,"Jan 16, 2024","Jan 16, 2024",2026-03-25
COLOMBIA (REPUBLIC OF),Sovereign,Fixed Income,"20,363,166.67",0.14,"20,363,166.67","20,400,000.00",195325EV3,US195325EV39,-,98.7,Colombia,-,USD,5.4,6.74,1.0,"Jan 21, 2033",6.5,5.37,-,6.74,5.37,6.74,USD,"Jan 21, 2026","Jan 21, 2026",2026-03-25
CHILE (REPUBLIC OF),Sovereign,Fixed Income,"20,355,587.42",0.14,"20,355,587.42","28,227,000.00",168863DL9,US168863DL94,BKKGS47,71.55,Chile,-,USD,14.0,5.7,1.0,"Jan 25, 2050",3.5,14.29,-,5.70,14.29,5.70,USD,"Jun 25, 2019","Jun 25, 2019",2026-03-25
PARAGUAY (REPUBLIC OF) RegS,Sovereign,Fixed Income,"20,260,694.47",0.14,"20,260,694.47","20,169,000.00",-,USP75744AB11,BPY3HY2,99.74,Paraguay,-,USD,10.75,6.12,1.0,"Aug 11, 2044",6.1,10.88,-,6.12,10.88,6.12,USD,"Aug 11, 2014","Aug 11, 2014",2026-03-25
TRANSNET SOC LTD MTN RegS,Agency,Fixed Income,"20,192,839.66",0.14,"20,192,839.66","19,271,000.00",-,XS2582981952,-,103.71,South Africa,-,USD,1.73,6.12,1.0,"Feb 06, 2028",8.25,1.7,-,6.12,1.7,6.12,USD,"Feb 06, 2023","Feb 06, 2023",2026-03-25
SINOPEC GROUP OVERSEAS DEVELOPMENT RegS,Agency,Fixed Income,"20,151,432.50",0.14,"20,151,432.50","21,727,000.00",-,USG82016AS83,-,92.27,China,-,USD,4.42,4.09,1.0,"Jan 08, 2031",2.3,4.44,-,4.09,4.44,4.09,USD,"Jan 08, 2021","Jan 08, 2021",2026-03-25
SRI LANKA (REPUBLIC OF) MLB RegS,Sovereign,Fixed Income,"20,142,551.17",0.14,"20,142,551.17","21,697,013.00",-,XS2966241361,-,92.25,Sri Lanka,-,USD,3.08,5.86,1.0,"Jan 15, 2030",3.1,3.04,-,5.86,3.04,5.86,USD,"Jul 15, 2024","Dec 20, 2024",2026-03-25
INDONESIA (REPUBLIC OF) MTN RegS,Sovereign,Fixed Income,"20,137,181.76",0.14,"20,137,181.76","18,268,000.00",-,USY20721BK48,BJ04J85,108.96,Indonesia,-,USD,10.38,5.93,1.0,"Jan 15, 2044",6.75,10.5,-,5.93,10.5,5.93,USD,"Jan 15, 2014","Jan 15, 2014",2026-03-25
BRAZIL (FEDERATIVE REPUBLIC OF),Sovereign,Fixed Income,"20,094,305.18",0.14,"20,094,305.18","18,336,000.00",105756BK5,US105756BK57,B0WG975,108.34,Brazil,-,USD,7.58,6.06,1.0,"Jan 20, 2037",7.13,7.54,-,6.06,7.54,6.06,USD,"Jan 18, 2006","Jan 18, 2006",2026-03-25
EGYPT (ARAB REPUBLIC OF) MTN RegS,Sovereign,Fixed Income,"20,054,030.83",0.14,"20,054,030.83","20,695,000.00",-,XS2079842642,-,95.57,Egypt,-,USD,4.69,8.02,1.0,"Jan 15, 2032",7.05,4.59,-,8.02,4.59,8.02,USD,"Nov 20, 2019","Nov 20, 2019",2026-03-25
COLOMBIA (REPUBLIC OF),Sovereign,Fixed Income,"19,894,804.97",0.14,"19,894,804.97","22,108,000.00",195325DR3,US195325DR36,-,89.55,Colombia,-,USD,3.57,6.08,1.0,"Jan 30, 2030",3.0,3.53,-,6.08,3.53,6.08,USD,"Jan 30, 2020","Jan 30, 2020",2026-03-25
EXPORT-IMPORT BANK OF INDIA MTN RegS,Agency,Fixed Income,"19,816,641.92",0.14,"19,816,641.92","19,958,000.00",30216KAC6,US30216KAC62,BYW9648,98.73,India,-,USD,1.77,4.59,1.0,"Feb 01, 2028",3.88,1.76,-,4.59,1.76,4.59,USD,"Feb 01, 2018","Feb 01, 2018",2026-03-25
PHILIPPINES (REPUBLIC OF),Sovereign,Fixed Income,"19,779,666.78",0.14,"19,779,666.78","20,493,000.00",718286BW6,US718286BW60,B774Y01,95.55,Philippines,-,USD,8.13,5.55,1.0,"Jan 13, 2037",5.0,8.11,-,5.55,8.11,5.55,USD,"Jan 13, 2012","Jan 13, 2012",2026-03-25
PAKISTAN GLOBAL SUKUK PROGRAMME CO MTN RegS,Sovereign,Fixed Income,"19,778,161.41",0.14,"19,778,161.41","20,045,000.00",-,XS2419405274,BPNXJ81,97.5,Pakistan,-,USD,2.53,8.96,1.0,"Jan 31, 2029",7.95,2.47,-,8.96,2.47,8.96,USD,"Jan 31, 2022","Jan 31, 2022",2026-03-25
CHILE (REPUBLIC OF),Sovereign,Fixed Income,"19,728,359.29",0.14,"19,728,359.29","18,843,000.00",168863EE4,US168863EE43,-,103.6,Chile,-,USD,7.95,5.21,1.0,"Jan 13, 2037",5.65,7.99,-,5.20,7.85,5.20,USD,"Jan 13, 2025","Jan 13, 2025",2026-03-25
SAUDI ARABIA (KINGDOM OF) MTN RegS,Sovereign,Fixed Income,"19,713,182.51",0.14,"19,713,182.51","19,171,000.00",-,XS2974968161,-,101.78,Saudi Arabia,-,USD,4.18,4.95,1.0,"Jan 13, 2031",5.38,4.16,-,4.95,4.16,4.95,USD,"Jan 13, 2025","Jan 13, 2025",2026-03-25
OMAN SOVEREIGN SUKUK SAOC RegS,Sovereign,Fixed Income,"19,662,961.67",0.14,"19,662,961.67","19,950,000.00",-,XS3204036696,-,96.6,Oman,-,USD,5.86,5.1,1.0,"Apr 17, 2033",4.53,5.84,-,5.10,5.84,5.10,USD,"Oct 17, 2025","Oct 17, 2025",2026-03-25
PETROLEOS MEXICANOS,Agency,Fixed Income,"19,589,556.28",0.13,"19,589,556.28","24,274,000.00",71654QDF6,US71654QDF63,-,79.64,Mexico,-,USD,10.71,8.85,1.0,"Jan 28, 2060",6.95,10.87,-,8.85,10.87,8.85,USD,"Jul 28, 2020","Oct 21, 2020",2026-03-25
SAUDI ARABIA (KINGDOM OF) RegS,Sovereign,Fixed Income,"19,572,169.56",0.13,"19,572,169.56","21,929,000.00",-,XS1936302949,BHN66T4,88.28,Saudi Arabia,-,USD,12.45,6.2,1.0,"Jan 16, 2050",5.25,12.66,-,6.20,12.66,6.20,USD,"Jan 16, 2019","Jan 16, 2019",2026-03-25
BAHRAIN (KINGDOM OF) MTN RegS,Sovereign,Fixed Income,"19,551,175.38",0.13,"19,551,175.38","20,196,000.00",-,XS2764424813,-,95.95,Bahrain,-,USD,6.86,8.1,1.0,"Feb 12, 2036",7.5,6.75,-,8.10,6.75,8.10,USD,"Feb 12, 2024","Feb 12, 2024",2026-03-25
INDONESIA (REPUBLIC OF) RegS,Sovereign,Fixed Income,"19,520,568.75",0.13,"19,520,568.75","20,509,000.00",-,USY20721BB49,B7KBDP7,94.22,Indonesia,-,USD,10.29,5.81,1.0,"Jan 17, 2042",5.25,10.36,-,5.81,10.36,5.81,USD,"Jan 17, 2012","Jan 17, 2012",2026-03-25
ROMANIA (REPUBLIC OF) MTN RegS,Sovereign,Fixed Income,"19,516,032.20",0.13,"19,516,032.20","19,174,000.00",-,XS2485248806,-,100.06,Romania,-,USD,1.57,5.21,1.0,"Nov 25, 2027",5.25,1.56,-,5.21,1.56,5.21,USD,"May 25, 2022","May 25, 2022",2026-03-25
SOUTH AFRICA (REPUBLIC OF),Sovereign,Fixed Income,"19,494,588.10",0.13,"19,494,588.10","19,071,000.00",836205AW4,US836205AW44,BD35XS1,99.85,South Africa,-,USD,1.42,4.95,1.0,"Sep 27, 2027",4.85,1.41,-,4.95,1.41,4.95,USD,"Sep 27, 2017","Sep 27, 2017",2026-03-25
STATE GRID OVERSEAS INVESTMENT BVI MTN RegS,Agency,Fixed Income,"19,451,104.71",0.13,"19,451,104.71","21,559,000.00",-,XS2152902479,-,90.01,China,-,USD,4.12,4.15,1.0,"Aug 05, 2030",1.63,4.13,-,4.15,4.13,4.15,USD,"Aug 05, 2020","Aug 05, 2020",2026-03-25
CORPORACION NACIONAL DEL COBRE DE RegS,Agency,Fixed Income,"19,413,449.58",0.13,"19,413,449.58","18,295,000.00",-,USP3143NBT02,-,105.09,Chile,-,USD,7.21,5.75,1.0,"Jan 26, 2036",6.44,7.23,-,5.74,7.09,5.74,USD,"Jan 26, 2024","Jan 26, 2024",2026-03-25
AZERBAIJAN (REPUBLIC OF) RegS,Sovereign,Fixed Income,"19,359,494.08",0.13,"19,359,494.08","21,059,000.00",-,XS1678623734,BF243X8,91.72,Azerbaijan,-,USD,4.86,5.27,1.0,"Sep 01, 2032",3.5,4.83,-,5.27,4.83,5.27,USD,"Sep 01, 2017","Sep 01, 2017",2026-03-25
ESKOM HOLDINGS SOC LTD MTN RegS,Agency,Fixed Income,"19,344,234.92",0.13,"19,344,234.92","18,991,000.00",-,XS1864523300,BF2F610,101.1,South Africa,-,USD,2.19,5.84,1.0,"Aug 10, 2028",6.35,2.17,-,5.84,2.17,5.84,USD,"Aug 10, 2018","Aug 10, 2018",2026-03-25
EXPORT-IMPORT BANK OF INDIA MTN RegS,Agency,Fixed Income,"19,338,176.33",0.13,"19,338,176.33","20,162,000.00",30216KAE2,US30216KAE29,-,95.3,India,-,USD,3.52,4.61,1.0,"Jan 15, 2030",3.25,3.51,-,4.61,3.51,4.61,USD,"Jan 15, 2020","Jan 15, 2020",2026-03-25
BAHRAIN KINGDOM OF (GOVERNMENT) RegS,Sovereign,Fixed Income,"19,274,581.69",0.13,"19,274,581.69","24,866,000.00",-,XS1110833123,BQSC1P1,77.45,Bahrain,-,USD,9.93,8.43,1.0,"Sep 19, 2044",6.0,9.96,-,8.43,9.96,8.43,USD,"Sep 17, 2014","Sep 17, 2014",2026-03-25
JORDAN (HASHEMITE KINGDOM OF) RegS,Sovereign,Fixed Income,"19,229,734.76",0.13,"19,229,734.76","19,730,000.00",-,XS1577950311,BF032N0,94.13,Jordan,-,USD,9.92,7.95,1.0,"Oct 10, 2047",7.38,10.03,-,7.95,10.03,7.95,USD,"Oct 10, 2017","Oct 10, 2017",2026-03-25
KSA IJARAH SUKUK LTD RegS,Sovereign,Fixed Income,"19,194,037.50",0.13,"19,194,037.50","19,800,000.00",-,XS3174822646,-,96.75,Saudi Arabia,-,USD,7.47,5.32,1.0,"Sep 09, 2035",4.88,7.44,-,5.32,7.44,5.32,USD,"Sep 09, 2025","Sep 09, 2025",2026-03-25
PERU (REPUBLIC OF),Sovereign,Fixed Income,"19,133,003.05",0.13,"19,133,003.05","35,786,000.00",715638DQ2,US715638DQ26,BMG9316,52.6,Peru,-,USD,16.32,6.07,1.0,"Dec 01, 2060",2.78,16.63,-,6.07,16.63,6.07,USD,"Dec 01, 2020","Dec 01, 2020",2026-03-25
KSA SUKUK LTD RegS,Sovereign,Fixed Income,"19,104,994.39",0.13,"19,104,994.39","19,138,000.00",-,XS2626270040,-,98.39,Saudi Arabia,-,USD,2.89,4.83,1.0,"May 22, 2029",4.27,2.88,-,4.83,2.88,4.83,USD,"May 22, 2023","May 22, 2023",2026-03-25
SAUDI ARABIA (KINGDOM OF) MTN RegS,Sovereign,Fixed Income,"19,094,723.75",0.13,"19,094,723.75","18,995,000.00",-,XS1791939066,BFNRZX0,98.58,Saudi Arabia,-,USD,3.62,4.89,1.0,"Apr 17, 2030",4.5,3.6,-,4.89,3.6,4.89,USD,"Apr 17, 2018","Apr 17, 2018",2026-03-25
TURKEY (REPUBLIC OF),Sovereign,Fixed Income,"19,085,329.94",0.13,"19,085,329.94","19,450,000.00",900123DS6,US900123DS65,-,95.5,Turkey,-,USD,7.27,7.42,1.0,"Nov 04, 2036",6.8,7.18,-,7.42,7.18,7.42,USD,"Nov 04, 2025","Nov 04, 2025",2026-03-25
TRINIDAD AND TOBAGO (REPUBLIC OF) 144A,Sovereign,Fixed Income,"19,080,545.97",0.13,"19,080,545.97","18,850,000.00",896292AN9,US896292AN92,-,100.23,Trinidad and Tobago,-,USD,7.14,6.47,1.0,"Jan 28, 2036",6.5,7.13,-,6.47,7.13,6.47,USD,"Jan 28, 2026","Jan 28, 2026",2026-03-25
CBB INTERNATIONAL SUKUK PROGRAMME RegS,Sovereign,Fixed Income,"19,065,595.89",0.13,"19,065,595.89","19,935,000.00",-,XS2226917701,-,95.56,Bahrain,-,USD,1.43,7.16,1.0,"Sep 16, 2027",3.95,1.4,-,7.16,1.4,7.16,USD,"Sep 16, 2020","Sep 16, 2020",2026-03-25
MEXICO (UNITED MEXICAN STATES) MTN,Sovereign,Fixed Income,"19,064,211.83",0.13,"19,064,211.83","23,816,000.00",91086QBB3,US91086QBB32,B76P9J9,79.85,Mexico,-,USD,11.03,6.69,1.0,"Mar 08, 2044",4.75,11.11,-,6.69,11.11,6.69,USD,"Mar 08, 2012","Mar 08, 2012",2026-03-25
SAUDI ARABIA (KINGDOM OF) MTN RegS,Sovereign,Fixed Income,"19,046,674.16",0.13,"19,046,674.16","21,853,000.00",-,XS1791939736,BFNF114,84.99,Saudi Arabia,-,USD,12.21,6.24,1.0,"Apr 17, 2049",5.0,12.41,-,6.24,12.41,6.24,USD,"Apr 17, 2018","Apr 17, 2018",2026-03-25
TURKEY REPUBLIC OF (GOVERNMENT),Sovereign,Fixed Income,"18,950,172.17",0.13,"18,950,172.17","25,873,000.00",900123CB4,US900123CB40,B8T2WV7,71.12,Turkey,-,USD,9.95,8.01,1.0,"Apr 16, 2043",4.88,9.96,-,8.01,9.96,8.01,USD,"Apr 16, 2013","Apr 16, 2013",2026-03-25
ZAMBIA (REPUBLIC OF) B bond (MLB) RegS,Sovereign,Fixed Income,"18,923,688.03",0.13,"18,923,688.03","27,545,687.00",-,XS2837240428,-,68.58,Zambia,-,USD,23.9,2.03,1.0,"Dec 31, 2053",0.5,24.32,-,2.03,24.32,2.03,USD,"Mar 31, 2024","Jun 11, 2024",2026-03-25
EXPORT-IMPORT BANK OF CHINA MTN RegS,Agency,Fixed Income,"18,915,835.66",0.13,"18,915,835.66","18,800,000.00",-,XS2931212810,-,100.09,China,-,USD,0.02,4.06,1.0,"Nov 05, 2027",4.13,0.12,-,4.06,0.12,4.06,USD,"Nov 05, 2024","Nov 05, 2024",2026-03-25
CBB INTERNATIONAL SUKUK PROGRAMME RegS,Sovereign,Fixed Income,"18,850,884.27",0.13,"18,850,884.27","19,724,000.00",-,XS2764425117,-,94.89,Bahrain,-,USD,4.18,7.26,1.0,"Feb 12, 2031",6.0,4.11,-,7.26,4.11,7.26,USD,"Feb 12, 2024","Feb 12, 2024",2026-03-25
BAHRAIN (KINGDOM OF) MTN RegS,Sovereign,Fixed Income,"18,819,909.78",0.13,"18,819,909.78","19,975,000.00",-,XS2058948451,BJLBK37,91.51,Bahrain,-,USD,4.56,7.53,1.0,"Sep 30, 2031",5.63,4.48,-,7.53,4.48,7.53,USD,"Sep 30, 2019","Sep 30, 2019",2026-03-25
TURKEY (REPUBLIC OF),Sovereign,Fixed Income,"18,791,046.50",0.13,"18,791,046.50","19,132,000.00",900123DA5,US900123DA57,-,97.09,Turkey,-,USD,4.12,6.66,1.0,"Jan 15, 2031",5.95,4.06,-,6.66,4.06,6.66,USD,"Dec 02, 2020","Dec 02, 2020",2026-03-25
ROMANIA (REPUBLIC OF) MTN RegS,Sovereign,Fixed Income,"18,769,824.67",0.13,"18,769,824.67","18,776,000.00",-,XS2485249523,-,98.0,Romania,-,USD,6.29,6.32,1.0,"May 25, 2034",6.0,6.23,-,6.32,6.23,6.32,USD,"May 25, 2022","May 25, 2022",2026-03-25
PHILIPPINES (REPUBLIC OF),Sovereign,Fixed Income,"18,742,550.81",0.13,"18,742,550.81","18,460,000.00",718286DG9,US718286DG92,-,100.78,Philippines,-,USD,6.94,5.39,1.0,"Feb 04, 2035",5.5,6.9,-,5.39,6.9,5.39,USD,"Feb 04, 2025","Feb 04, 2025",2026-03-25
BAHRAIN (KINGDOM OF) MTN RegS,Sovereign,Fixed Income,"18,686,090.62",0.13,"18,686,090.62","20,500,000.00",-,XS3198652847,-,88.08,Bahrain,-,USD,7.52,8.25,1.0,"Oct 06, 2037",6.63,7.42,-,8.25,7.42,8.25,USD,"Oct 06, 2025","Oct 06, 2025",2026-03-25
MEXICO (UNITED MEXICAN STATES) (GO,Sovereign,Fixed Income,"18,666,662.19",0.13,"18,666,662.19","18,835,000.00",91087BBQ2,US91087BBQ23,-,97.95,Mexico,-,USD,6.21,5.95,1.0,"Feb 09, 2034",5.63,6.2,-,5.95,6.2,5.95,USD,"Jan 09, 2026","Jan 09, 2026",2026-03-25
ROMANIA (REPUBLIC OF) MTN RegS,Sovereign,Fixed Income,"18,643,368.97",0.13,"18,643,368.97","23,160,000.00",-,XS1837994794,BF4LBL1,79.1,Romania,-,USD,11.59,6.99,1.0,"Jun 15, 2048",5.13,11.75,-,6.99,11.75,6.99,USD,"Jun 15, 2018","Jun 15, 2018",2026-03-25
ROMANIA (REPUBLIC OF) MTN RegS,Sovereign,Fixed Income,"18,613,978.54",0.13,"18,613,978.54","19,884,000.00",77586TAE6,US77586TAE64,BJ3V325,92.58,Romania,-,USD,10.25,6.85,1.0,"Jan 22, 2044",6.13,10.33,-,6.85,10.33,6.85,USD,"Jan 22, 2014","Jan 22, 2014",2026-03-25
BRAZIL FEDERATIVE REPUBLIC OF (GOV,Sovereign,Fixed Income,"18,571,607.64",0.13,"18,571,607.64","18,600,000.00",105756CP3,US105756CP36,-,97.88,Brazil,-,USD,5.58,5.87,1.0,"Feb 04, 2033",5.5,5.53,-,5.87,5.53,5.87,USD,"Nov 14, 2025","Nov 14, 2025",2026-03-25
CORPORACION NACIONAL DEL COBRE DE RegS,Agency,Fixed Income,"18,562,342.50",0.13,"18,562,342.50","17,550,000.00",-,USP3143NBW31,-,104.45,Chile,-,USD,12.46,6.44,1.0,"Jan 13, 2055",6.78,12.75,-,6.44,12.67,6.44,USD,"Jan 13, 2025","Jan 13, 2025",2026-03-25
CORPORACION NACIONAL DEL COBRE DE RegS,Agency,Fixed Income,"18,540,766.08",0.13,"18,540,766.08","17,650,000.00",-,USP3143NBV57,-,103.82,Chile,-,USD,6.64,5.77,1.0,"Jan 13, 2035",6.33,6.65,-,5.76,6.51,5.76,USD,"Jan 13, 2025","Jan 13, 2025",2026-03-25
PANAMA REPUBLIC OF (GOVERNMENT),Sovereign,Fixed Income,"18,524,186.93",0.13,"18,524,186.93","24,721,000.00",698299BS2,US698299BS24,BPCQK99,74.13,Panama,-,USD,14.51,6.33,1.0,"Jan 19, 2063",4.5,14.8,-,6.33,14.8,6.33,USD,"Jan 19, 2022","Jan 19, 2022",2026-03-25
CBB INTERNATIONAL SUKUK PROGRAMME MTN RegS,Sovereign,Fixed Income,"18,497,718.62",0.13,"18,497,718.62","20,079,000.00",-,XS2408002769,-,90.78,Bahrain,-,USD,2.89,7.19,1.0,"May 18, 2029",3.88,2.84,-,7.19,2.84,7.19,USD,"Nov 18, 2021","Nov 18, 2021",2026-03-25
TURKEY (REPUBLIC OF),Sovereign,Fixed Income,"18,464,356.60",0.13,"18,464,356.60","16,967,000.00",-,USM88269US88,-,104.55,Turkey,-,USD,1.36,5.41,1.0,"Sep 24, 2027",8.6,1.35,-,5.41,1.35,5.41,USD,"Mar 24, 2022","Mar 24, 2022",2026-03-25
UKRAINE (REPUBLIC OF) B BONDS RegS,Sovereign,Fixed Income,"18,377,744.84",0.13,"18,377,744.84","41,298,303.00",-,XS2895056955,-,44.5,Ukraine,-,USD,6.74,14.86,1.0,"Feb 01, 2034",0.0,6.41,-,14.86,6.41,14.86,USD,"Aug 30, 2024","Aug 30, 2024",2026-03-25
ABU DHABI (EMIRATE OF) MTN RegS,Sovereign,Fixed Income,"18,362,146.42",0.13,"18,362,146.42","24,085,000.00",-,XS2125308242,BLGVPM0,74.55,United Arab Emirates,-,USD,13.48,5.86,1.0,"Apr 16, 2050",3.88,13.7,-,5.86,13.7,5.86,USD,"Apr 16, 2020","Apr 16, 2020",2026-03-25
ABU DHABI (EMIRATE OF) MTN RegS,Sovereign,Fixed Income,"18,306,469.30",0.13,"18,306,469.30","19,339,000.00",-,XS2057865979,-,93.46,United Arab Emirates,-,USD,3.28,4.53,1.0,"Sep 30, 2029",2.5,3.27,-,4.53,3.27,4.53,USD,"Sep 30, 2019","Sep 30, 2019",2026-03-25
PHILIPPINES (REPUBLIC OF),Sovereign,Fixed Income,"18,245,161.27",0.13,"18,245,161.27","18,286,000.00",718286CW5,US718286CW51,-,98.86,Philippines,-,USD,6.03,5.19,1.0,"Jul 17, 2033",5.0,6.0,-,5.19,6.0,5.19,USD,"Jan 17, 2023","Jan 17, 2023",2026-03-25
KAZAKHSTAN (REPUBLIC OF) RegS,Sovereign,Fixed Income,"18,240,041.33",0.13,"18,240,041.33","19,912,000.00",-,XS1120709826,BRJ6665,89.45,Kazakhstan,-,USD,11.27,5.81,1.0,"Oct 14, 2044",4.88,11.41,-,5.81,11.41,5.81,USD,"Oct 14, 2014","Oct 14, 2014",2026-03-25
BAPCO ENERGIES SUKUK LTD RegS,Agency,Fixed Income,"18,216,679.38",0.13,"18,216,679.38","19,601,000.00",-,XS2976035316,-,92.0,Bahrain,-,USD,6.62,7.5,1.0,"Jan 29, 2035",6.25,6.52,-,7.50,6.52,7.50,USD,"Jan 29, 2025","Jan 29, 2025",2026-03-25
TURKEY (REPUBLIC OF),Sovereign,Fixed Income,"18,183,058.67",0.13,"18,183,058.67","17,600,000.00",900123DQ0,US900123DQ00,-,101.02,Turkey,-,USD,4.89,7.04,1.0,"May 29, 2032",7.25,4.82,-,7.04,4.82,7.04,USD,"May 29, 2025","May 29, 2025",2026-03-25
BRAZIL (FEDERATIVE REPUBLIC OF),Sovereign,Fixed Income,"18,127,979.21",0.12,"18,127,979.21","15,696,000.00",105756BB5,US105756BB58,2322252,114.05,Brazil,-,USD,5.86,5.97,1.0,"Jan 20, 2034",8.25,5.81,-,5.97,5.81,5.97,USD,"Jan 20, 2004","Jan 20, 2004",2026-03-25
CNAC HK FINBRIDGE CO LTD RegS,Agency,Fixed Income,"18,005,724.10",0.12,"18,005,724.10","17,960,000.00",-,XS1644429935,BYZ6D45,99.52,China,-,USD,1.27,4.5,1.0,"Jul 19, 2027",4.13,1.26,-,4.50,1.26,4.50,USD,"Jul 19, 2017","Jul 19, 2017",2026-03-25
MEXICO (UNITED MEXICAN STATES) (GO,Sovereign,Fixed Income,"17,966,803.12",0.12,"17,966,803.12","17,470,000.00",91087BBF6,US91087BBF67,-,101.85,Mexico,-,USD,8.09,6.4,1.0,"Jan 29, 2038",6.63,8.09,-,6.40,7.97,6.40,USD,"Jul 02, 2025","Jul 02, 2025",2026-03-25
EXPORT-IMPORT BANK OF INDIA MTN RegS,Agency,Fixed Income,"17,913,195.30",0.12,"17,913,195.30","20,020,000.00",30216KAF9,US30216KAF93,-,89.04,India,-,USD,4.46,4.83,1.0,"Jan 13, 2031",2.25,4.44,-,4.83,4.44,4.83,USD,"Jan 13, 2021","Jan 13, 2021",2026-03-25
ROMANIA (REPUBLIC OF) MTN RegS,Sovereign,Fixed Income,"17,846,573.08",0.12,"17,846,573.08","19,782,000.00",-,XS2434896010,-,88.44,Romania,-,USD,5.2,5.94,1.0,"Mar 27, 2032",3.63,5.15,-,5.94,5.15,5.94,USD,"Jan 27, 2022","Jan 27, 2022",2026-03-25
KSA SUKUK LTD RegS,Sovereign,Fixed Income,"17,841,922.90",0.12,"17,841,922.90","18,241,000.00",-,XS2626274463,-,96.3,Saudi Arabia,-,USD,5.96,5.13,1.0,"May 22, 2033",4.51,5.93,-,5.13,5.93,5.13,USD,"May 22, 2023","May 22, 2023",2026-03-25
PETRONAS CAPITAL LTD MTN RegS,Agency,Fixed Income,"17,831,124.60",0.12,"17,831,124.60","20,070,000.00",-,USY68856AW66,-,86.82,Malaysia,-,USD,14.77,5.68,1.0,"Apr 21, 2060",4.8,15.13,-,5.68,15.13,5.68,USD,"Apr 21, 2020","Apr 21, 2020",2026-03-25
KENYA (REPUBLIC OF) RegS,Sovereign,Fixed Income,"17,770,496.04",0.12,"17,770,496.04","20,065,000.00",-,XS1781710626,BF2J2B4,87.99,Kenya,-,USD,9.24,9.57,1.0,"Feb 28, 2048",8.25,9.29,-,9.57,9.29,9.57,USD,"Feb 28, 2018","Feb 28, 2018",2026-03-25
PANAMA REPUBLIC OF (GOVERNMENT),Sovereign,Fixed Income,"17,721,876.06",0.12,"17,721,876.06","23,373,000.00",698299BB9,US698299BB98,B96SR76,74.1,Panama,-,USD,13.21,6.34,1.0,"Apr 29, 2053",4.3,13.44,-,6.34,13.44,6.34,USD,"Apr 29, 2013","Apr 29, 2013",2026-03-25
BAHRAIN (KINGDOM OF) MTN RegS,Sovereign,Fixed Income,"17,597,342.12",0.12,"17,597,342.12","19,913,000.00",-,XS2408003064,-,86.42,Bahrain,-,USD,6.23,7.92,1.0,"May 18, 2034",5.63,6.13,-,7.92,6.13,7.92,USD,"Nov 18, 2021","Nov 18, 2021",2026-03-25
SINOPEC GROUP OVERSEAS DEVELOPMENT RegS,Agency,Fixed Income,"17,584,084.21",0.12,"17,584,084.21","17,658,000.00",-,USG8189YAC87,B6XW1R8,97.88,China,-,USD,10.73,5.07,1.0,"May 17, 2042",4.88,10.84,-,5.07,10.84,5.07,USD,"May 17, 2012","May 17, 2012",2026-03-25
MEXICO (UNITED MEXICAN STATES) (GO,Sovereign,Fixed Income,"17,578,665.77",0.12,"17,578,665.77","16,358,000.00",91087BBD1,US91087BBD10,-,104.8,Mexico,-,USD,11.71,6.99,1.0,"May 13, 2055",7.38,11.96,-,6.98,11.9,6.98,USD,"Jan 13, 2025","Jan 13, 2025",2026-03-25
MEXICO (UNITED MEXICAN STATES) (GO,Sovereign,Fixed Income,"17,518,559.93",0.12,"17,518,559.93","17,004,000.00",91087BAV2,US91087BAV27,-,102.25,Mexico,-,USD,6.68,6.02,1.0,"Feb 09, 2035",6.35,6.69,-,6.01,6.55,6.01,USD,"Jan 09, 2023","Jan 09, 2023",2026-03-25
CHINA HUANENG GROUP (HONG KONG) TR RegS,Agency,Fixed Income,"17,518,966.71",0.12,"17,518,966.71","17,143,000.00",-,XS3225833972,-,100.94,China,-,USD,2.51,6.88,1.0,"Dec 31, 2079",4.15,2.3,-,3.78,2.5,3.78,USD,"Dec 03, 2025","Dec 03, 2025",2026-03-25
INDONESIA (REPUBLIC OF) RegS,Sovereign,Fixed Income,"17,515,810.93",0.12,"17,515,810.93","13,945,000.00",-,USY20721AE96,B0LY0K0,121.81,Indonesia,-,USD,6.65,5.53,1.0,"Oct 12, 2035",8.5,6.63,-,5.53,6.63,5.53,USD,"Oct 12, 2005","Oct 12, 2005",2026-03-25
MOROCCO (KINGDOM OF) RegS,Sovereign,Fixed Income,"17,481,123.52",0.12,"17,481,123.52","25,017,000.00",-,XS2270577344,-,68.79,Morocco,-,USD,13.1,6.57,1.0,"Dec 15, 2050",4.0,13.29,-,6.57,13.29,6.57,USD,"Dec 15, 2020","Dec 15, 2020",2026-03-25
MEXICO (UNITED MEXICAN STATES) (GO,Sovereign,Fixed Income,"17,468,380.75",0.12,"17,468,380.75","18,398,000.00",91087BAX8,US91087BAX82,BN6L5Y6,92.5,Mexico,-,USD,11.78,6.96,1.0,"May 04, 2053",6.34,12.02,-,6.96,12.02,6.96,USD,"Apr 28, 2023","Apr 28, 2023",2026-03-25
BAHRAIN (KINGDOM OF) MTN RegS,Sovereign,Fixed Income,"17,402,681.46",0.12,"17,402,681.46","19,882,000.00",-,XS2290957146,-,86.68,Bahrain,-,USD,5.57,7.8,1.0,"Jan 25, 2033",5.25,5.48,-,7.80,5.48,7.80,USD,"Jan 25, 2021","Jan 25, 2021",2026-03-25
MOROCCO (KINGDOM OF) RegS,Sovereign,Fixed Income,"17,357,422.17",0.12,"17,357,422.17","20,022,000.00",-,XS2270576965,BMHLJ13,85.88,Morocco,-,USD,5.91,5.54,1.0,"Dec 15, 2032",3.0,5.87,-,5.54,5.87,5.54,USD,"Dec 15, 2020","Dec 15, 2020",2026-03-25
TURKEY (REPUBLIC OF),Sovereign,Fixed Income,"17,328,111.87",0.12,"17,328,111.87","18,008,000.00",900123CY4,US900123CY43,BKLJ975,96.08,Turkey,-,USD,3.55,6.38,1.0,"Mar 13, 2030",5.25,3.51,-,6.38,3.51,6.38,USD,"Feb 13, 2020","Feb 13, 2020",2026-03-25
TURKEY (REPUBLIC OF),Sovereign,Fixed Income,"17,327,963.41",0.12,"17,327,963.41","17,443,000.00",900123CP3,US900123CP36,BFWJ979,98.83,Turkey,-,USD,1.8,5.78,1.0,"Feb 17, 2028",5.13,1.77,-,5.78,1.77,5.78,USD,"Jan 17, 2018","Jan 17, 2018",2026-03-25
ABU DHABI (EMIRATE OF) MTN RegS,Sovereign,Fixed Income,"17,326,619.33",0.12,"17,326,619.33","18,015,000.00",-,XS2125308168,BLGVN60,94.82,United Arab Emirates,-,USD,3.72,4.54,1.0,"Apr 16, 2030",3.13,3.7,-,4.54,3.7,4.54,USD,"Apr 16, 2020","Apr 16, 2020",2026-03-25
CORPORACION NACIONAL DEL COBRE DE RegS,Agency,Fixed Income,"17,304,944.62",0.12,"17,304,944.62","17,295,000.00",-,USP3143NBR46,-,99.8,Chile,-,USD,12.64,6.32,1.0,"Sep 08, 2053",6.3,12.94,-,6.32,12.94,6.32,USD,"Sep 08, 2023","Sep 08, 2023",2026-03-25
BAHRAIN (KINGDOM OF) MTN RegS,Sovereign,Fixed Income,"17,234,327.71",0.12,"17,234,327.71","19,410,000.00",-,XS2226916216,-,88.69,Bahrain,-,USD,5.36,7.7,1.0,"Sep 16, 2032",5.45,5.27,-,7.70,5.27,7.70,USD,"Sep 16, 2020","Sep 16, 2020",2026-03-25
DOMINICAN REPUBLIC (GOVERNMENT) RegS,Sovereign,Fixed Income,"17,196,878.18",0.12,"17,196,878.18","16,769,000.00",-,USP3579ECX33,-,101.98,Dominican Republic,-,USD,11.97,6.99,1.0,"Feb 24, 2055",7.15,12.23,-,6.99,12.16,6.99,USD,"Feb 24, 2025","Feb 24, 2025",2026-03-25
KENYA (REPUBLIC OF) RegS,Sovereign,Fixed Income,"17,176,919.12",0.12,"17,176,919.12","20,017,000.00",-,XS2354781614,-,84.76,Kenya,-,USD,5.65,9.2,1.0,"Jan 23, 2034",6.3,5.51,-,9.20,5.51,9.20,USD,"Jun 23, 2021","Jun 23, 2021",2026-03-25
CHILE (REPUBLIC OF),Sovereign,Fixed Income,"17,163,092.13",0.12,"17,163,092.13","17,980,328.00",168863EA2,US168863EA21,BS3BCD2,94.3,Chile,-,USD,13.51,5.74,1.0,"Jan 05, 2054",5.33,13.84,-,5.74,13.84,5.74,USD,"Jul 05, 2023","Jul 05, 2023",2026-03-25
PANAMA REPUBLIC OF (GOVERNMENT),Sovereign,Fixed Income,"17,107,459.75",0.12,"17,107,459.75","15,811,000.00",698299BW3,US698299BW36,-,107.19,Panama,-,USD,7.12,5.9,1.0,"Jan 31, 2036",6.88,7.14,-,5.88,7.01,5.88,USD,"Oct 04, 2023","Oct 04, 2023",2026-03-25
AEROPUERTO INTERNACIONAL DE TOCUME RegS,Agency,Fixed Income,"17,104,311.42",0.12,"17,104,311.42","21,052,000.00",-,USP0092AAG42,-,80.65,Panama,-,USD,11.71,6.81,1.0,"Aug 11, 2061",5.13,11.93,-,6.81,11.93,6.81,USD,"Aug 11, 2021","Aug 11, 2021",2026-03-25
TURKEY (REPUBLIC OF),Sovereign,Fixed Income,"17,055,571.56",0.12,"17,055,571.56","17,550,000.00",900123DR8,US900123DR82,-,97.05,Turkey,-,USD,6.89,7.39,1.0,"Sep 16, 2035",6.95,6.8,-,7.39,6.8,7.39,USD,"Sep 16, 2025","Sep 16, 2025",2026-03-25
UKRAINE (REPUBLIC OF) A BONDS RegS,Sovereign,Fixed Income,"17,019,965.19",0.12,"17,019,965.19","23,347,003.00",-,XS2895055981,-,72.25,Ukraine,-,USD,2.6,18.38,1.0,"Feb 01, 2029",4.5,2.42,-,18.38,2.42,18.38,USD,"Aug 01, 2024","Aug 30, 2024",2026-03-25
SINOPEC GROUP OVERSEAS DEVELOPMENT RegS,Agency,Fixed Income,"17,009,672.79",0.12,"17,009,672.79","17,609,000.00",-,USG82016AL31,-,95.52,China,-,USD,3.33,4.29,1.0,"Nov 12, 2029",2.95,3.36,-,4.29,3.36,4.29,USD,"Nov 12, 2019","Nov 11, 2019",2026-03-25
SAUDI ARABIA (KINGDOM OF) MTN RegS,Sovereign,Fixed Income,"17,003,970.28",0.12,"17,003,970.28","20,125,000.00",-,XS2577136109,-,83.59,Saudi Arabia,-,USD,13.13,6.27,1.0,"Jan 18, 2053",5.0,13.37,-,6.27,13.37,6.27,USD,"Jan 18, 2023","Jan 18, 2023",2026-03-25
MEXICO (UNITED MEXICAN STATES) MTN,Sovereign,Fixed Income,"16,992,361.50",0.12,"16,992,361.50","17,310,000.00",91086QAV0,US91086QAV05,B2NKYX1,96.95,Mexico,-,USD,9.07,6.38,1.0,"Jan 11, 2040",6.05,9.07,-,6.38,9.07,6.38,USD,"Jan 11, 2008","Jan 11, 2008",2026-03-25
CHINA PEOPLES REPUBLIC OF (GOVERNM RegS,Sovereign,Fixed Income,"16,978,934.12",0.12,"16,978,934.12","16,859,000.00",-,XS1891574441,BF8RV60,99.21,China,-,USD,2.4,3.82,1.0,"Oct 19, 2028",3.5,2.4,-,3.82,2.4,3.82,USD,"Oct 19, 2018","Oct 19, 2018",2026-03-25
DOMINICAN REPUBLIC (GOVERNMENT) RegS,Sovereign,Fixed Income,"16,959,305.14",0.12,"16,959,305.14","17,698,000.00",-,USP3579EBY25,BF2FTH7,95.14,Dominican Republic,-,USD,11.09,6.93,1.0,"Feb 15, 2048",6.5,11.25,-,6.93,11.25,6.93,USD,"Feb 15, 2018","Feb 15, 2018",2026-03-25
MEXICO (UNITED MEXICAN STATES) (GO,Sovereign,Fixed Income,"16,938,510.75",0.12,"16,938,510.75","16,682,000.00",91087BAF7,US91087BAF76,BH4KQ39,99.65,Mexico,-,USD,2.81,4.62,1.0,"Apr 22, 2029",4.5,2.79,-,4.62,2.79,4.62,USD,"Jan 22, 2019","Jan 22, 2019",2026-03-25
PHILIPPINES (REPUBLIC OF),Sovereign,Fixed Income,"16,894,908.81",0.12,"16,894,908.81","17,818,000.00",718286CX3,US718286CX35,BQFL6R8,93.81,Philippines,-,USD,11.96,6.01,1.0,"Jan 17, 2048",5.5,12.16,-,6.01,12.16,6.01,USD,"Jan 17, 2023","Jan 17, 2023",2026-03-25
INDONESIA (REPUBLIC OF) MTN RegS,Sovereign,Fixed Income,"16,850,983.33",0.12,"16,850,983.33","18,060,000.00",-,USY20721BM04,BV9RNJ8,92.34,Indonesia,-,USD,11.39,5.8,1.0,"Jan 15, 2045",5.13,11.54,-,5.80,11.54,5.80,USD,"Jan 15, 2015","Jan 15, 2015",2026-03-25
CHILE (REPUBLIC OF),Sovereign,Fixed Income,"16,795,123.68",0.12,"16,795,123.68","18,861,000.00",168863DN5,US168863DN50,-,88.65,Chile,-,USD,5.29,4.8,1.0,"Jan 27, 2032",2.55,5.29,-,4.80,5.29,4.80,USD,"Jan 27, 2020","Jan 27, 2020",2026-03-25
HUNGARY (GOVERNMENT) 144A,Sovereign,Fixed Income,"16,726,800.00",0.12,"16,726,800.00","15,900,000.00",445545AW6,US445545AW68,-,100.7,Hungary,-,USD,6.91,5.9,1.0,"Sep 26, 2035",6.0,6.87,-,5.90,6.87,5.90,USD,"Jun 23, 2025","Jun 23, 2025",2026-03-25
ABU DHABI (EMIRATE OF) MTN RegS,Sovereign,Fixed Income,"16,608,802.73",0.11,"16,608,802.73","24,779,000.00",-,XS2057866191,-,65.53,United Arab Emirates,-,USD,14.03,5.84,1.0,"Sep 30, 2049",3.13,14.24,-,5.84,14.24,5.84,USD,"Sep 30, 2019","Sep 30, 2019",2026-03-25
SAUDI ARABIA (KINGDOM OF) MTN RegS,Sovereign,Fixed Income,"16,572,596.20",0.11,"16,572,596.20","15,823,000.00",-,XS2548892020,-,102.48,Saudi Arabia,-,USD,5.4,5.05,1.0,"Oct 25, 2032",5.5,5.37,-,5.05,5.37,5.05,USD,"Oct 25, 2022","Oct 25, 2022",2026-03-25
PERU (REPUBLIC OF),Sovereign,Fixed Income,"16,566,530.00",0.11,"16,566,530.00","21,925,000.00",715638DS8,US715638DS81,BMV3391,75.45,Peru,-,USD,10.96,5.77,1.0,"Mar 11, 2041",3.3,11.03,-,5.77,11.03,5.77,USD,"Mar 10, 2021","Mar 10, 2021",2026-03-25
CNAC HK FINBRIDGE CO LTD RegS,Agency,Fixed Income,"16,559,407.35",0.11,"16,559,407.35","17,697,000.00",-,XS2226808165,BMC4434,93.56,China,-,USD,4.15,4.6,1.0,"Sep 22, 2030",3.0,4.13,-,4.60,4.13,4.60,USD,"Sep 22, 2020","Sep 22, 2020",2026-03-25
CHILE (REPUBLIC OF),Sovereign,Fixed Income,"16,516,309.02",0.11,"16,516,309.02","18,017,000.00",168863DP0,US168863DP09,BMJ1DZ3,91.31,Chile,-,USD,4.47,4.46,1.0,"Jan 31, 2031",2.45,4.47,-,4.46,4.47,4.46,USD,"May 12, 2020","May 12, 2020",2026-03-25
TURKEY (REPUBLIC OF),Sovereign,Fixed Income,"16,470,887.06",0.11,"16,470,887.06","17,515,000.00",900123BG4,US900123BG46,B5MV403,91.92,Turkey,-,USD,8.62,7.69,1.0,"May 30, 2040",6.75,8.58,-,7.69,8.58,7.69,USD,"Jan 12, 2010","Jan 12, 2010",2026-03-25
TURKEY (REPUBLIC OF) MTN,Sovereign,Fixed Income,"16,462,106.25",0.11,"16,462,106.25","17,250,000.00",900123DT4,US900123DT49,-,95.28,Turkey,-,USD,5.59,7.17,1.0,"Mar 14, 2033",6.3,5.51,-,7.17,5.51,7.17,USD,"Jan 14, 2026","Jan 14, 2026",2026-03-25
MEXICO (UNITED MEXICAN STATES) (GO,Sovereign,Fixed Income,"16,422,587.74",0.11,"16,422,587.74","18,405,000.00",91087BAM2,US91087BAM28,-,88.35,Mexico,-,USD,4.69,5.26,1.0,"May 24, 2031",2.66,4.67,-,5.26,4.67,5.26,USD,"Nov 24, 2020","Nov 24, 2020",2026-03-25
ARGENTINA REPUBLIC OF GOVERNMENT,Sovereign,Fixed Income,"16,350,820.41",0.11,"16,350,820.41","18,579,305.00",040114HX1,US040114HX11,-,87.8,Argentina,-,USD,1.67,8.65,1.0,"Jul 09, 2029",1.0,1.63,-,8.65,1.63,8.65,USD,"Sep 04, 2020","Sep 04, 2020",2026-03-25
CHINA PEOPLES REPUBLIC OF (GOVERNM RegS,Sovereign,Fixed Income,"16,289,457.70",0.11,"16,289,457.70","17,832,000.00",-,USY5325QAF91,BP4DC92,90.64,China,-,USD,5.19,3.61,1.0,"Oct 26, 2031",1.75,5.2,-,3.61,5.2,3.61,USD,"Oct 26, 2021","Oct 26, 2021",2026-03-25
PERUSAHAAN PENERBIT SURAT BERHARGA MTN RegS,Sovereign,Fixed Income,"16,287,633.38",0.11,"16,287,633.38","16,287,000.00",71567RAK2,US71567RAK23,BDR5YL7,99.73,Indonesia,-,USD,1.84,4.54,1.0,"Mar 01, 2028",4.4,1.83,-,4.54,1.83,4.54,USD,"Mar 01, 2018","Mar 01, 2018",2026-03-25
PHILIPPINES (REPUBLIC OF),Sovereign,Fixed Income,"16,252,539.83",0.11,"16,252,539.83","14,996,000.00",718286BD8,US718286BD89,B2PDRW8,107.18,Philippines,-,USD,4.83,4.94,1.0,"Jan 15, 2032",6.38,4.81,-,4.94,4.81,4.94,USD,"Jan 17, 2007","Jan 17, 2007",2026-03-25
CORPORACION NACIONAL DEL COBRE DE RegS,Agency,Fixed Income,"16,227,308.23",0.11,"16,227,308.23","15,665,000.00",-,USP3143NBQ62,-,102.35,Chile,-,USD,6.1,5.57,1.0,"Jan 08, 2034",5.95,6.12,-,5.56,5.96,5.56,USD,"Sep 08, 2023","Sep 08, 2023",2026-03-25
KSA SUKUK LTD RegS,Sovereign,Fixed Income,"16,219,073.70",0.11,"16,219,073.70","15,729,000.00",-,XS2548889406,-,100.95,Saudi Arabia,-,USD,2.36,4.87,1.0,"Oct 25, 2028",5.27,2.35,-,4.87,2.35,4.87,USD,"Oct 25, 2022","Oct 25, 2022",2026-03-25
CHILE (REPUBLIC OF),Sovereign,Fixed Income,"16,177,833.58",0.11,"16,177,833.58","17,814,000.00",168863DV7,US168863DV76,-,90.3,Chile,-,USD,6.66,5.01,1.0,"Jan 31, 2034",3.5,6.67,-,5.01,6.67,5.01,USD,"Jan 31, 2022","Jan 31, 2022",2026-03-25
SAUDI ARABIA KINGDOM OF (GOVERNMEN MTN 144A,Sovereign,Fixed Income,"16,100,069.01",0.11,"16,100,069.01","16,900,000.00",80413TBS7,US80413TBS78,-,94.11,Saudi Arabia,-,USD,13.12,6.32,1.0,"Jan 12, 2056",5.88,13.37,-,6.32,13.37,6.32,USD,"Jan 12, 2026","Jan 12, 2026",2026-03-25
CHINA PEOPLES REPUBLIC OF (GOVERNM RegS,Sovereign,Fixed Income,"16,083,373.39",0.11,"16,083,373.39","16,216,000.00",-,XS1706605281,BD6TQ92,98.15,China,-,USD,1.54,3.82,1.0,"Nov 02, 2027",2.63,1.54,-,3.82,1.54,3.82,USD,"Nov 02, 2017","Nov 02, 2017",2026-03-25
SAUDI ARABIA KINGDOM OF (GOVERNMEN MTN 144A,Sovereign,Fixed Income,"16,053,713.02",0.11,"16,053,713.02","16,350,000.00",80413TBQ1,US80413TBQ13,-,97.33,Saudi Arabia,-,USD,4.26,5.01,1.0,"Jan 12, 2031",4.38,4.23,-,5.01,4.23,5.01,USD,"Jan 12, 2026","Jan 12, 2026",2026-03-25
TURKEY (REPUBLIC OF),Sovereign,Fixed Income,"15,979,956.49",0.11,"15,979,956.49","13,142,000.00",900123AL4,US900123AL40,5866575,119.35,Turkey,-,USD,3.12,6.1,1.0,"Jan 15, 2030",11.88,3.08,-,6.10,3.08,6.10,USD,"Jan 18, 2000","Jan 18, 2000",2026-03-25
PETROLEOS MEXICANOS,Agency,Fixed Income,"15,913,946.31",0.11,"15,913,946.31","16,671,000.00",706451BG5,US706451BG56,B0Z2BX0,93.66,Mexico,-,USD,6.68,7.59,1.0,"Jun 15, 2035",6.63,6.59,-,7.59,6.59,7.59,USD,"Dec 15, 2005","Feb 10, 2006",2026-03-25
UKRAINE (REPUBLIC OF) B BONDS MLB RegS,Sovereign,Fixed Income,"15,828,942.85",0.11,"15,828,942.85","32,303,965.00",-,XS2895057177,-,49.0,Ukraine,-,USD,7.48,12.84,1.0,"Feb 01, 2035",0.0,7.18,-,12.84,7.18,12.84,USD,"Aug 30, 2024","Aug 30, 2024",2026-03-25
PHILIPPINES (REPUBLIC OF),Sovereign,Fixed Income,"15,723,306.01",0.11,"15,723,306.01","18,349,000.00",718286CK1,US718286CK14,-,85.22,Philippines,-,USD,4.87,4.89,1.0,"Jun 10, 2031",1.65,4.85,-,4.89,4.85,4.89,USD,"Dec 10, 2020","Dec 10, 2020",2026-03-25
MEXICO (UNITED MEXICAN STATES) MTN,Sovereign,Fixed Income,"15,596,868.04",0.11,"15,596,868.04","17,195,000.00",91086QBE7,US91086QBE70,BJ0WYL7,89.75,Mexico,-,USD,10.9,6.5,1.0,"Jan 21, 2045",5.55,11.02,-,6.50,11.02,6.50,USD,"Jan 21, 2014","Jan 21, 2014",2026-03-25
SOUTH AFRICA (REPUBLIC OF),Sovereign,Fixed Income,"15,563,795.23",0.11,"15,563,795.23","19,825,000.00",836205AS3,US836205AS32,BP8VMW5,77.63,South Africa,-,USD,10.36,7.67,1.0,"Jul 24, 2044",5.38,10.41,-,7.67,10.41,7.67,USD,"Jul 24, 2014","Jul 24, 2014",2026-03-25
BRAZIL FEDERATIVE REPUBLIC OF (GOV,Sovereign,Fixed Income,"15,521,782.38",0.11,"15,521,782.38","16,878,000.00",105756CE8,US105756CE88,BMD7M49,91.85,Brazil,-,USD,4.87,5.5,1.0,"Sep 12, 2031",3.75,4.83,-,5.50,4.83,5.50,USD,"Jul 07, 2021","Jul 07, 2021",2026-03-25
KSA SUKUK LTD RegS,Sovereign,Fixed Income,"15,356,609.18",0.11,"15,356,609.18","16,184,000.00",-,XS2072816114,BKPTPV7,93.7,Saudi Arabia,-,USD,3.33,4.9,1.0,"Oct 29, 2029",2.97,3.31,-,4.90,3.31,4.90,USD,"Oct 29, 2019","Oct 29, 2019",2026-03-25
MEXICO (UNITED MEXICAN STATES) (GO,Sovereign,Fixed Income,"15,340,606.97",0.11,"15,340,606.97","15,618,000.00",91087BAK6,US91087BAK61,BMXPS56,96.3,Mexico,-,USD,5.09,5.47,1.0,"Apr 27, 2032",4.75,5.1,-,5.47,5.1,5.47,USD,"Apr 27, 2020","Apr 27, 2020",2026-03-25
GACI FIRST INVESTMENT CO MTN RegS,Agency,Fixed Income,"15,287,852.04",0.11,"15,287,852.04","15,096,000.00",-,XS2987801359,-,100.48,Saudi Arabia,-,USD,3.42,5.11,1.0,"Jan 29, 2030",5.25,3.42,-,5.11,3.42,5.11,USD,"Jan 29, 2025","Jan 29, 2025",2026-03-25
PANAMA REPUBLIC OF (GOVERNMENT),Sovereign,Fixed Income,"15,270,418.86",0.11,"15,270,418.86","18,834,000.00",698299BG8,US698299BG85,BDVJS35,79.48,Panama,-,USD,11.74,6.31,1.0,"May 15, 2047",4.5,11.91,-,6.31,11.91,6.31,USD,"May 15, 2017","May 15, 2017",2026-03-25
MEXICO (UNITED MEXICAN STATES) (GO,Sovereign,Fixed Income,"15,245,007.33",0.1,"15,245,007.33","17,904,000.00",91087BAR1,US91087BAR15,-,84.75,Mexico,-,USD,6.67,5.95,1.0,"Feb 12, 2034",3.5,6.63,-,5.95,6.63,5.95,USD,"Jan 12, 2022","Jan 12, 2022",2026-03-25
TURKEY (REPUBLIC OF),Sovereign,Fixed Income,"15,205,204.35",0.1,"15,205,204.35","14,956,000.00",900123DL1,US900123DL13,-,100.36,Turkey,-,USD,5.03,7.05,1.0,"Jul 17, 2032",7.13,4.96,-,7.05,4.96,7.05,USD,"Jul 17, 2024","Jul 17, 2024",2026-03-25
PHILIPPINES (REPUBLIC OF),Sovereign,Fixed Income,"15,179,891.23",0.1,"15,179,891.23","15,843,000.00",718286DC8,US718286DC88,-,95.58,Philippines,-,USD,7.17,5.38,1.0,"Mar 05, 2035",4.75,7.14,-,5.38,7.14,5.38,USD,"Sep 05, 2024","Sep 05, 2024",2026-03-25
ROP SUKUK TRUST RegS,Sovereign,Fixed Income,"15,128,454.18",0.1,"15,128,454.18","14,775,000.00",-,USY7329CAA37,-,100.89,Philippines,-,USD,2.9,4.74,1.0,"Jun 06, 2029",5.04,2.89,-,4.74,2.89,4.74,USD,"Dec 06, 2023","Dec 06, 2023",2026-03-25
CHILE (REPUBLIC OF),Sovereign,Fixed Income,"15,087,716.76",0.1,"15,087,716.76","24,483,000.00",168863DQ8,US168863DQ81,BMDML47,61.1,Chile,-,USD,16.61,5.67,1.0,"Jan 22, 2061",3.1,16.96,-,5.67,16.96,5.67,USD,"Jan 22, 2021","Jan 22, 2021",2026-03-25
SUCI SECOND INVESTMENT COMPANY RegS,Agency,Fixed Income,"15,081,102.12",0.1,"15,081,102.12","14,363,000.00",-,XS2706163131,-,102.53,Saudi Arabia,-,USD,2.34,4.94,1.0,"Oct 25, 2028",6.0,2.32,-,4.94,2.32,4.94,USD,"Oct 25, 2023","Oct 25, 2023",2026-03-25
ABU DHABI (EMIRATE OF) RegS,Sovereign,Fixed Income,"14,974,305.43",0.1,"14,974,305.43","18,452,000.00",-,XS1696899035,BF0M732,79.3,United Arab Emirates,-,USD,12.62,5.82,1.0,"Oct 11, 2047",4.13,12.82,-,5.82,12.82,5.82,USD,"Oct 11, 2017","Oct 11, 2017",2026-03-25
TURKEY (REPUBLIC OF),Sovereign,Fixed Income,"14,931,967.84",0.1,"14,931,967.84","15,259,000.00",900123DC1,US900123DC14,BMDJ3W0,96.44,Turkey,-,USD,4.43,6.69,1.0,"Jun 26, 2031",5.88,4.37,-,6.69,4.37,6.69,USD,"Jan 26, 2021","Jan 26, 2021",2026-03-25
PHILIPPINES (REPUBLIC OF),Sovereign,Fixed Income,"14,900,551.62",0.1,"14,900,551.62","14,650,000.00",718286DA2,US718286DA23,-,99.83,Philippines,-,USD,6.46,5.28,1.0,"May 14, 2034",5.25,6.43,-,5.28,6.43,5.28,USD,"May 14, 2024","May 14, 2024",2026-03-25
PETROLEOS MEXICANOS,Agency,Fixed Income,"14,829,486.90",0.1,"14,829,486.90","14,538,000.00",71654QDC3,US71654QDC33,-,100.86,Mexico,-,USD,3.25,6.58,1.0,"Jan 23, 2030",6.84,3.29,-,6.56,3.1,6.56,USD,"Jul 23, 2020","Oct 21, 2020",2026-03-25
MEXICO (UNITED MEXICAN STATES) (GO,Sovereign,Fixed Income,"14,782,190.62",0.1,"14,782,190.62","15,300,000.00",91087BBL3,US91087BBL36,-,96.6,Mexico,-,USD,7.23,6.1,1.0,"Sep 22, 2035",5.63,7.22,-,6.10,7.22,6.10,USD,"Sep 22, 2025","Sep 22, 2025",2026-03-25
PERU (REPUBLIC OF),Sovereign,Fixed Income,"14,738,814.11",0.1,"14,738,814.11","17,746,000.00",715638DP4,US715638DP43,BMGYYS5,82.47,Peru,-,USD,6.09,4.97,1.0,"Dec 01, 2032",1.86,6.08,-,4.97,6.08,4.97,USD,"Dec 01, 2020","Dec 01, 2020",2026-03-25
ABU DHABI (EMIRATE OF) MTN RegS,Sovereign,Fixed Income,"14,480,229.75",0.1,"14,480,229.75","14,900,000.00",-,XS3195078681,-,95.16,United Arab Emirates,-,USD,7.55,4.89,1.0,"Oct 02, 2035",4.25,7.54,-,4.89,7.54,4.89,USD,"Oct 02, 2025","Oct 02, 2025",2026-03-25
PHILIPPINES (REPUBLIC OF),Sovereign,Fixed Income,"14,479,189.14",0.1,"14,479,189.14","14,650,000.00",718286DH7,US718286DH75,-,98.03,Philippines,-,USD,12.28,6.06,1.0,"Feb 04, 2050",5.9,12.5,-,6.06,12.5,6.06,USD,"Feb 04, 2025","Feb 04, 2025",2026-03-25
SAUDI ARABIA KINGDOM OF (GOVERNMEN MTN 144A,Sovereign,Fixed Income,"14,439,095.83",0.1,"14,439,095.83","14,800,000.00",80413TBR9,US80413TBR95,-,96.6,Saudi Arabia,-,USD,7.62,5.32,1.0,"Jan 12, 2036",4.88,7.59,-,5.32,7.59,5.32,USD,"Jan 12, 2026","Jan 12, 2026",2026-03-25
MEXICO (UNITED MEXICAN STATES) (GO,Sovereign,Fixed Income,"14,430,588.56",0.1,"14,430,588.56","15,122,000.00",91087BBA7,US91087BBA70,BQB5NN9,93.01,Mexico,-,USD,11.89,6.97,1.0,"May 07, 2054",6.4,12.14,-,6.97,12.14,6.97,USD,"Jan 08, 2024","Jan 08, 2024",2026-03-25
SAUDI ARABIA (KINGDOM OF) MTN RegS,Sovereign,Fixed Income,"14,401,797.62",0.1,"14,401,797.62","18,731,000.00",-,XS2159975882,-,75.0,Saudi Arabia,-,USD,14.22,6.29,1.0,"Apr 22, 2060",4.5,14.49,-,6.29,14.49,6.29,USD,"Apr 22, 2020","Apr 22, 2020",2026-03-25
INDONESIA (REPUBLIC OF),Sovereign,Fixed Income,"14,378,197.30",0.1,"14,378,197.30","14,813,000.00",455780CS3,US455780CS32,-,95.38,Indonesia,-,USD,4.07,5.0,1.0,"Oct 15, 2030",3.85,4.04,-,5.00,4.04,5.00,USD,"Apr 15, 2020","Apr 15, 2020",2026-03-25
BANCO NACIONAL DE PANAMA RegS,Agency,Fixed Income,"14,355,720.00",0.1,"14,355,720.00","15,970,000.00",-,USP1559LAA72,-,89.6,Panama,-,USD,4.06,5.18,1.0,"Aug 11, 2030",2.5,4.05,-,5.18,4.05,5.18,USD,"Aug 11, 2020","Aug 11, 2020",2026-03-25
PHILIPPINES (REPUBLIC OF),Sovereign,Fixed Income,"14,308,483.33",0.1,"14,308,483.33","14,750,000.00",718286DB0,US718286DB06,-,95.0,Philippines,-,USD,12.12,6.0,1.0,"May 14, 2049",5.6,12.34,-,6.00,12.34,6.00,USD,"May 14, 2024","May 14, 2024",2026-03-25
KSA SUKUK LTD MTN RegS,Sovereign,Fixed Income,"14,299,767.71",0.1,"14,299,767.71","14,050,000.00",-,XS2829208169,-,100.19,Saudi Arabia,-,USD,6.52,5.22,1.0,"Jun 04, 2034",5.25,6.49,-,5.22,6.49,5.22,USD,"Jun 04, 2024","Jun 04, 2024",2026-03-25
CORPORACION NACIONAL DEL COBRE DE RegS,Agency,Fixed Income,"14,270,801.50",0.1,"14,270,801.50","14,413,000.00",-,USP3143NAY06,BD09JJ9,98.49,Chile,-,USD,1.29,4.79,1.0,"Aug 01, 2027",3.63,1.3,-,4.79,1.3,4.79,USD,"Aug 01, 2017","Aug 01, 2017",2026-03-25
SOUTH AFRICA (REPUBLIC OF),Sovereign,Fixed Income,"14,210,588.75",0.1,"14,210,588.75","19,207,000.00",836205AV6,US836205AV60,BDGL6Z4,71.75,South Africa,-,USD,10.74,7.77,1.0,"Oct 12, 2046",5.0,10.84,-,7.77,10.84,7.77,USD,"Oct 12, 2016","Oct 12, 2016",2026-03-25
PERUSAHAAN PENERBIT SURAT BERHARGA RegS,Sovereign,Fixed Income,"14,147,514.40",0.1,"14,147,514.40","13,995,000.00",71567RAU0,US71567RAU05,-,99.78,Indonesia,-,USD,1.15,4.58,1.0,"Jun 06, 2027",4.4,1.14,-,4.58,1.14,4.58,USD,"Jun 06, 2022","Jun 06, 2022",2026-03-25
ABU DHABI CRUDE OIL PIPELINE LLC RegS,Agency,Fixed Income,"14,131,733.12",0.1,"14,131,733.12","16,037,000.00",-,XS1709535097,BD6JB75,87.06,United Arab Emirates,-,USD,9.18,6.03,1.0,"Nov 02, 2047",4.6,9.31,-,6.03,9.31,6.03,USD,"Nov 02, 2017","Nov 02, 2017",2026-03-25
INDONESIA (REPUBLIC OF) RegS,Sovereign,Fixed Income,"14,130,042.62",0.1,"14,130,042.62","12,979,000.00",-,USY20721AJ83,B1R98F7,108.21,Indonesia,-,USD,7.82,5.61,1.0,"Feb 17, 2037",6.63,7.8,-,5.61,7.8,5.61,USD,"Feb 14, 2007","Feb 14, 2007",2026-03-25
SUCI SECOND INVESTMENT COMPANY MTN RegS,Agency,Fixed Income,"14,012,257.00",0.1,"14,012,257.00","14,000,000.00",-,XS2777443768,-,99.83,Saudi Arabia,-,USD,4.33,5.21,1.0,"Mar 05, 2031",5.17,4.31,-,5.21,4.31,5.21,USD,"Mar 05, 2024","Mar 05, 2024",2026-03-25
SAUDI ARABIA (KINGDOM OF) MTN RegS,Sovereign,Fixed Income,"13,949,567.30",0.1,"13,949,567.30","16,648,000.00",-,XS2294322818,-,83.47,Saudi Arabia,-,USD,6.19,5.14,1.0,"Feb 02, 2033",2.25,6.16,-,5.14,6.16,5.14,USD,"Feb 02, 2021","Feb 02, 2021",2026-03-25
PERTAMINA PERSERO PT MTN RegS,Agency,Fixed Income,"13,913,085.90",0.1,"13,913,085.90","13,591,000.00",69370RAA5,US69370RAA59,BMW3NT0,100.35,Indonesia,-,USD,10.31,6.42,1.0,"May 30, 2044",6.45,10.42,-,6.42,10.42,6.42,USD,"May 30, 2014","May 30, 2014",2026-03-25
PETROLEOS DEL PERU PETROPERU SA RegS,Agency,Fixed Income,"13,857,424.22",0.1,"13,857,424.22","17,834,000.00",-,USP7808BAA54,BZ3ZZ12,76.46,Peru,-,USD,5.15,9.89,1.0,"Jun 19, 2032",4.75,5.01,-,9.89,5.01,9.89,USD,"Jun 19, 2017","Jun 19, 2017",2026-03-25
SAUDI ARABIA KINGDOM OF (GOVERNMEN MTN 144A,Sovereign,Fixed Income,"13,857,975.83",0.1,"13,857,975.83","14,000,000.00",80413TBP3,US80413TBP30,-,98.17,Saudi Arabia,-,USD,2.61,4.83,1.0,"Jan 12, 2029",4.13,2.59,-,4.83,2.59,4.83,USD,"Jan 12, 2026","Jan 12, 2026",2026-03-25
PETROLEOS MEXICANOS,Agency,Fixed Income,"13,837,786.00",0.1,"13,837,786.00","11,916,000.00",71654QDP4,US71654QDP46,BQGHJ10,114.85,Mexico,-,USD,5.0,7.22,1.0,"Feb 07, 2033",10.0,5.02,-,7.15,4.89,7.15,USD,"Aug 07, 2023","Oct 30, 2023",2026-03-25
MEXICO (UNITED MEXICAN STATES),Sovereign,Fixed Income,"13,783,336.14",0.09,"13,783,336.14","16,622,000.00",91086QAZ1,US91086QAZ19,B4KRNP4,80.35,Mexico,-,USD,13.29,7.16,1.0,"Oct 12, 2110",5.75,13.54,-,7.16,13.54,7.16,USD,"Oct 12, 2010","Oct 12, 2010",2026-03-25
PANAMA REPUBLIC OF (GOVERNMENT),Sovereign,Fixed Income,"13,772,768.43",0.09,"13,772,768.43","15,665,000.00",698299BR4,US698299BR41,-,87.33,Panama,-,USD,5.93,5.55,1.0,"Jan 19, 2033",3.3,5.9,-,5.55,5.9,5.55,USD,"Jan 19, 2022","Jan 19, 2022",2026-03-25
KSA IJARAH SUKUK LTD RegS,Sovereign,Fixed Income,"13,715,444.76",0.09,"13,715,444.76","14,050,000.00",-,XS3174822562,-,97.45,Saudi Arabia,-,USD,4.02,4.89,1.0,"Sep 09, 2030",4.25,4.0,-,4.89,4.0,4.89,USD,"Sep 09, 2025","Sep 09, 2025",2026-03-25
PHILIPPINES (REPUBLIC OF),Sovereign,Fixed Income,"13,607,503.69",0.09,"13,607,503.69","14,740,000.00",718286CJ4,US718286CJ41,-,91.38,Philippines,-,USD,3.82,4.79,1.0,"May 05, 2030",2.46,3.8,-,4.79,3.8,4.79,USD,"May 05, 2020","May 05, 2020",2026-03-25
PHILIPPINES (REPUBLIC OF),Sovereign,Fixed Income,"13,559,313.78",0.09,"13,559,313.78","21,943,000.00",718286CL9,US718286CL96,-,61.03,Philippines,-,USD,13.31,6.06,1.0,"Dec 10, 2045",2.65,13.44,-,6.06,13.44,6.06,USD,"Dec 10, 2020","Dec 10, 2020",2026-03-25
ARGENTINA REPUBLIC OF GOVERNMENT,Sovereign,Fixed Income,"13,514,762.35",0.09,"13,514,762.35","19,446,284.00",040114HW3,US040114HW38,BNC17Q6,68.65,Argentina,-,USD,6.0,10.33,1.0,"Jul 09, 2046",4.13,5.96,-,10.33,5.96,10.33,USD,"Sep 04, 2020","Sep 04, 2020",2026-03-25
PETROLEOS MEXICANOS,Agency,Fixed Income,"13,495,240.67",0.09,"13,495,240.67","12,450,771.00",71654QDL3,US71654QDL32,BMH8LK7,105.69,Mexico,-,USD,2.31,6.4,1.0,"Jun 02, 2029",8.75,2.33,-,6.34,2.26,6.34,USD,"Jun 02, 2022","Oct 21, 2022",2026-03-25
TURKEY (REPUBLIC OF),Sovereign,Fixed Income,"13,423,765.51",0.09,"13,423,765.51","12,607,000.00",900123AT7,US900123AT75,7748477,105.61,Turkey,-,USD,5.89,7.06,1.0,"Feb 14, 2034",8.0,5.81,-,7.06,5.81,7.06,USD,"Jan 14, 2004","Jan 14, 2004",2026-03-25
CHILE (REPUBLIC OF),Sovereign,Fixed Income,"13,354,883.50",0.09,"13,354,883.50","18,767,000.00",-,XS2327851874,-,69.63,Chile,-,USD,14.58,5.72,1.0,"Apr 15, 2053",3.5,14.89,-,5.72,14.89,5.72,USD,"Apr 15, 2021","Apr 15, 2021",2026-03-25
CORPORACION NACIONAL DEL COBRE DE RegS,Agency,Fixed Income,"13,330,641.00",0.09,"13,330,641.00","14,004,000.00",-,USP3143NBE33,BKPGX25,93.75,Chile,-,USD,3.23,4.96,1.0,"Sep 30, 2029",3.0,3.23,-,4.96,3.23,4.96,USD,"Sep 30, 2019","Sep 30, 2019",2026-03-25
ABU DHABI (EMIRATE OF) MTN RegS,Sovereign,Fixed Income,"13,072,930.21",0.09,"13,072,930.21","12,700,000.00",-,XS2811094130,-,101.0,United Arab Emirates,-,USD,2.81,4.52,1.0,"Apr 30, 2029",4.88,2.8,-,4.52,2.8,4.52,USD,"Apr 30, 2024","Apr 30, 2024",2026-03-25
MEXICO (UNITED MEXICAN STATES) (GO,Sovereign,Fixed Income,"13,067,087.42",0.09,"13,067,087.42","13,558,000.00",91087BAT7,US91087BAT70,-,94.7,Mexico,-,USD,5.81,5.79,1.0,"May 19, 2033",4.88,5.82,-,5.79,5.82,5.79,USD,"Aug 19, 2022","Aug 19, 2022",2026-03-25
INDONESIA (REPUBLIC OF) RegS,Sovereign,Fixed Income,"13,058,179.01",0.09,"13,058,179.01","14,683,000.00",-,USY20721BE87,B9MD0X2,86.9,Indonesia,-,USD,10.88,5.85,1.0,"Apr 15, 2043",4.63,10.98,-,5.85,10.98,5.85,USD,"Apr 15, 2013","Apr 15, 2013",2026-03-25
KSA SUKUK LTD MTN RegS,Sovereign,Fixed Income,"13,023,177.15",0.09,"13,023,177.15","13,101,000.00",-,XS1881581968,BFX3CW6,98.64,Saudi Arabia,-,USD,2.62,4.82,1.0,"Jan 19, 2029",4.3,2.6,-,4.82,2.6,4.82,USD,"Sep 19, 2018","Sep 19, 2018",2026-03-25
PHILIPPINES (REPUBLIC OF),Sovereign,Fixed Income,"13,017,603.32",0.09,"13,017,603.32","19,646,000.00",718286CH8,US718286CH84,-,65.13,Philippines,-,USD,12.73,6.05,1.0,"May 05, 2045",2.95,12.86,-,6.05,12.86,6.05,USD,"May 05, 2020","May 05, 2020",2026-03-25
UKRAINE (REPUBLIC OF) B BONDS MLB RegS,Sovereign,Fixed Income,"13,016,385.53",0.09,"13,016,385.53","26,700,278.00",-,XS2895057334,-,48.75,Ukraine,-,USD,8.09,12.49,1.0,"Feb 01, 2036",0.0,7.79,-,12.49,7.79,12.49,USD,"Aug 30, 2024","Aug 30, 2024",2026-03-25
MEXICO (UNITED MEXICAN STATES) (GO,Sovereign,Fixed Income,"12,940,950.00",0.09,"12,940,950.00","13,200,000.00",91087BBS8,US91087BBS88,-,96.65,Mexico,-,USD,12.09,7.02,1.0,"Feb 09, 2056",6.75,12.35,-,7.02,12.35,7.02,USD,"Jan 09, 2026","Jan 09, 2026",2026-03-25
SENEGAL (REPUBLIC OF) RegS,Sovereign,Fixed Income,"12,918,878.71",0.09,"12,918,878.71","20,894,000.00",-,XS2838363476,-,59.61,Senegal,-,USD,3.88,20.78,1.0,"Jun 10, 2031",7.75,3.58,-,20.78,3.58,20.78,USD,"Jun 10, 2024","Jun 10, 2024",2026-03-25
PERUSAHAAN PENERBIT SURAT BERHARGA RegS,Sovereign,Fixed Income,"12,821,412.10",0.09,"12,821,412.10","12,883,000.00",71567RAV8,US71567RAV87,-,98.13,Indonesia,-,USD,5.26,5.05,1.0,"Jun 06, 2032",4.7,5.24,-,5.05,5.24,5.05,USD,"Jun 06, 2022","Jun 06, 2022",2026-03-25
INDONESIA (REPUBLIC OF) RegS,Sovereign,Fixed Income,"12,689,630.65",0.09,"12,689,630.65","13,564,000.00",-,USY20721BR90,BYNXKL4,92.46,Indonesia,-,USD,11.86,5.88,1.0,"Jan 08, 2047",5.25,12.06,-,5.88,12.06,5.88,USD,"Dec 08, 2016","Dec 08, 2016",2026-03-25
DP WORLD LTD MTN RegS,Agency,Fixed Income,"12,654,258.00",0.09,"12,654,258.00","11,680,000.00",-,XS0308427581,B1Z7R67,106.8,United Arab Emirates,-,USD,7.83,6.01,1.0,"Jul 02, 2037",6.85,7.8,-,6.01,7.8,6.01,USD,"Jul 02, 2007","Jul 02, 2007",2026-03-25
TURKEY (REPUBLIC OF) MTN,Sovereign,Fixed Income,"12,647,105.65",0.09,"12,647,105.65","13,150,000.00",900123DU1,US900123DU12,-,94.86,Turkey,-,USD,7.84,7.54,1.0,"Jan 14, 2038",6.88,7.77,-,7.54,7.77,7.54,USD,"Jan 14, 2026","Jan 14, 2026",2026-03-25
GACI FIRST INVESTMENT CO MTN RegS,Agency,Fixed Income,"12,601,616.50",0.09,"12,601,616.50","13,050,000.00",-,XS3181494538,-,96.45,Saudi Arabia,-,USD,7.4,5.48,1.0,"Sep 15, 2035",5.0,7.41,-,5.48,7.41,5.48,USD,"Sep 15, 2025","Sep 15, 2025",2026-03-25
UNITED ARAB EMIRATES (GOVERNMENT O MTN RegS,Sovereign,Fixed Income,"12,591,768.50",0.09,"12,591,768.50","12,910,000.00",-,XS2492384818,-,96.68,United Arab Emirates,-,USD,5.44,4.66,1.0,"Jul 07, 2032",4.05,5.43,-,4.66,5.43,4.66,USD,"Jul 07, 2022","Jul 07, 2022",2026-03-25
INDONESIA (REPUBLIC OF),Sovereign,Fixed Income,"12,443,466.90",0.09,"12,443,466.90","15,387,000.00",455780CE4,US455780CE46,BF133W5,80.0,Indonesia,-,USD,12.6,6.01,1.0,"Jan 11, 2048",4.35,12.79,-,6.01,12.79,6.01,USD,"Dec 11, 2017","Dec 11, 2017",2026-03-25
INDONESIA (REPUBLIC OF),Sovereign,Fixed Income,"12,399,090.62",0.09,"12,399,090.62","12,300,000.00",455780CH7,US455780CH76,BFZYRS8,100.25,Indonesia,-,USD,2.67,4.65,1.0,"Feb 11, 2029",4.75,2.65,-,4.65,2.65,4.65,USD,"Dec 11, 2018","Dec 11, 2018",2026-03-25
CORPORACION NACIONAL DEL COBRE DE RegS,Agency,Fixed Income,"12,320,431.00",0.08,"12,320,431.00","15,512,000.00",-,USP3143NAZ70,BD09JK0,78.78,Chile,-,USD,12.17,6.32,1.0,"Aug 01, 2047",4.5,12.41,-,6.32,12.41,6.32,USD,"Aug 01, 2017","Aug 01, 2017",2026-03-25
TURKEY (REPUBLIC OF),Sovereign,Fixed Income,"12,243,793.96",0.08,"12,243,793.96","12,753,000.00",900123DD9,US900123DD96,-,95.95,Turkey,-,USD,5.88,7.21,1.0,"Sep 20, 2033",6.5,5.8,-,7.21,5.8,7.21,USD,"Sep 20, 2021","Sep 20, 2021",2026-03-25
ABU DHABI (EMIRATE OF) MTN RegS,Sovereign,Fixed Income,"12,241,122.42",0.08,"12,241,122.42","11,850,000.00",-,XS2811094486,-,101.31,United Arab Emirates,-,USD,6.5,4.8,1.0,"Apr 30, 2034",5.0,6.49,-,4.80,6.49,4.80,USD,"Apr 30, 2024","Apr 30, 2024",2026-03-25
GACI FIRST INVESTMENT CO MTN RegS,Agency,Fixed Income,"12,176,134.60",0.08,"12,176,134.60","12,309,000.00",-,XS2585987683,-,98.41,Saudi Arabia,-,USD,3.49,5.21,1.0,"Feb 14, 2030",4.75,3.49,-,5.21,3.49,5.21,USD,"Feb 14, 2023","Feb 14, 2023",2026-03-25
USD CASH,Cash and/or Derivatives,Cash,"12,102,305.26",0.08,"12,102,305.26","12,102,305.00",-,-,-,100.0,United States,-,USD,0.0,3.65,1.0,-,0.0,0.0,-,3.65,0.0,3.65,USD,-,"Jan 01, 1989",2026-03-25
GACI FIRST INVESTMENT CO MTN RegS,Agency,Fixed Income,"12,059,575.06",0.08,"12,059,575.06","11,837,000.00",-,XS2542162248,-,99.55,Saudi Arabia,-,USD,5.32,5.33,1.0,"Oct 13, 2032",5.25,5.36,-,5.33,5.36,5.33,USD,"Oct 13, 2022","Oct 13, 2022",2026-03-25
SENEGAL (REPUBLIC OF) RegS,Sovereign,Fixed Income,"12,044,179.43",0.08,"12,044,179.43","21,379,000.00",-,XS1619155564,BZ11YY8,54.25,Senegal,-,USD,4.47,19.32,1.0,"May 23, 2033",6.25,4.16,-,19.32,4.16,19.32,USD,"May 23, 2017","May 23, 2017",2026-03-25
CORPORACION NACIONAL DEL COBRE DE RegS,Agency,Fixed Income,"11,982,471.92",0.08,"11,982,471.92","15,713,000.00",-,USP3143NBB93,BGQPWR1,75.67,Chile,-,USD,12.59,6.42,1.0,"Feb 05, 2049",4.38,12.83,-,6.42,12.83,6.42,USD,"Feb 05, 2019","Feb 05, 2019",2026-03-25
GACI FIRST INVESTMENT CO MTN RegS,Agency,Fixed Income,"11,939,395.68",0.08,"11,939,395.68","12,407,000.00",-,XS2585988061,-,95.7,Saudi Arabia,-,USD,7.04,5.49,1.0,"Feb 14, 2035",4.88,7.05,-,5.49,7.05,5.49,USD,"Feb 14, 2023","Feb 14, 2023",2026-03-25
MEXICO (UNITED MEXICAN STATES) (GO MTN,Sovereign,Fixed Income,"11,933,700.94",0.08,"11,933,700.94","20,471,000.00",-,XS2280637039,-,56.69,Mexico,-,USD,14.29,6.88,1.0,"Apr 19, 2071",3.75,14.57,-,6.88,14.57,6.88,USD,"Jan 19, 2021","Jan 19, 2021",2026-03-25
PERUSAHAAN LISTRIK NEGARA (PERSERO MTN RegS,Agency,Fixed Income,"11,899,343.69",0.08,"11,899,343.69","11,833,000.00",71568QAC1,US71568QAC15,BF3W9X3,99.09,Indonesia,-,USD,1.1,4.94,1.0,"May 15, 2027",4.13,1.09,-,4.94,1.09,4.94,USD,"May 15, 2017","May 15, 2017",2026-03-25
INDONESIA (REPUBLIC OF),Sovereign,Fixed Income,"11,870,465.88",0.08,"11,870,465.88","12,170,000.00",455780DN3,US455780DN36,-,97.5,Indonesia,-,USD,5.49,5.11,1.0,"Sep 20, 2032",4.65,5.52,-,5.11,5.52,5.11,USD,"Sep 20, 2022","Sep 20, 2022",2026-03-25
MEXICO (UNITED MEXICAN STATES) (GO,Sovereign,Fixed Income,"11,849,142.33",0.08,"11,849,142.33","14,862,000.00",91087BAL4,US91087BAL45,BMXPS67,77.7,Mexico,-,USD,12.12,6.88,1.0,"Apr 27, 2051",5.0,12.35,-,6.88,12.35,6.88,USD,"Apr 27, 2020","Apr 27, 2020",2026-03-25
MEXICO (UNITED MEXICAN STATES) MTN,Sovereign,Fixed Income,"11,827,234.00",0.08,"11,827,234.00","10,811,000.00",91086QAS7,US91086QAS75,B2QSCQ1,106.1,Mexico,-,USD,6.33,5.83,1.0,"Sep 27, 2034",6.75,6.29,-,5.83,6.29,5.83,USD,"Sep 27, 2004","Sep 27, 2004",2026-03-25
SAUDI ARABIA (KINGDOM OF) MTN RegS,Sovereign,Fixed Income,"11,762,439.38",0.08,"11,762,439.38","17,594,000.00",-,XS2109770151,-,66.33,Saudi Arabia,-,USD,14.37,6.3,1.0,"Jan 21, 2055",3.75,14.62,-,6.30,14.62,6.30,USD,"Feb 03, 2020","Feb 03, 2020",2026-03-25
PERUSAHAAN PENERBIT SURAT BERHARGA MTN RegS,Sovereign,Fixed Income,"11,698,723.45",0.08,"11,698,723.45","11,704,000.00",71567RAM8,US71567RAM88,BJ6YSJ3,99.55,Indonesia,-,USD,2.7,4.62,1.0,"Feb 20, 2029",4.45,2.69,-,4.62,2.69,4.62,USD,"Feb 20, 2019","Feb 20, 2019",2026-03-25
INDONESIA (REPUBLIC OF),Sovereign,Fixed Income,"11,693,710.83",0.08,"11,693,710.83","12,050,000.00",455780ED4,US455780ED45,-,94.91,Indonesia,-,USD,7.6,5.57,1.0,"Apr 16, 2036",4.9,7.61,-,5.57,7.61,5.57,USD,"Oct 16, 2025","Oct 16, 2025",2026-03-25
PERTAMINA PERSERO PT MTN RegS,Agency,Fixed Income,"11,681,075.24",0.08,"11,681,075.24","12,485,000.00",-,USY7138AAF76,B99BSP7,91.64,Indonesia,-,USD,10.3,6.44,1.0,"May 20, 2043",5.63,10.38,-,6.44,10.38,6.44,USD,"May 20, 2013","May 20, 2013",2026-03-25
MEXICO (UNITED MEXICAN STATES) (GO,Sovereign,Fixed Income,"11,676,904.44",0.08,"11,676,904.44","15,181,000.00",91086QBF4,US91086QBF46,BVCXLS8,76.15,Mexico,-,USD,11.49,6.81,1.0,"Jan 23, 2046",4.6,11.63,-,6.81,11.63,6.81,USD,"Jan 23, 2015","Jan 23, 2015",2026-03-25
CORPORACION NACIONAL DEL COBRE DE RegS,Agency,Fixed Income,"11,623,312.62",0.08,"11,623,312.62","12,350,000.00",-,USP3143NBH63,-,93.51,Chile,-,USD,3.5,5.04,1.0,"Jan 14, 2030",3.15,3.5,-,5.04,3.5,5.04,USD,"Jan 14, 2020","Jan 14, 2020",2026-03-25
INDONESIA (REPUBLIC OF),Sovereign,Fixed Income,"11,599,210.58",0.08,"11,599,210.58","14,917,000.00",455780CT1,US455780CT15,-,75.92,Indonesia,-,USD,13.15,6.11,1.0,"Oct 15, 2050",4.2,13.37,-,6.11,13.37,6.11,USD,"Apr 15, 2020","Apr 15, 2020",2026-03-25
MEXICO (UNITED MEXICAN STATES) (GO,Sovereign,Fixed Income,"11,591,283.38",0.08,"11,591,283.38","14,754,000.00",91087BAQ3,US91087BAQ32,-,78.1,Mexico,-,USD,10.36,6.56,1.0,"Aug 14, 2041",4.28,10.41,-,6.56,10.41,6.56,USD,"Apr 14, 2021","Apr 14, 2021",2026-03-25
MEXICO (UNITED MEXICAN STATES) (GO,Sovereign,Fixed Income,"11,511,943.51",0.08,"11,511,943.51","12,122,000.00",91087BAH3,US91087BAH33,-,93.55,Mexico,-,USD,3.67,5.02,1.0,"Apr 16, 2030",3.25,3.68,-,5.02,3.68,5.02,USD,"Jan 16, 2020","Jan 16, 2020",2026-03-25
ABU DHABI (EMIRATE OF) MTN RegS,Sovereign,Fixed Income,"11,485,800.26",0.08,"11,485,800.26","12,144,000.00",-,XS2348236980,-,94.08,United Arab Emirates,-,USD,2.11,4.49,1.0,"Jun 02, 2028",1.63,2.1,-,4.49,2.1,4.49,USD,"Jun 02, 2021","Jun 02, 2021",2026-03-25
CORPORACION NACIONAL DEL COBRE DE 144A,Agency,Fixed Income,"11,429,827.03",0.08,"11,429,827.03","11,600,000.00",21987BBQ0,US21987BBQ05,-,97.72,Chile,-,USD,7.96,5.81,1.0,"Jan 30, 2037",5.53,7.97,-,5.81,7.97,5.81,USD,"Jan 30, 2026","Jan 30, 2026",2026-03-25
INDONESIA (REPUBLIC OF),Sovereign,Fixed Income,"11,340,335.45",0.08,"11,340,335.45","11,455,000.00",455780CD6,US455780CD62,BF0RYY7,98.3,Indonesia,-,USD,1.72,4.49,1.0,"Jan 11, 2028",3.5,1.71,-,4.49,1.71,4.49,USD,"Dec 11, 2017","Dec 11, 2017",2026-03-25
UNITED ARAB EMIRATES (GOVERNMENT O MTN RegS,Sovereign,Fixed Income,"11,319,342.98",0.08,"11,319,342.98","10,900,000.00",-,XS2684502623,-,101.42,United Arab Emirates,-,USD,6.1,4.69,1.0,"Sep 25, 2033",4.92,6.08,-,4.69,6.08,4.69,USD,"Sep 25, 2023","Sep 25, 2023",2026-03-25
DP WORLD CRESCENT LTD RegS,Agency,Fixed Income,"11,243,199.65",0.08,"11,243,199.65","11,350,000.00",-,XS2677631355,-,98.91,United Arab Emirates,-,USD,6.02,5.68,1.0,"Sep 13, 2033",5.5,6.04,-,5.68,6.04,5.68,USD,"Sep 13, 2023","Sep 13, 2023",2026-03-25
PHILIPPINES (REPUBLIC OF),Sovereign,Fixed Income,"11,221,825.32",0.08,"11,221,825.32","14,004,000.00",-,USY6972HLP91,-,78.1,Philippines,-,USD,12.26,6.06,1.0,"Mar 29, 2047",4.2,12.44,-,6.06,12.44,6.06,USD,"Mar 29, 2022","Mar 29, 2022",2026-03-25
GACI FIRST INVESTMENT CO MTN RegS,Agency,Fixed Income,"11,212,774.50",0.08,"11,212,774.50","11,150,000.00",-,XS2755904526,-,99.81,Saudi Arabia,-,USD,2.6,5.07,1.0,"Jan 29, 2029",5.0,2.61,-,5.07,2.61,5.07,USD,"Jan 29, 2024","Jan 29, 2024",2026-03-25
INDONESIA (REPUBLIC OF) MTN RegS,Sovereign,Fixed Income,"11,211,375.32",0.08,"11,211,375.32","11,098,000.00",-,USY20721BP35,BYVNQ29,99.78,Indonesia,-,USD,11.21,5.97,1.0,"Jan 08, 2046",5.95,11.39,-,5.97,11.39,5.97,USD,"Dec 08, 2015","Dec 08, 2015",2026-03-25
UNITED ARAB EMIRATES (GOVERNMENT O MTN RegS,Sovereign,Fixed Income,"11,111,274.34",0.08,"11,111,274.34","10,950,000.00",-,XS2850662631,-,100.38,United Arab Emirates,-,USD,6.7,4.8,1.0,"Jul 02, 2034",4.86,6.68,-,4.80,6.68,4.80,USD,"Jul 02, 2024","Jul 02, 2024",2026-03-25
GACI FIRST INVESTMENT CO MTN RegS,Agency,Fixed Income,"11,059,096.50",0.08,"11,059,096.50","11,100,000.00",-,XS2755904799,-,98.84,Saudi Arabia,-,USD,6.28,5.43,1.0,"Jan 29, 2034",5.25,6.3,-,5.43,6.3,5.43,USD,"Jan 29, 2024","Jan 29, 2024",2026-03-25
MEXICO (UNITED MEXICAN STATES) (GO,Sovereign,Fixed Income,"11,050,229.24",0.08,"11,050,229.24","18,281,000.00",91087BAN0,US91087BAN01,BN8ZSW5,59.2,Mexico,-,USD,14.13,6.86,1.0,"May 24, 2061",3.77,14.4,-,6.86,14.4,6.86,USD,"Nov 24, 2020","Nov 24, 2020",2026-03-25
GACI FIRST INVESTMENT CO MTN RegS,Agency,Fixed Income,"10,925,850.25",0.08,"10,925,850.25","10,700,000.00",-,XS2987801433,-,101.27,Saudi Arabia,-,USD,6.53,5.43,1.0,"Jul 29, 2034",5.63,6.56,-,5.43,6.4,5.43,USD,"Jan 29, 2025","Jan 29, 2025",2026-03-25
KSA SUKUK LTD RegS,Sovereign,Fixed Income,"10,912,959.53",0.08,"10,912,959.53","12,335,000.00",-,XS2408477797,-,87.68,Saudi Arabia,-,USD,4.74,4.99,1.0,"May 17, 2031",2.25,4.71,-,4.99,4.71,4.99,USD,"Nov 17, 2021","Nov 17, 2021",2026-03-25
INDONESIA (REPUBLIC OF),Sovereign,Fixed Income,"10,896,466.83",0.07,"10,896,466.83","17,727,000.00",455780CW4,US455780CW44,BNBSB44,61.38,Indonesia,-,USD,14.62,6.08,1.0,"Mar 12, 2051",3.05,14.83,-,6.08,14.83,6.08,USD,"Jan 12, 2021","Jan 12, 2021",2026-03-25
PERU (REPUBLIC OF),Sovereign,Fixed Income,"10,881,598.00",0.07,"10,881,598.00","17,585,000.00",715638DW9,US715638DW93,-,61.2,Peru,-,USD,15.99,6.14,1.0,"Jan 15, 2072",3.6,16.32,-,6.14,16.32,6.14,USD,"Nov 02, 2021","Nov 02, 2021",2026-03-25
PERTAMINA PERSERO PT RegS,Agency,Fixed Income,"10,868,411.83",0.07,"10,868,411.83","11,065,000.00",-,USY7138AAD29,B76MX65,95.89,Indonesia,-,USD,9.8,6.41,1.0,"May 03, 2042",6.0,9.85,-,6.41,9.85,6.41,USD,"May 03, 2012","May 03, 2012",2026-03-25
KSA SUKUK LTD MTN RegS,Sovereign,Fixed Income,"10,703,422.92",0.07,"10,703,422.92","10,400,000.00",-,XS2829208599,-,101.33,Saudi Arabia,-,USD,3.7,4.89,1.0,"Jun 04, 2030",5.25,3.68,-,4.89,3.68,4.89,USD,"Jun 04, 2024","Jun 04, 2024",2026-03-25
ADNOC MURBAN SUKUK LIMITED RegS,Agency,Fixed Income,"10,640,610.07",0.07,"10,640,610.07","10,850,000.00",-,XS3044357047,-,96.26,United Arab Emirates,-,USD,7.12,5.27,1.0,"May 06, 2035",4.75,7.14,-,5.27,7.14,5.27,USD,"May 06, 2025","May 06, 2025",2026-03-25
INDONESIA (REPUBLIC OF),Sovereign,Fixed Income,"10,578,001.97",0.07,"10,578,001.97","10,727,000.00",455780DR4,US455780DR40,BNNT2K8,97.64,Indonesia,-,USD,5.63,5.27,1.0,"Jan 11, 2033",4.85,5.65,-,5.27,5.65,5.27,USD,"Jan 11, 2023","Jan 11, 2023",2026-03-25
MEXICO (UNITED MEXICAN STATES) (GO,Sovereign,Fixed Income,"10,546,666.67",0.07,"10,546,666.67","10,000,000.00",91087BBB5,US91087BBB53,-,103.3,Mexico,-,USD,3.55,5.1,1.0,"May 13, 2030",6.0,3.57,-,5.09,3.5,5.09,USD,"Jan 13, 2025","Jan 13, 2025",2026-03-25
PERUSAHAAN PENERBIT SURAT BERHARGA RegS,Sovereign,Fixed Income,"10,437,000.00",0.07,"10,437,000.00","10,500,000.00",71567RBG0,US71567RBG02,-,98.0,Indonesia,-,USD,4.14,4.98,1.0,"Dec 01, 2030",4.5,4.11,-,4.98,4.11,4.98,USD,"Dec 01, 2025","Dec 01, 2025",2026-03-25
INDONESIA (REPUBLIC OF),Sovereign,Fixed Income,"10,425,907.33",0.07,"10,425,907.33","10,200,000.00",455780EA0,US455780EA06,-,101.16,Indonesia,-,USD,6.8,5.43,1.0,"Jan 15, 2035",5.6,6.83,-,5.43,6.67,5.43,USD,"Jan 15, 2025","Jan 15, 2025",2026-03-25
PERUSAHAAN PENERBIT SURAT BERHARGA RegS,Sovereign,Fixed Income,"10,365,574.72",0.07,"10,365,574.72","10,150,000.00",-,USY68613AD30,-,100.49,Indonesia,-,USD,3.69,4.87,1.0,"May 25, 2030",5.0,3.67,-,4.87,3.67,4.87,USD,"Nov 25, 2024","Nov 25, 2024",2026-03-25
PERUSAHAAN PENERBIT SURAT BERHARGA RegS,Sovereign,Fixed Income,"10,359,433.33",0.07,"10,359,433.33","10,450,000.00",71567RBD7,US71567RBD70,-,98.38,Indonesia,-,USD,3.87,4.97,1.0,"Jul 23, 2030",4.55,3.85,-,4.97,3.85,4.97,USD,"Jul 23, 2025","Jul 23, 2025",2026-03-25
INDONESIA (REPUBLIC OF),Sovereign,Fixed Income,"10,298,377.04",0.07,"10,298,377.04","11,104,000.00",455780CQ7,US455780CQ75,-,92.44,Indonesia,-,USD,3.63,5.01,1.0,"Feb 14, 2030",2.85,3.6,-,5.01,3.6,5.01,USD,"Jan 14, 2020","Jan 14, 2020",2026-03-25
ADNOC MURBAN RSC LTD MTN RegS,Agency,Fixed Income,"10,287,797.92",0.07,"10,287,797.92","11,900,000.00",-,XS2898198515,-,86.28,United Arab Emirates,-,USD,13.52,6.15,1.0,"Sep 11, 2054",5.13,13.82,-,6.15,13.82,6.15,USD,"Sep 11, 2024","Sep 11, 2024",2026-03-25
ADNOC MURBAN RSC LTD MTN RegS,Agency,Fixed Income,"10,287,878.89",0.07,"10,287,878.89","10,900,000.00",-,XS2898198432,-,94.23,United Arab Emirates,-,USD,6.87,5.36,1.0,"Sep 11, 2034",4.5,6.89,-,5.36,6.89,5.36,USD,"Sep 11, 2024","Sep 11, 2024",2026-03-25
MEXICO (UNITED MEXICAN STATES) (GO,Sovereign,Fixed Income,"10,215,639.87",0.07,"10,215,639.87","14,388,000.00",91087BAS9,US91087BAS97,-,70.5,Mexico,-,USD,12.87,6.85,1.0,"Feb 12, 2052",4.4,13.11,-,6.85,13.11,6.85,USD,"Jan 12, 2022","Jan 12, 2022",2026-03-25
ABU DHABI (EMIRATE OF) MTN RegS,Sovereign,Fixed Income,"10,144,204.02",0.07,"10,144,204.02","11,695,000.00",-,XS2386638733,-,86.7,United Arab Emirates,-,USD,5.11,4.65,1.0,"Sep 15, 2031",1.88,5.09,-,4.65,5.09,4.65,USD,"Sep 15, 2021","Sep 15, 2021",2026-03-25
MDGH GMTN RSC LTD MTN RegS,Agency,Fixed Income,"10,133,407.07",0.07,"10,133,407.07","13,563,000.00",-,XS2175968580,-,73.38,United Arab Emirates,-,USD,13.3,6.06,1.0,"May 21, 2050",3.95,13.57,-,6.06,13.57,6.06,USD,"May 21, 2020","May 21, 2020",2026-03-25
CHILE (REPUBLIC OF),Sovereign,Fixed Income,"10,093,677.74",0.07,"10,093,677.74","12,779,000.00",168863CE6,US168863CE60,BDT5NK7,78.0,Chile,-,USD,12.95,5.65,1.0,"Jun 21, 2047",3.86,13.16,-,5.65,13.16,5.65,USD,"Jun 21, 2017","Jun 21, 2017",2026-03-25
INDONESIA (REPUBLIC OF),Sovereign,Fixed Income,"10,073,335.42",0.07,"10,073,335.42","10,500,000.00",455780DX1,US455780DX18,-,95.77,Indonesia,-,USD,6.82,5.38,1.0,"Sep 10, 2034",4.75,6.83,-,5.38,6.83,5.38,USD,"Sep 10, 2024","Sep 10, 2024",2026-03-25
SENEGAL (REPUBLIC OF) RegS,Sovereign,Fixed Income,"10,045,712.52",0.07,"10,045,712.52","19,788,000.00",-,XS1790134362,BF2LTP3,50.58,Senegal,-,USD,7.49,14.18,1.0,"Mar 13, 2048",6.75,7.38,-,14.18,7.38,14.18,USD,"Mar 13, 2018","Mar 13, 2018",2026-03-25
ABU DHABI DEVELOPMENTAL HOLDING CO MTN RegS,Agency,Fixed Income,"9,977,291.81",0.07,"9,977,291.81","9,650,000.00",-,XS2816006303,-,101.38,United Arab Emirates,-,USD,2.77,4.89,1.0,"May 08, 2029",5.38,2.8,-,4.88,2.73,4.88,USD,"May 08, 2024","May 08, 2024",2026-03-25
INDONESIA (REPUBLIC OF),Sovereign,Fixed Income,"9,901,046.83",0.07,"9,901,046.83","10,100,000.00",455780EE2,US455780EE28,-,97.28,Indonesia,-,USD,4.34,4.98,1.0,"Feb 21, 2031",4.35,4.33,-,4.98,4.33,4.98,USD,"Jan 21, 2026","Jan 21, 2026",2026-03-25
SRC SUKUK LTD RegS,Agency,Fixed Income,"9,896,208.81",0.07,"9,896,208.81","9,850,000.00",-,XS3194910314,-,98.39,Saudi Arabia,-,USD,2.75,4.95,1.0,"Apr 02, 2029",4.38,2.74,-,4.95,2.74,4.95,USD,"Oct 02, 2025","Oct 02, 2025",2026-03-25
PERUSAHAAN PENERBIT SURAT BERHARGA RegS,Sovereign,Fixed Income,"9,847,183.50",0.07,"9,847,183.50","9,450,000.00",71567RAX4,US71567RAX44,-,102.28,Indonesia,-,USD,2.42,4.47,1.0,"Nov 15, 2028",5.4,2.4,-,4.47,2.4,4.47,USD,"Nov 15, 2023","Nov 15, 2023",2026-03-25
EMPRESA DE TRANSPORTE DE PASAJEROS RegS,Agency,Fixed Income,"9,840,235.07",0.07,"9,840,235.07","11,262,000.00",-,USP37466AS18,-,85.6,Chile,-,USD,12.91,5.82,1.0,"May 07, 2050",4.7,13.2,-,5.82,13.2,5.82,USD,"May 07, 2020","May 07, 2020",2026-03-25
MEXICO CITY AIRPORT TRUST RegS,Agency,Fixed Income,"9,801,003.31",0.07,"9,801,003.31","11,482,000.00",-,USP6629MAD40,BFB5ML3,84.55,Mexico,-,USD,11.32,6.89,1.0,"Jul 31, 2047",5.5,11.52,-,6.89,11.52,6.89,USD,"Sep 20, 2017","Sep 20, 2017",2026-03-25
INDONESIA (REPUBLIC OF),Sovereign,Fixed Income,"9,752,216.39",0.07,"9,752,216.39","11,302,000.00",455780CV6,US455780CV60,-,86.23,Indonesia,-,USD,4.66,5.01,1.0,"Mar 12, 2031",1.85,4.63,-,5.01,4.63,5.01,USD,"Jan 12, 2021","Jan 12, 2021",2026-03-25
DP WORLD LTD MTN RegS,Agency,Fixed Income,"9,677,338.60",0.07,"9,677,338.60","10,451,000.00",-,XS1883879006,BG0QQJ0,89.82,United Arab Emirates,-,USD,11.55,6.49,1.0,"Sep 25, 2048",5.63,11.74,-,6.49,11.74,6.49,USD,"Sep 25, 2018","Sep 25, 2018",2026-03-25
INDONESIA (REPUBLIC OF),Sovereign,Fixed Income,"9,663,641.56",0.07,"9,663,641.56","11,104,000.00",455780CY0,US455780CY00,-,86.7,Indonesia,-,USD,4.93,5.02,1.0,"Jul 28, 2031",2.15,4.91,-,5.02,4.91,5.02,USD,"Jul 28, 2021","Jul 28, 2021",2026-03-25
PERTAMINA HULU ENERGI PT MTN RegS,Agency,Fixed Income,"9,437,851.04",0.06,"9,437,851.04","9,250,000.00",74449AAA9,US74449AAA97,-,100.25,Indonesia,-,USD,3.63,5.18,1.0,"May 21, 2030",5.25,3.63,-,5.18,3.57,5.18,USD,"May 21, 2025","May 21, 2025",2026-03-25
SUCI SECOND INVESTMENT COMPANY RegS,Agency,Fixed Income,"9,405,347.67",0.06,"9,405,347.67","8,700,000.00",-,XS2706163305,-,105.54,Saudi Arabia,-,USD,5.93,5.35,1.0,"Oct 25, 2033",6.25,5.9,-,5.35,5.9,5.35,USD,"Oct 25, 2023","Oct 25, 2023",2026-03-25
CHILE (REPUBLIC OF),Sovereign,Fixed Income,"9,403,349.94",0.06,"9,403,349.94","12,038,000.00",168863DW5,US168863DW59,-,77.53,Chile,-,USD,14.11,5.67,1.0,"Jan 31, 2052",4.0,14.42,-,5.67,14.42,5.67,USD,"Jan 31, 2022","Jan 31, 2022",2026-03-25
MEXICO (UNITED MEXICAN STATES) (GO,Sovereign,Fixed Income,"9,379,090.76",0.06,"9,379,090.76","12,464,000.00",91087BAD2,US91087BAD29,BF03229,74.7,Mexico,-,USD,12.01,6.85,1.0,"Feb 10, 2048",4.6,12.17,-,6.85,12.17,6.85,USD,"Oct 10, 2017","Oct 10, 2017",2026-03-25
GACI FIRST INVESTMENT CO MTN RegS,Agency,Fixed Income,"9,362,384.57",0.06,"9,362,384.57","11,112,000.00",-,XS2585988145,-,83.7,Saudi Arabia,-,USD,12.97,6.4,1.0,"Feb 14, 2053",5.13,13.25,-,6.40,13.25,6.40,USD,"Feb 14, 2023","Feb 14, 2023",2026-03-25
ABU DHABI DEVELOPMENTAL HOLDING CO MTN RegS,Agency,Fixed Income,"9,274,124.70",0.06,"9,274,124.70","9,000,000.00",-,XS2816006725,-,100.98,United Arab Emirates,-,USD,6.33,5.35,1.0,"May 08, 2034",5.5,6.37,-,5.35,6.21,5.35,USD,"May 08, 2024","May 08, 2024",2026-03-25
PERU (REPUBLIC OF),Sovereign,Fixed Income,"9,271,776.45",0.06,"9,271,776.45","17,365,000.00",715638DR0,US715638DR09,-,52.9,Peru,-,USD,16.06,6.12,1.0,"Jul 28, 2121",3.23,16.35,-,6.12,16.35,6.12,USD,"Dec 01, 2020","Dec 01, 2020",2026-03-25
MEXICO (UNITED MEXICAN STATES) (GO,Sovereign,Fixed Income,"9,254,452.50",0.06,"9,254,452.50","9,315,000.00",91087BAE0,US91087BAE02,BYWP538,98.6,Mexico,-,USD,1.72,4.57,1.0,"Jan 11, 2028",3.75,1.71,-,4.57,1.71,4.57,USD,"Jan 11, 2018","Jan 11, 2018",2026-03-25
INDONESIA (REPUBLIC OF),Sovereign,Fixed Income,"9,211,546.22",0.06,"9,211,546.22","9,135,000.00",455780CF1,US455780CF11,BZ57H43,99.14,Indonesia,-,USD,1.95,4.53,1.0,"Apr 24, 2028",4.1,1.94,-,4.53,1.94,4.53,USD,"Apr 24, 2018","Apr 24, 2018",2026-03-25
INDONESIA (REPUBLIC OF),Sovereign,Fixed Income,"9,203,096.25",0.06,"9,203,096.25","9,550,000.00",455780EF9,US455780EF92,-,95.52,Indonesia,-,USD,7.61,5.54,1.0,"Feb 21, 2036",4.95,7.62,-,5.54,7.62,5.54,USD,"Jan 21, 2026","Jan 21, 2026",2026-03-25
PERUSAHAAN LISTRIK NEGARA (PERSERO MTN RegS,Agency,Fixed Income,"9,159,624.57",0.06,"9,159,624.57","8,906,000.00",71568QAE7,US71568QAE70,BD1FPC1,101.0,Indonesia,-,USD,2.0,4.95,1.0,"May 21, 2028",5.45,1.98,-,4.95,1.98,4.95,USD,"May 21, 2018","May 21, 2018",2026-03-25
PERUSAHAAN PENERBIT SURAT BERHARGA RegS,Sovereign,Fixed Income,"9,151,006.25",0.06,"9,151,006.25","9,300,000.00",71567RBE5,US71567RBE53,-,97.53,Indonesia,-,USD,7.25,5.54,1.0,"Jul 23, 2035",5.2,7.22,-,5.54,7.22,5.54,USD,"Jul 23, 2025","Jul 23, 2025",2026-03-25
SUCI SECOND INVESTMENT COMPANY RegS,Agency,Fixed Income,"9,114,496.73",0.06,"9,114,496.73","9,150,000.00",-,XS2898168799,-,99.45,Saudi Arabia,-,USD,1.41,4.76,1.0,"Sep 10, 2027",4.38,1.4,-,4.76,1.4,4.76,USD,"Sep 10, 2024","Sep 10, 2024",2026-03-25
PERUSAHAAN PENERBIT SURAT BERHARGA RegS,Sovereign,Fixed Income,"9,108,438.00",0.06,"9,108,438.00","9,879,000.00",71567RAP1,US71567RAP10,-,91.5,Indonesia,-,USD,3.92,5.05,1.0,"Jun 23, 2030",2.8,3.9,-,5.05,3.9,5.05,USD,"Jun 23, 2020","Jun 23, 2020",2026-03-25
MEXICO (UNITED MEXICAN STATES) (GO,Sovereign,Fixed Income,"8,931,607.29",0.06,"8,931,607.29","9,150,000.00",91087BBJ8,US91087BBJ89,-,97.6,Mexico,-,USD,4.39,5.3,1.0,"Mar 22, 2031",4.75,4.38,-,5.30,4.38,5.30,USD,"Sep 22, 2025","Sep 22, 2025",2026-03-25
INDONESIA (REPUBLIC OF),Sovereign,Fixed Income,"8,875,089.08",0.06,"8,875,089.08","8,788,000.00",455780DQ6,US455780DQ66,BNNSSB8,100.08,Indonesia,-,USD,1.67,4.5,1.0,"Jan 11, 2028",4.55,1.7,-,4.50,1.7,4.50,USD,"Jan 11, 2023","Jan 11, 2023",2026-03-25
PERUSAHAAN PENERBIT SURAT BERHARGA RegS,Sovereign,Fixed Income,"8,845,925.00",0.06,"8,845,925.00","8,550,000.00",71567RAY2,US71567RAY27,-,101.47,Indonesia,-,USD,6.08,5.36,1.0,"Nov 15, 2033",5.6,6.05,-,5.36,6.05,5.36,USD,"Nov 15, 2023","Nov 15, 2023",2026-03-25
SHARJAH SUKUK PROGRAMME LTD MTN RegS,Sovereign,Fixed Income,"8,799,091.82",0.06,"8,799,091.82","9,065,000.00",-,XS1791326991,BYZPV04,96.96,United Arab Emirates,-,USD,1.88,5.88,1.0,"Mar 14, 2028",4.23,1.86,-,5.88,1.86,5.88,USD,"Mar 14, 2018","Mar 14, 2018",2026-03-25
INDONESIA (REPUBLIC OF),Sovereign,Fixed Income,"8,783,691.74",0.06,"8,783,691.74","9,393,000.00",455780CJ3,US455780CJ33,BFZYWK5,92.89,Indonesia,-,USD,12.41,5.92,1.0,"Feb 11, 2049",5.35,12.63,-,5.92,12.63,5.92,USD,"Dec 11, 2018","Dec 11, 2018",2026-03-25
PETROLEOS MEXICANOS,Agency,Fixed Income,"8,782,505.29",0.06,"8,782,505.29","9,991,000.00",71654QAZ5,US71654QAZ54,B3XJ8P5,85.9,Mexico,-,USD,8.88,8.13,1.0,"Jun 02, 2041",6.5,8.85,-,8.13,8.85,8.13,USD,"Jun 02, 2011","Sep 30, 2011",2026-03-25
SAUDI ARABIA (KINGDOM OF) MTN RegS,Sovereign,Fixed Income,"8,724,370.81",0.06,"8,724,370.81","9,209,000.00",-,XS2159975700,BMFH861,93.37,Saudi Arabia,-,USD,4.14,4.88,1.0,"Oct 22, 2030",3.25,4.12,-,4.88,4.12,4.88,USD,"Apr 22, 2020","Apr 22, 2020",2026-03-25
ABU DHABI (EMIRATE OF) MTN RegS,Sovereign,Fixed Income,"8,703,223.64",0.06,"8,703,223.64","8,950,000.00",-,XS2811094213,-,95.06,United Arab Emirates,-,USD,13.29,5.86,1.0,"Apr 30, 2054",5.5,13.56,-,5.86,13.56,5.86,USD,"Apr 30, 2024","Apr 30, 2024",2026-03-25
ABU DHABI (EMIRATE OF) MTN RegS,Sovereign,Fixed Income,"8,686,678.12",0.06,"8,686,678.12","8,700,000.00",-,XS3195078509,-,98.13,United Arab Emirates,-,USD,2.35,4.42,1.0,"Oct 02, 2028",3.63,2.34,-,4.42,2.34,4.42,USD,"Oct 02, 2025","Oct 02, 2025",2026-03-25
LEBANON (REPUBLIC OF) MTN RegS,Sovereign,Fixed Income,"8,680,704.00",0.06,"8,680,704.00","32,512,000.00",-,XS0707820659,B6XXGZ4,26.7,Lebanon,-,USD,0.0,,1.0,"Nov 27, 2026",0.0,0.0,-,-,0.0,-,USD,"Nov 28, 2011","Nov 28, 2011",2026-03-25
INDONESIA (REPUBLIC OF) MTN RegS,Sovereign,Fixed Income,"8,663,474.30",0.06,"8,663,474.30","8,675,000.00",-,USY20721BT56,BF41XC6,99.17,Indonesia,-,USD,1.27,4.5,1.0,"Jul 18, 2027",3.85,1.26,-,4.50,1.26,4.50,USD,"Jul 18, 2017","Jul 18, 2017",2026-03-25
COLOMBIA (REPUBLIC OF),Sovereign,Fixed Income,"8,659,049.00",0.06,"8,659,049.00","13,692,000.00",195325DT9,US195325DT91,BM8M272,61.77,Colombia,-,USD,12.22,7.54,1.0,"May 15, 2051",4.13,12.4,-,7.54,12.4,7.54,USD,"Jun 04, 2020","Jun 04, 2020",2026-03-25
PERUSAHAAN PERSEROAN (PERSERO) PT MTN RegS,Agency,Fixed Income,"8,639,888.27",0.06,"8,639,888.27","8,992,000.00",71568QAF4,US71568QAF46,BD1R237,94.0,Indonesia,-,USD,11.26,6.67,1.0,"May 21, 2048",6.15,11.43,-,6.67,11.43,6.67,USD,"May 21, 2018","May 21, 2018",2026-03-25
SUCI SECOND INVESTMENT COMPANY RegS,Agency,Fixed Income,"8,618,957.31",0.06,"8,618,957.31","8,650,000.00",-,XS3049815122,-,97.81,Saudi Arabia,-,USD,5.16,5.3,1.0,"May 08, 2032",4.88,5.13,-,5.30,5.13,5.30,USD,"May 08, 2025","May 08, 2025",2026-03-25
PETROLEOS MEXICANOS MTN,Agency,Fixed Income,"8,616,727.67",0.06,"8,616,727.67","8,483,000.00",71654QCP5,US71654QCP54,BHNZPJ4,100.49,Mexico,-,USD,2.56,6.3,1.0,"Jan 23, 2029",6.5,2.53,-,6.30,2.53,6.30,USD,"Oct 23, 2018","Dec 18, 2018",2026-03-25
PERUSAHAAN PENERBIT SURAT BERHARGA RegS,Sovereign,Fixed Income,"8,599,145.31",0.06,"8,599,145.31","8,650,000.00",-,USY68613AB73,-,98.24,Indonesia,-,USD,6.59,5.47,1.0,"Jul 02, 2034",5.2,6.56,-,5.47,6.56,5.47,USD,"Jul 02, 2024","Jul 02, 2024",2026-03-25
INDONESIA ASAHAN ALUMINIUM (PERSER RegS,Agency,Fixed Income,"8,530,244.30",0.06,"8,530,244.30","8,293,000.00",-,USY7140WAF50,-,100.92,Indonesia,-,USD,3.53,5.2,1.0,"May 15, 2030",5.45,3.6,-,5.19,3.41,5.19,USD,"May 15, 2020","May 15, 2020",2026-03-25
TURKEY (REPUBLIC OF),Sovereign,Fixed Income,"8,447,536.57",0.06,"8,447,536.57","8,434,000.00",900123BB5,US900123BB58,B2Q3T87,99.8,Turkey,-,USD,7.93,7.27,1.0,"Mar 05, 2038",7.25,7.87,-,7.27,7.87,7.27,USD,"Mar 05, 2008","Mar 05, 2008",2026-03-25
RAK CAPITAL RegS,Sovereign,Fixed Income,"8,435,976.11",0.06,"8,435,976.11","8,500,000.00",-,XS3016636683,-,99.09,United Arab Emirates,-,USD,7.15,5.13,1.0,"Mar 12, 2035",5.0,7.13,-,5.13,7.13,5.13,USD,"Mar 12, 2025","Mar 12, 2025",2026-03-25
MEXICO (UNITED MEXICAN STATES) (GO,Sovereign,Fixed Income,"8,374,256.62",0.06,"8,374,256.62","11,353,000.00",91087BAG5,US91087BAG59,BK63J38,73.1,Mexico,-,USD,12.46,6.79,1.0,"Jan 31, 2050",4.5,12.68,-,6.79,12.68,6.79,USD,"Jul 31, 2019","Jul 31, 2019",2026-03-25
PERUSAHAAN LISTRIK NEGARA (PERSERO MTN 144A,Agency,Fixed Income,"8,361,133.68",0.06,"8,361,133.68","8,675,000.00",71568PAX7,US71568PAX78,-,95.63,Indonesia,-,USD,7.43,6.04,1.0,"Feb 03, 2036",5.45,7.42,-,6.04,7.42,6.04,USD,"Feb 03, 2026","Feb 03, 2026",2026-03-25
LEBANON REPUBLIC OF (GOVERNMENT) MTN RegS,Sovereign,Fixed Income,"8,344,284.00",0.06,"8,344,284.00","31,252,000.00",-,XS0559237796,B5L3R45,26.7,Lebanon,-,USD,0.0,,1.0,"Oct 04, 2023",0.0,0.0,-,-,0.0,-,USD,"Nov 12, 2010","Nov 12, 2010",2026-03-25
UNITED ARAB EMIRATES (GOVERNMENT O MTN RegS,Sovereign,Fixed Income,"8,240,064.17",0.06,"8,240,064.17","12,915,000.00",-,XS2397055703,-,62.41,United Arab Emirates,-,USD,16.24,5.74,1.0,"Oct 19, 2061",3.25,16.54,-,5.74,16.54,5.74,USD,"Oct 19, 2021","Oct 19, 2021",2026-03-25
SAUDI ARABIA (KINGDOM OF) MTN RegS,Sovereign,Fixed Income,"8,177,080.34",0.06,"8,177,080.34","13,602,000.00",-,XS2294323386,-,59.63,Saudi Arabia,-,USD,15.31,6.34,1.0,"Feb 02, 2061",3.45,15.58,-,6.34,15.58,6.34,USD,"Feb 02, 2021","Feb 02, 2021",2026-03-25
INDONESIA (REPUBLIC OF),Sovereign,Fixed Income,"8,168,924.44",0.06,"8,168,924.44","8,706,000.00",455780DJ2,US455780DJ24,-,92.13,Indonesia,-,USD,5.21,5.08,1.0,"Mar 31, 2032",3.55,5.21,-,5.08,5.21,5.08,USD,"Mar 31, 2022","Mar 31, 2022",2026-03-25
UNITED ARAB EMIRATES (GOVERNMENT O MTN RegS,Sovereign,Fixed Income,"8,137,408.21",0.06,"8,137,408.21","9,027,000.00",-,XS2492385203,-,89.1,United Arab Emirates,-,USD,13.47,5.76,1.0,"Jul 07, 2052",4.95,13.73,-,5.76,13.73,5.76,USD,"Jul 07, 2022","Jul 07, 2022",2026-03-25
GACI FIRST INVESTMENT CO MTN RegS,Agency,Fixed Income,"8,015,971.88",0.06,"8,015,971.88","9,150,000.00",-,XS2755904872,-,86.8,Saudi Arabia,-,USD,12.97,6.4,1.0,"Jan 29, 2054",5.38,13.26,-,6.40,13.26,6.40,USD,"Jan 29, 2024","Jan 29, 2024",2026-03-25
ABU DHABI DEVELOPMENTAL HOLDING CO MTN RegS,Agency,Fixed Income,"7,976,727.11",0.05,"7,976,727.11","8,050,000.00",-,XS3061312909,-,97.19,United Arab Emirates,-,USD,7.05,5.39,1.0,"May 06, 2035",5.0,7.07,-,5.39,7.07,5.39,USD,"May 06, 2025","May 06, 2025",2026-03-25
PERUSAHAAN LISTRIK NEGARA PT RegS,Agency,Fixed Income,"7,948,419.06",0.05,"7,948,419.06","8,925,000.00",71568QAB3,US71568QAB32,B89NQT6,86.89,Indonesia,-,USD,10.19,6.56,1.0,"Oct 24, 2042",5.25,10.24,-,6.56,10.24,6.56,USD,"Oct 24, 2012","Oct 24, 2012",2026-03-25
PETROLEOS MEXICANOS MTN,Agency,Fixed Income,"7,910,754.67",0.05,"7,910,754.67","10,126,000.00",71654QCL4,US71654QCL41,BGPYW91,77.4,Mexico,-,USD,10.17,8.67,1.0,"Feb 12, 2048",6.35,10.25,-,8.67,10.25,8.67,USD,"Aug 12, 2018","Dec 18, 2018",2026-03-25
DP WORLD CRESCENT LTD RegS,Agency,Fixed Income,"7,873,353.75",0.05,"7,873,353.75","7,850,000.00",-,XS3066663124,-,98.23,United Arab Emirates,-,USD,6.97,5.75,1.0,"May 08, 2035",5.5,6.93,-,5.75,6.93,5.75,USD,"May 08, 2025","May 08, 2025",2026-03-25
GACI FIRST INVESTMENT CO MTN RegS,Agency,Fixed Income,"7,782,558.82",0.05,"7,782,558.82","7,604,000.00",-,XS2542162321,-,100.13,Saudi Arabia,-,USD,1.42,4.91,1.0,"Oct 13, 2027",5.0,1.45,-,4.91,1.37,4.91,USD,"Oct 13, 2022","Oct 13, 2022",2026-03-25
DP WORLD CRESCENT LTD MTN RegS,Agency,Fixed Income,"7,743,356.07",0.05,"7,743,356.07","7,658,000.00",-,XS1883963990,BFCMGH7,98.73,United Arab Emirates,-,USD,2.3,5.4,1.0,"Sep 26, 2028",4.85,2.27,-,5.40,2.27,5.40,USD,"Sep 26, 2018","Sep 26, 2018",2026-03-25
LEBANON REPUBLIC OF (GOVERNMENT) MTN RegS,Sovereign,Fixed Income,"7,697,973.00",0.05,"7,697,973.00","28,617,000.00",-,XS1196419854,BW0FQK0,26.9,Lebanon,-,USD,0.0,,1.0,"Feb 26, 2030",0.0,0.0,-,-,0.0,-,USD,"Feb 26, 2015","Feb 26, 2015",2026-03-25
SURINAME (REPUBLIC OF) RegS,Sovereign,Fixed Income,"7,674,193.86",0.05,"7,674,193.86","7,150,000.00",-,USP68788AF84,-,104.1,Suriname,-,USD,6.46,7.88,1.0,"Nov 06, 2035",8.5,6.37,-,7.88,6.37,7.88,USD,"Nov 06, 2025","Nov 06, 2025",2026-03-25
TVF VARLIK KIRALAMA AS RegS,Agency,Fixed Income,"7,660,483.33",0.05,"7,660,483.33","7,600,000.00",-,XS2911679004,-,99.64,Turkey,-,USD,3.26,7.06,1.0,"Jan 23, 2030",6.95,3.28,-,7.06,3.28,7.06,USD,"Oct 23, 2024","Oct 23, 2024",2026-03-25
SHARJAH EMIRATE OF MTN RegS,Sovereign,Fixed Income,"7,638,334.38",0.05,"7,638,334.38","7,350,000.00",-,XS2587708624,-,101.76,United Arab Emirates,-,USD,5.3,6.17,1.0,"Nov 23, 2032",6.5,5.25,-,6.17,5.25,6.17,USD,"Feb 23, 2023","Feb 23, 2023",2026-03-25
PERUSAHAAN PENERBIT SURAT BERHARGA RegS,Sovereign,Fixed Income,"7,585,987.56",0.05,"7,585,987.56","8,498,000.00",71567RAS5,US71567RAS58,-,88.53,Indonesia,-,USD,4.76,5.08,1.0,"Jun 09, 2031",2.55,4.73,-,5.08,4.73,5.08,USD,"Jun 09, 2021","Jun 09, 2021",2026-03-25
CHILE (REPUBLIC OF),Sovereign,Fixed Income,"7,534,509.50",0.05,"7,534,509.50","12,348,000.00",168863DU9,US168863DU93,-,61.0,Chile,-,USD,17.49,5.64,1.0,"Sep 21, 2071",3.25,17.86,-,5.64,17.86,5.64,USD,"Sep 21, 2021","Sep 21, 2021",2026-03-25
ABU DHABI DEVELOPMENTAL HOLDING CO MTN RegS,Agency,Fixed Income,"7,522,246.88",0.05,"7,522,246.88","8,250,000.00",-,XS2907245208,-,88.69,United Arab Emirates,-,USD,13.17,6.09,1.0,"Oct 02, 2054",5.25,13.47,-,6.09,13.47,6.09,USD,"Oct 02, 2024","Oct 02, 2024",2026-03-25
SHARJAH SUKUK PROGRAMME LTD RegS,Sovereign,Fixed Income,"7,485,189.84",0.05,"7,485,189.84","7,600,000.00",-,XS2914525154,-,96.14,United Arab Emirates,-,USD,6.91,5.99,1.0,"Apr 17, 2035",5.43,6.86,-,5.99,6.86,5.99,USD,"Oct 17, 2024","Oct 17, 2024",2026-03-25
DP WORLD CRESCENT LTD MTN RegS,Agency,Fixed Income,"7,425,542.76",0.05,"7,425,542.76","7,758,000.00",-,XS2026710553,BKFH1X5,95.02,United Arab Emirates,-,USD,3.06,5.54,1.0,"Jul 18, 2029",3.88,3.04,-,5.54,3.04,5.54,USD,"Jul 18, 2019","Jul 18, 2019",2026-03-25
ABU DHABI DEVELOPMENTAL HOLDING CO MTN RegS,Agency,Fixed Income,"7,396,115.00",0.05,"7,396,115.00","7,400,000.00",-,XS3061310101,-,98.23,United Arab Emirates,-,USD,3.65,4.98,1.0,"May 06, 2030",4.5,3.65,-,4.98,3.65,4.98,USD,"May 06, 2025","May 06, 2025",2026-03-25
MDGH GMTN RSC LTD MTN RegS,Agency,Fixed Income,"7,305,502.51",0.05,"7,305,502.51","7,847,000.00",-,XS2176021223,-,92.13,United Arab Emirates,-,USD,3.8,4.99,1.0,"May 21, 2030",2.88,3.81,-,4.99,3.81,4.99,USD,"May 21, 2020","May 21, 2020",2026-03-25
MDGH GMTN RSC LTD MTN RegS,Agency,Fixed Income,"7,289,385.80",0.05,"7,289,385.80","7,740,000.00",-,XS2075923313,BHT6461,93.09,United Arab Emirates,-,USD,3.34,4.98,1.0,"Nov 07, 2029",2.88,3.34,-,4.98,3.34,4.98,USD,"Nov 07, 2019","Nov 07, 2019",2026-03-25
KSA SUKUK LTD MTN RegS,Sovereign,Fixed Income,"7,290,467.71",0.05,"7,290,467.71","7,150,000.00",-,XS2830523465,-,100.38,Saudi Arabia,-,USD,1.14,4.92,1.0,"Jun 04, 2027",5.25,1.13,-,4.92,1.13,4.92,USD,"Jun 04, 2024","Jun 04, 2024",2026-03-25
SHARJAH SUKUK PROGRAMME LTD RegS,Sovereign,Fixed Income,"7,289,022.16",0.05,"7,289,022.16","7,492,000.00",-,XS2182820329,-,96.45,United Arab Emirates,-,USD,1.17,6.01,1.0,"Jun 10, 2027",2.94,1.16,-,6.01,1.16,6.01,USD,"Jun 10, 2020","Jun 10, 2020",2026-03-25
MEXICO (UNITED MEXICAN STATES) MTN,Sovereign,Fixed Income,"7,257,793.23",0.05,"7,257,793.23","6,186,000.00",91086QAG3,US91086QAG38,2789880,116.45,Mexico,-,USD,4.42,4.8,1.0,"Aug 15, 2031",8.3,4.4,-,4.80,4.4,4.80,USD,"Aug 13, 2001","Aug 13, 2001",2026-03-25
INDONESIA (REPUBLIC OF) MTN RegS,Sovereign,Fixed Income,"7,212,181.30",0.05,"7,212,181.30","8,280,000.00",-,USY20721BU20,BF41TW8,86.25,Indonesia,-,USD,12.29,5.89,1.0,"Jul 18, 2047",4.75,12.49,-,5.89,12.49,5.89,USD,"Jul 18, 2017","Jul 18, 2017",2026-03-25
ADNOC MURBAN RSC LTD MTN RegS,Agency,Fixed Income,"7,187,190.67",0.05,"7,187,190.67","7,300,000.00",-,XS2898198358,-,98.31,United Arab Emirates,-,USD,3.17,4.78,1.0,"Sep 11, 2029",4.25,3.18,-,4.78,3.18,4.78,USD,"Sep 11, 2024","Sep 11, 2024",2026-03-25
MDGH GMTN RSC LTD MTN RegS,Agency,Fixed Income,"7,174,198.78",0.05,"7,174,198.78","7,484,000.00",-,XS2624479288,-,94.39,United Arab Emirates,-,USD,6.27,5.27,1.0,"Nov 22, 2033",4.38,6.29,-,5.27,6.29,5.27,USD,"May 22, 2023","May 22, 2023",2026-03-25
INDONESIA (REPUBLIC OF),Sovereign,Fixed Income,"7,133,878.63",0.05,"7,133,878.63","9,328,000.00",455780CU8,US455780CU87,-,74.52,Indonesia,-,USD,15.18,6.13,1.0,"Apr 15, 2070",4.45,15.48,-,6.13,15.48,6.13,USD,"Apr 15, 2020","Apr 15, 2020",2026-03-25
DUBAI (EMIRATE OF) MTN RegS,Sovereign,Fixed Income,"7,013,630.40",0.05,"7,013,630.40","10,080,000.00",-,XS2226973522,-,69.43,United Arab Emirates,-,USD,13.43,6.39,1.0,"Sep 09, 2050",3.9,13.64,-,6.39,13.64,6.39,USD,"Sep 09, 2020","Sep 09, 2020",2026-03-25
DUBAI (EMIRATE OF) MTN RegS,Sovereign,Fixed Income,"7,012,847.87",0.05,"7,012,847.87","7,379,000.00",-,XS0880597603,B9BMNF3,94.27,United Arab Emirates,-,USD,10.7,5.79,1.0,"Jan 30, 2043",5.25,10.8,-,5.79,10.8,5.79,USD,"Jan 30, 2013","Jan 30, 2013",2026-03-25
UNITED ARAB EMIRATES (GOVERNMENT O MTN RegS,Sovereign,Fixed Income,"6,943,839.61",0.05,"6,943,839.61","7,850,000.00",-,XS2397053757,-,87.6,United Arab Emirates,-,USD,5.13,4.54,1.0,"Oct 19, 2031",2.0,5.11,-,4.54,5.11,4.54,USD,"Oct 19, 2021","Oct 19, 2021",2026-03-25
SHARJAH SUKUK PROGRAMME LTD RegS,Sovereign,Fixed Income,"6,783,933.75",0.05,"6,783,933.75","7,250,000.00",-,XS2067187810,-,92.22,United Arab Emirates,-,USD,3.29,5.66,1.0,"Oct 23, 2029",3.23,3.26,-,5.66,3.26,5.66,USD,"Oct 23, 2019","Oct 23, 2019",2026-03-25
LEBANON (REPUBLIC OF) RegS,Sovereign,Fixed Income,"6,760,173.00",0.05,"6,760,173.00","25,319,000.00",-,XS1586230051,BYXPB17,26.7,Lebanon,-,USD,0.0,,1.0,"Mar 23, 2027",0.0,0.0,-,-,0.0,-,USD,"Mar 23, 2017","Mar 23, 2017",2026-03-25
MEXICO (UNITED MEXICAN STATES) (GO,Sovereign,Fixed Income,"6,674,085.90",0.05,"6,674,085.90","6,549,000.00",91087BAU4,US91087BAU44,-,101.25,Mexico,-,USD,1.72,4.69,1.0,"Feb 09, 2028",5.4,1.76,-,4.66,1.68,4.66,USD,"Jan 09, 2023","Jan 09, 2023",2026-03-25
SUCI SECOND INVESTMENT COMPANY RegS,Agency,Fixed Income,"6,664,825.78",0.05,"6,664,825.78","6,800,000.00",-,XS3281731821,-,97.22,Saudi Arabia,-,USD,7.58,5.5,1.0,"Jan 28, 2036",5.13,7.55,-,5.50,7.55,5.50,USD,"Jan 28, 2026","Jan 28, 2026",2026-03-25
SHARJAH EMIRATE OF MTN RegS,Sovereign,Fixed Income,"6,651,398.44",0.05,"6,651,398.44","6,750,000.00",-,XS2775892065,-,98.25,United Arab Emirates,-,USD,7.37,6.36,1.0,"Mar 06, 2036",6.13,7.32,-,6.36,7.32,6.36,USD,"Mar 06, 2024","Mar 06, 2024",2026-03-25
INDONESIA (REPUBLIC OF),Sovereign,Fixed Income,"6,619,190.58",0.05,"6,619,190.58","9,287,000.00",455780CN4,US455780CN45,-,69.8,Indonesia,-,USD,13.33,6.14,1.0,"Oct 30, 2049",3.7,13.53,-,6.14,13.53,6.14,USD,"Oct 30, 2019","Oct 30, 2019",2026-03-25
MEXICO (UNITED MEXICAN STATES) (GO,Sovereign,Fixed Income,"6,581,209.21",0.05,"6,581,209.21","8,945,000.00",91087BAB6,US91087BAB62,BZ6SVL0,72.75,Mexico,-,USD,11.88,6.82,1.0,"Jan 15, 2047",4.35,12.02,-,6.82,12.02,6.82,USD,"Aug 11, 2016","Aug 11, 2016",2026-03-25
PERTAMINA PERSERO PT MTN RegS,Agency,Fixed Income,"6,405,290.85",0.04,"6,405,290.85","8,813,000.00",69370RAG2,US69370RAG20,-,71.96,Indonesia,-,USD,12.86,6.51,1.0,"Jan 21, 2050",4.17,13.1,-,6.51,13.1,6.51,USD,"Jan 21, 2020","Jan 21, 2020",2026-03-25
MDGH GMTN RSC LTD MTN RegS,Agency,Fixed Income,"6,393,119.51",0.04,"6,393,119.51","6,179,000.00",-,XS2546781985,-,101.25,United Arab Emirates,-,USD,5.66,5.29,1.0,"Apr 28, 2033",5.5,5.7,-,5.28,5.53,5.28,USD,"Oct 28, 2022","Oct 28, 2022",2026-03-25
COMISION FEDERAL DE ELECTRICIDAD C RegS,Agency,Fixed Income,"6,260,836.83",0.04,"6,260,836.83","6,200,000.00",-,USP30179CR77,-,99.92,Mexico,-,USD,6.6,6.46,1.0,"Jan 24, 2035",6.45,6.59,-,6.46,6.59,6.46,USD,"Sep 24, 2024","Sep 24, 2024",2026-03-25
PERUSAHAAN LISTRIK NEGARA (PERSERO MTN RegS,Agency,Fixed Income,"6,244,341.18",0.04,"6,244,341.18","9,161,000.00",71568QAP2,US71568QAP28,-,67.24,Indonesia,-,USD,12.85,6.77,1.0,"Jun 30, 2050",4.0,13.07,-,6.77,13.07,6.77,USD,"Jun 30, 2020","Jun 30, 2020",2026-03-25
MDGH GMTN RSC LTD MTN RegS,Agency,Fixed Income,"6,150,732.02",0.04,"6,150,732.02","8,629,000.00",-,XS2075924048,BHT6472,69.88,United Arab Emirates,-,USD,13.31,6.13,1.0,"Nov 07, 2049",3.7,13.56,-,6.13,13.56,6.13,USD,"Nov 07, 2019","Nov 07, 2019",2026-03-25
ABU DHABI DEVELOPMENTAL HOLDING CO MTN RegS,Agency,Fixed Income,"6,100,864.79",0.04,"6,100,864.79","6,200,000.00",-,XS2907161363,-,96.32,United Arab Emirates,-,USD,4.7,5.15,1.0,"Oct 02, 2031",4.38,4.73,-,5.15,4.73,5.15,USD,"Oct 02, 2024","Oct 02, 2024",2026-03-25
LEBANON REPUBLIC OF (GOVERNMENT) MTN RegS,Sovereign,Fixed Income,"6,052,356.00",0.04,"6,052,356.00","22,668,000.00",-,XS0859367194,B90LF66,26.7,Lebanon,-,USD,0.0,,1.0,"Jan 27, 2023",0.0,0.0,-,-,0.0,-,USD,"Nov 29, 2012","Nov 29, 2012",2026-03-25
ABU DHABI (EMIRATE OF) MTN RegS,Sovereign,Fixed Income,"5,993,680.42",0.04,"5,993,680.42","9,602,000.00",-,XS2386638816,-,62.35,United Arab Emirates,-,USD,14.98,5.86,1.0,"Sep 15, 2051",3.0,15.21,-,5.86,15.21,5.86,USD,"Sep 15, 2021","Sep 15, 2021",2026-03-25
ABU DHABI (EMIRATE OF) MTN RegS,Sovereign,Fixed Income,"5,938,899.68",0.04,"5,938,899.68","11,522,000.00",-,XS2225210330,BMZMR03,51.39,United Arab Emirates,-,USD,17.92,5.73,1.0,"Sep 02, 2070",2.7,18.24,-,5.73,18.24,5.73,USD,"Sep 02, 2020","Sep 02, 2020",2026-03-25
SAUDI ARABIA KINGDOM OF (GOVERNMEN MTN RegS,Sovereign,Fixed Income,"5,906,762.67",0.04,"5,906,762.67","6,200,000.00",-,XS3267899923,-,94.11,Saudi Arabia,-,USD,13.12,6.32,1.0,"Jan 12, 2056",5.88,13.37,-,6.32,13.37,6.32,USD,"Jan 12, 2026","Jan 12, 2026",2026-03-25
PETROLEOS MEXICANOS,Agency,Fixed Income,"5,788,915.02",0.04,"5,788,915.02","7,148,000.00",71654QBR2,US71654QBR20,BRJ6RJ5,79.92,Mexico,-,USD,9.7,8.53,1.0,"Jan 23, 2045",6.38,9.74,-,8.53,9.74,8.53,USD,"Jul 23, 2014","Oct 21, 2014",2026-03-25
MDGH GMTN RSC LTD MTN RegS,Agency,Fixed Income,"5,752,982.81",0.04,"5,752,982.81","6,210,000.00",-,XS2455984679,-,91.0,United Arab Emirates,-,USD,5.23,5.13,1.0,"Mar 28, 2032",3.38,5.23,-,5.13,5.23,5.13,USD,"Mar 28, 2022","Mar 28, 2022",2026-03-25
UNITED ARAB EMIRATES (GOVERNMENT O MTN RegS,Sovereign,Fixed Income,"5,742,031.35",0.04,"5,742,031.35","7,847,000.00",-,XS2397083820,-,71.94,United Arab Emirates,-,USD,11.45,5.6,1.0,"Oct 19, 2041",2.88,11.49,-,5.60,11.49,5.60,USD,"Oct 19, 2021","Oct 19, 2021",2026-03-25
MDGH GMTN RSC LTD MTN RegS,Agency,Fixed Income,"5,728,267.34",0.04,"5,728,267.34","8,709,000.00",-,XS2324826994,-,64.77,United Arab Emirates,-,USD,13.98,6.17,1.0,"Jun 07, 2051",3.4,14.24,-,6.17,14.24,6.17,USD,"Jun 07, 2021","Jun 07, 2021",2026-03-25
SRC SUKUK LTD RegS,Agency,Fixed Income,"5,702,306.25",0.04,"5,702,306.25","5,800,000.00",-,XS3194913763,-,96.0,Saudi Arabia,-,USD,7.34,5.42,1.0,"Oct 02, 2035",4.88,7.31,-,5.42,7.31,5.42,USD,"Oct 02, 2025","Oct 02, 2025",2026-03-25
SRC SUKUK LTD RegS,Agency,Fixed Income,"5,692,418.49",0.04,"5,692,418.49","5,700,000.00",-,XS3010536061,-,99.51,Saudi Arabia,-,USD,1.83,5.27,1.0,"Feb 27, 2028",5.0,1.81,-,5.27,1.81,5.27,USD,"Feb 27, 2025","Feb 27, 2025",2026-03-25
COMISION FEDERAL DE ELECTRICIDAD C 144A,Agency,Fixed Income,"5,679,583.12",0.04,"5,679,583.12","5,755,000.00",200447AQ3,US200447AQ31,-,97.77,Mexico,-,USD,6.12,6.41,1.0,"Jan 28, 2034",6.04,6.09,-,6.41,6.09,6.41,USD,"Jan 28, 2026","Jan 28, 2026",2026-03-25
SRC SUKUK LTD RegS,Agency,Fixed Income,"5,654,982.99",0.04,"5,654,982.99","5,650,000.00",-,XS3010536145,-,99.7,Saudi Arabia,-,USD,7.02,5.42,1.0,"Feb 27, 2035",5.38,6.99,-,5.42,6.99,5.42,USD,"Feb 27, 2025","Feb 27, 2025",2026-03-25
ABU DHABI (EMIRATE OF) MTN RegS,Sovereign,Fixed Income,"5,647,867.80",0.04,"5,647,867.80","6,466,000.00",-,XS2225210413,-,87.25,United Arab Emirates,-,USD,4.65,4.62,1.0,"Mar 02, 2031",1.7,4.63,-,4.62,4.63,4.62,USD,"Sep 02, 2020","Sep 02, 2020",2026-03-25
MDGH SUKUK LTD RegS,Agency,Fixed Income,"5,590,402.61",0.04,"5,590,402.61","5,550,000.00",-,XS2797416760,-,98.4,United Arab Emirates,-,USD,6.35,5.21,1.0,"Apr 04, 2034",4.96,6.39,-,5.21,6.39,5.21,USD,"Apr 04, 2024","Apr 04, 2024",2026-03-25
LEBANON (REPUBLIC OF) MTN RegS,Sovereign,Fixed Income,"5,488,676.00",0.04,"5,488,676.00","20,404,000.00",-,XS1586230481,BYXPB28,26.9,Lebanon,-,USD,0.0,,1.0,"Mar 23, 2032",0.0,0.0,-,-,0.0,-,USD,"Mar 23, 2017","Mar 23, 2017",2026-03-25
SAUDI ARABIA (KINGDOM OF) MTN RegS,Sovereign,Fixed Income,"5,468,031.63",0.04,"5,468,031.63","6,136,000.00",-,XS2109766472,-,88.73,Saudi Arabia,-,USD,5.3,4.99,1.0,"Feb 03, 2032",2.75,5.27,-,4.99,5.27,4.99,USD,"Feb 03, 2020","Feb 03, 2020",2026-03-25
MDGH SUKUK LTD RegS,Agency,Fixed Income,"5,454,178.89",0.04,"5,454,178.89","5,500,000.00",-,XS3086825281,-,97.65,United Arab Emirates,-,USD,7.13,5.32,1.0,"Jun 04, 2035",5.0,7.16,-,5.32,7.16,5.32,USD,"Jun 04, 2025","Jun 04, 2025",2026-03-25
SHARJAH EMIRATE OF MTN RegS,Sovereign,Fixed Income,"5,431,080.14",0.04,"5,431,080.14","8,675,000.00",-,XS2207514063,BLC8L38,61.99,United Arab Emirates,-,USD,12.5,7.39,1.0,"Jul 28, 2050",4.0,12.65,-,7.39,12.65,7.39,USD,"Jul 28, 2020","Jul 28, 2020",2026-03-25
LEBANON REPUBLIC OF (GOVERNMENT) MTN RegS,Sovereign,Fixed Income,"5,425,173.00",0.04,"5,425,173.00","20,319,000.00",-,XS0859366899,B76M8W6,26.7,Lebanon,-,USD,0.0,,1.0,"Nov 29, 2027",0.0,0.0,-,-,0.0,-,USD,"Nov 29, 2012","Nov 29, 2012",2026-03-25
SAUDI ARABIA (KINGDOM OF) MTN RegS,Sovereign,Fixed Income,"5,035,783.28",0.03,"5,035,783.28","8,037,000.00",-,XS2408613136,-,61.52,Saudi Arabia,-,USD,14.14,6.29,1.0,"Nov 17, 2051",3.25,14.35,-,6.29,14.35,6.29,USD,"Nov 17, 2021","Nov 17, 2021",2026-03-25
TPAO VARLIK KIRALAMA AS RegS,Agency,Fixed Income,"2,342,125.62",0.02,"2,342,125.62","2,425,000.00",-,XS3304298287,-,96.25,Turkey,-,USD,4.22,7.21,1.0,"Mar 04, 2031",6.3,4.15,-,7.21,4.15,7.21,USD,"Mar 04, 2026","Mar 04, 2026",2026-03-25
SAUDI ARABIA KINGDOM OF (GOVERNMEN MTN RegS,Sovereign,Fixed Income,"2,276,667.46",0.02,"2,276,667.46","2,300,000.00",-,XS3267899683,-,98.17,Saudi Arabia,-,USD,2.61,4.83,1.0,"Jan 12, 2029",4.13,2.59,-,4.83,2.59,4.83,USD,"Jan 12, 2026","Jan 12, 2026",2026-03-25
SAUDI ARABIA KINGDOM OF (GOVERNMEN MTN RegS,Sovereign,Fixed Income,"1,951,229.17",0.01,"1,951,229.17","2,000,000.00",-,XS3267901174,-,96.6,Saudi Arabia,-,USD,7.62,5.32,1.0,"Jan 12, 2036",4.88,7.59,-,5.32,7.59,5.32,USD,"Jan 12, 2026","Jan 12, 2026",2026-03-25
BOLIVIA PLURINATIONAL STATE OF RegS,Sovereign,Fixed Income,"1,717,499.96",0.01,"1,717,499.96","1,844,667.00",-,USP37878AC26,BYWMQB4,93.07,Bolivia,-,USD,1.42,9.64,1.0,"Mar 20, 2028",4.5,1.37,-,9.64,1.37,9.64,USD,"Mar 20, 2017","Mar 20, 2017",2026-03-25
SAUDI ARABIA KINGDOM OF (GOVERNMEN MTN RegS,Sovereign,Fixed Income,"1,423,723.78",0.01,"1,423,723.78","1,450,000.00",-,XS3267899840,-,97.33,Saudi Arabia,-,USD,4.26,5.01,1.0,"Jan 12, 2031",4.38,4.23,-,5.01,4.23,5.01,USD,"Jan 12, 2026","Jan 12, 2026",2026-03-25
BENIN ( REPUBLIC OF) 144A,Sovereign,Fixed Income,"1,233,163.94",0.01,"1,233,163.94","1,225,000.00",08205QAA6,US08205QAA67,-,99.78,Benin,-,USD,7.21,7.99,1.0,"Feb 13, 2038",7.96,7.12,-,7.99,7.12,7.99,USD,"Feb 13, 2024","Feb 13, 2024",2026-03-25
ECUADOR REPUBLIC OF (GOVERNMENT) RegS,Sovereign,Fixed Income,"1,006,637.78",0.01,"1,006,637.78","1,000,000.00",-,XS3283442112,-,99.27,Ecuador,-,USD,7.1,9.35,1.0,"Jan 29, 2039",9.25,6.98,-,9.35,6.98,9.35,USD,"Jan 29, 2026","Jan 29, 2026",2026-03-25
