Name,Sector,Asset Class,Market Value,Weight (%),Notional Value,Par Value,CUSIP,ISIN,SEDOL,Price,Location,Exchange,Currency,Duration,YTM (%),FX Rate,Maturity,Coupon (%),Mod. Duration,Yield to Call (%),Yield to Worst (%),Real Duration,Real YTM (%),Market Currency,Accrual Date,Effective Date,date_of_pull
ARGENTINA REPUBLIC OF GOVERNMENT,Sovereign,Fixed Income,"11,621,613.75",1.98,"11,621,613.75","15,060,000.00",040114HT0,US040114HT09,-,76.0,Argentina,-,USD,5.56,9.61,1.0,"Jul 09, 2035",4.13,5.43,-,9.61,5.43,9.61,USD,"Sep 04, 2020","Sep 04, 2020",2026-04-23
ARGENTINA REPUBLIC OF GOVERNMENT,Sovereign,Fixed Income,"7,458,995.63",1.27,"7,458,995.63","8,621,870.00",040114HS2,US040114HS26,-,86.3,Argentina,-,USD,2.04,8.34,1.0,"Jul 09, 2030",0.75,1.99,-,8.34,1.99,8.34,USD,"Sep 04, 2020","Sep 04, 2020",2026-04-23
ARGENTINA REPUBLIC OF GOVERNMENT,Sovereign,Fixed Income,"6,827,531.36",1.16,"6,827,531.36","8,460,945.00",040114HU7,US040114HU71,-,79.28,Argentina,-,USD,4.77,9.62,1.0,"Jan 09, 2038",5.0,4.67,-,9.62,4.67,9.62,USD,"Sep 04, 2020","Sep 04, 2020",2026-04-23
PETROLEOS MEXICANOS,Agency,Fixed Income,"5,602,486.67",0.95,"5,602,486.67","6,000,000.00",71654QDD1,US71654QDD16,BMYVTL6,91.5,Mexico,-,USD,9.95,8.53,1.0,"Jan 23, 2050",7.69,10.1,-,8.53,10.1,8.53,USD,"Jul 23, 2020","Oct 21, 2020",2026-04-23
ARGENTINA REPUBLIC OF GOVERNMENT,Sovereign,Fixed Income,"5,539,066.19",0.94,"5,539,066.19","7,768,608.00",040114HV5,US040114HV54,-,70.31,Argentina,-,USD,5.97,9.77,1.0,"Jul 09, 2041",3.5,5.88,-,9.77,5.88,9.77,USD,"Sep 04, 2020","Sep 04, 2020",2026-04-23
PETROLEOS MEXICANOS,Agency,Fixed Income,"4,995,536.39",0.85,"4,995,536.39","4,900,000.00",71643VAB1,US71643VAB18,BJLV7R0,100.74,Mexico,-,USD,4.04,6.51,1.0,"Feb 16, 2032",6.7,4.01,-,6.51,3.95,6.51,USD,"Dec 16, 2021","Mar 25, 2022",2026-04-23
INDUSTRIAL AND COMMERCIAL BANK OF RegS,Agency,Fixed Income,"4,485,735.00",0.76,"4,485,735.00","4,500,000.00",-,XS2383421711,-,99.44,China,-,USD,0.4,6.23,1.0,"Dec 31, 2079",3.2,0.27,-,4.52,0.42,4.52,USD,"Sep 24, 2021","Sep 24, 2021",2026-04-23
BLK CSH FND TREASURY SL AGENCY,Cash and/or Derivatives,Money Market,"4,480,000.02",0.76,"4,480,000.02","4,480,000.00",066922477,US0669224778,6922477,1.0,United States,-,USD,0.1,3.53,1.0,-,3.65,0.11,-,3.53,0.11,3.53,USD,-,"Feb 04, 2009",2026-04-23
ECUADOR REPUBLIC OF (GOVERNMENT) RegS,Sovereign,Fixed Income,"4,427,613.33",0.75,"4,427,613.33","4,674,602.00",-,XS2214238441,BMGR2G8,93.16,Ecuador,-,USD,5.36,8.21,1.0,"Jul 31, 2035",6.9,5.26,-,8.21,5.26,8.21,USD,"Aug 31, 2020","Aug 31, 2020",2026-04-23
BRAZIL FEDERATIVE REPUBLIC OF (GOV,Sovereign,Fixed Income,"3,548,325.00",0.6,"3,548,325.00","3,400,000.00",105756CL2,US105756CL22,-,103.7,Brazil,-,USD,6.71,6.08,1.0,"Mar 15, 2035",6.63,6.66,-,6.08,6.66,6.08,USD,"Feb 25, 2025","Feb 25, 2025",2026-04-23
PETROLEOS MEXICANOS MTN,Agency,Fixed Income,"3,384,940.00",0.58,"3,384,940.00","4,000,000.00",71654QCC4,US71654QCC42,BD3NBC5,84.06,Mexico,-,USD,10.15,8.36,1.0,"Sep 21, 2047",6.75,10.25,-,8.36,10.25,8.36,USD,"Sep 21, 2016","Jan 27, 2017",2026-04-23
SAMARCO MINERACAO SA RegS,Industrial,Fixed Income,"3,300,390.52",0.56,"3,300,390.52","3,289,699.00",-,USP8405QAA78,BRXJXV4,100.33,Brazil,-,USD,0.04,9.15,1.0,"Jun 30, 2031",9.0,4.09,-,9.15,4.09,9.15,USD,"Dec 01, 2023","Dec 04, 2023",2026-04-23
TURKEY (REPUBLIC OF),Sovereign,Fixed Income,"2,869,154.17",0.49,"2,869,154.17","2,600,000.00",900123DF4,US900123DF45,-,107.72,Turkey,-,USD,1.58,5.15,1.0,"Jan 15, 2028",9.88,1.56,-,5.15,1.56,5.15,USD,"Nov 15, 2022","Nov 15, 2022",2026-04-23
GHANA (REPUBLIC OF) DISCO RegS,Sovereign,Fixed Income,"2,839,657.82",0.48,"2,839,657.82","3,027,560.00",-,XS2893151287,-,92.29,Ghana,-,USD,5.31,7.11,1.0,"Jul 03, 2035",5.0,5.25,-,7.11,5.25,7.11,USD,"Jul 03, 2024","Oct 09, 2024",2026-04-23
BRAZIL FEDERATIVE REPUBLIC OF (GOV,Sovereign,Fixed Income,"2,656,647.50",0.45,"2,656,647.50","2,600,000.00",105756CN8,US105756CN87,-,100.19,Brazil,-,USD,11.68,7.23,1.0,"Jan 12, 2056",7.25,11.91,-,7.23,11.91,7.23,USD,"Sep 11, 2025","Sep 11, 2025",2026-04-23
PETROLEOS MEXICANOS,Agency,Fixed Income,"2,640,640.35",0.45,"2,640,640.35","2,650,000.00",71654QDE9,US71654QDE98,-,98.28,Mexico,-,USD,4.03,6.37,1.0,"Jan 28, 2031",5.95,4.03,-,6.37,4.03,6.37,USD,"Jul 28, 2020","Oct 21, 2020",2026-04-23
BRAZIL FEDERATIVE REPUBLIC OF (GOV,Sovereign,Fixed Income,"2,622,786.11",0.45,"2,622,786.11","2,600,000.00",105756CQ1,US105756CQ19,-,99.8,Brazil,-,USD,7.37,6.28,1.0,"May 22, 2036",6.25,7.32,-,6.28,7.32,6.28,USD,"Feb 19, 2026","Feb 19, 2026",2026-04-23
TURKEY (REPUBLIC OF),Sovereign,Fixed Income,"2,503,050.00",0.43,"2,503,050.00","2,500,000.00",900123DN7,US900123DN78,-,98.17,Turkey,-,USD,6.48,6.78,1.0,"Jan 03, 2035",6.5,6.41,-,6.78,6.41,6.78,USD,"Oct 03, 2024","Oct 03, 2024",2026-04-23
BRAZIL FEDERATIVE REPUBLIC OF (GOV,Sovereign,Fixed Income,"2,440,963.54",0.42,"2,440,963.54","2,500,000.00",105756CC2,US105756CC23,-,96.25,Brazil,-,USD,3.73,4.88,1.0,"Jun 12, 2030",3.88,3.72,-,4.88,3.72,4.88,USD,"Jun 10, 2020","Jun 10, 2020",2026-04-23
TURKEY (REPUBLIC OF),Sovereign,Fixed Income,"2,398,905.67",0.41,"2,398,905.67","2,200,000.00",900123DK3,US900123DK30,-,105.74,Turkey,-,USD,5.91,6.69,1.0,"May 15, 2034",7.63,5.85,-,6.69,5.85,6.69,USD,"Feb 15, 2024","Feb 15, 2024",2026-04-23
TURKEY (REPUBLIC OF),Sovereign,Fixed Income,"2,398,145.14",0.41,"2,398,145.14","2,200,000.00",900123CT5,US900123CT57,BGLHP62,105.3,Turkey,-,USD,2.61,5.69,1.0,"Apr 26, 2029",7.63,2.59,-,5.69,2.59,5.69,USD,"Jan 16, 2019","Jan 16, 2019",2026-04-23
TURKEY (REPUBLIC OF),Sovereign,Fixed Income,"2,335,916.67",0.4,"2,335,916.67","2,000,000.00",900123DG2,US900123DG28,-,114.4,Turkey,-,USD,5.05,6.68,1.0,"Jan 19, 2033",9.38,4.99,-,6.68,4.99,6.68,USD,"Jan 19, 2023","Jan 19, 2023",2026-04-23
PETROLEOS MEXICANOS,Agency,Fixed Income,"2,331,789.93",0.4,"2,331,789.93","2,750,000.00",71654QDF6,US71654QDF63,-,83.19,Mexico,-,USD,10.94,8.46,1.0,"Jan 28, 2060",6.95,11.17,-,8.46,11.17,8.46,USD,"Jul 28, 2020","Oct 21, 2020",2026-04-23
TURKEY (REPUBLIC OF),Sovereign,Fixed Income,"2,202,636.62",0.38,"2,202,636.62","2,100,000.00",900123CQ1,US900123CQ19,BFZYKC3,101.88,Turkey,-,USD,2.26,5.32,1.0,"Oct 24, 2028",6.13,2.24,-,5.32,2.24,5.32,USD,"Apr 24, 2018","Apr 24, 2018",2026-04-23
DOMINICAN REPUBLIC (GOVERNMENT) RegS,Sovereign,Fixed Income,"2,192,915.83",0.37,"2,192,915.83","2,300,000.00",-,USP3579ECH82,-,94.97,Dominican Republic,-,USD,5.43,5.83,1.0,"Sep 23, 2032",4.88,5.39,-,5.83,5.39,5.83,USD,"Sep 23, 2020","Sep 23, 2020",2026-04-23
COLOMBIA REPUBLIC OF (GOVERNMENT),Sovereign,Fixed Income,"2,187,783.00",0.37,"2,187,783.00","2,710,000.00",195325CU7,US195325CU73,BVHFBK1,78.98,Colombia,-,USD,10.86,7.01,1.0,"Jun 15, 2045",5.0,10.99,-,7.01,10.99,7.01,USD,"Jan 28, 2015","Jan 28, 2015",2026-04-23
TURKEY (REPUBLIC OF),Sovereign,Fixed Income,"2,165,687.03",0.37,"2,165,687.03","1,900,000.00",900123DJ6,US900123DJ66,-,111.5,Turkey,-,USD,3.5,6.0,1.0,"Jul 13, 2030",9.13,3.46,-,6.00,3.46,6.00,USD,"Apr 13, 2023","Apr 13, 2023",2026-04-23
TURKEY (REPUBLIC OF),Sovereign,Fixed Income,"2,130,259.44",0.36,"2,130,259.44","2,600,000.00",900123CM0,US900123CM05,BD3N0C8,79.38,Turkey,-,USD,10.5,7.75,1.0,"May 11, 2047",5.75,10.61,-,7.75,10.61,7.75,USD,"May 11, 2017","May 11, 2017",2026-04-23
DOMINICAN REPUBLIC (GOVERNMENT) RegS,Sovereign,Fixed Income,"2,101,414.06",0.36,"2,101,414.06","2,350,000.00",-,USP3579ECG00,-,88.1,Dominican Republic,-,USD,13.01,6.78,1.0,"Jan 30, 2060",5.88,13.32,-,6.78,13.32,6.78,USD,"Jan 30, 2020","Jan 30, 2020",2026-04-23
HAZINE MUSTESARLIGI VARLIK KIRALAM RegS,Sovereign,Fixed Income,"2,083,116.86",0.35,"2,083,116.86","1,900,000.00",-,XS2689091846,-,107.35,Turkey,-,USD,2.41,5.57,1.0,"Jan 14, 2029",8.51,2.39,-,5.57,2.39,5.57,USD,"Nov 14, 2023","Nov 14, 2023",2026-04-23
TURKEY (REPUBLIC OF),Sovereign,Fixed Income,"2,052,834.33",0.35,"2,052,834.33","2,300,000.00",900123BJ8,US900123BJ84,B669ZF2,87.64,Turkey,-,USD,9.13,7.39,1.0,"Jan 14, 2041",6.0,9.11,-,7.39,9.11,7.39,USD,"Jan 12, 2011","Jan 12, 2011",2026-04-23
UKRAINE (REPUBLIC OF) C BONDS RegS,Sovereign,Fixed Income,"2,016,011.11",0.34,"2,016,011.11","2,600,000.00",-,XS3261834314,-,76.65,Ukraine,-,USD,3.82,12.6,1.0,"Feb 01, 2032",4.0,3.66,-,12.60,3.66,12.60,USD,"Dec 23, 2025","Dec 23, 2025",2026-04-23
TURKEY REPUBLIC OF (GOVERNMENT),Sovereign,Fixed Income,"1,994,361.11",0.34,"1,994,361.11","2,200,000.00",900123CG3,US900123CG37,BJW06D5,89.47,Turkey,-,USD,9.97,7.69,1.0,"Feb 17, 2045",6.63,10.04,-,7.69,10.04,7.69,USD,"Feb 19, 2014","Feb 19, 2014",2026-04-23
FED REPUBLIC OF BRAZIL,Sovereign,Fixed Income,"1,993,260.07",0.34,"1,993,260.07","2,650,000.00",105756CB4,US105756CB40,BK71V79,73.94,Brazil,-,USD,12.03,7.02,1.0,"Jan 14, 2050",4.75,12.24,-,7.02,12.24,7.02,USD,"Nov 14, 2019","Nov 14, 2019",2026-04-23
PETROLEOS MEXICANOS,Agency,Fixed Income,"1,987,475.00",0.34,"1,987,475.00","2,000,000.00",706451BG5,US706451BG56,B0Z2BX0,97.06,Mexico,-,USD,6.65,7.07,1.0,"Jun 15, 2035",6.63,6.58,-,7.07,6.58,7.07,USD,"Dec 15, 2005","Feb 10, 2006",2026-04-23
TURKEY (REPUBLIC OF),Sovereign,Fixed Income,"1,912,336.81",0.33,"1,912,336.81","1,900,000.00",900123AY6,US900123AY60,B0WC9K6,100.0,Turkey,-,USD,7.12,6.87,1.0,"Mar 17, 2036",6.88,7.06,-,6.87,7.06,6.87,USD,"Jan 17, 2006","Jan 17, 2006",2026-04-23
GHANA (REPUBLIC OF) DISCO RegS,Sovereign,Fixed Income,"1,900,518.88",0.32,"1,900,518.88","1,902,898.00",-,XS2893147251,-,98.38,Ghana,-,USD,1.57,6.15,1.0,"Jul 03, 2029",5.0,1.55,-,6.15,1.55,6.15,USD,"Jul 03, 2024","Oct 09, 2024",2026-04-23
HAZINE MUSTESARLIGI VARLIK KIRALAM RegS,Sovereign,Fixed Income,"1,898,473.00",0.32,"1,898,473.00","1,800,000.00",-,XS2900389870,-,102.31,Turkey,-,USD,3.43,5.85,1.0,"Apr 26, 2030",6.5,3.4,-,5.85,3.4,5.85,USD,"Nov 26, 2024","Nov 26, 2024",2026-04-23
TURKEY (REPUBLIC OF),Sovereign,Fixed Income,"1,889,309.25",0.32,"1,889,309.25","1,800,000.00",900123DP2,US900123DP27,-,103.6,Turkey,-,USD,4.72,6.37,1.0,"Feb 12, 2032",7.13,4.67,-,6.37,4.67,6.37,USD,"Feb 12, 2025","Feb 12, 2025",2026-04-23
GOVERNMENT OF THE FEDERATIVE REPUB,Sovereign,Fixed Income,"1,885,425.00",0.32,"1,885,425.00","1,800,000.00",105756CM0,US105756CM05,-,102.22,Brazil,-,USD,3.91,4.95,1.0,"Nov 06, 2030",5.5,3.89,-,4.95,3.89,4.95,USD,"Jun 11, 2025","Jun 11, 2025",2026-04-23
TURKEY (REPUBLIC OF),Sovereign,Fixed Income,"1,883,065.21",0.32,"1,883,065.21","1,700,000.00",900123DH0,US900123DH01,-,109.81,Turkey,-,USD,2.55,5.65,1.0,"Mar 14, 2029",9.38,2.53,-,5.65,2.53,5.65,USD,"Mar 14, 2023","Mar 14, 2023",2026-04-23
ECUADOR REPUBLIC OF (GOVERNMENT) RegS,Sovereign,Fixed Income,"1,883,085.54",0.32,"1,883,085.54","2,203,095.00",-,XS2214239175,BMGR2K2,84.35,Ecuador,-,USD,7.91,8.64,1.0,"Jul 31, 2040",5.0,7.81,-,8.64,7.81,8.64,USD,"Aug 31, 2020","Aug 31, 2020",2026-04-23
BRAZIL (FEDERATIVE REPUBLIC OF),Sovereign,Fixed Income,"1,868,650.33",0.32,"1,868,650.33","2,300,000.00",105756BW9,US105756BW95,BPFK010,80.08,Brazil,-,USD,10.92,6.91,1.0,"Jan 27, 2045",5.0,11.01,-,6.91,11.01,6.91,USD,"Aug 01, 2014","Aug 01, 2014",2026-04-23
HAZINE MUSTESARLIGI VARLIK KIRALAM RegS,Sovereign,Fixed Income,"1,860,075.00",0.32,"1,860,075.00","1,800,000.00",-,XS3072231809,-,102.4,Turkey,-,USD,3.76,6.11,1.0,"Sep 01, 2030",6.75,3.71,-,6.11,3.71,6.11,USD,"Jul 01, 2025","Jul 01, 2025",2026-04-23
TURKEY (REPUBLIC OF),Sovereign,Fixed Income,"1,836,530.00",0.31,"1,836,530.00","1,800,000.00",900123DS6,US900123DS65,-,98.88,Turkey,-,USD,7.25,6.95,1.0,"Nov 04, 2036",6.8,7.18,-,6.95,7.18,6.95,USD,"Nov 04, 2025","Nov 04, 2025",2026-04-23
ECOPETROL SA,Agency,Fixed Income,"1,828,292.44",0.31,"1,828,292.44","1,650,000.00",279158AS8,US279158AS81,-,108.39,Colombia,-,USD,4.97,7.27,1.0,"Jan 13, 2033",8.88,4.98,-,7.23,4.84,7.23,USD,"Jan 13, 2023","Jan 13, 2023",2026-04-23
BRAZIL FEDERATIVE REPUBLIC OF (GOV,Sovereign,Fixed Income,"1,823,778.50",0.31,"1,823,778.50","1,800,000.00",105756BZ2,US105756BZ27,BYPHD82,100.06,Brazil,-,USD,1.51,4.58,1.0,"Jan 13, 2028",4.63,1.62,-,4.58,1.4,4.58,USD,"Oct 13, 2017","Oct 13, 2017",2026-04-23
PETROLEOS MEXICANOS,Agency,Fixed Income,"1,816,097.50",0.31,"1,816,097.50","1,750,000.00",71654QDC3,US71654QDC33,-,102.11,Mexico,-,USD,3.16,6.2,1.0,"Jan 23, 2030",6.84,3.23,-,6.16,3.04,6.16,USD,"Jul 23, 2020","Oct 21, 2020",2026-04-23
EGYPT (ARAB REPUBLIC OF) MTN RegS,Sovereign,Fixed Income,"1,796,581.25",0.31,"1,796,581.25","1,850,000.00",-,XS1558078496,BD31H09,95.2,Egypt,-,USD,9.18,9.01,1.0,"Jan 31, 2047",8.5,9.24,-,9.01,9.24,9.01,USD,"Jan 31, 2017","Jan 31, 2017",2026-04-23
SOUTH AFRICA (REPUBLIC OF),Sovereign,Fixed Income,"1,779,617.71",0.3,"1,779,617.71","2,150,000.00",836205BB9,US836205BB97,-,82.44,South Africa,-,USD,11.46,7.33,1.0,"Sep 30, 2049",5.75,11.63,-,7.33,11.63,7.33,USD,"Sep 30, 2019","Sep 30, 2019",2026-04-23
COLOMBIA (REPUBLIC OF),Sovereign,Fixed Income,"1,762,388.54",0.3,"1,762,388.54","1,900,000.00",195325BM6,US195325BM66,B512BZ1,91.17,Colombia,-,USD,9.18,7.1,1.0,"Jan 18, 2041",6.13,9.17,-,7.10,9.17,7.10,USD,"Oct 20, 2009","Oct 20, 2009",2026-04-23
COLOMBIA (REPUBLIC OF),Sovereign,Fixed Income,"1,758,088.89",0.3,"1,758,088.89","1,600,000.00",195325EP6,US195325EP60,-,106.35,Colombia,-,USD,7.03,6.89,1.0,"Nov 07, 2036",7.75,7.02,-,6.88,6.9,6.88,USD,"Nov 07, 2024","Nov 07, 2024",2026-04-23
PETROLEOS MEXICANOS,Agency,Fixed Income,"1,740,805.56",0.3,"1,740,805.56","1,450,000.00",71654QDP4,US71654QDP46,BQGHJ10,118.0,Mexico,-,USD,4.94,6.66,1.0,"Feb 07, 2033",10.0,4.99,-,6.57,4.85,6.57,USD,"Aug 07, 2023","Oct 30, 2023",2026-04-23
COLOMBIA (REPUBLIC OF),Sovereign,Fixed Income,"1,722,333.33",0.29,"1,722,333.33","1,600,000.00",195325EG6,US195325EG61,-,106.0,Colombia,-,USD,5.8,6.5,1.0,"Feb 02, 2034",7.5,5.81,-,6.48,5.67,6.48,USD,"Feb 02, 2023","Feb 02, 2023",2026-04-23
BRAZIL FEDERATIVE REPUBLIC OF (GOV,Sovereign,Fixed Income,"1,718,345.83",0.29,"1,718,345.83","1,700,000.00",105756CF5,US105756CF53,-,101.06,Brazil,-,USD,6.02,5.82,1.0,"Oct 20, 2033",6.0,5.98,-,5.82,5.98,5.82,USD,"Apr 13, 2023","Apr 13, 2023",2026-04-23
DIGICEL INTERNATIONAL FINANCE LTD RegS,Industrial,Fixed Income,"1,707,322.67",0.29,"1,707,322.67","1,600,000.00",-,USG2800MAA02,-,104.79,Jamaica,-,USD,3.63,7.65,1.0,"Aug 01, 2032",8.63,4.74,-,7.30,3.49,7.30,USD,"Aug 07, 2025","Aug 07, 2025",2026-04-23
BRAZIL FEDERATIVE REPUBLIC OF (GOV,Sovereign,Fixed Income,"1,685,886.67",0.29,"1,685,886.67","1,600,000.00",105756CG3,US105756CG37,-,104.8,Brazil,-,USD,4.21,5.13,1.0,"Mar 18, 2031",6.25,4.19,-,5.13,4.19,5.13,USD,"Nov 20, 2023","Nov 20, 2023",2026-04-23
SOUTH AFRICA (REPUBLIC OF) RegS,Sovereign,Fixed Income,"1,641,506.67",0.28,"1,641,506.67","1,500,000.00",-,XS2908172260,-,106.44,South Africa,-,USD,7.32,6.26,1.0,"Nov 19, 2036",7.1,7.28,-,6.26,7.28,6.26,USD,"Nov 19, 2024","Nov 19, 2024",2026-04-23
BRAZIL FEDERATIVE REPUBLIC OF (GOV,Sovereign,Fixed Income,"1,635,400.00",0.28,"1,635,400.00","1,600,000.00",105756CH1,US105756CH10,-,101.6,Brazil,-,USD,6.22,5.87,1.0,"Mar 15, 2034",6.13,6.18,-,5.87,6.18,5.87,USD,"Jan 29, 2024","Jan 29, 2024",2026-04-23
BRAZIL FEDERATIVE REPUBLIC OF (GOV,Sovereign,Fixed Income,"1,621,848.00",0.28,"1,621,848.00","1,600,000.00",105756CA6,US105756CA66,BJ6R944,99.6,Brazil,-,USD,2.74,4.64,1.0,"May 30, 2029",4.5,2.82,-,4.64,2.82,4.64,USD,"Mar 28, 2019","Mar 28, 2019",2026-04-23
TURKEY REPUBLIC OF (GOVERNMENT),Sovereign,Fixed Income,"1,620,679.87",0.28,"1,620,679.87","2,170,000.00",900123CB4,US900123CB40,B8T2WV7,74.62,Turkey,-,USD,10.38,7.55,1.0,"Apr 16, 2043",4.88,10.4,-,7.55,10.4,7.55,USD,"Apr 16, 2013","Apr 16, 2013",2026-04-23
TURKEY (REPUBLIC OF),Sovereign,Fixed Income,"1,616,667.11",0.28,"1,616,667.11","1,600,000.00",900123DR8,US900123DR82,-,100.37,Turkey,-,USD,6.86,6.9,1.0,"Sep 16, 2035",6.95,6.78,-,6.90,6.78,6.90,USD,"Sep 16, 2025","Sep 16, 2025",2026-04-23
TURKEY (REPUBLIC OF),Sovereign,Fixed Income,"1,610,978.67",0.27,"1,610,978.67","1,600,000.00",900123DA5,US900123DA57,-,99.1,Turkey,-,USD,4.05,6.17,1.0,"Jan 15, 2031",5.95,4.0,-,6.17,4.0,6.17,USD,"Dec 02, 2020","Dec 02, 2020",2026-04-23
GOL FINANCE INC RegS,Industrial,Fixed Income,"1,599,288.00",0.27,"1,599,288.00","1,600,000.00",-,USL4441RAL08,-,98.52,Brazil,-,USD,2.81,15.13,1.0,"Jun 06, 2030",14.38,3.02,-,15.13,3.02,15.13,USD,"Jun 06, 2025","Jun 06, 2025",2026-04-23
DOMINICAN REPUBLIC (GOVERNMENT) RegS,Sovereign,Fixed Income,"1,594,425.00",0.27,"1,594,425.00","1,500,000.00",-,USP3579ECW59,-,105.6,Dominican Republic,-,USD,7.62,6.23,1.0,"Mar 15, 2037",6.95,7.62,-,6.22,7.5,6.22,USD,"Feb 24, 2025","Feb 24, 2025",2026-04-23
JAMAICA (GOVERNMENT),Sovereign,Fixed Income,"1,589,306.88",0.27,"1,589,306.88","1,300,000.00",470160CB6,US470160CB63,BYZRKT2,120.44,Jamaica,-,USD,10.38,6.06,1.0,"Jul 28, 2045",7.88,10.54,-,6.06,10.54,6.06,USD,"Jul 28, 2015","Jul 28, 2015",2026-04-23
COLOMBIA (REPUBLIC OF),Sovereign,Fixed Income,"1,572,337.50",0.27,"1,572,337.50","1,800,000.00",195325DS1,US195325DS19,-,87.3,Colombia,-,USD,4.53,6.12,1.0,"Apr 15, 2031",3.13,4.48,-,6.12,4.48,6.12,USD,"Jun 04, 2020","Jun 04, 2020",2026-04-23
TURKEY (REPUBLIC OF),Sovereign,Fixed Income,"1,569,666.67",0.27,"1,569,666.67","1,600,000.00",900123CY4,US900123CY43,BKLJ975,97.55,Turkey,-,USD,3.48,5.96,1.0,"Mar 13, 2030",5.25,3.45,-,5.96,3.45,5.96,USD,"Feb 13, 2020","Feb 13, 2020",2026-04-23
BRAZIL FEDERATIVE REPUBLIC OF (GOV,Sovereign,Fixed Income,"1,546,425.00",0.26,"1,546,425.00","1,800,000.00",105756BY5,US105756BY51,BYM8140,84.97,Brazil,-,USD,11.12,7.01,1.0,"Feb 21, 2047",5.63,11.26,-,7.01,11.26,7.01,USD,"Jul 28, 2016","Jul 28, 2016",2026-04-23
COLOMBIA REPUBLIC OF (GOVERNMENT),Sovereign,Fixed Income,"1,525,668.75",0.26,"1,525,668.75","1,800,000.00",195325BR5,US195325BR53,BJ62Z74,83.9,Colombia,-,USD,10.28,7.25,1.0,"Feb 26, 2044",5.63,10.37,-,7.25,10.37,7.25,USD,"Jan 28, 2014","Jan 28, 2014",2026-04-23
COLOMBIA (REPUBLIC OF),Sovereign,Fixed Income,"1,525,377.78",0.26,"1,525,377.78","1,400,000.00",195325ER2,US195325ER27,-,105.35,Colombia,-,USD,3.33,5.86,1.0,"Apr 25, 2030",7.38,3.34,-,5.83,3.28,5.83,USD,"Apr 25, 2025","Apr 25, 2025",2026-04-23
COTE D IVOIRE (REPUBLIC OF) RegS,Sovereign,Fixed Income,"1,505,155.56",0.26,"1,505,155.56","1,400,000.00",-,XS3030237120,-,107.06,Cote D'Ivoire (Ivory Coast),-,USD,6.93,7.07,1.0,"Apr 01, 2036",8.07,6.86,-,7.07,6.86,7.07,USD,"Apr 01, 2025","Apr 01, 2025",2026-04-23
SOUTH AFRICA (REPUBLIC OF),Sovereign,Fixed Income,"1,501,618.75",0.26,"1,501,618.75","1,500,000.00",836205BA1,US836205BA15,-,99.83,South Africa,-,USD,3.15,4.9,1.0,"Sep 30, 2029",4.85,3.13,-,4.90,3.13,4.90,USD,"Sep 30, 2019","Sep 30, 2019",2026-04-23
TURKEY (REPUBLIC OF),Sovereign,Fixed Income,"1,493,432.11",0.25,"1,493,432.11","1,400,000.00",900123DQ0,US900123DQ00,-,103.81,Turkey,-,USD,4.83,6.48,1.0,"May 29, 2032",7.25,4.77,-,6.48,4.77,6.48,USD,"May 29, 2025","May 29, 2025",2026-04-23
PETROLEOS MEXICANOS,Agency,Fixed Income,"1,490,514.38",0.25,"1,490,514.38","1,350,000.00",71654QDL3,US71654QDL32,BMH8LK7,107.03,Mexico,-,USD,2.22,5.8,1.0,"Jun 02, 2029",8.75,2.26,-,5.72,2.19,5.72,USD,"Jun 02, 2022","Oct 21, 2022",2026-04-23
ECOPETROL SA,Agency,Fixed Income,"1,475,568.83",0.25,"1,475,568.83","1,380,000.00",279158AV1,US279158AV11,-,104.79,Colombia,-,USD,6.58,7.67,1.0,"Jan 19, 2036",8.38,6.54,-,7.66,6.42,7.66,USD,"Jan 19, 2024","Jan 19, 2024",2026-04-23
ECUADOR REPUBLIC OF (GOVERNMENT) RegS,Sovereign,Fixed Income,"1,472,702.78",0.25,"1,472,702.78","1,400,000.00",-,XS3285368620,-,103.2,Ecuador,-,USD,5.06,8.12,1.0,"Jan 29, 2034",8.75,4.97,-,8.12,4.97,8.12,USD,"Jan 29, 2026","Jan 29, 2026",2026-04-23
TURKEY (REPUBLIC OF),Sovereign,Fixed Income,"1,472,210.83",0.25,"1,472,210.83","1,400,000.00",900123DL1,US900123DL13,-,103.3,Turkey,-,USD,4.98,6.47,1.0,"Jul 17, 2032",7.13,4.92,-,6.47,4.92,6.47,USD,"Jul 17, 2024","Jul 17, 2024",2026-04-23
BRAZIL FEDERATIVE REPUBLIC OF (GOV,Sovereign,Fixed Income,"1,465,474.31",0.25,"1,465,474.31","1,400,000.00",105756CK4,US105756CK49,-,103.16,Brazil,-,USD,4.78,5.47,1.0,"Jan 22, 2032",6.13,4.75,-,5.47,4.75,5.47,USD,"Jun 27, 2024","Jun 27, 2024",2026-04-23
TURKEY (REPUBLIC OF),Sovereign,Fixed Income,"1,464,656.25",0.25,"1,464,656.25","1,500,000.00",900123BG4,US900123BG46,B5MV403,95.0,Turkey,-,USD,8.64,7.32,1.0,"May 30, 2040",6.75,8.61,-,7.32,8.61,7.32,USD,"Jan 12, 2010","Jan 12, 2010",2026-04-23
SRI LANKA (REPUBLIC OF) MLB RegS,Sovereign,Fixed Income,"1,460,955.23",0.25,"1,460,955.23","1,485,964.00",-,XS2966242096,BPLNMD9,97.66,Sri Lanka,-,USD,8.74,6.21,1.0,"Feb 15, 2038",3.6,8.69,-,6.21,8.69,6.21,USD,"Aug 15, 2024","Dec 20, 2024",2026-04-23
SRI LANKA (REPUBLIC OF) MLB RegS,Sovereign,Fixed Income,"1,454,177.27",0.25,"1,454,177.27","1,578,183.00",-,XS2966241445,BTKVSM3,91.81,Sri Lanka,-,USD,5.22,5.29,1.0,"Mar 15, 2033",3.35,5.19,-,5.29,5.19,5.29,USD,"Sep 15, 2024","Dec 20, 2024",2026-04-23
DOMINICAN REPUBLIC (GOVERNMENT) RegS,Sovereign,Fixed Income,"1,446,439.17",0.25,"1,446,439.17","1,400,000.00",-,USP3579EBE60,BV0L861,101.72,Dominican Republic,-,USD,10.28,6.69,1.0,"Jan 27, 2045",6.85,10.39,-,6.69,10.39,6.69,USD,"Jan 27, 2015","Jan 27, 2015",2026-04-23
UKRAINE (REPUBLIC OF) A BONDS RegS,Sovereign,Fixed Income,"1,437,215.62",0.24,"1,437,215.62","2,299,545.00",-,XS2895056013,-,61.5,Ukraine,-,USD,5.74,14.15,1.0,"Feb 01, 2034",4.5,5.48,-,14.15,5.48,14.15,USD,"Aug 01, 2024","Aug 30, 2024",2026-04-23
DOMINICAN REPUBLIC (GOVERNMENT) RegS,Sovereign,Fixed Income,"1,424,966.67",0.24,"1,424,966.67","1,400,000.00",-,USP3579ECN50,-,100.8,Dominican Republic,-,USD,5.48,5.85,1.0,"Feb 22, 2033",6.0,5.5,-,5.85,5.33,5.85,USD,"Feb 22, 2022","Feb 22, 2022",2026-04-23
BRAZIL (FEDERATIVE REPUBLIC OF),Sovereign,Fixed Income,"1,416,937.50",0.24,"1,416,937.50","1,500,000.00",105756BR0,US105756BR01,B4TL852,92.84,Brazil,-,USD,9.51,6.38,1.0,"Jan 07, 2041",5.63,9.53,-,6.38,9.53,6.38,USD,"Oct 07, 2009","Oct 07, 2009",2026-04-23
DOMINICAN REPUBLIC (GOVERNMENT) RegS,Sovereign,Fixed Income,"1,416,874.75",0.24,"1,416,874.75","1,450,000.00",-,USP3579ECF27,-,96.7,Dominican Republic,-,USD,3.41,5.48,1.0,"Jan 30, 2030",4.5,3.38,-,5.48,3.38,5.48,USD,"Jan 30, 2020","Jan 30, 2020",2026-04-23
COLOMBIA (REPUBLIC OF),Sovereign,Fixed Income,"1,413,212.50",0.24,"1,413,212.50","1,400,000.00",195325ET8,US195325ET82,-,99.6,Colombia,-,USD,2.49,5.53,1.0,"Jan 21, 2029",5.38,2.49,-,5.53,2.49,5.53,USD,"Jan 21, 2026","Jan 21, 2026",2026-04-23
TURKEY (REPUBLIC OF),Sovereign,Fixed Income,"1,412,318.06",0.24,"1,412,318.06","1,400,000.00",900123CP3,US900123CP36,BFWJ979,99.97,Turkey,-,USD,1.72,5.14,1.0,"Feb 17, 2028",5.13,1.7,-,5.14,1.7,5.14,USD,"Jan 17, 2018","Jan 17, 2018",2026-04-23
EGYPT (ARAB REPUBLIC OF) MTN RegS,Sovereign,Fixed Income,"1,411,909.72",0.24,"1,411,909.72","1,400,000.00",-,XS2176899701,-,97.35,Egypt,-,USD,9.29,9.15,1.0,"May 29, 2050",8.88,9.38,-,9.15,9.38,9.15,USD,"May 29, 2020","May 29, 2020",2026-04-23
COLOMBIA (REPUBLIC OF),Sovereign,Fixed Income,"1,406,747.81",0.24,"1,406,747.81","1,350,000.00",195325BK0,US195325BK01,B1DW3T9,103.53,Colombia,-,USD,7.71,6.92,1.0,"Sep 18, 2037",7.38,7.66,-,6.92,7.66,6.92,USD,"Sep 19, 2006","Sep 19, 2006",2026-04-23
GRUPO NUTRESA SA RegS,Industrial,Fixed Income,"1,397,700.00",0.24,"1,397,700.00","1,200,000.00",-,USP4R21KAB22,-,112.5,Colombia,-,USD,6.11,7.1,1.0,"May 12, 2035",9.0,6.11,-,7.07,5.99,7.07,USD,"May 12, 2025","May 12, 2025",2026-04-23
COLOMBIA (REPUBLIC OF),Sovereign,Fixed Income,"1,397,594.67",0.24,"1,397,594.67","1,289,000.00",195325EF8,US195325EF88,-,108.4,Colombia,-,USD,5.35,6.49,1.0,"Apr 20, 2033",8.0,5.38,-,6.45,5.24,6.45,USD,"Dec 07, 2022","Dec 07, 2022",2026-04-23
COLOMBIA (REPUBLIC OF),Sovereign,Fixed Income,"1,393,083.33",0.24,"1,393,083.33","1,200,000.00",195325EQ4,US195325EQ44,BRBFPL8,112.28,Colombia,-,USD,11.0,7.34,1.0,"Nov 07, 2054",8.38,11.25,-,7.34,11.19,7.34,USD,"Nov 07, 2024","Nov 07, 2024",2026-04-23
SOUTH AFRICA (REPUBLIC OF) RegS,Sovereign,Fixed Income,"1,392,594.78",0.24,"1,392,594.78","1,400,000.00",-,XS3250317867,-,96.85,South Africa,-,USD,11.35,7.52,1.0,"Dec 11, 2055",7.25,11.57,-,7.52,11.57,7.52,USD,"Dec 11, 2025","Dec 11, 2025",2026-04-23
SOUTH AFRICA (REPUBLIC OF),Sovereign,Fixed Income,"1,392,111.00",0.24,"1,392,111.00","1,400,000.00",836205AU8,US836205AU87,BYYHFB0,99.33,South Africa,-,USD,2.33,4.59,1.0,"Oct 12, 2028",4.3,2.32,-,4.59,2.32,4.59,USD,"Oct 12, 2016","Oct 12, 2016",2026-04-23
TURKEY (REPUBLIC OF) MTN,Sovereign,Fixed Income,"1,383,907.00",0.24,"1,383,907.00","1,400,000.00",900123DT4,US900123DT49,-,98.2,Turkey,-,USD,5.53,6.63,1.0,"Mar 14, 2033",6.3,5.47,-,6.63,5.47,6.63,USD,"Jan 14, 2026","Jan 14, 2026",2026-04-23
COLOMBIA (REPUBLIC OF),Sovereign,Fixed Income,"1,374,081.67",0.23,"1,374,081.67","1,700,000.00",195325DQ5,US195325DQ52,BGC21T1,78.58,Colombia,-,USD,11.48,7.1,1.0,"May 15, 2049",5.2,11.68,-,7.10,11.68,7.10,USD,"Jan 28, 2019","Jan 28, 2019",2026-04-23
COLOMBIA (REPUBLIC OF),Sovereign,Fixed Income,"1,372,666.67",0.23,"1,372,666.67","1,200,000.00",195325EL5,US195325EL56,-,110.9,Colombia,-,USD,6.58,6.45,1.0,"Nov 14, 2035",8.0,6.59,-,6.43,6.47,6.43,USD,"Nov 14, 2023","Nov 14, 2023",2026-04-23
ECOPETROL SA,Agency,Fixed Income,"1,369,188.89",0.23,"1,369,188.89","1,300,000.00",279158AW9,US279158AW93,-,103.6,Colombia,-,USD,4.57,6.98,1.0,"Feb 01, 2032",7.75,4.55,-,6.96,4.45,6.96,USD,"Oct 21, 2024","Oct 21, 2024",2026-04-23
COLOMBIA (REPUBLIC OF),Sovereign,Fixed Income,"1,368,500.00",0.23,"1,368,500.00","1,400,000.00",195325DP7,US195325DP79,BGV7K78,97.3,Colombia,-,USD,2.64,5.52,1.0,"Mar 15, 2029",4.5,2.66,-,5.52,2.66,5.52,USD,"Oct 12, 2018","Oct 12, 2018",2026-04-23
ECOPETROL SA,Agency,Fixed Income,"1,362,071.39",0.23,"1,362,071.39","1,300,000.00",279158AN9,US279158AN94,-,101.49,Colombia,-,USD,3.31,6.45,1.0,"Apr 29, 2030",6.88,3.37,-,6.43,3.18,6.43,USD,"Apr 29, 2020","Apr 29, 2020",2026-04-23
TURKEY (REPUBLIC OF),Sovereign,Fixed Income,"1,360,245.33",0.23,"1,360,245.33","1,100,000.00",900123AL4,US900123AL40,5866575,120.49,Turkey,-,USD,3.05,5.7,1.0,"Jan 15, 2030",11.88,3.02,-,5.70,3.02,5.70,USD,"Jan 18, 2000","Jan 18, 2000",2026-04-23
BRAZIL FEDERATIVE REPUBLIC OF (GOV,Sovereign,Fixed Income,"1,344,162.08",0.23,"1,344,162.08","1,300,000.00",105756CJ7,US105756CJ75,-,100.27,Brazil,-,USD,11.5,7.1,1.0,"May 13, 2054",7.13,11.72,-,7.10,11.72,7.10,USD,"Jan 29, 2024","Jan 29, 2024",2026-04-23
BRAZIL (FEDERATIVE REPUBLIC OF),Sovereign,Fixed Income,"1,338,462.50",0.23,"1,338,462.50","1,200,000.00",105756BK5,US105756BK57,B0WG975,109.74,Brazil,-,USD,7.53,5.89,1.0,"Jan 20, 2037",7.13,7.5,-,5.89,7.5,5.89,USD,"Jan 18, 2006","Jan 18, 2006",2026-04-23
YPF SA RegS,Agency,Fixed Income,"1,336,302.08",0.23,"1,336,302.08","1,250,000.00",-,USP989MJBY67,BTHSNW2,104.75,Argentina,-,USD,4.01,7.34,1.0,"Jan 17, 2034",8.25,5.04,-,7.05,3.82,7.05,USD,"Jan 17, 2025","Jan 17, 2025",2026-04-23
ANGOLA (REPUBLIC OF) MTN RegS,Sovereign,Fixed Income,"1,314,236.81",0.22,"1,314,236.81","1,300,000.00",-,XS2446175577,-,100.93,Angola,-,USD,4.68,8.55,1.0,"Apr 14, 2032",8.75,4.58,-,8.55,4.58,8.55,USD,"Apr 14, 2022","Apr 14, 2022",2026-04-23
UKRAINE (REPUBLIC OF) A BONDS RegS,Sovereign,Fixed Income,"1,313,043.45",0.22,"1,313,043.45","2,135,030.00",-,XS2895056369,-,60.5,Ukraine,-,USD,6.21,13.88,1.0,"Feb 01, 2035",4.5,5.94,-,13.88,5.94,13.88,USD,"Aug 01, 2024","Aug 30, 2024",2026-04-23
TURKEY (REPUBLIC OF),Sovereign,Fixed Income,"1,300,672.57",0.22,"1,300,672.57","1,300,000.00",900123DC1,US900123DC14,BMDJ3W0,98.17,Turkey,-,USD,4.36,6.29,1.0,"Jun 26, 2031",5.88,4.32,-,6.29,4.32,6.29,USD,"Jan 26, 2021","Jan 26, 2021",2026-04-23
ECUADOR REPUBLIC OF (GOVERNMENT) RegS,Sovereign,Fixed Income,"1,297,218.38",0.22,"1,297,218.38","1,215,000.00",-,XS3283442112,-,104.66,Ecuador,-,USD,7.15,8.61,1.0,"Jan 29, 2039",9.25,7.06,-,8.61,7.06,8.61,USD,"Jan 29, 2026","Jan 29, 2026",2026-04-23
NIGERIA (FEDERAL REPUBLIC OF) RegS,Sovereign,Fixed Income,"1,270,687.50",0.22,"1,270,687.50","1,200,000.00",-,XS1566179039,BZ13PB8,104.47,Nigeria,-,USD,4.65,6.93,1.0,"Feb 16, 2032",7.88,4.58,-,6.93,4.58,6.93,USD,"Feb 16, 2017","Feb 16, 2017",2026-04-23
DOMINICAN REPUBLIC (GOVERNMENT) RegS,Sovereign,Fixed Income,"1,268,415.80",0.22,"1,268,415.80","1,250,000.00",-,USP3579ECZ80,-,98.65,Dominican Republic,-,USD,7.0,6.06,1.0,"Oct 28, 2035",5.88,6.99,-,6.06,6.99,6.06,USD,"Oct 28, 2025","Oct 28, 2025",2026-04-23
COSTA RICA (REPUBLIC OF) RegS,Sovereign,Fixed Income,"1,267,847.27",0.22,"1,267,847.27","1,095,000.00",-,USP3699PGN17,-,112.58,Costa Rica,-,USD,11.95,6.33,1.0,"Nov 13, 2054",7.3,12.28,-,6.32,12.17,6.32,USD,"Nov 13, 2023","Nov 13, 2023",2026-04-23
TURKEY (REPUBLIC OF),Sovereign,Fixed Income,"1,267,740.00",0.22,"1,267,740.00","1,200,000.00",-,USM88269US88,-,105.0,Turkey,-,USD,1.34,4.92,1.0,"Sep 24, 2027",8.6,1.33,-,4.92,1.33,4.92,USD,"Mar 24, 2022","Mar 24, 2022",2026-04-23
SERBIA (REPUBLIC OF) MTN RegS,Sovereign,Fixed Income,"1,263,864.00",0.22,"1,263,864.00","1,200,000.00",-,XS2838999691,-,103.17,Serbia,-,USD,6.31,5.51,1.0,"Jun 12, 2034",6.0,6.28,-,5.51,6.28,5.51,USD,"Jun 12, 2024","Jun 12, 2024",2026-04-23
EGYPT (ARAB REPUBLIC OF) MTN RegS,Sovereign,Fixed Income,"1,253,167.67",0.21,"1,253,167.67","1,200,000.00",-,XS2176897754,-,101.42,Egypt,-,USD,4.77,7.33,1.0,"May 29, 2032",7.63,4.69,-,7.33,4.69,7.33,USD,"May 29, 2020","May 29, 2020",2026-04-23
EGYPT (ARAB REPUBLIC OF) MTN RegS,Sovereign,Fixed Income,"1,249,063.17",0.21,"1,249,063.17","1,200,000.00",-,XS1953057061,BGSGVS6,103.03,Egypt,-,USD,2.56,6.42,1.0,"Mar 01, 2029",7.6,2.52,-,6.42,2.52,6.42,USD,"Feb 26, 2019","Feb 26, 2019",2026-04-23
ANGOLA (REPUBLIC OF) MTN RegS,Sovereign,Fixed Income,"1,248,434.67",0.21,"1,248,434.67","1,200,000.00",-,XS2083302419,BKWCVZ5,100.81,Angola,-,USD,3.04,7.73,1.0,"Nov 26, 2029",8.0,2.99,-,7.73,2.99,7.73,USD,"Nov 26, 2019","Nov 26, 2019",2026-04-23
KENYA (REPUBLIC OF) RegS,Sovereign,Fixed Income,"1,244,194.67",0.21,"1,244,194.67","1,200,000.00",-,XS3010561762,-,102.47,Kenya,-,USD,6.0,9.08,1.0,"Mar 05, 2036",9.5,5.87,-,9.08,5.87,9.08,USD,"Mar 05, 2025","Mar 05, 2025",2026-04-23
DOMINICAN REPUBLIC (GOVERNMENT) RegS,Sovereign,Fixed Income,"1,227,476.25",0.21,"1,227,476.25","1,100,000.00",-,USP3579EAY34,BLZGST4,108.05,Dominican Republic,-,USD,9.75,6.68,1.0,"Apr 30, 2044",7.45,9.84,-,6.68,9.84,6.68,USD,"Apr 30, 2014","Apr 30, 2014",2026-04-23
CBB INTERNATIONAL SUKUK PROGRAMME RegS,Sovereign,Fixed Income,"1,225,116.67",0.21,"1,225,116.67","1,200,000.00",-,XS3068594129,-,100.29,Bahrain,-,USD,5.69,6.2,1.0,"Jul 07, 2033",6.25,5.64,-,6.20,5.64,6.20,USD,"May 07, 2025","May 07, 2025",2026-04-23
COLOMBIA (REPUBLIC OF),Sovereign,Fixed Income,"1,222,275.00",0.21,"1,222,275.00","1,200,000.00",195325EU5,US195325EU55,-,100.33,Colombia,-,USD,4.06,6.04,1.0,"Jan 21, 2031",6.13,4.01,-,6.04,4.01,6.04,USD,"Jan 21, 2026","Jan 21, 2026",2026-04-23
COLOMBIA (REPUBLIC OF),Sovereign,Fixed Income,"1,220,673.61",0.21,"1,220,673.61","1,400,000.00",195325DZ5,US195325DZ51,-,85.58,Colombia,-,USD,5.24,6.16,1.0,"Apr 22, 2032",3.25,5.19,-,6.16,5.19,6.16,USD,"Apr 22, 2021","Apr 22, 2021",2026-04-23
NIGERIA (FEDERAL REPUBLIC OF) MTN RegS,Sovereign,Fixed Income,"1,220,229.17",0.21,"1,220,229.17","1,000,000.00",-,XS2948512913,-,118.22,Nigeria,-,USD,5.82,7.47,1.0,"Dec 09, 2034",10.38,5.74,-,7.47,5.74,7.47,USD,"Dec 09, 2024","Dec 09, 2024",2026-04-23
MC BRAZIL DOWNSTREAM TRADING SARL RegS,Industrial,Fixed Income,"1,210,563.14",0.21,"1,210,563.14","1,268,636.00",-,USL626A6AA24,BNNTN16,93.19,Brazil,-,USD,3.58,9.2,1.0,"Jun 30, 2031",7.25,3.49,-,9.20,3.49,9.20,USD,"Jul 21, 2021","Jul 21, 2021",2026-04-23
CS TREASURY MANAGEMENT SERVICES P RegS,Financial Institutions,Fixed Income,"1,202,357.09",0.2,"1,202,357.09","1,131,364.00",-,XS3233076366,-,102.5,Hong Kong,-,USD,5.35,8.78,1.0,"Dec 31, 2079",9.0,10.87,-,8.44,4.25,8.44,USD,"Nov 20, 2025","Nov 20, 2025",2026-04-23
SOUTH AFRICA (REPUBLIC OF) RegS,Sovereign,Fixed Income,"1,195,341.67",0.2,"1,195,341.67","1,200,000.00",-,XS3250317354,-,97.4,South Africa,-,USD,8.04,6.44,1.0,"Dec 11, 2037",6.13,8.0,-,6.44,8.0,6.44,USD,"Dec 11, 2025","Dec 11, 2025",2026-04-23
PAKISTAN (ISLAMIC REPUBLIC OF) RegS,Sovereign,Fixed Income,"1,190,218.06",0.2,"1,190,218.06","1,150,000.00",-,XS1729875598,BFD9P70,100.9,Pakistan,-,USD,1.5,6.28,1.0,"Dec 05, 2027",6.88,1.48,-,6.28,1.48,6.28,USD,"Dec 05, 2017","Dec 05, 2017",2026-04-23
COLOMBIA (REPUBLIC OF),Sovereign,Fixed Income,"1,189,240.00",0.2,"1,189,240.00","1,300,000.00",195325DR3,US195325DR36,-,90.81,Colombia,-,USD,3.49,5.74,1.0,"Jan 30, 2030",3.0,3.46,-,5.74,3.46,5.74,USD,"Jan 30, 2020","Jan 30, 2020",2026-04-23
SOUTH AFRICA (REPUBLIC OF) RegS,Sovereign,Fixed Income,"1,187,798.33",0.2,"1,187,798.33","1,100,000.00",-,XS2917537875,-,104.63,South Africa,-,USD,10.99,7.55,1.0,"Nov 19, 2054",7.95,11.2,-,7.55,11.2,7.55,USD,"Nov 19, 2024","Nov 19, 2024",2026-04-23
NIGERIA (FEDERAL REPUBLIC OF) MTN RegS,Sovereign,Fixed Income,"1,187,145.83",0.2,"1,187,145.83","1,200,000.00",-,XS1717013095,BF2RBB1,95.9,Nigeria,-,USD,9.86,8.03,1.0,"Nov 28, 2047",7.63,9.97,-,8.03,9.97,8.03,USD,"Nov 28, 2017","Nov 28, 2017",2026-04-23
BRAZIL (FEDERATIVE REPUBLIC OF),Sovereign,Fixed Income,"1,170,854.17",0.2,"1,170,854.17","1,000,000.00",105756BB5,US105756BB58,2322252,115.0,Brazil,-,USD,5.79,5.82,1.0,"Jan 20, 2034",8.25,5.75,-,5.82,5.75,5.82,USD,"Jan 20, 2004","Jan 20, 2004",2026-04-23
EGYPT (ARAB REPUBLIC OF) MTN RegS,Sovereign,Fixed Income,"1,168,744.33",0.2,"1,168,744.33","1,200,000.00",-,XS1953057491,BGSGVT7,96.19,Egypt,-,USD,9.43,9.1,1.0,"Mar 01, 2049",8.7,9.51,-,9.10,9.51,9.10,USD,"Feb 26, 2019","Feb 26, 2019",2026-04-23
ANGOLA (REPUBLIC OF) RegS,Sovereign,Fixed Income,"1,161,375.00",0.2,"1,161,375.00","1,200,000.00",-,XS1819680528,BG205D7,93.5,Angola,-,USD,8.55,10.11,1.0,"May 08, 2048",9.38,8.58,-,10.11,8.58,10.11,USD,"May 09, 2018","May 09, 2018",2026-04-23
ECOPETROL SA,Agency,Fixed Income,"1,156,897.45",0.2,"1,156,897.45","1,440,000.00",279158AJ8,US279158AJ82,BMQXLW5,78.01,Colombia,-,USD,9.92,8.17,1.0,"May 28, 2045",5.88,9.98,-,8.17,9.98,8.17,USD,"May 28, 2014","May 28, 2014",2026-04-23
TURKEY (REPUBLIC OF),Sovereign,Fixed Income,"1,156,069.83",0.2,"1,156,069.83","1,050,000.00",900123AT7,US900123AT75,7748477,108.61,Turkey,-,USD,5.84,6.57,1.0,"Feb 14, 2034",8.0,5.77,-,6.57,5.77,6.57,USD,"Jan 14, 2004","Jan 14, 2004",2026-04-23
NIGERIA (FEDERAL REPUBLIC OF) MTN RegS,Sovereign,Fixed Income,"1,143,095.98",0.19,"1,143,095.98","1,100,000.00",-,XS1777972511,BF2XXP7,102.77,Nigeria,-,USD,3.34,6.32,1.0,"Feb 23, 2030",7.14,3.29,-,6.32,3.29,6.32,USD,"Feb 23, 2018","Feb 23, 2018",2026-04-23
BAHRAIN (KINGDOM OF) RegS,Sovereign,Fixed Income,"1,122,737.00",0.19,"1,122,737.00","1,100,000.00",-,XS1405766541,BDFD907,101.89,Bahrain,-,USD,2.27,6.16,1.0,"Oct 12, 2028",7.0,2.24,-,6.16,2.24,6.16,USD,"Oct 12, 2016","Oct 12, 2016",2026-04-23
GUATEMALA REPUBLIC OF (GOVERNMENT) RegS,Sovereign,Fixed Income,"1,122,208.39",0.19,"1,122,208.39","1,100,000.00",-,USP5015VAJ54,BK4VBV6,99.64,Guatemala,-,USD,11.73,6.15,1.0,"Jun 01, 2050",6.13,11.97,-,6.15,11.97,6.15,USD,"May 31, 2019","May 31, 2019",2026-04-23
NIGERIA (FEDERAL REPUBLIC OF) MTN RegS,Sovereign,Fixed Income,"1,118,689.62",0.19,"1,118,689.62","1,000,000.00",-,XS3218072919,-,108.08,Nigeria,-,USD,6.52,7.44,1.0,"Jan 13, 2036",8.63,6.43,-,7.44,6.43,7.44,USD,"Nov 13, 2025","Nov 13, 2025",2026-04-23
DOMINICAN REPUBLIC (GOVERNMENT) RegS,Sovereign,Fixed Income,"1,116,163.28",0.19,"1,116,163.28","1,100,000.00",-,USP3579ECP09,-,100.57,Dominican Republic,-,USD,2.53,5.28,1.0,"Feb 22, 2029",5.5,2.58,-,5.27,2.43,5.27,USD,"Feb 22, 2022","Feb 22, 2022",2026-04-23
COSTA RICA REPUBLIC OF (GOVERNMEN RegS,Sovereign,Fixed Income,"1,107,204.50",0.19,"1,107,204.50","1,000,000.00",-,USP3699PGJ05,BWB63S9,109.94,Costa Rica,-,USD,10.48,6.25,1.0,"Mar 12, 2045",7.16,10.62,-,6.25,10.62,6.25,USD,"Mar 12, 2015","Mar 12, 2015",2026-04-23
COTE D IVOIRE (REPUBLIC OF) RegS,Sovereign,Fixed Income,"1,099,187.50",0.19,"1,099,187.50","1,000,000.00",-,XS2752065479,-,108.06,Cote D'Ivoire (Ivory Coast),-,USD,6.96,7.13,1.0,"Jan 30, 2037",8.25,6.89,-,7.13,6.89,7.13,USD,"Jan 30, 2024","Jan 30, 2024",2026-04-23
GRUPO NUTRESA SA RegS,Industrial,Fixed Income,"1,099,083.33",0.19,"1,099,083.33","1,000,000.00",-,USP4R21KAA49,-,106.38,Colombia,-,USD,3.34,6.2,1.0,"May 12, 2030",8.0,3.35,-,6.17,3.28,6.17,USD,"May 12, 2025","May 12, 2025",2026-04-23
TURKEY (REPUBLIC OF),Sovereign,Fixed Income,"1,094,133.94",0.19,"1,094,133.94","1,100,000.00",900123DD9,US900123DD96,-,98.91,Turkey,-,USD,5.83,6.69,1.0,"Sep 20, 2033",6.5,5.76,-,6.69,5.76,6.69,USD,"Sep 20, 2021","Sep 20, 2021",2026-04-23
PETROLEOS DEL PERU PETROPERU SA RegS,Agency,Fixed Income,"1,091,793.75",0.19,"1,091,793.75","1,500,000.00",-,USP7808BAB38,BZ3ZZB2,70.88,Peru,-,USD,10.17,8.65,1.0,"Jun 19, 2047",5.63,10.24,-,8.65,10.24,8.65,USD,"Jun 19, 2017","Jun 19, 2017",2026-04-23
PETROLEOS MEXICANOS,Agency,Fixed Income,"1,090,664.67",0.19,"1,090,664.67","1,200,000.00",71654QAZ5,US71654QAZ54,B3XJ8P5,88.38,Mexico,-,USD,8.9,7.82,1.0,"Jun 02, 2041",6.5,8.87,-,7.82,8.87,7.82,USD,"Jun 02, 2011","Sep 30, 2011",2026-04-23
UKRAINE (REPUBLIC OF) A BONDS RegS,Sovereign,Fixed Income,"1,088,310.30",0.19,"1,088,310.30","1,798,860.00",-,XS2895056526,-,59.5,Ukraine,-,USD,6.62,13.69,1.0,"Feb 01, 2036",4.5,6.35,-,13.69,6.35,13.69,USD,"Aug 01, 2024","Aug 30, 2024",2026-04-23
DOMINICAN REPUBLIC (GOVERNMENT) RegS,Sovereign,Fixed Income,"1,087,992.00",0.19,"1,087,992.00","1,200,000.00",-,USP3579ECJ49,-,89.34,Dominican Republic,-,USD,9.66,6.43,1.0,"Jan 21, 2041",5.3,9.67,-,6.43,9.67,6.43,USD,"Jan 21, 2021","Jan 21, 2021",2026-04-23
DOMINICAN REPUBLIC (GOVERNMENT) RegS,Sovereign,Fixed Income,"1,085,000.00",0.18,"1,085,000.00","1,050,000.00",-,USP3579ECB13,BF2WX32,101.8,Dominican Republic,-,USD,2.07,5.14,1.0,"Jul 19, 2028",6.0,2.05,-,5.14,2.05,5.14,USD,"Jul 19, 2018","Jul 19, 2018",2026-04-23
LATAM AIRLINES GROUP SA RegS,Industrial,Fixed Income,"1,084,342.19",0.18,"1,084,342.19","1,055,000.00",-,USP62138AB13,-,102.65,Chile,-,USD,2.32,7.1,1.0,"Apr 15, 2030",7.88,3.38,-,6.70,2.23,6.70,USD,"Oct 15, 2024","Oct 15, 2024",2026-04-23
EGYPT (ARAB REPUBLIC OF) MTN RegS,Sovereign,Fixed Income,"1,081,917.92",0.18,"1,081,917.92","1,000,000.00",-,XS2989586941,-,106.35,Egypt,-,USD,3.22,6.69,1.0,"Feb 04, 2030",8.63,3.17,-,6.69,3.17,6.69,USD,"Feb 04, 2025","Feb 04, 2025",2026-04-23
SOUTH AFRICA (REPUBLIC OF),Sovereign,Fixed Income,"1,080,285.56",0.18,"1,080,285.56","1,100,000.00",836205BE3,US836205BE37,-,98.19,South Africa,-,USD,11.26,7.46,1.0,"Apr 20, 2052",7.3,11.45,-,7.46,11.45,7.46,USD,"Apr 20, 2022","Apr 20, 2022",2026-04-23
KENYA (REPUBLIC OF) RegS,Sovereign,Fixed Income,"1,079,504.17",0.18,"1,079,504.17","1,000,000.00",-,XS2764839945,-,106.19,Kenya,-,USD,3.18,7.83,1.0,"Feb 16, 2031",9.75,3.11,-,7.83,3.11,7.83,USD,"Feb 16, 2024","Feb 16, 2024",2026-04-23
COSTA RICA (REPUBLIC OF) RegS,Sovereign,Fixed Income,"1,076,025.00",0.18,"1,076,025.00","1,000,000.00",-,USP3699PGM34,-,107.28,Costa Rica,-,USD,5.57,5.28,1.0,"Apr 03, 2034",6.55,5.57,-,5.27,5.52,5.27,USD,"Apr 03, 2023","Apr 03, 2023",2026-04-23
FIRST QUANTUM MINERALS LTD RegS,Industrial,Fixed Income,"1,074,731.67",0.18,"1,074,731.67","1,000,000.00",-,USC3535CAP35,-,104.12,Zambia,-,USD,1.45,7.63,1.0,"Jun 01, 2031",8.63,3.98,-,6.50,1.86,6.50,USD,"May 30, 2023","May 30, 2023",2026-04-23
PETROBRAS GLOBAL FINANCE BV,Agency,Fixed Income,"1,073,245.56",0.18,"1,073,245.56","1,100,000.00",71647NAN9,US71647NAN93,BYYG250,94.98,Brazil,-,USD,13.07,7.21,1.0,"Jun 05, 2115",6.85,13.48,-,7.21,13.48,7.21,USD,"Jun 05, 2015","Jun 05, 2015",2026-04-23
NIGERIA (FEDERAL REPUBLIC OF) MTN RegS,Sovereign,Fixed Income,"1,071,181.25",0.18,"1,071,181.25","1,000,000.00",-,XS2445169985,-,106.49,Nigeria,-,USD,2.6,5.92,1.0,"Mar 24, 2029",8.38,2.57,-,5.92,2.57,5.92,USD,"Mar 24, 2022","Mar 24, 2022",2026-04-23
BRAZIL FEDERATIVE REPUBLIC OF (GOV,Sovereign,Fixed Income,"1,071,153.12",0.18,"1,071,153.12","1,150,000.00",105756CE8,US105756CE88,BMD7M49,92.74,Brazil,-,USD,4.8,5.32,1.0,"Sep 12, 2031",3.75,4.76,-,5.32,4.76,5.32,USD,"Jul 07, 2021","Jul 07, 2021",2026-04-23
ALTICE FINANCING SA RegS,Industrial,Fixed Income,"1,061,258.33",0.18,"1,061,258.33","1,400,000.00",-,USL0178WAJ10,-,74.75,Luxembourg,-,USD,2.93,15.81,1.0,"Aug 15, 2029",5.75,2.76,-,15.81,2.76,15.81,USD,"Aug 12, 2021","Aug 12, 2021",2026-04-23
BANCO SANTANDER MEXICO SA INSTITUC RegS,Financial Institutions,Fixed Income,"1,059,890.56",0.18,"1,059,890.56","1,000,000.00",-,USP1507SAG23,BGRFXM2,105.57,Mexico,-,USD,2.24,5.07,1.0,"Oct 01, 2028",7.53,0.42,-,5.07,0.42,5.07,USD,"Oct 01, 2018","Oct 01, 2018",2026-04-23
DOMINICAN REPUBLIC (GOVERNMENT) RegS,Sovereign,Fixed Income,"1,048,355.00",0.18,"1,048,355.00","1,050,000.00",-,USP3579EDB04,-,98.75,Dominican Republic,-,USD,8.32,6.29,1.0,"May 17, 2038",6.15,8.32,-,6.29,8.32,6.29,USD,"Feb 17, 2026","Feb 17, 2026",2026-04-23
DOMINICAN REPUBLIC (GOVERNMENT) RegS,Sovereign,Fixed Income,"1,041,786.67",0.18,"1,041,786.67","1,050,000.00",-,USP3579ECE51,BGLJW45,96.8,Dominican Republic,-,USD,11.32,6.67,1.0,"Jun 05, 2049",6.4,11.52,-,6.67,11.52,6.67,USD,"Jun 05, 2019","Jun 05, 2019",2026-04-23
TEVA PHARMACEUTICAL FINANCE NETHER,Industrial,Fixed Income,"1,041,157.50",0.18,"1,041,157.50","1,350,000.00",88167AAF8,US88167AAF84,BYYRQV7,76.89,Israel,-,USD,12.42,6.09,1.0,"Oct 01, 2046",4.1,12.59,-,6.09,12.59,6.09,USD,"Jul 21, 2016","Jul 21, 2016",2026-04-23
ECOPETROL SA,Agency,Fixed Income,"1,032,594.58",0.18,"1,032,594.58","950,000.00",279158AT6,US279158AT64,-,106.49,Colombia,-,USD,2.36,6.02,1.0,"Jan 19, 2029",8.63,2.39,-,5.95,2.33,5.95,USD,"Jul 06, 2023","Jul 06, 2023",2026-04-23
ARGENTINA REPUBLIC OF GOVERNMENT,Sovereign,Fixed Income,"1,031,933.50",0.18,"1,031,933.50","1,413,051.00",040114HW3,US040114HW38,BNC17Q6,71.86,Argentina,-,USD,6.09,9.63,1.0,"Jul 09, 2046",4.13,6.07,-,9.63,6.07,9.63,USD,"Sep 04, 2020","Sep 04, 2020",2026-04-23
EGYPT (ARAB REPUBLIC OF) MTN RegS,Sovereign,Fixed Income,"1,027,010.00",0.17,"1,027,010.00","1,200,000.00",-,XS2297221405,-,84.23,Egypt,-,USD,10.47,8.98,1.0,"Feb 16, 2061",7.5,10.65,-,8.98,10.65,8.98,USD,"Feb 16, 2021","Feb 16, 2021",2026-04-23
SOUTH AFRICA (REPUBLIC OF),Sovereign,Fixed Income,"1,025,788.19",0.17,"1,025,788.19","1,000,000.00",836205BC7,US836205BC70,-,102.56,South Africa,-,USD,5.05,5.37,1.0,"Apr 20, 2032",5.88,5.02,-,5.37,5.02,5.37,USD,"Apr 20, 2022","Apr 20, 2022",2026-04-23
ECOPETROL SA,Agency,Fixed Income,"1,024,882.99",0.17,"1,024,882.99","1,100,000.00",279158AP4,US279158AP43,BNT8FL1,91.0,Colombia,-,USD,4.69,6.59,1.0,"Nov 02, 2031",4.63,4.64,-,6.59,4.64,6.59,USD,"Nov 02, 2021","Nov 02, 2021",2026-04-23
NIGERIA (FEDERAL REPUBLIC OF) MTN RegS,Sovereign,Fixed Income,"1,022,879.11",0.17,"1,022,879.11","1,000,000.00",-,XS1777972941,BF3TZV4,101.05,Nigeria,-,USD,7.69,7.56,1.0,"Feb 23, 2038",7.7,7.62,-,7.56,7.62,7.56,USD,"Feb 23, 2018","Feb 23, 2018",2026-04-23
BAHRAIN (KINGDOM OF) RegS,Sovereign,Fixed Income,"1,021,062.50",0.17,"1,021,062.50","1,000,000.00",-,XS1675862012,BFB5LX8,101.53,Bahrain,-,USD,3.04,6.24,1.0,"Sep 20, 2029",6.75,3.0,-,6.24,3.0,6.24,USD,"Sep 20, 2017","Sep 20, 2017",2026-04-23
EGYPT (ARAB REPUBLIC OF) MTN RegS,Sovereign,Fixed Income,"1,020,000.00",0.17,"1,020,000.00","1,000,000.00",-,XS1775618439,BF0VM34,100.9,Egypt,-,USD,1.71,6.05,1.0,"Feb 21, 2028",6.59,1.69,-,6.05,1.69,6.05,USD,"Feb 21, 2018","Feb 21, 2018",2026-04-23
NIGERIA (FEDERAL REPUBLIC OF) MTN RegS,Sovereign,Fixed Income,"1,017,381.81",0.17,"1,017,381.81","1,000,000.00",-,XS2384701020,BP5GRZ1,101.27,Nigeria,-,USD,5.72,7.15,1.0,"Sep 28, 2033",7.38,5.64,-,7.15,5.64,7.15,USD,"Sep 28, 2021","Sep 28, 2021",2026-04-23
COLOMBIA (REPUBLIC OF),Sovereign,Fixed Income,"1,016,000.00",0.17,"1,016,000.00","1,000,000.00",195325EV3,US195325EV39,-,99.97,Colombia,-,USD,5.33,6.5,1.0,"Jan 21, 2033",6.5,5.31,-,6.50,5.31,6.50,USD,"Jan 21, 2026","Jan 21, 2026",2026-04-23
BRAZIL FEDERATIVE REPUBLIC OF (GOV,Sovereign,Fixed Income,"1,013,111.11",0.17,"1,013,111.11","1,000,000.00",105756CP3,US105756CP36,-,98.91,Brazil,-,USD,5.51,5.69,1.0,"Feb 04, 2033",5.5,5.46,-,5.69,5.46,5.69,USD,"Nov 14, 2025","Nov 14, 2025",2026-04-23
NIGERIA (FEDERAL REPUBLIC OF) MTN RegS,Sovereign,Fixed Income,"1,009,863.19",0.17,"1,009,863.19","1,000,000.00",-,XS2384698994,BP6QFK1,100.6,Nigeria,-,USD,2.25,5.86,1.0,"Sep 28, 2028",6.13,2.23,-,5.86,2.23,5.86,USD,"Sep 28, 2021","Sep 28, 2021",2026-04-23
COTE D IVOIRE (REPUBLIC OF) RegS,Sovereign,Fixed Income,"1,007,437.50",0.17,"1,007,437.50","1,000,000.00",-,XS1631415400,BYW5KQ6,98.6,Cote D'Ivoire (Ivory Coast),-,USD,4.98,6.4,1.0,"Jun 15, 2033",6.13,4.93,-,6.40,4.93,6.40,USD,"Jun 15, 2017","Jun 15, 2017",2026-04-23
WYNN MACAU LTD RegS,Industrial,Fixed Income,"1,002,203.75",0.17,"1,002,203.75","1,000,000.00",-,USG98149AH33,BRQNBJ7,99.36,Macau,-,USD,1.47,5.92,1.0,"Aug 26, 2028",5.63,2.15,-,5.92,2.15,5.92,USD,"Aug 26, 2020","Aug 26, 2020",2026-04-23
TURKEY (REPUBLIC OF) MTN,Sovereign,Fixed Income,"995,244.31",0.17,"995,244.31","1,000,000.00",900123DU1,US900123DU12,-,97.67,Turkey,-,USD,7.83,7.17,1.0,"Jan 14, 2038",6.88,7.76,-,7.17,7.76,7.17,USD,"Jan 14, 2026","Jan 14, 2026",2026-04-23
SAAVI ENERGIA LUXEMBOURG SARL RegS,Utility,Fixed Income,"994,143.12",0.17,"994,143.12","900,000.00",-,USL02668AA66,BRXZWZ9,108.71,Mexico,-,USD,4.61,7.5,1.0,"Feb 10, 2035",8.88,6.08,-,7.22,4.48,7.22,USD,"Feb 10, 2025","Feb 10, 2025",2026-04-23
SOUTH AFRICA (REPUBLIC OF),Sovereign,Fixed Income,"992,270.00",0.17,"992,270.00","1,200,000.00",836205AX2,US836205AX27,BD35XR0,82.31,South Africa,-,USD,11.15,7.29,1.0,"Sep 27, 2047",5.65,11.29,-,7.29,11.29,7.29,USD,"Sep 27, 2017","Sep 27, 2017",2026-04-23
CBB INTERNATIONAL SUKUK PROGRAMME RegS,Sovereign,Fixed Income,"990,206.46",0.17,"990,206.46","1,000,000.00",-,XS3197741732,-,97.8,Bahrain,-,USD,6.14,6.23,1.0,"Feb 06, 2034",5.87,6.08,-,6.23,6.08,6.23,USD,"Oct 06, 2025","Oct 06, 2025",2026-04-23
PAKISTAN (ISLAMIC REPUBLIC OF) MTN RegS,Sovereign,Fixed Income,"987,663.19",0.17,"987,663.19","1,000,000.00",-,XS2322319638,-,98.5,Pakistan,-,USD,4.15,7.74,1.0,"Apr 08, 2031",7.38,4.07,-,7.74,4.07,7.74,USD,"Apr 08, 2021","Apr 08, 2021",2026-04-23
PETROLEOS MEXICANOS MTN,Agency,Fixed Income,"983,845.00",0.17,"983,845.00","1,200,000.00",71654QCL4,US71654QCL41,BGPYW91,80.77,Mexico,-,USD,10.31,8.27,1.0,"Feb 12, 2048",6.35,10.41,-,8.27,10.41,8.27,USD,"Aug 12, 2018","Dec 18, 2018",2026-04-23
KENYA (REPUBLIC OF) RegS,Sovereign,Fixed Income,"977,661.67",0.17,"977,661.67","1,000,000.00",-,XS3305838941,-,96.44,Kenya,-,USD,7.22,9.2,1.0,"Feb 26, 2039",8.7,7.1,-,9.20,7.1,9.20,USD,"Feb 26, 2026","Feb 26, 2026",2026-04-23
EGYPT (ARAB REPUBLIC OF) MTN RegS,Sovereign,Fixed Income,"977,007.64",0.17,"977,007.64","1,000,000.00",-,XS2297226545,-,96.64,Egypt,-,USD,4.14,6.7,1.0,"Feb 16, 2031",5.88,4.07,-,6.70,4.07,6.70,USD,"Feb 16, 2021","Feb 16, 2021",2026-04-23
MOROCCO (KINGDOM OF) RegS,Sovereign,Fixed Income,"975,837.50",0.17,"975,837.50","900,000.00",-,XS2595028700,-,107.65,Morocco,-,USD,5.87,5.24,1.0,"Sep 08, 2033",6.5,5.84,-,5.24,5.84,5.24,USD,"Mar 08, 2023","Mar 08, 2023",2026-04-23
AZUL SECURED FINANCE LLP RegS,Industrial,Fixed Income,"970,572.92",0.17,"970,572.92","1,000,000.00",-,USU0551YAK11,-,95.0,Brazil,-,USD,3.69,11.24,1.0,"Feb 15, 2031",9.88,3.64,-,11.24,3.64,11.24,USD,"Feb 06, 2026","Feb 06, 2026",2026-04-23
STANDARD CHARTERED PLC RegS,Financial Institutions,Fixed Income,"969,455.56",0.17,"969,455.56","1,000,000.00",-,USG84228EV68,-,96.2,Hong Kong,-,USD,1.81,4.16,1.0,"Dec 31, 2079",4.3,2.58,-,4.16,2.6,4.16,USD,"Aug 19, 2021","Aug 19, 2021",2026-04-23
JAMAICA (GOVERNMENT OF),Sovereign,Fixed Income,"968,400.00",0.16,"968,400.00","800,000.00",470160AV4,US470160AV46,B1V2P06,120.25,Jamaica,-,USD,7.99,5.64,1.0,"Mar 15, 2039",8.0,7.99,-,5.64,7.99,5.64,USD,"Mar 15, 2007","Mar 15, 2007",2026-04-23
EGYPT (ARAB REPUBLIC OF) MTN RegS,Sovereign,Fixed Income,"956,205.25",0.16,"956,205.25","1,050,000.00",-,XS1775617464,BYWJDR0,89.75,Egypt,-,USD,9.52,8.98,1.0,"Feb 21, 2048",7.9,9.59,-,8.98,9.59,8.98,USD,"Feb 21, 2018","Feb 21, 2018",2026-04-23
ANGOLA (REPUBLIC OF) MTN RegS,Sovereign,Fixed Income,"954,703.47",0.16,"954,703.47","1,000,000.00",-,XS2083302500,BKWCW07,91.8,Angola,-,USD,8.71,10.04,1.0,"Nov 26, 2049",9.13,8.76,-,10.04,8.76,10.04,USD,"Nov 26, 2019","Nov 26, 2019",2026-04-23
JAMAICA (GOVERNMENT),Sovereign,Fixed Income,"952,593.75",0.16,"952,593.75","900,000.00",470160CA8,US470160CA80,BYZ7VR7,102.6,Jamaica,-,USD,0.95,4.08,1.0,"Apr 28, 2028",6.75,0.95,-,4.08,0.95,4.08,USD,"Jul 28, 2015","Jul 28, 2015",2026-04-23
STANDARD CHARTERED PLC RegS,Financial Institutions,Fixed Income,"951,068.61",0.16,"951,068.61","1,000,000.00",-,USG84228EP90,-,93.83,Hong Kong,-,USD,4.14,7.23,1.0,"Dec 31, 2079",4.75,4.35,-,6.28,4.09,6.28,USD,"Jan 14, 2021","Jan 14, 2021",2026-04-23
SOUTH AFRICA (REPUBLIC OF),Sovereign,Fixed Income,"943,128.12",0.16,"943,128.12","900,000.00",836205AY0,US836205AY00,BD24PK5,102.85,South Africa,-,USD,3.63,5.11,1.0,"Jun 22, 2030",5.88,3.61,-,5.11,3.61,5.11,USD,"May 22, 2018","May 22, 2018",2026-04-23
DOMINICAN REPUBLIC (GOVERNMENT) RegS,Sovereign,Fixed Income,"938,861.88",0.16,"938,861.88","875,000.00",-,USP3579ECR64,-,105.77,Dominican Republic,-,USD,3.96,5.65,1.0,"Feb 03, 2031",7.05,3.99,-,5.62,3.87,5.62,USD,"Feb 03, 2023","Feb 03, 2023",2026-04-23
ARGENTINA REPUBLIC OF GOVERNMENT,Sovereign,Fixed Income,"931,955.31",0.16,"931,955.31","1,038,005.00",040114HX1,US040114HX11,-,89.5,Argentina,-,USD,1.6,7.79,1.0,"Jul 09, 2029",1.0,1.57,-,7.79,1.57,7.79,USD,"Sep 04, 2020","Sep 04, 2020",2026-04-23
COSTA RICA REPUBLIC OF (GOVERNMEN RegS,Sovereign,Fixed Income,"929,309.72",0.16,"929,309.72","850,000.00",-,USP3699PGH49,BLBWJ26,109.0,Costa Rica,-,USD,10.34,6.16,1.0,"Apr 04, 2044",7.0,10.46,-,6.16,10.46,6.16,USD,"Apr 04, 2014","Apr 04, 2014",2026-04-23
BORR IHC LTD RegS,Industrial,Fixed Income,"924,412.61",0.16,"924,412.61","853,659.00",-,USG1467FAA15,BPNZ4V5,103.96,Mexico,-,USD,0.76,10.01,1.0,"Nov 15, 2028",10.0,1.95,-,7.20,0.51,7.20,USD,"Nov 07, 2023","Nov 07, 2023",2026-04-23
SURINAME (REPUBLIC OF) 144A,Sovereign,Fixed Income,"922,686.88",0.16,"922,686.88","825,000.00",86886PAF9,US86886PAF99,-,107.94,Suriname,-,USD,6.44,7.39,1.0,"Nov 06, 2035",8.5,6.36,-,7.39,6.36,7.39,USD,"Nov 06, 2025","Nov 06, 2025",2026-04-23
JORDAN (HASHEMITE KINGDOM OF) RegS,Sovereign,Fixed Income,"918,810.00",0.16,"918,810.00","900,000.00",-,XS2199272662,-,100.4,Jordan,-,USD,3.66,5.74,1.0,"Jul 07, 2030",5.85,3.63,-,5.74,3.63,5.74,USD,"Jul 07, 2020","Jul 07, 2020",2026-04-23
FIRST QUANTUM MINERALS LTD RegS,Industrial,Fixed Income,"907,523.62",0.15,"907,523.62","900,000.00",-,USC3535CAT56,-,99.86,Zambia,-,USD,6.29,6.39,1.0,"Feb 15, 2036",6.38,7.14,-,6.39,7.14,6.39,USD,"Feb 26, 2026","Feb 26, 2026",2026-04-23
BBVA MEXICO SA INSTITUCION DE BANC MTN RegS,Financial Institutions,Fixed Income,"907,431.11",0.15,"907,431.11","800,000.00",-,USP1S81BAA64,-,110.8,Mexico,-,USD,5.38,7.14,1.0,"Jun 29, 2038",8.45,5.34,-,6.54,5.32,6.54,USD,"Jun 29, 2023","Jun 29, 2023",2026-04-23
NIGERIA (FEDERAL REPUBLIC OF) MTN RegS,Sovereign,Fixed Income,"904,805.39",0.15,"904,805.39","800,000.00",-,XS3218073057,-,109.09,Nigeria,-,USD,9.1,8.19,1.0,"Jan 13, 2046",9.13,9.18,-,8.19,9.18,8.19,USD,"Nov 13, 2025","Nov 13, 2025",2026-04-23
ZAMBIA (REPUBLIC OF) A bond RegS,Sovereign,Fixed Income,"904,063.49",0.15,"904,063.49","906,521.00",-,XS2837240261,-,97.96,Zambia,-,USD,2.69,6.76,1.0,"Jun 30, 2033",5.75,2.66,-,6.76,2.66,6.76,USD,"Mar 31, 2024","Jun 11, 2024",2026-04-23
PETROLEOS MEXICANOS MTN,Agency,Fixed Income,"902,484.83",0.15,"902,484.83","870,000.00",71654QCP5,US71654QCP54,BHNZPJ4,102.15,Mexico,-,USD,2.49,5.64,1.0,"Jan 23, 2029",6.5,2.46,-,5.64,2.46,5.64,USD,"Oct 23, 2018","Dec 18, 2018",2026-04-23
EGYPT (ARAB REPUBLIC OF) MTN RegS,Sovereign,Fixed Income,"897,670.00",0.15,"897,670.00","800,000.00",-,XS2990500766,-,110.19,Egypt,-,USD,5.05,7.5,1.0,"Feb 04, 2033",9.45,4.97,-,7.50,4.97,7.50,USD,"Feb 04, 2025","Feb 04, 2025",2026-04-23
AES PANAMA GENERATION HOLDINGS SRL RegS,Utility,Fixed Income,"895,968.42",0.15,"895,968.42","933,509.00",-,USP0608AAB28,-,94.27,Panama,-,USD,3.49,6.03,1.0,"May 31, 2030",4.38,3.47,-,6.03,3.47,6.03,USD,"Aug 14, 2020","Aug 14, 2020",2026-04-23
EGYPT (ARAB REPUBLIC OF) MTN RegS,Sovereign,Fixed Income,"894,697.50",0.15,"894,697.50","900,000.00",-,XS2391395154,-,98.98,Egypt,-,USD,5.71,7.48,1.0,"Sep 30, 2033",7.3,5.63,-,7.48,5.63,7.48,USD,"Sep 30, 2021","Sep 30, 2021",2026-04-23
SRI LANKA (REPUBLIC OF) GLB RegS,Sovereign,Fixed Income,"888,192.53",0.15,"888,192.53","1,082,040.00",-,XS2966242179,-,80.83,Sri Lanka,-,USD,6.81,8.62,1.0,"Jun 15, 2035",3.6,6.68,-,8.62,6.68,8.62,USD,"Dec 15, 2024","Dec 20, 2024",2026-04-23
EL SALVADOR REPUBLIC OF (GOVERNMEN RegS,Sovereign,Fixed Income,"880,506.25",0.15,"880,506.25","750,000.00",-,USP01012CH71,-,113.38,El Salvador,-,USD,9.98,8.4,1.0,"Nov 21, 2054",9.65,10.15,-,8.40,10.13,8.40,USD,"Nov 21, 2024","Nov 21, 2024",2026-04-23
GUATEMALA REPUBLIC OF (GOVERNMENT) RegS,Sovereign,Fixed Income,"878,389.73",0.15,"878,389.73","800,000.00",-,USP5015VAQ97,-,107.45,Guatemala,-,USD,6.76,5.55,1.0,"Jun 13, 2036",6.6,6.75,-,5.54,6.71,5.54,USD,"Jun 13, 2023","Jun 13, 2023",2026-04-23
NIGERIA (FEDERAL REPUBLIC OF) RegS,Sovereign,Fixed Income,"877,744.00",0.15,"877,744.00","800,000.00",-,XS1910827887,BGT0PT6,107.53,Nigeria,-,USD,3.87,6.86,1.0,"Jan 21, 2031",8.75,3.81,-,6.86,3.81,6.86,USD,"Nov 21, 2018","Nov 21, 2018",2026-04-23
YINSON BORONIA PRODUCTION BV RegS,Industrial,Fixed Income,"872,462.68",0.15,"872,462.68","777,166.00",-,USN9733XAA56,-,110.25,Brazil,-,USD,6.59,7.45,1.0,"Jul 31, 2042",8.95,6.58,-,7.45,6.58,7.45,USD,"Jun 04, 2024","Jun 04, 2024",2026-04-23
MINERVA LUXEMBOURG SA RegS,Industrial,Fixed Income,"868,594.44",0.15,"868,594.44","800,000.00",-,USL6401PAM51,-,107.64,Brazil,-,USD,3.46,7.51,1.0,"Sep 13, 2033",8.88,5.4,-,7.10,2.9,7.10,USD,"Sep 13, 2023","Sep 13, 2023",2026-04-23
YINSON BERGENIA PRODUCTION BV RegS,Industrial,Fixed Income,"862,865.60",0.15,"862,865.60","789,360.00",-,USN97336AA49,-,107.4,Malaysia,-,USD,6.03,7.31,1.0,"Jan 31, 2045",8.5,6.05,-,7.31,6.05,7.31,USD,"Jul 07, 2025","Jul 07, 2025",2026-04-23
VEDANTA RESOURCES FINANCE II PLC RegS,Industrial,Fixed Income,"861,496.67",0.15,"861,496.67","800,000.00",-,USG9T27HAG93,-,106.66,India,-,USD,0.71,8.57,1.0,"Sep 17, 2029",10.88,2.81,-,7.30,0.39,7.30,USD,"Sep 17, 2024","Sep 17, 2024",2026-04-23
SISECAM UK PLC RegS,Industrial,Fixed Income,"861,151.67",0.15,"861,151.67","800,000.00",-,XS2812381676,-,103.6,Turkey,-,USD,2.83,7.86,1.0,"May 02, 2032",8.63,4.49,-,7.28,2.54,7.28,USD,"May 02, 2024","May 02, 2024",2026-04-23
COTE D IVOIRE (REPUBLIC OF) RegS,Sovereign,Fixed Income,"859,325.00",0.15,"859,325.00","800,000.00",-,XS2752065040,-,105.7,Cote D'Ivoire (Ivory Coast),-,USD,4.95,6.5,1.0,"Jan 30, 2033",7.63,4.9,-,6.50,4.9,6.50,USD,"Jan 30, 2024","Jan 30, 2024",2026-04-23
BBVA MEXICO SA INSTITUCION DE BANC MTN RegS,Financial Institutions,Fixed Income,"857,541.11",0.15,"857,541.11","800,000.00",-,USP2000GAA15,-,105.71,Mexico,-,USD,3.28,6.59,1.0,"Feb 11, 2035",7.63,3.21,-,5.92,3.25,5.92,USD,"Feb 11, 2025","Feb 11, 2025",2026-04-23
FIRST QUANTUM MINERALS LTD RegS,Industrial,Fixed Income,"856,584.89",0.15,"856,584.89","800,000.00",-,USC3535CAR90,-,105.96,Zambia,-,USD,3.11,6.89,1.0,"Mar 01, 2033",8.0,5.22,-,6.24,3.28,6.24,USD,"Mar 05, 2025","Mar 05, 2025",2026-04-23
BAHRAIN (KINGDOM OF) MTN RegS,Sovereign,Fixed Income,"854,498.56",0.15,"854,498.56","800,000.00",-,XS2172965282,BL9Y753,103.6,Bahrain,-,USD,3.42,6.36,1.0,"May 14, 2030",7.38,3.38,-,6.36,3.38,6.36,USD,"May 14, 2020","May 14, 2020",2026-04-23
ANGOLA (REPUBLIC OF) MTN RegS,Sovereign,Fixed Income,"853,380.53",0.15,"853,380.53","800,000.00",-,XS3204248440,-,104.21,Angola,-,USD,3.8,8.15,1.0,"Jan 15, 2031",9.24,3.72,-,8.15,3.72,8.15,USD,"Oct 15, 2025","Oct 15, 2025",2026-04-23
DOMINICAN REPUBLIC (GOVERNMENT) RegS,Sovereign,Fixed Income,"852,256.67",0.15,"852,256.67","800,000.00",-,USP3579ECX33,-,105.4,Dominican Republic,-,USD,12.1,6.72,1.0,"Feb 24, 2055",7.15,12.4,-,6.72,12.33,6.72,USD,"Feb 24, 2025","Feb 24, 2025",2026-04-23
STANDARD CHARTERED PLC RegS,Financial Institutions,Fixed Income,"852,101.72",0.15,"852,101.72","800,000.00",-,USG84228GE26,-,105.57,Hong Kong,-,USD,3.35,7.18,1.0,"Dec 31, 2079",7.88,3.56,-,6.23,3.3,6.23,USD,"Mar 08, 2024","Mar 08, 2024",2026-04-23
BAHRAIN (KINGDOM OF) MTN RegS,Sovereign,Fixed Income,"851,540.67",0.15,"851,540.67","800,000.00",-,XS2611617700,-,106.38,Bahrain,-,USD,6.56,6.79,1.0,"Apr 18, 2035",7.75,6.49,-,6.79,6.49,6.79,USD,"Apr 18, 2023","Apr 18, 2023",2026-04-23
JORDAN (HASHEMITE KINGDOM OF) MTN RegS,Sovereign,Fixed Income,"850,733.33",0.14,"850,733.33","800,000.00",-,XS2602742285,-,104.3,Jordan,-,USD,2.44,5.77,1.0,"Jan 13, 2029",7.5,2.41,-,5.77,2.41,5.77,USD,"Apr 13, 2023","Apr 13, 2023",2026-04-23
BAHRAIN (KINGDOM OF) MTN RegS,Sovereign,Fixed Income,"846,500.00",0.14,"846,500.00","800,000.00",-,XS2764424813,-,104.38,Bahrain,-,USD,6.92,6.88,1.0,"Feb 12, 2036",7.5,6.85,-,6.88,6.85,6.88,USD,"Feb 12, 2024","Feb 12, 2024",2026-04-23
BENIN ( REPUBLIC OF) RegS,Sovereign,Fixed Income,"845,628.44",0.14,"845,628.44","800,000.00",-,XS2759982064,-,104.2,Benin,-,USD,7.22,7.39,1.0,"Feb 13, 2038",7.96,7.14,-,7.39,7.14,7.39,USD,"Feb 13, 2024","Feb 13, 2024",2026-04-23
BANCO BRADESCO SA (CAYMAN ISLANDS MTN RegS,Financial Institutions,Fixed Income,"845,255.56",0.14,"845,255.56","800,000.00",05947LBB3,US05947LBB36,-,104.05,Brazil,-,USD,3.29,5.29,1.0,"Jan 22, 2030",6.5,3.26,-,5.29,3.26,5.29,USD,"Jan 22, 2025","Jan 22, 2025",2026-04-23
FIRST QUANTUM MINERALS LTD RegS,Industrial,Fixed Income,"843,609.33",0.14,"843,609.33","800,000.00",-,USC3535CAS73,-,104.12,Zambia,-,USD,4.38,6.57,1.0,"Feb 15, 2034",7.25,5.87,-,6.24,3.99,6.24,USD,"Aug 20, 2025","Aug 20, 2025",2026-04-23
PAKISTAN GLOBAL SUKUK PROGRAMME CO MTN RegS,Sovereign,Fixed Income,"841,814.00",0.14,"841,814.00","800,000.00",-,XS2419405274,BPNXJ81,103.44,Pakistan,-,USD,2.47,6.57,1.0,"Jan 31, 2029",7.95,2.43,-,6.57,2.43,6.57,USD,"Jan 31, 2022","Jan 31, 2022",2026-04-23
COSTA RICA (REPUBLIC OF) RegS,Sovereign,Fixed Income,"840,438.89",0.14,"840,438.89","800,000.00",-,USP3699PGK77,BJLPZ01,104.0,Costa Rica,-,USD,3.37,4.96,1.0,"Feb 19, 2031",6.13,3.35,-,4.96,3.35,4.96,USD,"Nov 19, 2019","Nov 19, 2019",2026-04-23
ANGOLA (REPUBLIC OF) RegS,Sovereign,Fixed Income,"839,100.00",0.14,"839,100.00","800,000.00",-,XS1819680288,BYVMF07,102.0,Angola,-,USD,1.84,7.18,1.0,"May 09, 2028",8.25,1.81,-,7.18,1.81,7.18,USD,"May 09, 2018","May 09, 2018",2026-04-23
STANDARD CHARTERED PLC RegS,Financial Institutions,Fixed Income,"838,094.22",0.14,"838,094.22","800,000.00",-,USG84228HA94,-,101.71,Hong Kong,-,USD,6.67,6.77,1.0,"Dec 31, 2079",7.0,7.08,-,6.75,6.72,6.75,USD,"Nov 14, 2025","Nov 14, 2025",2026-04-23
CEMEX SAB DE CV RegS,Industrial,Fixed Income,"835,760.00",0.14,"835,760.00","800,000.00",-,USP2253TJW01,-,103.65,Mexico,-,USD,3.38,7.19,1.0,"Dec 31, 2079",7.2,3.21,-,6.13,3.34,6.13,USD,"Jun 10, 2025","Jun 10, 2025",2026-04-23
ITAU UNIBANCO HOLDING SA (CAYMAN I MTN RegS,Financial Institutions,Fixed Income,"835,520.00",0.14,"835,520.00","800,000.00",46556W2E9,US46556W2E95,-,103.54,Brazil,-,USD,3.37,4.98,1.0,"Feb 27, 2030",6.0,3.39,-,4.96,3.32,4.96,USD,"Feb 27, 2025","Feb 27, 2025",2026-04-23
STANDARD CHARTERED PLC RegS,Financial Institutions,Fixed Income,"833,582.67",0.14,"833,582.67","800,000.00",-,USG84228FJ22,-,102.78,Hong Kong,-,USD,1.28,8.48,1.0,"Dec 31, 2079",7.75,1.42,-,5.52,1.23,5.52,USD,"Aug 15, 2022","Aug 15, 2022",2026-04-23
SERBIA (REPUBLIC OF) MTN RegS,Sovereign,Fixed Income,"830,349.09",0.14,"830,349.09","935,000.00",-,XS2264555744,-,87.98,Serbia,-,USD,4.28,5.08,1.0,"Dec 01, 2030",2.13,4.25,-,5.08,4.25,5.08,USD,"Dec 01, 2020","Dec 01, 2020",2026-04-23
AZULE ENERGY FINANCE PLC RegS,Industrial,Fixed Income,"830,383.93",0.14,"830,383.93","800,000.00",-,XS2984221239,-,101.81,Angola,-,USD,2.59,7.56,1.0,"Jan 23, 2030",8.13,3.14,-,7.38,2.39,7.38,USD,"Jan 23, 2025","Jan 23, 2025",2026-04-23
AZULE ENERGY FINANCE PLC RegS,Industrial,Fixed Income,"830,204.67",0.14,"830,204.67","800,000.00",-,XS3271042338,-,101.74,Angola,-,USD,3.37,7.8,1.0,"Jan 22, 2031",8.25,3.81,-,7.70,3.13,7.70,USD,"Jan 22, 2026","Jan 22, 2026",2026-04-23
EMIRATES NBD BANK PJSC RegS,Agency,Fixed Income,"829,777.78",0.14,"829,777.78","800,000.00",-,XS3004977057,-,102.75,United Arab Emirates,-,USD,3.74,5.71,1.0,"Dec 31, 2079",6.25,4.05,-,5.53,3.74,5.53,USD,"Feb 25, 2025","Feb 25, 2025",2026-04-23
TEVA PHARMACEUTICAL FINANCE NETHER,Industrial,Fixed Income,"829,812.00",0.14,"829,812.00","800,000.00",88167AAK7,US88167AAK79,BF5MKP0,102.79,Israel,-,USD,1.53,5.15,1.0,"Mar 01, 2028",6.75,1.72,-,4.93,1.5,4.93,USD,"Mar 14, 2018","May 17, 2018",2026-04-23
ANGOLA (REPUBLIC OF) MTN 144A,Sovereign,Fixed Income,"828,608.33",0.14,"828,608.33","800,000.00",035198AL4,US035198AL45,-,103.0,Angola,-,USD,6.77,9.43,1.0,"Mar 31, 2037",9.88,6.64,-,9.43,6.64,9.43,USD,"Mar 31, 2026","Mar 31, 2026",2026-04-23
TVF VARLIK KIRALAMA AS RegS,Agency,Fixed Income,"828,295.11",0.14,"828,295.11","800,000.00",-,XS2911679004,-,101.84,Turkey,-,USD,3.16,6.39,1.0,"Jan 23, 2030",6.95,3.22,-,6.36,3.03,6.36,USD,"Oct 23, 2024","Oct 23, 2024",2026-04-23
NIGERIA (FEDERAL REPUBLIC OF) MTN RegS,Sovereign,Fixed Income,"828,155.56",0.14,"828,155.56","800,000.00",-,XS1717011982,BF2RB55,100.94,Nigeria,-,USD,1.49,5.87,1.0,"Nov 28, 2027",6.5,1.47,-,5.87,1.47,5.87,USD,"Nov 28, 2017","Nov 28, 2017",2026-04-23
ANGOLA (REPUBLIC OF) MTN 144A,Sovereign,Fixed Income,"826,391.00",0.14,"826,391.00","800,000.00",035198AK6,US035198AK61,-,102.75,Angola,-,USD,5.14,8.84,1.0,"Mar 31, 2033",9.38,5.03,-,8.84,5.03,8.84,USD,"Mar 31, 2026","Mar 31, 2026",2026-04-23
PETROBRAS GLOBAL FINANCE BV,Agency,Fixed Income,"825,638.13",0.14,"825,638.13","800,000.00",71647NAY5,US71647NAY58,BFD2PX5,101.81,Brazil,-,USD,1.65,4.91,1.0,"Jan 27, 2028",6.0,1.64,-,4.91,1.64,4.91,USD,"Jul 27, 2018","Sep 20, 2018",2026-04-23
MOROCCO (KINGDOM OF) RegS,Sovereign,Fixed Income,"824,485.56",0.14,"824,485.56","800,000.00",-,XS2595028452,-,102.35,Morocco,-,USD,1.76,4.63,1.0,"Mar 08, 2028",5.95,1.76,-,4.63,1.76,4.63,USD,"Mar 08, 2023","Mar 08, 2023",2026-04-23
ESKOM HOLDINGS SOC LTD MTN RegS,Agency,Fixed Income,"822,562.89",0.14,"822,562.89","800,000.00",-,XS1864523300,BF2F610,101.57,South Africa,-,USD,2.12,5.61,1.0,"Aug 10, 2028",6.35,2.1,-,5.61,2.1,5.61,USD,"Aug 10, 2018","Aug 10, 2018",2026-04-23
TEVA PHARMACEUTICAL FINANCE NETHER,Industrial,Fixed Income,"821,950.00",0.14,"821,950.00","800,000.00",88167AAQ4,US88167AAQ40,-,100.44,Israel,-,USD,2.64,4.97,1.0,"May 09, 2029",5.13,2.73,-,4.96,2.52,4.96,USD,"Nov 09, 2021","Nov 09, 2021",2026-04-23
TRINIDAD AND TOBAGO (REPUBLIC OF) RegS,Sovereign,Fixed Income,"821,988.89",0.14,"821,988.89","800,000.00",-,USP93960AL92,-,101.25,Trinidad and Tobago,-,USD,7.08,6.32,1.0,"Jan 28, 2036",6.5,7.07,-,6.32,6.93,6.32,USD,"Jan 28, 2026","Jan 28, 2026",2026-04-23
TELECOM ARGENTINA SA RegS,Industrial,Fixed Income,"821,994.79",0.14,"821,994.79","750,000.00",-,USP9028NCA74,-,105.93,Argentina,-,USD,3.35,8.07,1.0,"May 28, 2033",9.25,4.77,-,7.54,3.29,7.54,USD,"May 28, 2025","May 28, 2025",2026-04-23
SAN MIGUEL GLOBAL POWER HOLDINGS C RegS,Utility,Fixed Income,"818,719.33",0.14,"818,719.33","800,000.00",-,XS2883979705,BPMPTS8,101.39,Philippines,-,USD,2.74,10.63,1.0,"Dec 31, 2079",8.75,2.64,-,8.24,2.68,8.24,USD,"Sep 12, 2024","Sep 12, 2024",2026-04-23
WYNN MACAU LTD RegS,Industrial,Fixed Income,"816,608.88",0.14,"816,608.88","800,000.00",-,USG98149AM28,-,100.84,Macau,-,USD,4.62,6.61,1.0,"Feb 15, 2034",6.75,5.94,-,6.52,3.66,6.52,USD,"Aug 19, 2025","Aug 19, 2025",2026-04-23
BAHRAIN (KINGDOM OF) MTN RegS,Sovereign,Fixed Income,"813,314.67",0.14,"813,314.67","800,000.00",-,XS3282969008,-,100.13,Bahrain,-,USD,7.84,7.08,1.0,"Feb 03, 2038",7.1,7.78,-,7.08,7.78,7.08,USD,"Feb 03, 2026","Feb 03, 2026",2026-04-23
EGYPT (ARAB REPUBLIC OF) MTN RegS,Sovereign,Fixed Income,"812,302.19",0.14,"812,302.19","800,000.00",-,XS2079842642,-,99.66,Egypt,-,USD,4.63,7.12,1.0,"Jan 15, 2032",7.05,4.56,-,7.12,4.56,7.12,USD,"Nov 20, 2019","Nov 20, 2019",2026-04-23
CENTRAL AMERICA BOTTLING CORP RegS,Industrial,Fixed Income,"811,100.00",0.14,"811,100.00","800,000.00",-,USG20038AA61,-,98.85,Guatemala,-,USD,1.93,5.67,1.0,"Apr 27, 2029",5.25,2.68,-,5.67,2.68,5.67,USD,"Jan 27, 2022","Jan 27, 2022",2026-04-23
HUARONG FINANCE 2017 CO LTD MTN RegS,Agency,Fixed Income,"810,192.89",0.14,"810,192.89","800,000.00",-,XS1711550373,BFFY9P9,99.34,China,-,USD,1.46,4.7,1.0,"Nov 07, 2027",4.25,1.45,-,4.70,1.45,4.70,USD,"Nov 07, 2017","Nov 07, 2017",2026-04-23
ALINMA TIER 1 SUKUK LTD RegS,Financial Institutions,Fixed Income,"808,750.00",0.14,"808,750.00","800,000.00",-,XS2753907554,-,100.28,Saudi Arabia,-,USD,2.6,6.17,1.0,"Dec 31, 2079",6.5,2.86,-,6.17,2.57,6.17,USD,"Mar 06, 2024","Mar 06, 2024",2026-04-23
EL SALVADOR REPUBLIC OF (GOVERNMEN RegS,Sovereign,Fixed Income,"806,593.33",0.14,"806,593.33","750,000.00",-,USP01012CF16,BPBSCL2,107.44,El Salvador,-,USD,2.61,6.45,1.0,"Apr 17, 2030",9.25,2.6,-,6.43,2.58,6.43,USD,"Apr 17, 2024","Apr 17, 2024",2026-04-23
NIGERIA (FEDERAL REPUBLIC OF) MTN RegS,Sovereign,Fixed Income,"806,216.67",0.14,"806,216.67","800,000.00",-,XS2384704800,BP6QCY4,100.25,Nigeria,-,USD,10.39,8.23,1.0,"Sep 28, 2051",8.25,10.53,-,8.23,10.53,8.23,USD,"Sep 28, 2021","Sep 28, 2021",2026-04-23
SABLE INTERNATIONAL FINANCE LTD RegS,Industrial,Fixed Income,"806,206.00",0.14,"806,206.00","800,000.00",-,USG77636AE14,BLFBYH9,100.66,Panama,-,USD,3.93,7.0,1.0,"Oct 15, 2032",7.13,5.12,-,6.91,3.04,6.91,USD,"Oct 03, 2024","Oct 03, 2024",2026-04-23
CBB INTERNATIONAL SUKUK PROGRAMME RegS,Sovereign,Fixed Income,"806,131.56",0.14,"806,131.56","800,000.00",-,XS2951616478,-,98.55,Bahrain,-,USD,5.01,6.16,1.0,"Jun 05, 2032",5.88,4.96,-,6.16,4.96,6.16,USD,"Dec 05, 2024","Dec 05, 2024",2026-04-23
SOUTH AFRICA (REPUBLIC OF),Sovereign,Fixed Income,"805,386.67",0.14,"805,386.67","800,000.00",836205AW4,US836205AW44,BD35XS1,100.35,South Africa,-,USD,1.37,4.59,1.0,"Sep 27, 2027",4.85,1.37,-,4.59,1.37,4.59,USD,"Sep 27, 2017","Sep 27, 2017",2026-04-23
BAPCO ENERGIES SUKUK LTD RegS,Agency,Fixed Income,"804,188.89",0.14,"804,188.89","800,000.00",-,XS2976035316,-,99.1,Bahrain,-,USD,6.63,6.38,1.0,"Jan 29, 2035",6.25,6.57,-,6.38,6.57,6.38,USD,"Jan 29, 2025","Jan 29, 2025",2026-04-23
CBB INTERNATIONAL SUKUK PROGRAMME RegS,Sovereign,Fixed Income,"803,704.00",0.14,"803,704.00","800,000.00",-,XS2764425117,-,99.31,Bahrain,-,USD,4.12,6.16,1.0,"Feb 12, 2031",6.0,4.07,-,6.16,4.07,6.16,USD,"Feb 12, 2024","Feb 12, 2024",2026-04-23
EGYPT (ARAB REPUBLIC OF) MTN RegS,Sovereign,Fixed Income,"801,082.67",0.14,"801,082.67","800,000.00",-,XS2391394348,-,99.8,Egypt,-,USD,1.38,5.95,1.0,"Sep 30, 2027",5.8,1.36,-,5.95,1.36,5.95,USD,"Sep 30, 2021","Sep 30, 2021",2026-04-23
MELCO RESORTS FINANCE LTD RegS,Industrial,Fixed Income,"800,363.89",0.14,"800,363.89","800,000.00",-,USG5975LAE68,BKBZF08,98.0,Macau,-,USD,2.66,6.0,1.0,"Dec 04, 2029",5.38,3.17,-,6.00,3.17,6.00,USD,"Dec 04, 2019","Dec 04, 2019",2026-04-23
GREENKO WIND PROJECTS (MAURITIUS) RegS,Agency,Fixed Income,"799,442.42",0.14,"799,442.42","788,000.00",-,USV3856JAB99,-,100.97,India,-,USD,1.88,6.79,1.0,"Sep 27, 2028",7.25,2.1,-,6.69,1.72,6.69,USD,"Mar 27, 2025","Mar 27, 2025",2026-04-23
AVIANCA MIDCO 2 PLC RegS,Industrial,Fixed Income,"797,330.56",0.14,"797,330.56","800,000.00",-,USG2957NAA93,-,97.88,Colombia,-,USD,2.95,10.3,1.0,"Feb 14, 2030",9.63,3.06,-,10.30,3.06,10.30,USD,"Feb 14, 2025","Feb 14, 2025",2026-04-23
HDFC BANK LTD RegS,Financial Institutions,Fixed Income,"797,068.44",0.14,"797,068.44","800,000.00",-,USY3119PFH74,BN6SDP4,99.06,India,-,USD,0.82,6.54,1.0,"Dec 31, 2079",3.7,0.64,-,6.46,0.33,6.46,USD,"Aug 25, 2021","Aug 25, 2021",2026-04-23
PETROBRAS GLOBAL FINANCE BV,Agency,Fixed Income,"796,875.00",0.14,"796,875.00","750,000.00",71647NBK4,US71647NBK46,-,104.3,Brazil,-,USD,5.59,5.76,1.0,"Jul 03, 2033",6.5,5.63,-,5.74,5.47,5.74,USD,"Jul 03, 2023","Jul 03, 2023",2026-04-23
JORDAN (HASHEMITE KINGDOM OF) RegS,Sovereign,Fixed Income,"788,002.78",0.13,"788,002.78","800,000.00",-,XS1577950311,BF032N0,98.28,Jordan,-,USD,10.45,7.54,1.0,"Oct 10, 2047",7.38,10.58,-,7.54,10.58,7.54,USD,"Oct 10, 2017","Oct 10, 2017",2026-04-23
BAHRAIN (KINGDOM OF) MTN RegS,Sovereign,Fixed Income,"780,960.33",0.13,"780,960.33","800,000.00",-,XS3198652847,-,97.34,Bahrain,-,USD,7.92,6.96,1.0,"Oct 06, 2037",6.63,7.86,-,6.96,7.86,6.96,USD,"Oct 06, 2025","Oct 06, 2025",2026-04-23
SRI LANKA (REPUBLIC OF) MLB RegS,Sovereign,Fixed Income,"780,221.89",0.13,"780,221.89","790,463.00",-,XS2966241361,-,97.88,Sri Lanka,-,USD,3.01,3.96,1.0,"Jan 15, 2030",3.1,3.01,-,3.96,3.01,3.96,USD,"Jul 15, 2024","Dec 20, 2024",2026-04-23
TURKEY (REPUBLIC OF),Sovereign,Fixed Income,"779,927.92",0.13,"779,927.92","750,000.00",900123BB5,US900123BB58,B2Q3T87,103.06,Turkey,-,USD,7.92,6.87,1.0,"Mar 05, 2038",7.25,7.88,-,6.87,7.88,6.87,USD,"Mar 05, 2008","Mar 05, 2008",2026-04-23
BAHRAIN (KINGDOM OF) MTN RegS,Sovereign,Fixed Income,"776,249.00",0.13,"776,249.00","800,000.00",-,XS2058948451,BJLBK37,96.7,Bahrain,-,USD,4.64,6.35,1.0,"Sep 30, 2031",5.63,4.59,-,6.35,4.59,6.35,USD,"Sep 30, 2019","Sep 30, 2019",2026-04-23
STUDIO CITY FINANCE LTD RegS,Industrial,Fixed Income,"775,666.67",0.13,"775,666.67","800,000.00",-,USG85381AG95,BMF1DG8,95.63,Macau,-,USD,2.46,6.78,1.0,"Jan 15, 2029",5.0,2.47,-,6.78,2.47,6.78,USD,"Jan 14, 2021","Jan 14, 2021",2026-04-23
PETROBRAS GLOBAL FINANCE BV,Agency,Fixed Income,"771,531.25",0.13,"771,531.25","750,000.00",71647NBL2,US71647NBL29,-,101.24,Brazil,-,USD,6.62,5.82,1.0,"Jan 13, 2035",6.0,6.63,-,5.81,6.48,5.81,USD,"Sep 13, 2024","Sep 13, 2024",2026-04-23
ZORLU ENERJI ELEKTRIK URETIM AS RegS,Utility,Fixed Income,"770,991.11",0.13,"770,991.11","800,000.00",-,XS2926261426,-,90.94,Turkey,-,USD,3.05,14.03,1.0,"Apr 23, 2030",11.0,2.92,-,14.03,2.92,14.03,USD,"Oct 23, 2024","Oct 23, 2024",2026-04-23
BAHRAIN (KINGDOM OF) MTN RegS,Sovereign,Fixed Income,"766,861.00",0.13,"766,861.00","800,000.00",-,XS2408003064,-,93.47,Bahrain,-,USD,6.24,6.68,1.0,"May 18, 2034",5.63,6.17,-,6.68,6.17,6.68,USD,"Nov 18, 2021","Nov 18, 2021",2026-04-23
SASOL FINANCING USA LLC RegS,Industrial,Fixed Income,"766,383.33",0.13,"766,383.33","700,000.00",-,USU8035UAC63,-,105.4,South Africa,-,USD,2.48,6.75,1.0,"May 03, 2029",8.75,2.55,-,6.65,2.43,6.65,USD,"May 03, 2023","May 03, 2023",2026-04-23
PETROBRAS GLOBAL FINANCE BV,Agency,Fixed Income,"764,038.59",0.13,"764,038.59","750,000.00",71647NBN8,US71647NBN84,-,100.12,Brazil,-,USD,7.09,6.23,1.0,"Jan 10, 2036",6.25,7.08,-,6.23,7.08,6.23,USD,"Sep 10, 2025","Sep 10, 2025",2026-04-23
BANGKOK BANK PUBLIC CO LTD (HONG K MTN RegS,Financial Institutions,Fixed Income,"762,044.84",0.13,"762,044.84","800,000.00",-,USY0606WCA63,BJRBK42,94.99,Thailand,-,USD,3.18,5.47,1.0,"Sep 25, 2034",3.73,3.12,-,5.35,3.15,5.35,USD,"Sep 25, 2019","Sep 25, 2019",2026-04-23
BAHRAIN (KINGDOM OF) MTN RegS,Sovereign,Fixed Income,"761,478.89",0.13,"761,478.89","800,000.00",-,XS2226916216,-,94.66,Bahrain,-,USD,5.32,6.48,1.0,"Sep 16, 2032",5.45,5.26,-,6.48,5.26,6.48,USD,"Sep 16, 2020","Sep 16, 2020",2026-04-23
GRUPO AVAL LTD RegS,Financial Institutions,Fixed Income,"761,366.11",0.13,"761,366.11","800,000.00",-,USG42045AC15,-,94.23,Colombia,-,USD,3.41,6.1,1.0,"Feb 04, 2030",4.38,3.38,-,6.10,3.38,6.10,USD,"Feb 04, 2020","Feb 04, 2020",2026-04-23
COTE D IVOIRE (REPUBLIC OF) RegS,Sovereign,Fixed Income,"758,136.00",0.13,"758,136.00","800,000.00",-,XS3299474083,-,93.72,Cote D'Ivoire (Ivory Coast),-,USD,8.65,7.49,1.0,"Feb 25, 2041",6.75,8.61,-,7.49,8.61,7.49,USD,"Feb 25, 2026","Feb 25, 2026",2026-04-23
BAHRAIN (KINGDOM OF) MTN RegS,Sovereign,Fixed Income,"755,025.33",0.13,"755,025.33","800,000.00",-,XS2290957146,-,93.12,Bahrain,-,USD,5.55,6.52,1.0,"Jan 25, 2033",5.25,5.48,-,6.52,5.48,6.52,USD,"Jan 25, 2021","Jan 25, 2021",2026-04-23
PETROBRAS GLOBAL FINANCE BV,Agency,Fixed Income,"753,358.89",0.13,"753,358.89","716,000.00",71647NAK5,US71647NAK54,BKQVML1,104.53,Brazil,-,USD,9.98,6.81,1.0,"Mar 17, 2044",7.25,10.06,-,6.81,10.06,6.81,USD,"Mar 17, 2014","Mar 17, 2014",2026-04-23
SERBIA (REPUBLIC OF) MTN RegS,Sovereign,Fixed Income,"753,167.72",0.13,"753,167.72","700,000.00",-,XS2580270275,-,107.14,Serbia,-,USD,5.91,5.32,1.0,"Sep 26, 2033",6.5,5.88,-,5.32,5.88,5.32,USD,"Jan 26, 2023","Jan 26, 2023",2026-04-23
SOUTH AFRICA (REPUBLIC OF),Sovereign,Fixed Income,"752,503.12",0.13,"752,503.12","900,000.00",836205AS3,US836205AS32,BP8VMW5,82.31,South Africa,-,USD,10.51,7.12,1.0,"Jul 24, 2044",5.38,10.59,-,7.12,10.59,7.12,USD,"Jul 24, 2014","Jul 24, 2014",2026-04-23
SHARJAH EMIRATE OF MTN RegS,Sovereign,Fixed Income,"749,330.56",0.13,"749,330.56","700,000.00",-,XS2587708624,-,104.38,United Arab Emirates,-,USD,5.25,5.69,1.0,"Nov 23, 2032",6.5,5.21,-,5.69,5.21,5.69,USD,"Feb 23, 2023","Feb 23, 2023",2026-04-23
STANDARD CHARTERED PLC RegS,Financial Institutions,Fixed Income,"748,336.07",0.13,"748,336.07","700,000.00",-,USG84228GP72,-,104.89,Hong Kong,-,USD,4.53,6.83,1.0,"Dec 31, 2079",7.63,4.83,-,6.58,4.54,6.58,USD,"Jan 16, 2025","Jan 16, 2025",2026-04-23
KENYA (REPUBLIC OF) RegS,Sovereign,Fixed Income,"745,716.67",0.13,"745,716.67","800,000.00",-,XS1781710626,BF2J2B4,92.0,Kenya,-,USD,9.4,9.1,1.0,"Feb 28, 2048",8.25,9.46,-,9.10,9.46,9.10,USD,"Feb 28, 2018","Feb 28, 2018",2026-04-23
DOMINICAN REPUBLIC (GOVERNMENT) RegS,Sovereign,Fixed Income,"744,828.12",0.13,"744,828.12","750,000.00",-,USP3579EBY25,BF2FTH7,98.12,Dominican Republic,-,USD,11.17,6.66,1.0,"Feb 15, 2048",6.5,11.34,-,6.66,11.34,6.66,USD,"Feb 15, 2018","Feb 15, 2018",2026-04-23
TEVA PHARM FINANCE LLC,Industrial,Fixed Income,"742,305.67",0.13,"742,305.67","700,000.00",88163VAD1,US88163VAD10,B0XRV48,104.68,Israel,-,USD,7.29,5.52,1.0,"Feb 01, 2036",6.15,7.26,-,5.52,7.26,5.52,USD,"Jan 31, 2006","Jan 31, 2006",2026-04-23
MOROCCO (KINGDOM OF) RegS,Sovereign,Fixed Income,"731,812.50",0.12,"731,812.50","1,000,000.00",-,XS2270577344,-,71.78,Morocco,-,USD,13.25,6.26,1.0,"Dec 15, 2050",4.0,13.47,-,6.26,13.47,6.26,USD,"Dec 15, 2020","Dec 15, 2020",2026-04-23
MARB BONDCO PLC RegS,Industrial,Fixed Income,"728,569.78",0.12,"728,569.78","800,000.00",-,USG5825AAC65,-,90.17,Brazil,-,USD,4.2,6.37,1.0,"Jan 29, 2031",3.95,4.2,-,6.37,4.2,6.37,USD,"Jan 29, 2021","Jan 29, 2021",2026-04-23
TOTAL PLAY TELECOMUNICACIONES SAPI RegS,Industrial,Fixed Income,"724,611.88",0.12,"724,611.88","780,000.00",-,USP9190PAM07,BSNZ8B4,92.25,Mexico,-,USD,3.56,13.58,1.0,"Dec 31, 2032",11.13,3.54,-,13.58,3.54,13.58,USD,"Feb 10, 2025","Feb 10, 2025",2026-04-23
PETROLEOS MEXICANOS,Agency,Fixed Income,"719,910.33",0.12,"719,910.33","850,000.00",71654QBR2,US71654QBR20,BRJ6RJ5,83.14,Mexico,-,USD,9.8,8.14,1.0,"Jan 23, 2045",6.38,9.85,-,8.14,9.85,8.14,USD,"Jul 23, 2014","Oct 21, 2014",2026-04-23
CBB INTERNATIONAL SUKUK PROGRAMME MTN RegS,Sovereign,Fixed Income,"715,664.06",0.12,"715,664.06","750,000.00",-,XS2408002769,-,93.78,Bahrain,-,USD,2.82,6.13,1.0,"May 18, 2029",3.88,2.79,-,6.13,2.79,6.13,USD,"Nov 18, 2021","Nov 18, 2021",2026-04-23
UKRAINE (REPUBLIC OF) B BONDS RegS,Sovereign,Fixed Income,"714,748.20",0.12,"714,748.20","1,485,963.00",-,XS2895056955,-,48.1,Ukraine,-,USD,6.7,13.82,1.0,"Feb 01, 2034",0.0,6.4,-,13.82,6.4,13.82,USD,"Aug 30, 2024","Aug 30, 2024",2026-04-23
MOROCCO (KINGDOM OF) RegS,Sovereign,Fixed Income,"710,400.00",0.12,"710,400.00","800,000.00",-,XS2270576965,BMHLJ13,87.75,Morocco,-,USD,5.84,5.2,1.0,"Dec 15, 2032",3.0,5.81,-,5.20,5.81,5.20,USD,"Dec 15, 2020","Dec 15, 2020",2026-04-23
VISTA ENERGY ARGENTINA SAU RegS,Industrial,Fixed Income,"710,079.86",0.12,"710,079.86","650,000.00",-,USP9659RAB44,-,106.15,Argentina,-,USD,3.23,7.23,1.0,"Jun 10, 2033",8.5,4.63,-,6.77,3.38,6.77,USD,"Jun 10, 2025","Jun 10, 2025",2026-04-23
TELECOM ARGENTINA SA RegS,Industrial,Fixed Income,"709,177.08",0.12,"709,177.08","650,000.00",-,USP9028NBT74,-,106.65,Argentina,-,USD,3.29,7.62,1.0,"Jul 18, 2031",9.5,3.39,-,7.50,3.18,7.50,USD,"Jul 18, 2024","Jul 18, 2024",2026-04-23
CEMEX SAB DE CV RegS,Industrial,Fixed Income,"703,235.07",0.12,"703,235.07","700,000.00",-,USP2253TJS98,BMJ1BZ9,99.85,Mexico,-,USD,0.13,4.52,1.0,"Dec 31, 2079",5.13,0.31,-,6.25,0.13,6.25,USD,"Jun 08, 2021","Jun 08, 2021",2026-04-23
GLP PTE LTD MTN RegS,Financial Institutions,Fixed Income,"700,716.67",0.12,"700,716.67","800,000.00",-,XS3071310059,-,83.5,Singapore,-,USD,1.8,19.79,1.0,"May 20, 2028",9.75,1.67,-,19.79,1.67,19.79,USD,"May 20, 2025","May 20, 2025",2026-04-23
DOMINICAN REPUBLIC (GOVERNMENT) RegS,Sovereign,Fixed Income,"697,355.56",0.12,"697,355.56","700,000.00",-,USP3579EDA21,-,98.6,Dominican Republic,-,USD,6.21,5.97,1.0,"Mar 17, 2034",5.75,6.2,-,5.97,6.2,5.97,USD,"Feb 17, 2026","Feb 17, 2026",2026-04-23
BAHRAIN KINGDOM OF (GOVERNMENT) RegS,Sovereign,Fixed Income,"696,234.67",0.12,"696,234.67","800,000.00",-,XS1110833123,BQSC1P1,86.5,Bahrain,-,USD,10.31,7.35,1.0,"Sep 19, 2044",6.0,10.38,-,7.35,10.38,7.35,USD,"Sep 17, 2014","Sep 17, 2014",2026-04-23
PETROBRAS GLOBAL FINANCE BV,Agency,Fixed Income,"695,979.00",0.12,"695,979.00","675,000.00",71647NBH1,US71647NBH17,-,101.43,Brazil,-,USD,3.97,5.25,1.0,"Jan 03, 2031",5.6,4.03,-,5.24,3.84,5.24,USD,"Jun 03, 2020","Jun 03, 2020",2026-04-23
ALTICE FINANCING SA RegS,Industrial,Fixed Income,"691,500.00",0.12,"691,500.00","900,000.00",-,USL0178WAH53,BJVLRY7,75.5,Luxembourg,-,USD,1.63,22.88,1.0,"Jan 15, 2028",5.0,1.48,-,22.88,1.48,22.88,USD,"Jan 22, 2020","Jan 22, 2020",2026-04-23
CBB INTERNATIONAL SUKUK PROGRAMME RegS,Sovereign,Fixed Income,"684,969.44",0.12,"684,969.44","700,000.00",-,XS2226917701,-,97.47,Bahrain,-,USD,1.35,5.85,1.0,"Sep 16, 2027",3.95,1.33,-,5.85,1.33,5.85,USD,"Sep 16, 2020","Sep 16, 2020",2026-04-23
UKRAINE (REPUBLIC OF) A BONDS RegS,Sovereign,Fixed Income,"669,679.83",0.11,"669,679.83","864,103.00",-,XS2895055981,-,76.5,Ukraine,-,USD,2.52,16.37,1.0,"Feb 01, 2029",4.5,2.37,-,16.37,2.37,16.37,USD,"Aug 01, 2024","Aug 30, 2024",2026-04-23
PETROLEOS DEL PERU PETROPERU SA RegS,Agency,Fixed Income,"668,842.74",0.11,"668,842.74","800,000.00",-,USP7808BAA54,BZ3ZZ12,82.0,Peru,-,USD,5.12,8.57,1.0,"Jun 19, 2032",4.75,5.0,-,8.57,5.0,8.57,USD,"Jun 19, 2017","Jun 19, 2017",2026-04-23
BBVA MEXICO SA INSTITUCION DE BANC MTN RegS,Financial Institutions,Fixed Income,"667,197.92",0.11,"667,197.92","600,000.00",-,USP1S81BAB48,-,108.88,Mexico,-,USD,5.72,7.05,1.0,"Jan 08, 2039",8.13,5.68,-,6.63,5.66,6.63,USD,"Jan 08, 2024","Jan 08, 2024",2026-04-23
BANCOLOMBIA SA,Financial Institutions,Fixed Income,"663,012.63",0.11,"663,012.63","600,000.00",05968LAN2,US05968LAN29,-,107.7,Colombia,-,USD,2.74,7.22,1.0,"Dec 24, 2034",8.63,3.03,-,5.92,2.71,5.92,USD,"Jun 24, 2024","Jun 24, 2024",2026-04-23
CSN ISLANDS XI CORP RegS,Industrial,Fixed Income,"658,850.00",0.11,"658,850.00","800,000.00",-,USG2583XAB76,-,80.8,Brazil,-,USD,1.63,20.15,1.0,"Jan 28, 2028",6.75,1.51,-,20.15,1.51,20.15,USD,"Jan 28, 2020","Jan 28, 2020",2026-04-23
OTP BANK NYRT MTN RegS,Financial Institutions,Fixed Income,"656,875.00",0.11,"656,875.00","600,000.00",-,XS2586007036,-,105.69,Hungary,-,USD,2.0,7.83,1.0,"May 15, 2033",8.75,1.75,-,7.83,1.62,7.83,USD,"Feb 15, 2023","Feb 15, 2023",2026-04-23
BANCO MERCANTIL DEL NORTE (NC10.5) RegS,Financial Institutions,Fixed Income,"656,295.83",0.11,"656,295.83","600,000.00",-,USP1400MAE86,-,107.9,Mexico,-,USD,6.04,8.11,1.0,"Dec 31, 2079",8.75,6.3,-,7.61,6.15,7.61,USD,"Nov 20, 2024","Nov 20, 2024",2026-04-23
YAPI VE KREDI BANKASI AS MTN RegS,Financial Institutions,Fixed Income,"649,670.83",0.11,"649,670.83","600,000.00",-,XS2445343689,-,108.15,Turkey,-,USD,2.24,5.69,1.0,"Oct 16, 2028",9.25,2.22,-,5.69,2.22,5.69,USD,"Sep 13, 2023","Sep 13, 2023",2026-04-23
TURKIYE VAKIFLAR BANKASI TAO MTN RegS,Agency,Fixed Income,"649,182.00",0.11,"649,182.00","600,000.00",-,XS2677517497,-,107.97,Turkey,-,USD,2.24,5.51,1.0,"Oct 12, 2028",9.0,2.22,-,5.51,2.22,5.51,USD,"Sep 12, 2023","Sep 12, 2023",2026-04-23
ABU DHABI COMMERCIAL BANK PJSC RegS,Agency,Fixed Income,"646,590.00",0.11,"646,590.00","600,000.00",-,XS2725803162,-,104.57,United Arab Emirates,-,USD,2.31,7.21,1.0,"Dec 31, 2079",8.0,2.5,-,6.07,2.27,6.07,USD,"Nov 27, 2023","Nov 27, 2023",2026-04-23
BANCO MERCANTIL DEL NORTE (NC6.5) RegS,Financial Institutions,Fixed Income,"645,084.58",0.11,"645,084.58","600,000.00",-,USP1400MAD04,-,106.1,Mexico,-,USD,3.93,7.71,1.0,"Dec 31, 2079",8.38,3.95,-,7.00,4.02,7.00,USD,"Nov 20, 2024","Nov 20, 2024",2026-04-23
UKRAINE (REPUBLIC OF) B BONDS MLB RegS,Sovereign,Fixed Income,"644,475.83",0.11,"644,475.83","1,227,573.00",-,XS2895057177,-,52.5,Ukraine,-,USD,7.44,12.0,1.0,"Feb 01, 2035",0.0,7.17,-,12.00,7.17,12.00,USD,"Aug 30, 2024","Aug 30, 2024",2026-04-23
YAPI VE KREDI BANKASI AS RegS,Financial Institutions,Fixed Income,"644,131.67",0.11,"644,131.67","600,000.00",-,XS2741069996,-,104.94,Turkey,-,USD,2.39,8.33,1.0,"Jan 17, 2034",9.25,2.29,-,7.22,2.35,7.22,USD,"Jan 17, 2024","Jan 17, 2024",2026-04-23
EREGLI DEMIR VE CELIK FABRIKALARI RegS,Industrial,Fixed Income,"641,359.33",0.11,"641,359.33","600,000.00",-,XS2861686041,-,104.85,Turkey,-,USD,2.82,6.69,1.0,"Jul 23, 2029",8.38,2.78,-,6.69,2.78,6.69,USD,"Jul 23, 2024","Jul 23, 2024",2026-04-23
HTA GROUP LTD RegS,Industrial,Fixed Income,"635,887.00",0.11,"635,887.00","600,000.00",-,XS2826815446,-,103.13,Tanzania,-,USD,1.67,6.37,1.0,"Jun 04, 2029",7.5,2.68,-,5.90,1.89,5.90,USD,"Jun 04, 2024","Jun 04, 2024",2026-04-23
TRANSNET SOC LTD MTN RegS,Agency,Fixed Income,"634,378.50",0.11,"634,378.50","600,000.00",-,XS2582981952,-,104.01,South Africa,-,USD,1.65,5.85,1.0,"Feb 06, 2028",8.25,1.63,-,5.85,1.63,5.85,USD,"Feb 06, 2023","Feb 06, 2023",2026-04-23
TURKIYE VAKIFLAR BANKASI TAO MTN RegS,Agency,Fixed Income,"632,211.01",0.11,"632,211.01","600,000.00",-,XS2850573374,-,104.97,Turkey,-,USD,2.8,8.08,1.0,"Oct 05, 2034",8.99,2.89,-,7.23,2.75,7.23,USD,"Jul 05, 2024","Jul 05, 2024",2026-04-23
TURKIYE GARANTI BANKASI AS MTN RegS,Financial Institutions,Fixed Income,"631,125.00",0.11,"631,125.00","600,000.00",-,XS2913414384,-,102.75,Turkey,-,USD,3.15,7.5,1.0,"Jan 03, 2035",8.13,3.05,-,7.26,3.09,7.26,USD,"Dec 03, 2024","Dec 03, 2024",2026-04-23
C&W SENIOR FINANCE LTD RegS,Industrial,Fixed Income,"630,522.00",0.11,"630,522.00","600,000.00",-,USG3169MAA39,-,102.69,Panama,-,USD,3.69,8.46,1.0,"Jan 15, 2033",9.0,4.89,-,8.14,3.06,8.14,USD,"Feb 11, 2025","Feb 11, 2025",2026-04-23
ARABIAN CENTRES SUKUK III LTD RegS,Financial Institutions,Fixed Income,"630,525.00",0.11,"630,525.00","600,000.00",-,XS2756519232,-,103.9,Saudi Arabia,-,USD,1.42,7.95,1.0,"Mar 06, 2029",9.5,2.46,-,7.23,1.69,7.23,USD,"Mar 06, 2024","Mar 06, 2024",2026-04-23
TEVA PHARMACEUTICAL FINANCE NETHER,Industrial,Fixed Income,"629,310.67",0.11,"629,310.67","600,000.00",881937AA4,US881937AA41,-,102.65,Israel,-,USD,3.86,5.1,1.0,"Dec 01, 2030",5.75,3.94,-,5.07,3.74,5.07,USD,"May 28, 2025","May 28, 2025",2026-04-23
ADIB CAPITAL INVEST 3 LTD RegS,Financial Institutions,Fixed Income,"627,941.50",0.11,"627,941.50","600,000.00",-,XS2642454271,-,102.78,United Arab Emirates,-,USD,2.08,6.82,1.0,"Dec 31, 2079",7.25,2.27,-,5.90,2.02,5.90,USD,"Jul 18, 2023","Jul 18, 2023",2026-04-23
BANCO DE CREDITO DEL PERU MTN RegS,Financial Institutions,Fixed Income,"625,807.50",0.11,"625,807.50","600,000.00",05971V2J3,US05971V2J35,-,102.85,Peru,-,USD,3.5,6.18,1.0,"Jul 30, 2035",6.45,3.63,-,5.65,3.47,5.65,USD,"Apr 30, 2025","Apr 30, 2025",2026-04-23
IRB INFRASTRUCTURE DEVELOPERS LTD RegS,Industrial,Fixed Income,"624,438.00",0.11,"624,438.00","600,000.00",-,XS2775699577,-,103.28,India,-,USD,3.25,6.35,1.0,"Mar 11, 2032",7.11,4.22,-,6.27,3.85,6.27,USD,"Mar 11, 2024","Mar 11, 2024",2026-04-23
NICKEL INDUSTRIES LTD RegS,Industrial,Fixed Income,"623,784.00",0.11,"623,784.00","600,000.00",-,USQ67949AD17,-,103.44,Indonesia,-,USD,2.98,8.06,1.0,"Sep 30, 2030",9.0,3.61,-,7.84,2.91,7.84,USD,"Sep 30, 2025","Sep 30, 2025",2026-04-23
COMPANIA DE MINAS BUENAVENTURA SAA RegS,Industrial,Fixed Income,"623,462.67",0.11,"623,462.67","600,000.00",-,USP6680PAB78,-,102.46,Peru,-,USD,3.52,6.28,1.0,"Feb 04, 2032",6.8,4.68,-,6.06,3.26,6.06,USD,"Feb 04, 2025","Feb 04, 2025",2026-04-23
LIMAK CIMENTO SANAYI VE TICARET AS RegS,Industrial,Fixed Income,"623,077.00",0.11,"623,077.00","600,000.00",-,XS2862382541,-,101.52,Turkey,-,USD,2.22,9.19,1.0,"Jul 25, 2029",9.75,2.69,-,8.98,1.95,8.98,USD,"Jul 25, 2024","Jul 25, 2024",2026-04-23
DAR AL-ARKAN SUKUK COMPANY LTD MTN RegS,Financial Institutions,Fixed Income,"621,756.83",0.11,"621,756.83","600,000.00",-,XS3101460304,-,101.43,Saudi Arabia,-,USD,3.55,6.85,1.0,"Jul 02, 2030",7.25,3.5,-,6.85,3.5,6.85,USD,"Jul 02, 2025","Jul 02, 2025",2026-04-23
MELCO RESORTS FINANCE LTD RegS,Industrial,Fixed Income,"621,208.33",0.11,"621,208.33","600,000.00",-,USG5975LAK29,-,103.45,Macau,-,USD,2.81,6.91,1.0,"Apr 17, 2032",7.63,4.77,-,6.34,2.65,6.34,USD,"Apr 17, 2024","Apr 17, 2024",2026-04-23
IVANHOE MINES LTD RegS,Industrial,Fixed Income,"620,925.00",0.11,"620,925.00","600,000.00",-,XS2978907512,-,101.56,Democratic Rep of Congo,-,USD,2.62,7.39,1.0,"Jan 23, 2030",7.88,3.15,-,7.23,2.4,7.23,USD,"Jan 23, 2025","Jan 23, 2025",2026-04-23
SAB AT1 LTD RegS,Financial Institutions,Fixed Income,"620,937.50",0.11,"620,937.50","600,000.00",-,XS3072307807,-,100.63,Saudi Arabia,-,USD,3.27,6.08,1.0,"Dec 31, 2079",6.88,3.71,-,6.08,3.42,6.08,USD,"May 21, 2025","May 21, 2025",2026-04-23
TELEKOM SRBIJA AD BEOGRAD RegS,Agency,Fixed Income,"619,913.33",0.11,"619,913.33","600,000.00",-,XS2921374273,-,99.95,Serbia,-,USD,2.6,7.01,1.0,"Oct 28, 2029",7.0,2.97,-,7.01,2.97,7.01,USD,"Oct 28, 2024","Oct 28, 2024",2026-04-23
BAB USD AT1 SUKUK LTD RegS,Financial Institutions,Fixed Income,"618,922.50",0.11,"618,922.50","600,000.00",-,XS3071347994,-,100.36,Saudi Arabia,-,USD,3.4,6.51,1.0,"Dec 31, 2079",6.75,3.71,-,6.51,3.43,6.51,USD,"May 22, 2025","May 22, 2025",2026-04-23
KLABIN AUSTRIA GMBH RegS,Industrial,Fixed Income,"618,600.00",0.11,"618,600.00","600,000.00",-,USA35155AB50,BHQ4FT8,102.75,Brazil,-,USD,11.21,6.76,1.0,"Apr 03, 2049",7.0,11.46,-,6.76,11.35,6.76,USD,"Apr 03, 2019","Apr 03, 2019",2026-04-23
BANCO DO BRASIL SA (CAYMAN ISLANDS MTN RegS,Agency,Fixed Income,"617,937.50",0.11,"617,937.50","600,000.00",-,USP2000TAB19,-,102.94,Brazil,-,USD,3.53,5.42,1.0,"Apr 18, 2030",6.25,3.5,-,5.42,3.5,5.42,USD,"Apr 18, 2023","Apr 18, 2023",2026-04-23
MUTHOOT FINANCE LTD MTN RegS,Financial Institutions,Fixed Income,"616,956.25",0.11,"616,956.25","600,000.00",62828M2C4,US62828M2C41,-,101.5,India,-,USD,1.33,5.99,1.0,"Feb 14, 2028",7.13,1.31,-,5.99,1.31,5.99,USD,"May 14, 2024","May 14, 2024",2026-04-23
WE SODA INVESTMENTS HOLDING PLC RegS,Industrial,Fixed Income,"615,718.75",0.1,"615,718.75","600,000.00",-,USG95448AC32,-,100.88,Turkey,-,USD,3.04,9.14,1.0,"Feb 14, 2031",9.38,3.75,-,9.01,2.39,9.01,USD,"Feb 14, 2024","Feb 14, 2024",2026-04-23
KFH TIER 1 SUKUK 2 LTD RegS,Financial Institutions,Fixed Income,"615,609.17",0.1,"615,609.17","600,000.00",-,XS3201991232,-,99.98,Kuwait,-,USD,3.84,6.37,1.0,"Dec 31, 2079",6.25,4.12,-,6.25,4.19,6.25,USD,"Nov 20, 2025","Nov 20, 2025",2026-04-23
SHARJAH EMIRATE OF MTN RegS,Sovereign,Fixed Income,"613,593.75",0.1,"613,593.75","600,000.00",-,XS2775892065,-,101.5,United Arab Emirates,-,USD,7.34,5.92,1.0,"Mar 06, 2036",6.13,7.3,-,5.92,7.3,5.92,USD,"Mar 06, 2024","Mar 06, 2024",2026-04-23
WE SODA INVESTMENTS HOLDING PLC RegS,Industrial,Fixed Income,"612,687.50",0.1,"612,687.50","600,000.00",-,USG95448AA75,-,101.72,Turkey,-,USD,1.48,8.7,1.0,"Oct 06, 2028",9.5,2.15,-,8.22,1.34,8.22,USD,"Oct 06, 2023","Oct 06, 2023",2026-04-23
MUTHOOT FINANCE LTD MTN RegS,Financial Institutions,Fixed Income,"611,962.25",0.1,"611,962.25","600,000.00",62828M2E0,US62828M2E07,-,101.13,India,-,USD,3.08,6.01,1.0,"Mar 02, 2030",6.38,3.04,-,6.01,3.04,6.01,USD,"Sep 02, 2025","Sep 02, 2025",2026-04-23
SOUTH AFRICA (REPUBLIC OF),Sovereign,Fixed Income,"611,500.00",0.1,"611,500.00","800,000.00",836205AV6,US836205AV60,BDGL6Z4,76.31,South Africa,-,USD,11.32,7.24,1.0,"Oct 12, 2046",5.0,11.44,-,7.24,11.44,7.24,USD,"Oct 12, 2016","Oct 12, 2016",2026-04-23
PETROBRAS GLOBAL FINANCE BV,Agency,Fixed Income,"610,350.00",0.1,"610,350.00","600,000.00",71645WAS0,US71645WAS08,B3VWQ63,100.15,Brazil,-,USD,9.11,6.73,1.0,"Jan 27, 2041",6.75,9.12,-,6.73,9.12,6.73,USD,"Jan 27, 2011","Jan 27, 2011",2026-04-23
DIB TIER 1 SUKUK (4) LTD RegS,Financial Institutions,Fixed Income,"610,216.67",0.1,"610,216.67","600,000.00",-,XS2258453443,-,99.75,United Arab Emirates,-,USD,0.08,7.9,1.0,"Dec 31, 2079",4.63,0.36,-,7.71,0.11,7.71,USD,"Nov 19, 2020","Nov 19, 2020",2026-04-23
SAIB TIER 1 SUKUK LIMITED RegS,Financial Institutions,Fixed Income,"609,300.00",0.1,"609,300.00","600,000.00",-,XS2917911401,-,99.0,Saudi Arabia,-,USD,3.0,6.15,1.0,"Dec 31, 2079",6.38,3.38,-,6.15,3.46,6.15,USD,"Nov 27, 2024","Nov 27, 2024",2026-04-23
LATAM AIRLINES GROUP SA RegS,Industrial,Fixed Income,"609,161.11",0.1,"609,161.11","580,000.00",-,USP62138AC95,-,102.83,Chile,-,USD,2.87,6.91,1.0,"Jan 07, 2031",7.63,3.84,-,6.63,2.76,6.63,USD,"Jul 07, 2025","Jul 07, 2025",2026-04-23
INDUSTRIAL SUBORDINATED TRUST 2.0 RegS,Financial Institutions,Fixed Income,"608,755.00",0.1,"608,755.00","600,000.00",-,USG4800DAA66,-,101.35,Guatemala,-,USD,4.07,6.46,1.0,"Apr 15, 2036",6.55,4.18,-,6.22,4.02,6.22,USD,"Jan 15, 2026","Jan 15, 2026",2026-04-23
BIOCON BIOLOGICS GLOBAL PLC RegS,Industrial,Fixed Income,"607,656.26",0.1,"607,656.26","600,000.00",-,USG11185AA61,-,101.05,India,-,USD,2.47,6.33,1.0,"Oct 09, 2029",6.67,3.05,-,6.20,2.24,6.20,USD,"Oct 09, 2024","Oct 09, 2024",2026-04-23
MELCO RESORTS FINANCE LTD RegS,Industrial,Fixed Income,"604,875.00",0.1,"604,875.00","600,000.00",-,USG5975LAF34,BL9Y8P0,99.38,Macau,-,USD,1.42,6.05,1.0,"Jul 21, 2028",5.75,2.05,-,6.05,2.05,6.05,USD,"Jul 21, 2020","Jul 21, 2020",2026-04-23
ANB TIER 1 SUKUK COMPANY LTD RegS,Financial Institutions,Fixed Income,"604,774.00",0.1,"604,774.00","600,000.00",-,XS3170935608,-,100.05,Saudi Arabia,-,USD,3.75,6.58,1.0,"Dec 31, 2079",6.4,4.03,-,6.49,3.74,6.49,USD,"Sep 09, 2025","Sep 09, 2025",2026-04-23
CBB INTERNATIONAL SUKUK PROGRAMME RegS,Sovereign,Fixed Income,"604,536.50",0.1,"604,536.50","600,000.00",-,XS2611617619,-,100.7,Bahrain,-,USD,3.91,6.07,1.0,"Oct 18, 2030",6.25,3.87,-,6.07,3.87,6.07,USD,"Apr 18, 2023","Apr 18, 2023",2026-04-23
LEVIATHAN BOND LTD,Industrial,Fixed Income,"603,498.44",0.1,"603,498.44","575,000.00",-,IL0011677908,-,102.88,Israel,-,USD,3.59,5.96,1.0,"Jun 30, 2030",6.75,3.55,-,5.96,3.55,5.96,USD,"Aug 18, 2020","Aug 18, 2020",2026-04-23
ALPHA STAR HOLDING IX LTD RegS,Financial Institutions,Fixed Income,"602,666.67",0.1,"602,666.67","600,000.00",-,XS3006253044,-,99.38,United Arab Emirates,-,USD,2.15,7.29,1.0,"Aug 26, 2028",7.0,2.11,-,7.29,2.11,7.29,USD,"Feb 26, 2025","Feb 26, 2025",2026-04-23
BBVA BANCOMER SA (TEXAS BRANCH) RegS,Financial Institutions,Fixed Income,"601,069.17",0.1,"601,069.17","600,000.00",-,USP16259AM84,BYVW206,98.84,Mexico,-,USD,1.64,6.34,1.0,"Jan 18, 2033",5.13,1.57,-,5.83,1.62,5.83,USD,"Jan 17, 2018","Jan 17, 2018",2026-04-23
EMIRATES NBD BANK PJSC RegS,Agency,Fixed Income,"600,600.00",0.1,"600,600.00","600,000.00",-,XS2342723900,-,98.4,United Arab Emirates,-,USD,0.94,7.01,1.0,"Dec 31, 2079",4.25,0.87,-,5.77,1.04,5.77,USD,"May 27, 2021","May 27, 2021",2026-04-23
PETROBRAS GLOBAL FINANCE BV,Agency,Fixed Income,"599,212.08",0.1,"599,212.08","600,000.00",71647NBM0,US71647NBM02,-,99.28,Brazil,-,USD,3.86,5.31,1.0,"Sep 10, 2030",5.13,3.86,-,5.31,3.86,5.31,USD,"Sep 10, 2025","Sep 10, 2025",2026-04-23
AMAGGI LUXEMBOURG INTERNATIONAL SA RegS,Industrial,Fixed Income,"598,052.50",0.1,"598,052.50","600,000.00",-,USL0183BAA90,BNDN4V5,98.47,Brazil,-,USD,1.56,6.17,1.0,"Jan 28, 2028",5.25,1.64,-,6.17,1.64,6.17,USD,"Jan 28, 2021","Jan 28, 2021",2026-04-23
WYNN MACAU LTD RegS,Industrial,Fixed Income,"596,325.00",0.1,"596,325.00","600,000.00",-,USG98149AE02,-,97.59,Macau,-,USD,2.78,5.86,1.0,"Dec 15, 2029",5.13,3.22,-,5.86,3.22,5.86,USD,"Dec 17, 2019","Dec 17, 2019",2026-04-23
KASIKORNBANK PCL (HONG KONG BRANCH MTN RegS,Financial Institutions,Fixed Income,"595,784.62",0.1,"595,784.62","600,000.00",-,XS2056558088,BKPGWS4,99.12,Thailand,-,USD,0.44,5.59,1.0,"Oct 02, 2031",3.34,0.4,-,5.35,0.44,5.35,USD,"Oct 02, 2019","Oct 02, 2019",2026-04-23
NOVA SECURITISATION SARL RegS,Utility,Fixed Income,"595,100.00",0.1,"595,100.00","600,000.00",-,USL70906AA73,-,97.94,Brazil,-,USD,4.1,6.25,1.0,"Feb 03, 2031",5.75,4.06,-,6.25,4.06,6.25,USD,"Feb 03, 2026","Feb 03, 2026",2026-04-23
RIYAD TIER 1 SUKUK LTD RegS,Financial Institutions,Fixed Income,"594,397.33",0.1,"594,397.33","600,000.00",-,XS2431946529,-,98.34,Saudi Arabia,-,USD,1.2,6.02,1.0,"Dec 31, 2079",4.0,1.1,-,5.31,1.26,5.31,USD,"Feb 16, 2022","Feb 16, 2022",2026-04-23
SHARJAH SUKUK PROGRAMME LTD RegS,Sovereign,Fixed Income,"594,362.20",0.1,"594,362.20","600,000.00",-,XS2914525154,-,99.0,United Arab Emirates,-,USD,7.05,5.58,1.0,"Apr 17, 2035",5.43,7.02,-,5.58,7.02,5.58,USD,"Oct 17, 2024","Oct 17, 2024",2026-04-23
PRIO LUXEMBOURG HOLDING SARL RegS,Industrial,Fixed Income,"592,875.00",0.1,"592,875.00","600,000.00",-,USL7S62BAA03,-,98.7,Brazil,-,USD,3.54,7.09,1.0,"Oct 15, 2030",6.75,3.8,-,7.09,3.8,7.09,USD,"Oct 15, 2025","Oct 15, 2025",2026-04-23
SHARJAH SUKUK PROGRAMME LTD MTN RegS,Sovereign,Fixed Income,"591,278.03",0.1,"591,278.03","600,000.00",-,XS1791326991,BYZPV04,98.11,United Arab Emirates,-,USD,1.8,5.28,1.0,"Mar 14, 2028",4.23,1.79,-,5.28,1.79,5.28,USD,"Mar 14, 2018","Mar 14, 2018",2026-04-23
BORR IHC LTD RegS,Industrial,Fixed Income,"590,688.14",0.1,"590,688.14","541,748.00",-,USG1467FAB97,BMTRBN5,104.54,Mexico,-,USD,1.92,9.27,1.0,"Nov 15, 2030",10.38,3.03,-,8.49,1.98,8.49,USD,"Nov 07, 2023","Nov 07, 2023",2026-04-23
SHARJAH SUKUK PROGRAMME LTD RegS,Sovereign,Fixed Income,"590,193.37",0.1,"590,193.37","600,000.00",-,XS2182820329,-,97.3,United Arab Emirates,-,USD,1.09,5.43,1.0,"Jun 10, 2027",2.94,1.08,-,5.43,1.08,5.43,USD,"Jun 10, 2020","Jun 10, 2020",2026-04-23
RIYAD T1 SUKUK LTD RegS,Financial Institutions,Fixed Income,"588,858.00",0.1,"588,858.00","600,000.00",-,XS2903270671,-,97.87,Saudi Arabia,-,USD,3.08,5.98,1.0,"Dec 31, 2079",5.5,3.39,-,5.97,3.48,5.97,USD,"Oct 03, 2024","Oct 03, 2024",2026-04-23
DUBAI (EMIRATE OF) MTN RegS,Sovereign,Fixed Income,"587,869.50",0.1,"587,869.50","600,000.00",-,XS0880597603,B9BMNF3,96.8,United Arab Emirates,-,USD,10.72,5.54,1.0,"Jan 30, 2043",5.25,10.82,-,5.54,10.82,5.54,USD,"Jan 30, 2013","Jan 30, 2013",2026-04-23
VEON HOLDINGS BV MTN RegS,Industrial,Fixed Income,"587,524.50",0.1,"587,524.50","600,000.00",-,XS2824764521,-,96.55,Pakistan,-,USD,1.52,5.66,1.0,"Nov 25, 2027",3.38,1.5,-,5.66,1.5,5.66,USD,"May 25, 2024","May 29, 2024",2026-04-23
SOBHA SUKUK I HOLDING LTD RegS,Financial Institutions,Fixed Income,"586,360.00",0.1,"586,360.00","600,000.00",-,XS3168203019,-,96.94,United Arab Emirates,-,USD,3.74,7.96,1.0,"Sep 11, 2030",7.13,3.66,-,7.96,3.66,7.96,USD,"Sep 11, 2025","Sep 11, 2025",2026-04-23
CENTRAIS ELETRICAS BRASILEIRAS SA RegS,Utility,Fixed Income,"584,155.42",0.1,"584,155.42","600,000.00",-,USP22835AB13,BKLPRD5,96.37,Brazil,-,USD,3.42,5.7,1.0,"Feb 04, 2030",4.63,3.38,-,5.70,3.38,5.70,USD,"Feb 04, 2020","Feb 04, 2020",2026-04-23
CT TRUST RegS,Industrial,Fixed Income,"583,052.50",0.1,"583,052.50","600,000.00",-,USG2588BAA29,BNSMF47,96.06,Guatemala,-,USD,4.37,5.94,1.0,"Feb 03, 2032",5.13,4.86,-,5.94,4.86,5.94,USD,"Feb 03, 2022","Feb 03, 2022",2026-04-23
SEASPAN CORP RegS,Industrial,Fixed Income,"581,468.35",0.1,"581,468.35","600,000.00",-,USY75638AF67,BNXKW45,95.69,Hong Kong,-,USD,2.8,6.99,1.0,"Aug 01, 2029",5.5,2.9,-,6.99,2.9,6.99,USD,"Jul 14, 2021","Jul 14, 2021",2026-04-23
SRI LANKA (REPUBLIC OF) PDI RegS,Sovereign,Fixed Income,"581,451.81",0.1,"581,451.81","602,437.00",-,XS2966242500,-,96.45,Sri Lanka,-,USD,1.54,6.37,1.0,"Apr 15, 2028",4.0,1.51,-,6.37,1.51,6.37,USD,"Oct 15, 2024","Dec 20, 2024",2026-04-23
TECPETROL SA RegS,Industrial,Fixed Income,"581,120.83",0.1,"581,120.83","550,000.00",-,USP90187AT55,-,102.1,Argentina,-,USD,3.1,7.07,1.0,"Nov 03, 2030",7.63,3.66,-,6.94,2.96,6.94,USD,"Nov 03, 2025","Nov 03, 2025",2026-04-23
CANPACK SA RegS,Industrial,Fixed Income,"577,825.00",0.1,"577,825.00","600,000.00",-,USU1390CAA46,-,94.63,Poland,-,USD,3.12,5.56,1.0,"Nov 15, 2029",3.88,3.21,-,5.56,3.21,5.56,USD,"Oct 12, 2021","Oct 12, 2021",2026-04-23
DUBAI (EMIRATE OF) MTN RegS,Sovereign,Fixed Income,"576,640.00",0.1,"576,640.00","800,000.00",-,XS2226973522,-,71.63,United Arab Emirates,-,USD,13.51,6.16,1.0,"Sep 09, 2050",3.9,13.74,-,6.16,13.74,6.16,USD,"Sep 09, 2020","Sep 09, 2020",2026-04-23
ENERGEAN ISRAEL FINANCE LTD,Industrial,Fixed Income,"575,806.25",0.1,"575,806.25","600,000.00",-,IL0011736811,BKP8KT7,95.63,Israel,-,USD,4.17,6.93,1.0,"Mar 30, 2031",5.88,4.18,-,6.93,4.18,6.93,USD,"Mar 24, 2021","Mar 24, 2021",2026-04-23
MILLICOM INTERNATIONAL CELLULAR S. RegS,Industrial,Fixed Income,"571,326.00",0.1,"571,326.00","600,000.00",-,USL6388GHX18,BMF7010,93.05,Colombia,-,USD,4.15,6.13,1.0,"Apr 27, 2031",4.5,4.29,-,6.13,4.29,6.13,USD,"Oct 27, 2020","Oct 27, 2020",2026-04-23
ECOPETROL SA,Agency,Fixed Income,"570,156.25",0.1,"570,156.25","600,000.00",279158AE9,US279158AE95,BDV0K98,94.35,Colombia,-,USD,9.39,7.98,1.0,"Sep 18, 2043",7.38,9.41,-,7.98,9.41,7.98,USD,"Sep 18, 2013","Sep 18, 2013",2026-04-23
BRASKEM NETHERLANDS FINANCE BV RegS,Industrial,Fixed Income,"558,875.00",0.1,"558,875.00","1,000,000.00",-,USN15516AD40,BHT64C7,54.88,Brazil,-,USD,3.28,23.01,1.0,"Jan 31, 2030",4.5,3.0,-,23.01,3.0,23.01,USD,"Nov 01, 2019","Nov 01, 2019",2026-04-23
SASOL FINANCING USA LLC,Industrial,Fixed Income,"558,481.00",0.1,"558,481.00","600,000.00",80386WAD7,US80386WAD74,-,92.58,South Africa,-,USD,4.17,7.33,1.0,"Mar 18, 2031",5.5,4.17,-,7.33,4.17,7.33,USD,"Mar 18, 2021","Mar 18, 2021",2026-04-23
BBVA BANCOMER SA INSTITUCION DE BA RegS,Financial Institutions,Fixed Income,"554,318.26",0.09,"554,318.26","550,000.00",-,USP16259AN67,BKTC4L5,100.17,Mexico,-,USD,3.05,7.08,1.0,"Sep 13, 2034",5.88,2.96,-,5.82,3.02,5.82,USD,"Sep 13, 2019","Sep 13, 2019",2026-04-23
MINERVA LUXEMBOURG SA RegS,Industrial,Fixed Income,"546,531.25",0.09,"546,531.25","600,000.00",-,USL6401PAJ23,BMV33K2,90.69,Brazil,-,USD,4.25,6.63,1.0,"Mar 18, 2031",4.38,4.28,-,6.63,4.28,6.63,USD,"Mar 18, 2021","Mar 18, 2021",2026-04-23
YPF SA RegS,Agency,Fixed Income,"546,502.78",0.09,"546,502.78","500,000.00",-,USP989MJBU46,-,106.82,Argentina,-,USD,2.15,6.41,1.0,"Jan 17, 2031",9.5,2.14,-,6.38,2.12,6.38,USD,"Jan 17, 2024","Jan 17, 2024",2026-04-23
KENYA (REPUBLIC OF) RegS,Sovereign,Fixed Income,"544,350.00",0.09,"544,350.00","600,000.00",-,XS2354781614,-,89.19,Kenya,-,USD,5.62,8.31,1.0,"Jan 23, 2034",6.3,5.51,-,8.31,5.51,8.31,USD,"Jun 23, 2021","Jun 23, 2021",2026-04-23
MILLICOM INTERNATIONAL CELLULAR S. RegS,Industrial,Fixed Income,"543,871.20",0.09,"543,871.20","540,000.00",-,USL6388GHV51,BJQ1YF2,100.27,Colombia,-,USD,1.5,6.15,1.0,"Mar 25, 2029",6.25,2.63,-,5.95,0.89,5.95,USD,"Mar 25, 2019","Mar 25, 2019",2026-04-23
UKRAINE (REPUBLIC OF) B BONDS MLB RegS,Sovereign,Fixed Income,"538,423.94",0.09,"538,423.94","1,028,508.00",-,XS2895057334,-,52.35,Ukraine,-,USD,8.07,11.69,1.0,"Feb 01, 2036",0.0,7.8,-,11.69,7.8,11.69,USD,"Aug 30, 2024","Aug 30, 2024",2026-04-23
VOLCAN COMPANIA MINERA SAA RegS,Industrial,Fixed Income,"535,305.56",0.09,"535,305.56","500,000.00",-,USP98047AE63,-,103.0,Peru,-,USD,3.97,7.9,1.0,"Oct 28, 2032",8.5,4.78,-,7.70,3.57,7.70,USD,"Oct 29, 2025","Oct 29, 2025",2026-04-23
PAMPA ENERGIA SA RegS,Utility,Fixed Income,"534,621.88",0.09,"534,621.88","500,000.00",-,USP7464EAT30,-,104.19,Argentina,-,USD,4.95,7.21,1.0,"Dec 16, 2034",7.88,6.1,-,7.07,5.02,7.07,USD,"Dec 16, 2024","Dec 16, 2024",2026-04-23
ENERGEAN ISRAEL FINANCE LTD,Industrial,Fixed Income,"532,870.22",0.09,"532,870.22","500,000.00",29290WAA5,IL0011971442,BMY3GR7,106.08,Israel,-,USD,4.32,7.42,1.0,"Sep 30, 2033",8.5,5.49,-,6.89,3.67,6.89,USD,"Jul 11, 2023","Jul 11, 2023",2026-04-23
YPF SA RegS,Agency,Fixed Income,"531,375.00",0.09,"531,375.00","500,000.00",-,USP989MJBS99,-,103.5,Argentina,-,USD,1.47,6.72,1.0,"Jun 30, 2029",9.0,1.5,-,6.64,1.44,6.64,USD,"Feb 12, 2021","Feb 12, 2021",2026-04-23
NANYANG COMMERCIAL BANK LTD RegS,Agency,Fixed Income,"523,743.06",0.09,"523,743.06","500,000.00",-,XS2467774209,-,101.63,Hong Kong,-,USD,0.93,7.23,1.0,"Dec 31, 2079",6.5,0.75,-,4.85,0.95,4.85,USD,"Apr 28, 2022","Apr 28, 2022",2026-04-23
ZAMBIA (REPUBLIC OF) B bond (MLB) RegS,Sovereign,Fixed Income,"520,865.36",0.09,"520,865.36","762,255.00",-,XS2837240428,-,68.18,Zambia,-,USD,23.8,2.06,1.0,"Dec 31, 2053",0.5,24.23,-,2.06,24.23,2.06,USD,"Mar 31, 2024","Jun 11, 2024",2026-04-23
AEGEA FINANCE SARL RegS,Utility,Fixed Income,"519,150.00",0.09,"519,150.00","600,000.00",-,USL01343AB52,-,84.25,Brazil,-,USD,3.72,13.6,1.0,"Jan 20, 2031",9.0,3.55,-,13.60,3.55,13.60,USD,"Oct 04, 2023","Oct 04, 2023",2026-04-23
CHINA CITIC BANK INTERNATIONAL LTD MTN RegS,Agency,Fixed Income,"513,613.33",0.09,"513,613.33","500,000.00",-,XS2461766805,-,100.34,Hong Kong,-,USD,0.93,5.92,1.0,"Dec 31, 2079",4.8,0.8,-,4.45,0.95,4.45,USD,"Apr 22, 2022","Apr 22, 2022",2026-04-23
SENEGAL (REPUBLIC OF) RegS,Sovereign,Fixed Income,"511,375.00",0.09,"511,375.00","900,000.00",-,XS1619155564,BZ11YY8,54.25,Senegal,-,USD,4.38,19.46,1.0,"May 23, 2033",6.25,4.08,-,19.46,4.08,19.46,USD,"May 23, 2017","May 23, 2017",2026-04-23
CHINA CITIC BANK INTERNATIONAL LTD MTN RegS,Agency,Fixed Income,"501,761.39",0.09,"501,761.39","500,000.00",-,XS2368569252,BN7PW80,99.61,Hong Kong,-,USD,0.23,6.41,1.0,"Dec 31, 2079",3.25,0.13,-,4.66,0.27,4.66,USD,"Jul 29, 2021","Jul 29, 2021",2026-04-23
LONGFOR GROUP HOLDINGS LTD RegS,Financial Institutions,Fixed Income,"495,054.17",0.08,"495,054.17","600,000.00",-,XS2033262895,BKF2WS2,82.13,China,-,USD,3.12,10.31,1.0,"Sep 16, 2029",3.95,3.02,-,10.31,3.02,10.31,USD,"Sep 16, 2019","Sep 16, 2019",2026-04-23
CSN RESOURCES SA RegS,Industrial,Fixed Income,"493,216.67",0.08,"493,216.67","600,000.00",-,USL21779AL44,-,78.85,Brazil,-,USD,3.56,15.43,1.0,"Dec 05, 2030",8.88,3.37,-,15.43,3.37,15.43,USD,"Dec 05, 2023","Dec 05, 2023",2026-04-23
NWD (MTN) LTD RegS,Financial Institutions,Fixed Income,"490,893.75",0.08,"490,893.75","600,000.00",-,XS2028401086,BJ9KV88,80.75,Hong Kong,-,USD,2.95,11.39,1.0,"Jul 18, 2029",4.13,2.84,-,11.39,2.84,11.39,USD,"Jul 18, 2019","Jul 18, 2019",2026-04-23
REDE DOR FINANCE SARL RegS,Industrial,Fixed Income,"486,262.50",0.08,"486,262.50","500,000.00",-,USL7915TAA09,BKP8ZH0,96.14,Brazil,-,USD,3.35,5.65,1.0,"Jan 22, 2030",4.5,3.36,-,5.65,3.36,5.65,USD,"Jan 22, 2020","Jan 22, 2020",2026-04-23
COLOMBIA (REPUBLIC OF),Sovereign,Fixed Income,"484,750.00",0.08,"484,750.00","700,000.00",195325DT9,US195325DT91,BM8M272,67.46,Colombia,-,USD,12.66,6.86,1.0,"May 15, 2051",4.13,12.89,-,6.86,12.89,6.86,USD,"Jun 04, 2020","Jun 04, 2020",2026-04-23
ECOPETROL SA,Agency,Fixed Income,"482,719.51",0.08,"482,719.51","620,000.00",279158AQ2,US279158AQ26,BNM0MV3,75.1,Colombia,-,USD,10.72,8.22,1.0,"Nov 02, 2051",5.88,10.89,-,8.22,10.89,8.22,USD,"Nov 02, 2021","Nov 02, 2021",2026-04-23
OZTEL HOLDINGS SPC LTD RegS,Agency,Fixed Income,"478,720.31",0.08,"478,720.31","450,000.00",-,XS1805476659,BF0T5R3,103.13,Oman,-,USD,1.82,4.97,1.0,"Apr 24, 2028",6.63,1.81,-,4.97,1.81,4.97,USD,"Apr 24, 2018","Apr 24, 2018",2026-04-23
SHARJAH SUKUK PROGRAMME LTD RegS,Sovereign,Fixed Income,"476,935.17",0.08,"476,935.17","500,000.00",-,XS2067187810,-,93.79,United Arab Emirates,-,USD,3.22,5.2,1.0,"Oct 23, 2029",3.23,3.2,-,5.20,3.2,5.20,USD,"Oct 23, 2019","Oct 23, 2019",2026-04-23
AEGEA FINANCE SARL RegS,Utility,Fixed Income,"473,371.25",0.08,"473,371.25","600,000.00",-,USL01343AE91,-,74.77,Brazil,-,USD,6.09,12.08,1.0,"Jan 20, 2036",7.63,5.89,-,12.08,5.89,12.08,USD,"Oct 06, 2025","Oct 06, 2025",2026-04-23
TELECOM ARGENTINA SA RegS,Industrial,Fixed Income,"473,168.75",0.08,"473,168.75","450,000.00",-,USP9028NCE96,-,103.0,Argentina,-,USD,5.58,8.03,1.0,"Jan 20, 2036",8.5,6.24,-,7.97,5.53,7.97,USD,"Jan 20, 2026","Jan 20, 2026",2026-04-23
VISTA ENERGY ARGENTINA SAU RegS,Industrial,Fixed Income,"472,835.94",0.08,"472,835.94","450,000.00",-,USP9659RAA60,-,102.3,Argentina,-,USD,5.13,7.26,1.0,"Dec 10, 2035",7.63,6.11,-,7.12,4.42,7.12,USD,"Dec 10, 2024","Dec 10, 2024",2026-04-23
GRUPO TELEVISA SAB,Industrial,Fixed Income,"468,828.75",0.08,"468,828.75","600,000.00",40049JBC0,US40049JBC09,BZ1N3D6,76.76,Mexico,-,USD,9.86,8.59,1.0,"Jan 31, 2046",6.13,9.94,-,8.59,9.94,8.59,USD,"Nov 24, 2015","Nov 24, 2015",2026-04-23
PETROBRAS GLOBAL FINANCE BV,Agency,Fixed Income,"467,459.31",0.08,"467,459.31","450,000.00",71645WAQ4,US71645WAQ42,B57YS94,102.14,Brazil,-,USD,8.73,6.63,1.0,"Jan 20, 2040",6.88,8.72,-,6.63,8.72,6.63,USD,"Oct 30, 2009","Oct 30, 2009",2026-04-23
BRASKEM NETHERLANDS FINANCE BV RegS,Industrial,Fixed Income,"467,100.00",0.08,"467,100.00","800,000.00",-,USN15516AB83,BF8F6P8,57.13,Brazil,-,USD,1.6,41.86,1.0,"Jan 10, 2028",4.5,1.34,-,41.86,1.34,41.86,USD,"Oct 10, 2017","Oct 10, 2017",2026-04-23
SHARJAH EMIRATE OF MTN RegS,Sovereign,Fixed Income,"466,705.56",0.08,"466,705.56","700,000.00",-,XS2207514063,BLC8L38,65.75,United Arab Emirates,-,USD,12.74,6.94,1.0,"Jul 28, 2050",4.0,12.93,-,6.94,12.93,6.94,USD,"Jul 28, 2020","Jul 28, 2020",2026-04-23
CONSOLIDATED ENERGY FINANCE SA RegS,Industrial,Fixed Income,"462,712.50",0.08,"462,712.50","450,000.00",-,USL1957QAJ96,-,100.63,Trinidad and Tobago,-,USD,2.98,11.82,1.0,"Feb 15, 2031",12.0,3.51,-,11.72,2.29,11.72,USD,"Feb 13, 2024","Feb 13, 2024",2026-04-23
VEDANTA RESOURCES FINANCE II PLC RegS,Industrial,Fixed Income,"457,335.48",0.08,"457,335.48","400,000.00",-,USG9T27HAJ33,-,110.02,India,-,USD,2.07,8.94,1.0,"Dec 03, 2031",11.25,4.04,-,7.85,1.42,7.85,USD,"Dec 03, 2024","Dec 03, 2024",2026-04-23
TRIDENT ENERGY FINANCE PLC RegS,Industrial,Fixed Income,"445,979.33",0.08,"445,979.33","400,000.00",-,XS2818827169,-,106.6,Brazil,-,USD,0.35,10.26,1.0,"Nov 30, 2029",12.5,2.76,-,8.32,0.1,8.32,USD,"May 20, 2024","May 20, 2024",2026-04-23
VEDANTA RESOURCES FINANCE II PLC RegS,Industrial,Fixed Income,"445,991.67",0.08,"445,991.67","400,000.00",-,USG9T27HAK06,-,106.66,India,-,USD,2.95,8.57,1.0,"Apr 24, 2033",9.85,4.85,-,7.78,2.99,7.78,USD,"Jan 24, 2025","Jan 24, 2025",2026-04-23
HUNT OIL COMPANY OF PERU LLC (LIMA RegS,Industrial,Fixed Income,"444,138.44",0.08,"444,138.44","400,000.00",-,USP5300PAE36,-,107.46,Peru,-,USD,6.31,6.63,1.0,"Nov 05, 2038",7.75,6.27,-,6.63,6.27,6.63,USD,"May 05, 2025","May 05, 2025",2026-04-23
GREENKO POWER II LIMITED RegS,Agency,Fixed Income,"443,240.61",0.08,"443,240.61","456,000.00",-,USV3855MAA54,-,95.67,India,-,USD,2.05,6.41,1.0,"Dec 13, 2028",4.3,2.04,-,6.41,2.04,6.41,USD,"Dec 13, 2021","Dec 13, 2021",2026-04-23
TURKIYE IS BANKASI AS RegS,Financial Institutions,Fixed Income,"436,186.44",0.07,"436,186.44","400,000.00",-,XS1623796072,BDDX846,106.29,Turkey,-,USD,0.26,5.9,1.0,"Jun 29, 2028",9.19,0.17,-,5.90,0.17,5.90,USD,"Jun 29, 2017","Jun 29, 2017",2026-04-23
NEWCO HOLDING USD 20 SARL RegS,Industrial,Fixed Income,"434,903.33",0.07,"434,903.33","400,000.00",-,USL67356AA09,-,104.46,Brazil,-,USD,1.55,7.58,1.0,"Nov 07, 2029",9.38,2.36,-,7.13,1.89,7.13,USD,"Nov 07, 2024","Nov 07, 2024",2026-04-23
BANCO DE CREDITO E INVERSIONES RegS,Financial Institutions,Fixed Income,"434,097.22",0.07,"434,097.22","400,000.00",05890PAC0,US05890PAC05,-,106.75,Chile,-,USD,2.45,8.26,1.0,"Dec 31, 2079",8.75,2.24,-,6.07,2.42,6.07,USD,"Feb 08, 2024","Feb 08, 2024",2026-04-23
AES ANDES SA RegS,Utility,Fixed Income,"432,506.78",0.07,"432,506.78","400,000.00",-,USP0091LAC02,-,105.16,Chile,-,USD,3.26,7.43,1.0,"Jun 10, 2055",8.15,3.31,-,6.62,3.22,6.62,USD,"Jun 10, 2024","Jun 10, 2024",2026-04-23
TURKIYE VAKIFLAR BANKASI TAO MTN RegS,Agency,Fixed Income,"431,352.06",0.07,"431,352.06","400,000.00",-,XS2793703500,-,105.39,Turkey,-,USD,2.54,9.09,1.0,"Dec 31, 2079",10.12,2.52,-,8.06,2.52,8.06,USD,"Apr 24, 2024","Apr 24, 2024",2026-04-23
IHS HOLDING LTD/KY RegS,Industrial,Fixed Income,"431,016.67",0.07,"431,016.67","400,000.00",-,XS2941354727,-,104.5,Nigeria,-,USD,2.98,7.26,1.0,"Nov 29, 2031",8.25,4.33,-,6.82,3.0,6.82,USD,"Nov 29, 2024","Nov 29, 2024",2026-04-23
PLUSPETROL SA RegS,Industrial,Fixed Income,"430,316.67",0.07,"430,316.67","400,000.00",-,USP7924AAA62,-,104.25,Argentina,-,USD,3.52,7.61,1.0,"May 30, 2032",8.5,4.59,-,7.28,3.34,7.28,USD,"May 30, 2025","May 30, 2025",2026-04-23
SISECAM UK PLC RegS,Industrial,Fixed Income,"430,091.67",0.07,"430,091.67","400,000.00",-,XS2812381247,-,103.65,Turkey,-,USD,1.5,6.89,1.0,"May 02, 2029",8.25,2.56,-,6.30,1.79,6.30,USD,"May 02, 2024","May 02, 2024",2026-04-23
ECOBANK TRANSNATIONAL INC RegS,Financial Institutions,Fixed Income,"429,811.00",0.07,"429,811.00","400,000.00",-,XS2879056534,-,107.28,Togo,-,USD,2.98,7.7,1.0,"Oct 15, 2029",10.13,2.92,-,7.70,2.92,7.70,USD,"Oct 15, 2024","Oct 15, 2024",2026-04-23
VEDANTA RESOURCES FINANCE II PLC RegS,Industrial,Fixed Income,"429,855.17",0.07,"429,855.17","400,000.00",-,USG9T27HAL88,-,105.17,India,-,USD,2.5,8.01,1.0,"Jul 24, 2030",9.47,3.41,-,7.64,2.73,7.64,USD,"Jan 24, 2025","Jan 24, 2025",2026-04-23
YPF SA RegS,Agency,Fixed Income,"429,488.89",0.07,"429,488.89","400,000.00",-,USP989MJBV29,-,106.4,Argentina,-,USD,2.27,7.08,1.0,"Sep 11, 2031",8.75,3.73,-,6.61,2.9,6.61,USD,"Sep 11, 2024","Sep 11, 2024",2026-04-23
OCEANICA LUX SARL RegS,Industrial,Fixed Income,"429,244.44",0.07,"429,244.44","400,000.00",-,USL7151AAA45,BL6LXC6,106.63,Brazil,-,USD,1.69,10.45,1.0,"Oct 02, 2029",13.0,2.54,-,9.76,1.99,9.76,USD,"Oct 02, 2024","Oct 02, 2024",2026-04-23
MERSIN ULUSLARARASI LIMAN ISLETMEC RegS,Agency,Fixed Income,"429,050.00",0.07,"429,050.00","400,000.00",-,XS2696793012,-,103.69,Turkey,-,USD,0.64,6.66,1.0,"Nov 15, 2028",8.25,2.22,-,5.19,0.53,5.19,USD,"Nov 15, 2023","Nov 15, 2023",2026-04-23
OTP BANK NYRT MTN RegS,Financial Institutions,Fixed Income,"428,642.00",0.07,"428,642.00","400,000.00",-,XS2988670878,-,105.52,Hungary,-,USD,3.69,6.26,1.0,"Jul 30, 2035",7.3,3.58,-,6.26,3.24,6.26,USD,"Jan 30, 2025","Jan 30, 2025",2026-04-23
TURKCELL ILETISIM HIZMETLERI AS RegS,Industrial,Fixed Income,"428,467.00",0.07,"428,467.00","400,000.00",-,XS2981975613,-,105.27,Turkey,-,USD,4.54,6.53,1.0,"Jan 24, 2032",7.65,4.56,-,6.50,4.4,6.50,USD,"Jan 24, 2025","Jan 24, 2025",2026-04-23
YAPI VE KREDI BANKASI AS MTN RegS,Financial Institutions,Fixed Income,"428,091.34",0.07,"428,091.34","400,000.00",-,XS2796491681,-,104.13,Turkey,-,USD,2.5,9.11,1.0,"Dec 31, 2079",9.74,2.48,-,8.14,2.47,8.14,USD,"Apr 04, 2024","Apr 04, 2024",2026-04-23
SEPLAT ENERGY PLC RegS,Industrial,Fixed Income,"427,791.67",0.07,"427,791.67","400,000.00",-,XS3030248325,-,106.19,Nigeria,-,USD,1.74,7.28,1.0,"Mar 21, 2030",9.13,3.26,-,6.75,2.53,6.75,USD,"Mar 21, 2025","Mar 21, 2025",2026-04-23
AKBANK TAS RegS,Financial Institutions,Fixed Income,"427,728.14",0.07,"427,728.14","400,000.00",-,XS2783589844,-,103.63,Turkey,-,USD,2.45,8.9,1.0,"Dec 31, 2079",9.37,2.44,-,7.94,2.43,7.94,USD,"Mar 14, 2024","Mar 14, 2024",2026-04-23
QNB FINANSBANK AS MTN RegS,Agency,Fixed Income,"427,458.33",0.07,"427,458.33","400,000.00",-,XS2798098310,-,103.84,Turkey,-,USD,2.69,5.87,1.0,"May 21, 2029",7.25,2.67,-,5.87,2.67,5.87,USD,"May 21, 2024","May 21, 2024",2026-04-23
PLUSPETROL SA RegS,Industrial,Fixed Income,"426,662.50",0.07,"426,662.50","400,000.00",-,USP7924AAC29,-,103.21,Argentina,-,USD,3.4,7.35,1.0,"May 18, 2031",8.13,3.99,-,7.20,3.33,7.20,USD,"Nov 18, 2025","Nov 18, 2025",2026-04-23
PUMA INTERNATIONAL FINANCING SA RegS,Industrial,Fixed Income,"426,505.56",0.07,"426,505.56","400,000.00",-,XS2801333530,-,102.84,Singapore,-,USD,1.68,6.69,1.0,"Apr 25, 2029",7.75,2.56,-,6.23,1.78,6.23,USD,"Apr 25, 2024","Apr 25, 2024",2026-04-23
BANCO DE CRDITO E INVERSIONES MTN RegS,Financial Institutions,Fixed Income,"425,933.48",0.07,"425,933.48","400,000.00",-,USP32133CH47,-,105.67,Chile,-,USD,4.9,4.94,1.0,"Dec 31, 2079",7.5,6.2,-,4.94,6.19,4.94,USD,"Sep 12, 2024","Sep 12, 2024",2026-04-23
3R LUX SARL RegS,Industrial,Fixed Income,"425,913.33",0.07,"425,913.33","400,000.00",-,USL9R621AA97,-,104.42,Brazil,-,USD,2.34,8.6,1.0,"Feb 05, 2031",9.75,3.73,-,8.32,1.59,8.32,USD,"Feb 05, 2024","Feb 05, 2024",2026-04-23
TEVA PHARMACEUTICAL FINANCE NETHER,Industrial,Fixed Income,"425,825.33",0.07,"425,825.33","400,000.00",88167AAT8,US88167AAT88,-,104.12,Israel,-,USD,5.26,5.25,1.0,"Dec 01, 2032",6.0,5.32,-,5.23,5.15,5.23,USD,"May 28, 2025","May 28, 2025",2026-04-23
SENEGAL (REPUBLIC OF) RegS,Sovereign,Fixed Income,"425,740.97",0.07,"425,740.97","700,000.00",-,XS2838363476,-,58.0,Senegal,-,USD,3.77,21.69,1.0,"Jun 10, 2031",7.75,3.47,-,21.69,3.47,21.69,USD,"Jun 10, 2024","Jun 10, 2024",2026-04-23
BANCO DAVIVIENDA SA RegS,Financial Institutions,Fixed Income,"425,640.28",0.07,"425,640.28","400,000.00",-,USP0R137PD99,-,103.95,Colombia,-,USD,3.5,7.68,1.0,"Jul 02, 2035",8.13,3.41,-,7.02,3.45,7.02,USD,"Jul 02, 2025","Jul 02, 2025",2026-04-23
TURK TELEKOMUNIKASYON AS RegS,Agency,Fixed Income,"425,373.61",0.07,"425,373.61","400,000.00",-,XS2820499619,-,103.25,Turkey,-,USD,2.54,6.2,1.0,"May 20, 2029",7.38,2.65,-,6.11,2.46,6.11,USD,"May 20, 2024","May 20, 2024",2026-04-23
MGM CHINA HOLDINGS LTD RegS,Industrial,Fixed Income,"425,300.17",0.07,"425,300.17","400,000.00",-,USG60744AJ14,-,104.05,Macau,-,USD,2.53,6.2,1.0,"Jun 26, 2031",7.13,4.22,-,5.71,2.77,5.71,USD,"Jun 26, 2024","Jun 26, 2024",2026-04-23
ULKER BISKUVI SANAYI AS RegS,Industrial,Fixed Income,"425,144.50",0.07,"425,144.50","400,000.00",-,XS2855391533,-,104.03,Turkey,-,USD,2.67,6.94,1.0,"Jul 08, 2031",7.88,4.16,-,6.45,2.75,6.45,USD,"Jul 08, 2024","Jul 08, 2024",2026-04-23
BANCO MERCANTIL DEL NORTE SA (CAYM RegS,Financial Institutions,Fixed Income,"425,151.39",0.07,"425,151.39","400,000.00",-,USP1400MAC21,BN4CF30,106.13,Mexico,-,USD,3.73,10.23,1.0,"Dec 31, 2079",8.38,3.5,-,6.84,3.68,6.84,USD,"Jul 14, 2020","Jul 14, 2020",2026-04-23
AKBANK TAS RegS,Financial Institutions,Fixed Income,"425,081.31",0.07,"425,081.31","400,000.00",-,XS2842188687,-,104.38,Turkey,-,USD,3.23,6.17,1.0,"Jan 20, 2030",7.5,3.19,-,6.17,3.19,6.17,USD,"Jun 20, 2024","Jun 20, 2024",2026-04-23
TRANSPORTADORA DE GAS DEL SUR SA RegS,Industrial,Fixed Income,"425,002.78",0.07,"425,002.78","400,000.00",-,USP9308RBB89,-,103.0,Argentina,-,USD,5.62,7.31,1.0,"Nov 20, 2035",7.75,6.53,-,7.23,5.52,7.23,USD,"Nov 20, 2025","Nov 20, 2025",2026-04-23
AEROPUERTOS DOMINICANOS SIGLO XXI RegS,Industrial,Fixed Income,"424,957.33",0.07,"424,957.33","400,000.00",-,USP0100VAC74,-,104.08,Dominican Republic,-,USD,3.85,6.35,1.0,"Jun 30, 2034",7.0,6.09,-,5.58,2.79,5.58,USD,"Jul 09, 2024","Jul 09, 2024",2026-04-23
IHS HOLDING LTD/KY RegS,Industrial,Fixed Income,"424,805.00",0.07,"424,805.00","400,000.00",-,XS2941354487,-,103.1,Nigeria,-,USD,1.83,6.99,1.0,"May 29, 2030",7.88,3.37,-,6.28,1.87,6.28,USD,"Nov 29, 2024","Nov 29, 2024",2026-04-23
SENEGAL (REPUBLIC OF) RegS,Sovereign,Fixed Income,"424,700.00",0.07,"424,700.00","800,000.00",-,XS1790134362,BF2LTP3,52.38,Senegal,-,USD,7.6,13.72,1.0,"Mar 13, 2048",6.75,7.5,-,13.72,7.5,13.72,USD,"Mar 13, 2018","Mar 13, 2018",2026-04-23
FORTUNE STAR BVI LTD RegS,Industrial,Fixed Income,"424,355.56",0.07,"424,355.56","400,000.00",-,XS2922957746,-,102.5,China,-,USD,1.85,7.18,1.0,"May 19, 2028",8.5,1.82,-,7.18,1.82,7.18,USD,"Nov 19, 2024","Nov 19, 2024",2026-04-23
DELHI INTERNATIONAL AIRPORT LTD RegS,Industrial,Fixed Income,"424,102.33",0.07,"424,102.33","400,000.00",-,USY2R40TAB40,BK1VCM7,103.57,India,-,USD,2.76,5.19,1.0,"Jun 04, 2029",6.45,2.74,-,5.19,2.74,5.19,USD,"Jun 04, 2019","Jun 04, 2019",2026-04-23
TURKIYE IS BANKASI AS MTN RegS,Financial Institutions,Fixed Income,"423,733.33",0.07,"423,733.33","400,000.00",-,XS2970145012,-,103.5,Turkey,-,USD,3.11,8.42,1.0,"Dec 31, 2079",9.13,3.29,-,8.02,3.06,8.02,USD,"Jan 15, 2025","Jan 15, 2025",2026-04-23
LD CELULOSE INTERNATIONAL GMBH RegS,Industrial,Fixed Income,"423,408.33",0.07,"423,408.33","400,000.00",-,USA4S42PAA32,-,103.97,Brazil,-,USD,3.26,7.09,1.0,"Jan 26, 2032",7.95,4.52,-,6.95,3.87,6.95,USD,"Oct 03, 2024","Oct 03, 2024",2026-04-23
TURKCELL ILETISIM HIZMETLERI AS RegS,Industrial,Fixed Income,"423,397.67",0.07,"423,397.67","400,000.00",-,XS2981975027,-,104.05,Turkey,-,USD,3.11,6.22,1.0,"Jan 24, 2030",7.45,3.2,-,6.15,3.01,6.15,USD,"Jan 24, 2025","Jan 24, 2025",2026-04-23
ARABIAN CENTRES SUKUK IV LTD RegS,Financial Institutions,Fixed Income,"423,201.72",0.07,"423,201.72","400,000.00",-,XS3240866411,-,102.42,Saudi Arabia,-,USD,3.19,8.23,1.0,"Dec 04, 2030",8.88,3.63,-,8.08,2.96,8.08,USD,"Dec 04, 2025","Dec 04, 2025",2026-04-23
ELDORADO INTL FINANCE GMBH RegS,Industrial,Fixed Income,"423,222.22",0.07,"423,222.22","400,000.00",-,USA18007AC71,-,102.5,Brazil,-,USD,4.52,8.0,1.0,"Dec 01, 2032",8.5,4.86,-,7.94,4.28,7.94,USD,"Dec 01, 2025","Dec 01, 2025",2026-04-23
FORD OTOMOTIV SANAYI AS RegS,Industrial,Fixed Income,"423,058.33",0.07,"423,058.33","400,000.00",-,XS2782775345,-,102.28,Turkey,-,USD,2.49,6.28,1.0,"Apr 25, 2029",7.13,2.59,-,6.22,2.4,6.22,USD,"Apr 25, 2024","Apr 25, 2024",2026-04-23
ARCELIK AS RegS,Industrial,Fixed Income,"420,623.56",0.07,"420,623.56","400,000.00",-,XS2695038401,-,104.54,Turkey,-,USD,2.01,6.45,1.0,"Sep 25, 2028",8.5,2.17,-,6.24,1.96,6.24,USD,"Sep 25, 2023","Sep 25, 2023",2026-04-23
ENDEAVOUR MINING PLC RegS,Industrial,Fixed Income,"419,566.22",0.07,"419,566.22","400,000.00",-,USG3R41AAB20,-,102.11,Burkina Faso,-,USD,2.75,6.4,1.0,"May 28, 2030",7.0,3.44,-,6.24,2.69,6.24,USD,"May 28, 2025","May 28, 2025",2026-04-23
USIMINAS INTERNATIONAL SARL RegS,Industrial,Fixed Income,"419,400.00",0.07,"419,400.00","400,000.00",-,USL95806AB88,-,103.1,Brazil,-,USD,4.63,6.84,1.0,"Jan 27, 2032",7.5,4.57,-,6.84,4.57,6.84,USD,"Jan 27, 2025","Jan 27, 2025",2026-04-23
BANCO MACRO SA MTN RegS,Financial Institutions,Fixed Income,"419,148.89",0.07,"419,148.89","400,000.00",-,USP1047VAL10,-,102.17,Argentina,-,USD,2.72,7.22,1.0,"Jun 23, 2029",8.0,2.7,-,7.22,2.63,7.22,USD,"Jun 23, 2025","Jun 23, 2025",2026-04-23
MASHREQBANK PSC RegS,Financial Institutions,Fixed Income,"419,002.83",0.07,"419,002.83","400,000.00",-,XS2827680112,-,102.16,United Arab Emirates,-,USD,2.73,6.58,1.0,"Dec 31, 2079",7.13,2.98,-,6.35,2.71,6.35,USD,"Jun 10, 2024","Jun 10, 2024",2026-04-23
TURKIYE GARANTI BANKASI AS MTN RegS,Financial Institutions,Fixed Income,"418,298.61",0.07,"418,298.61","400,000.00",-,XS3106498051,-,102.25,Turkey,-,USD,3.69,7.83,1.0,"Jan 08, 2036",8.13,3.76,-,7.52,3.62,7.52,USD,"Jul 01, 2025","Jul 01, 2025",2026-04-23
VEDANTA RESOURCES FINANCE II PLC RegS,Industrial,Fixed Income,"418,108.33",0.07,"418,108.33","400,000.00",-,USG9T27HAN45,-,104.38,India,-,USD,3.21,8.24,1.0,"Oct 15, 2032",9.13,4.86,-,7.67,2.95,7.67,USD,"Oct 15, 2025","Oct 15, 2025",2026-04-23
ALLWYN ENTERTAINMENT FINANCING (UK RegS,Industrial,Fixed Income,"417,948.00",0.07,"417,948.00","400,000.00",-,USG0295CAB66,-,102.39,Czech Republic,-,USD,1.27,6.98,1.0,"Apr 30, 2029",7.88,2.61,-,6.21,1.39,6.21,USD,"Apr 28, 2023","Apr 28, 2023",2026-04-23
DAR AL-ARKAN SUKUK COMPANY LTD RegS,Financial Institutions,Fixed Income,"417,977.78",0.07,"417,977.78","400,000.00",-,XS2648078322,-,103.25,Saudi Arabia,-,USD,2.53,6.72,1.0,"Feb 25, 2029",8.0,2.49,-,6.72,2.49,6.72,USD,"Jul 25, 2023","Jul 25, 2023",2026-04-23
TURKIYE GARANTI BANKASI AS MTN RegS,Financial Institutions,Fixed Income,"417,751.94",0.07,"417,751.94","400,000.00",-,XS2773062471,-,103.21,Turkey,-,USD,2.53,7.61,1.0,"Feb 28, 2034",8.38,2.43,-,7.11,2.48,7.11,USD,"Feb 28, 2024","Feb 28, 2024",2026-04-23
ORBIA ADVANCE CORPORATION SAB DE C RegS,Industrial,Fixed Income,"417,460.46",0.07,"417,460.46","400,000.00",-,USP7S81YBJ38,-,101.38,Mexico,-,USD,3.42,6.41,1.0,"May 13, 2030",6.8,3.41,-,6.40,3.35,6.40,USD,"May 13, 2025","May 13, 2025",2026-04-23
AZULE ENERGY FINANCE PLC RegS,Industrial,Fixed Income,"417,349.17",0.07,"417,349.17","400,000.00",-,XS3271041959,-,102.21,Angola,-,USD,4.3,8.19,1.0,"Jan 22, 2033",8.63,4.97,-,8.05,3.78,8.05,USD,"Jan 22, 2026","Jan 22, 2026",2026-04-23
ITTIHAD INTERNATIONAL II LTD RegS,Financial Institutions,Fixed Income,"417,263.22",0.07,"417,263.22","400,000.00",-,XS3225872525,-,101.08,United Arab Emirates,-,USD,3.28,7.09,1.0,"Nov 13, 2030",7.38,3.71,-,7.03,3.0,7.03,USD,"Nov 13, 2025","Nov 13, 2025",2026-04-23
ARADA SUKUK 2 LTD RegS,Financial Institutions,Fixed Income,"416,904.00",0.07,"416,904.00","400,000.00",-,XS2841181972,-,101.63,United Arab Emirates,-,USD,2.75,7.41,1.0,"Jun 24, 2029",8.0,2.7,-,7.41,2.7,7.41,USD,"Jun 24, 2024","Jun 24, 2024",2026-04-23
GRUPO TELEVISA SAB,Industrial,Fixed Income,"416,775.39",0.07,"416,775.39","600,000.00",40049JBA4,US40049JBA43,BMJ71M4,67.27,Mexico,-,USD,10.1,8.5,1.0,"May 13, 2045",5.0,10.15,-,8.50,10.15,8.50,USD,"May 13, 2014","May 13, 2014",2026-04-23
GRUPO TELEVISA SAB,Industrial,Fixed Income,"416,584.50",0.07,"416,584.50","600,000.00",40049JBE6,US40049JBE64,BJR46J8,67.29,Mexico,-,USD,10.58,8.51,1.0,"May 24, 2049",5.25,10.71,-,8.51,10.71,8.51,USD,"May 24, 2019","May 24, 2019",2026-04-23
SAN MIGUEL GLOBAL POWER HOLDINGS C RegS,Utility,Fixed Income,"416,283.67",0.07,"416,283.67","400,000.00",-,XS3121131125,-,101.91,Philippines,-,USD,3.33,10.31,1.0,"Dec 31, 2079",8.95,3.26,-,8.38,3.25,8.38,USD,"Jul 24, 2025","Jul 24, 2025",2026-04-23
CSN RESOURCES SA RegS,Industrial,Fixed Income,"416,297.92",0.07,"416,297.92","600,000.00",-,USL21779AJ97,-,67.7,Brazil,-,USD,4.3,13.55,1.0,"Jun 10, 2031",4.63,4.11,-,13.55,4.11,13.55,USD,"Jun 10, 2021","Jun 10, 2021",2026-04-23
GRUPO AEROMEXICO SAB DE CV RegS,Industrial,Fixed Income,"415,968.00",0.07,"415,968.00","400,000.00",-,USP4955JAC29,-,100.25,Mexico,-,USD,3.63,8.56,1.0,"Nov 15, 2031",8.63,4.2,-,8.54,2.91,8.54,USD,"Nov 14, 2024","Nov 14, 2024",2026-04-23
MUTHOOT FINANCE LTD MTN RegS,Financial Institutions,Fixed Income,"415,924.33",0.07,"415,924.33","400,000.00",62828M2D2,US62828M2D24,-,100.83,India,-,USD,2.32,6.03,1.0,"Apr 23, 2029",6.38,2.3,-,6.03,2.3,6.03,USD,"Oct 23, 2024","Oct 23, 2024",2026-04-23
CENTRAIS ELETRICAS BRASILEIRAS SA RegS,Utility,Fixed Income,"415,802.22",0.07,"415,802.22","400,000.00",-,USP2281VAA81,-,102.15,Brazil,-,USD,6.5,6.18,1.0,"Jan 11, 2035",6.5,6.5,-,6.17,6.36,6.17,USD,"Sep 11, 2024","Sep 11, 2024",2026-04-23
GRUPO AEROMEXICO SAB DE CV RegS,Industrial,Fixed Income,"415,820.00",0.07,"415,820.00","400,000.00",-,USP4955JAB46,-,100.38,Mexico,-,USD,2.57,8.12,1.0,"Nov 15, 2029",8.25,2.94,-,8.08,2.2,8.08,USD,"Nov 14, 2024","Nov 14, 2024",2026-04-23
ATP TOWER HOLDINGS LLC RegS,Industrial,Fixed Income,"415,825.00",0.07,"415,825.00","400,000.00",-,USU0489EAA48,-,102.25,Chile,-,USD,2.55,7.18,1.0,"Feb 03, 2030",7.88,3.18,-,6.97,2.43,6.97,USD,"Feb 03, 2025","Feb 03, 2025",2026-04-23
TURKIYE VAKIFLAR BANKASI TAO MTN RegS,Agency,Fixed Income,"415,505.00",0.07,"415,505.00","400,000.00",-,XS3108471197,-,102.25,Turkey,-,USD,3.63,6.63,1.0,"Jul 31, 2030",7.25,3.58,-,6.63,3.58,6.63,USD,"Jul 09, 2025","Jul 09, 2025",2026-04-23
YAPI VE KREDI BANKASI AS MTN RegS,Financial Institutions,Fixed Income,"415,162.67",0.07,"415,162.67","400,000.00",-,XS3013242196,-,102.82,Turkey,-,USD,3.35,6.41,1.0,"Mar 03, 2030",7.25,3.31,-,6.41,3.31,6.41,USD,"Mar 03, 2025","Mar 03, 2025",2026-04-23
TT VARLIK KIRALAMA AS RegS,Agency,Fixed Income,"414,686.44",0.07,"414,686.44","400,000.00",-,XS3190446636,-,100.55,Turkey,-,USD,3.73,6.36,1.0,"Oct 30, 2030",6.5,3.75,-,6.35,3.57,6.35,USD,"Oct 28, 2025","Oct 28, 2025",2026-04-23
SIERRACOL ENERGY ANDINA LLC RegS,Industrial,Fixed Income,"414,300.00",0.07,"414,300.00","400,000.00",-,USU8215PAA31,-,99.65,Colombia,-,USD,3.32,9.09,1.0,"Nov 14, 2030",9.0,3.54,-,9.09,3.54,9.09,USD,"Nov 14, 2025","Nov 14, 2025",2026-04-23
MOBILIARE LATAM SA RegS,Financial Institutions,Fixed Income,"414,143.00",0.07,"414,143.00","400,000.00",-,USP68290AA64,-,100.52,Guatemala,-,USD,4.35,6.65,1.0,"Nov 10, 2032",6.75,5.08,-,6.62,3.76,6.62,USD,"Nov 10, 2025","Nov 10, 2025",2026-04-23
SIB TIER 1 SUKUK IIND LTD RegS,Financial Institutions,Fixed Income,"413,547.61",0.07,"413,547.61","400,000.00",-,XS3039166791,-,101.06,United Arab Emirates,-,USD,3.87,5.87,1.0,"Dec 31, 2079",6.13,4.19,-,5.86,3.89,5.86,USD,"Jun 04, 2025","Jun 04, 2025",2026-04-23
SINGAPORE AIRLINES LTD MTN RegS,Agency,Fixed Income,"413,490.00",0.07,"413,490.00","400,000.00",-,XS2787854673,-,102.94,Singapore,-,USD,6.38,4.8,1.0,"Mar 21, 2034",5.25,6.42,-,4.79,6.31,4.79,USD,"Mar 21, 2024","Mar 21, 2024",2026-04-23
SOBHA SUKUK I HOLDING LTD RegS,Financial Institutions,Fixed Income,"413,503.51",0.07,"413,503.51","400,000.00",-,XS3073626601,-,100.0,Cayman Islands,-,USD,2.46,8.0,1.0,"Feb 19, 2029",8.0,2.41,-,8.00,2.41,8.00,USD,"May 19, 2025","May 19, 2025",2026-04-23
XP INC RegS,Financial Institutions,Fixed Income,"412,975.00",0.07,"412,975.00","400,000.00",-,USG98239AB55,-,101.2,Brazil,-,USD,2.79,6.33,1.0,"Jul 02, 2029",6.75,2.79,-,6.32,2.72,6.32,USD,"Jul 02, 2024","Jul 02, 2024",2026-04-23
TURKIYE VAKIFLAR BANKASI TAO MTN RegS,Agency,Fixed Income,"412,824.44",0.07,"412,824.44","400,000.00",-,XS2913966318,-,101.22,Turkey,-,USD,3.22,6.5,1.0,"Jan 07, 2030",6.88,3.18,-,6.50,3.18,6.50,USD,"Oct 07, 2024","Oct 07, 2024",2026-04-23
YPF SA MTN RegS,Agency,Fixed Income,"412,642.95",0.07,"412,642.95","402,000.00",-,USP989MJBL47,BF8F0H8,100.91,Argentina,-,USD,1.18,6.17,1.0,"Jul 21, 2027",6.95,1.16,-,6.17,1.16,6.17,USD,"Jul 21, 2017","Jul 21, 2017",2026-04-23
BANK OF BAHRAIN AND KUWAIT BSC MTN RegS,Financial Institutions,Fixed Income,"412,352.50",0.07,"412,352.50","400,000.00",-,XS2834924867,-,100.51,Bahrain,-,USD,2.74,6.69,1.0,"Jun 06, 2029",6.88,2.71,-,6.69,2.71,6.69,USD,"Jun 06, 2024","Jun 06, 2024",2026-04-23
YAPI VE KREDI BANKASI AS MTN RegS,Financial Institutions,Fixed Income,"412,245.83",0.07,"412,245.83","400,000.00",-,XS2896892655,-,102.84,Turkey,-,USD,3.08,6.2,1.0,"Oct 10, 2029",7.13,3.04,-,6.20,3.04,6.20,USD,"Sep 10, 2024","Sep 10, 2024",2026-04-23
ALINMA AT1 SUKUK LTD RegS,Financial Institutions,Fixed Income,"412,143.78",0.07,"412,143.78","400,000.00",-,XS3079963834,-,100.45,Saudi Arabia,-,USD,3.45,6.3,1.0,"Dec 31, 2079",6.5,3.75,-,6.30,3.47,6.30,USD,"May 28, 2025","May 28, 2025",2026-04-23
GC TREASURY CENTER PERPNC5.25 RegS,Industrial,Fixed Income,"411,721.11",0.07,"411,721.11","400,000.00",-,USY3004DAD67,-,98.94,Thailand,-,USD,3.67,6.98,1.0,"Dec 31, 2079",6.5,3.7,-,6.78,3.79,6.78,USD,"Sep 10, 2025","Sep 10, 2025",2026-04-23
AKBANK TAS RegS,Financial Institutions,Fixed Income,"411,512.50",0.07,"411,512.50","400,000.00",-,XS3013974533,-,101.85,Turkey,-,USD,3.5,7.49,1.0,"Sep 04, 2035",7.88,3.59,-,7.35,3.44,7.35,USD,"Mar 04, 2025","Mar 04, 2025",2026-04-23
INVESTMENT ENERGY RESOURCES LTD RegS,Utility,Fixed Income,"411,352.78",0.07,"411,352.78","400,000.00",-,USG4923NAB40,-,99.8,Guatemala,-,USD,1.73,6.32,1.0,"Apr 26, 2029",6.25,2.63,-,6.32,2.63,6.32,USD,"Apr 26, 2021","Apr 26, 2021",2026-04-23
SMIC SG HOLDINGS PTE LTD MTN RegS,Industrial,Fixed Income,"411,195.83",0.07,"411,195.83","400,000.00",-,XS2862924532,-,101.5,Philippines,-,USD,2.9,4.87,1.0,"Jul 24, 2029",5.38,2.93,-,4.86,2.86,4.86,USD,"Jul 24, 2024","Jul 24, 2024",2026-04-23
SOBHA SUKUK LTD RegS,Financial Institutions,Fixed Income,"411,138.89",0.07,"411,138.89","400,000.00",-,XS2633136234,-,100.5,United Arab Emirates,-,USD,0.23,8.49,1.0,"Jul 17, 2028",8.75,1.96,-,6.48,0.23,6.48,USD,"Jul 17, 2023","Jul 17, 2023",2026-04-23
BANCO BTG PACTUAL SA (CAYMAN ISLAN MTN RegS,Financial Institutions,Fixed Income,"410,942.11",0.07,"410,942.11","400,000.00",05971BAL3,US05971BAL36,-,101.31,Brazil,-,USD,3.29,5.36,1.0,"Jan 22, 2030",5.75,3.3,-,5.35,3.23,5.35,USD,"Oct 22, 2024","Oct 22, 2024",2026-04-23
OTEL SUKUK LIMITED RegS,Agency,Fixed Income,"410,820.83",0.07,"410,820.83","400,000.00",-,XS2695410832,-,101.41,Oman,-,USD,4.05,5.04,1.0,"Jan 24, 2031",5.38,4.11,-,5.02,3.92,5.02,USD,"Jan 24, 2024","Jan 24, 2024",2026-04-23
GOLAR LNG LTD RegS,Industrial,Fixed Income,"410,583.33",0.07,"410,583.33","400,000.00",-,USG4023LAD31,-,102.25,Cameroon,-,USD,3.09,6.9,1.0,"Oct 02, 2030",7.5,3.73,-,6.76,2.99,6.76,USD,"Oct 02, 2025","Oct 02, 2025",2026-04-23
BANCO MERCANTIL DEL NORTE SA (GRAN RegS,Financial Institutions,Fixed Income,"410,472.00",0.07,"410,472.00","400,000.00",-,USP1400MAB48,BK5SMQ8,102.12,Mexico,-,USD,2.8,8.83,1.0,"Dec 31, 2079",7.5,2.54,-,6.81,2.76,6.81,USD,"Jun 27, 2019","Jun 27, 2019",2026-04-23
LIMAK YENILENEBILIR ENERJI AS RegS,Utility,Fixed Income,"410,379.17",0.07,"410,379.17","400,000.00",-,XS2989570945,-,100.75,Turkey,-,USD,2.79,9.39,1.0,"Aug 12, 2030",9.63,3.19,-,9.30,2.35,9.30,USD,"Feb 12, 2025","Feb 12, 2025",2026-04-23
YAPI VE KREDI BANKASI AS MTN RegS,Financial Institutions,Fixed Income,"410,255.56",0.07,"410,255.56","400,000.00",-,XS3246209749,-,99.84,Turkey,-,USD,3.99,7.65,1.0,"Jun 11, 2036",7.55,4.07,-,7.59,4.08,7.59,USD,"Dec 11, 2025","Dec 11, 2025",2026-04-23
SHRIRAM FINANCE LTD MTN RegS,Financial Institutions,Fixed Income,"410,158.00",0.07,"410,158.00","400,000.00",-,USY775M1CJ07,-,102.23,India,-,USD,1.7,4.93,1.0,"Apr 03, 2028",6.15,1.82,-,4.84,1.67,4.84,USD,"Sep 30, 2024","Sep 30, 2024",2026-04-23
INVERSIONES CMPC SA RegS,Industrial,Fixed Income,"410,086.67",0.07,"410,086.67","400,000.00",-,USP58072BA92,-,100.07,Chile,-,USD,5.07,6.72,1.0,"Dec 09, 2057",6.7,5.15,-,6.69,5.16,6.69,USD,"Sep 09, 2025","Sep 09, 2025",2026-04-23
FS LUXEMBOURG SARL RegS,Industrial,Fixed Income,"410,116.67",0.07,"410,116.67","400,000.00",-,USL40756AG06,-,99.75,Brazil,-,USD,4.07,8.67,1.0,"Jun 25, 2033",8.63,5.13,-,8.67,5.13,8.67,USD,"Jun 25, 2025","Jun 25, 2025",2026-04-23
GREENTOWN CHINA HOLDINGS LTD RegS,Financial Institutions,Fixed Income,"409,851.67",0.07,"409,851.67","400,000.00",-,XS2971601336,-,101.13,China,-,USD,1.41,7.77,1.0,"Feb 24, 2028",8.45,1.66,-,7.77,1.66,7.77,USD,"Feb 24, 2025","Feb 24, 2025",2026-04-23
OMNIYAT SUKUK 1 LTD RegS,Financial Institutions,Fixed Income,"409,754.17",0.07,"409,754.17","400,000.00",-,XS3065329446,-,98.6,United Arab Emirates,-,USD,1.82,9.14,1.0,"May 06, 2028",8.38,1.77,-,9.14,1.77,9.14,USD,"May 06, 2025","May 06, 2025",2026-04-23
BANCO DO BRASIL SA (CAYMAN ISLANDS RegS,Agency,Fixed Income,"409,516.00",0.07,"409,516.00","400,000.00",-,USP2000TAE57,-,101.83,Brazil,-,USD,4.22,5.57,1.0,"Mar 18, 2031",6.0,4.19,-,5.57,4.19,5.57,USD,"Mar 18, 2024","Mar 18, 2024",2026-04-23
BANCO MERCANTIL DEL NORTE SA NC10 RegS,Financial Institutions,Fixed Income,"409,530.83",0.07,"409,530.83","400,000.00",-,USP14008AE91,BF2BL02,102.07,Mexico,-,USD,1.59,9.27,1.0,"Dec 31, 2079",7.63,1.29,-,6.39,1.56,6.39,USD,"Jul 06, 2017","Jul 06, 2017",2026-04-23
ACCESS BANK PLC MTN RegS,Financial Institutions,Fixed Income,"409,544.44",0.07,"409,544.44","400,000.00",-,XS2393246819,BNG93K2,99.75,Nigeria,-,USD,0.47,11.78,1.0,"Dec 31, 2079",9.13,0.35,-,9.69,0.43,9.69,USD,"Oct 07, 2021","Oct 07, 2021",2026-04-23
SAN MIGUEL GLOBAL POWER HOLDINGS C RegS,Utility,Fixed Income,"409,548.61",0.07,"409,548.61","400,000.00",-,XS2943809900,-,99.25,Philippines,-,USD,3.05,9.71,1.0,"Dec 31, 2079",8.13,2.79,-,8.36,2.98,8.36,USD,"Dec 02, 2024","Dec 02, 2024",2026-04-23
AXIAN TELECOM HOLDING AND MANAGEME RegS,Industrial,Fixed Income,"409,470.64",0.07,"409,470.64","400,000.00",-,XS3107112503,-,100.35,Madagascar,-,USD,3.12,7.15,1.0,"Jul 11, 2030",7.25,3.52,-,7.12,2.78,7.12,USD,"Jul 11, 2025","Jul 11, 2025",2026-04-23
ABSA GROUP LTD RegS,Financial Institutions,Fixed Income,"409,200.00",0.07,"409,200.00","400,000.00",-,XS2339102878,BMBQ862,99.75,South Africa,-,USD,0.34,9.19,1.0,"Dec 31, 2079",6.38,0.32,-,8.77,0.1,8.77,USD,"May 27, 2021","May 27, 2021",2026-04-23
AKBANK TAS RegS,Financial Institutions,Fixed Income,"409,239.11",0.07,"409,239.11","400,000.00",-,XS2355183091,BM9C6T1,100.06,Turkey,-,USD,0.17,9.78,1.0,"Jun 22, 2031",6.8,0.08,-,6.29,0.16,6.29,USD,"Jun 22, 2021","Jun 22, 2021",2026-04-23
PEGASUS HAVA TASIMACILIGI AS RegS,Industrial,Fixed Income,"408,747.56",0.07,"408,747.56","400,000.00",-,XS2897383043,-,101.3,Turkey,-,USD,3.47,7.7,1.0,"Sep 11, 2031",8.0,4.29,-,7.55,2.9,7.55,USD,"Sep 11, 2024","Sep 11, 2024",2026-04-23
TEVA PHARMACEUTICAL FINANCE NETHER,Industrial,Fixed Income,"408,554.00",0.07,"408,554.00","400,000.00",88167AAP6,US88167AAP66,BM92G79,100.0,Israel,-,USD,0.87,4.75,1.0,"May 09, 2027",4.75,0.99,-,4.75,0.99,4.75,USD,"Nov 09, 2021","Nov 09, 2021",2026-04-23
AYDEM YENILENEBILIR ENERJI AS RegS,Utility,Fixed Income,"408,229.17",0.07,"408,229.17","400,000.00",-,XS3065322862,-,101.48,Turkey,-,USD,2.97,9.41,1.0,"Sep 30, 2030",9.88,3.16,-,9.33,2.7,9.33,USD,"Sep 30, 2025","Sep 30, 2025",2026-04-23
BANCO BTG PACTUAL SA (CAYMAN ISLAN MTN RegS,Financial Institutions,Fixed Income,"408,174.78",0.07,"408,174.78","400,000.00",05971BAK5,US05971BAK52,-,101.82,Brazil,-,USD,2.66,5.57,1.0,"Apr 08, 2029",6.25,2.67,-,5.57,2.6,5.57,USD,"Apr 08, 2024","Apr 08, 2024",2026-04-23
BANQUE SAUDI FRANSI RegS,Financial Institutions,Fixed Income,"407,816.67",0.07,"407,816.67","400,000.00",-,XS3058649784,-,99.05,Saudi Arabia,-,USD,3.43,6.51,1.0,"Dec 31, 2079",6.38,4.08,-,6.51,4.13,6.51,USD,"May 07, 2025","May 07, 2025",2026-04-23
SMC GLOBAL POWER HOLDINGS CORP RegS,Utility,Fixed Income,"407,757.33",0.07,"407,757.33","400,000.00",-,XS2346954873,-,99.94,Philippines,-,USD,0.61,10.71,1.0,"Dec 31, 2079",5.45,0.31,-,5.53,0.6,5.53,USD,"Jun 09, 2021","Jun 09, 2021",2026-04-23
IHS HOLDING LTD/KY RegS,Industrial,Fixed Income,"407,769.95",0.07,"407,769.95","400,000.00",-,XS2413632527,-,99.48,Nigeria,-,USD,1.52,6.47,1.0,"Nov 29, 2028",6.25,2.31,-,6.47,2.31,6.47,USD,"Nov 29, 2021","Nov 29, 2021",2026-04-23
DILIJAN FINANCE BV RegS,Financial Institutions,Fixed Income,"407,526.67",0.07,"407,526.67","400,000.00",-,XS3239201414,-,100.25,Armenia,-,USD,3.95,6.53,1.0,"Jan 22, 2031",6.6,3.96,-,6.53,3.78,6.53,USD,"Jan 22, 2026","Jan 22, 2026",2026-04-23
REDE DOR FINANCE SARL RegS,Industrial,Fixed Income,"407,170.00",0.07,"407,170.00","400,000.00",-,USL7915TAC64,-,101.04,Brazil,-,USD,6.93,6.3,1.0,"Sep 09, 2035",6.45,6.93,-,6.30,6.79,6.30,USD,"Sep 09, 2025","Sep 09, 2025",2026-04-23
TURKIYE VAKIFLAR BANKASI TAO MTN RegS,Agency,Fixed Income,"406,686.07",0.07,"406,686.07","400,000.00",-,XS3196022597,-,99.28,Turkey,-,USD,3.43,7.97,1.0,"Dec 31, 2079",8.2,3.67,-,7.97,3.75,7.97,USD,"Oct 06, 2025","Oct 06, 2025",2026-04-23
GLOBE TELECOM INC RegS,Industrial,Fixed Income,"406,390.67",0.07,"406,390.67","400,000.00",-,XS2399476972,BM9XV33,99.63,Philippines,-,USD,0.27,9.22,1.0,"Dec 31, 2079",4.2,0.26,-,5.65,0.51,5.65,USD,"Nov 02, 2021","Nov 02, 2021",2026-04-23
BANCO BRADESCO SA (CAYMAN ISLANDS MTN RegS,Financial Institutions,Fixed Income,"406,352.24",0.07,"406,352.24","400,000.00",05947LBD9,US05947LBD91,-,100.23,Brazil,-,USD,4.12,5.32,1.0,"Jan 20, 2031",5.38,4.09,-,5.32,4.09,5.32,USD,"Jan 20, 2026","Jan 20, 2026",2026-04-23
BANCO VOTORANTIM SA (LUXEMBOURG B MTN RegS,Financial Institutions,Fixed Income,"406,048.61",0.07,"406,048.61","400,000.00",-,XS3046422542,-,101.3,Brazil,-,USD,1.85,5.17,1.0,"Apr 08, 2028",5.88,1.83,-,5.17,1.83,5.17,USD,"Apr 08, 2025","Apr 08, 2025",2026-04-23
KLABIN AUSTRIA GMBH RegS,Industrial,Fixed Income,"405,422.00",0.07,"405,422.00","400,000.00",-,USA35155AA77,BHQ4FV0,101.07,Brazil,-,USD,2.58,5.35,1.0,"Apr 03, 2029",5.75,2.68,-,5.32,2.47,5.32,USD,"Apr 03, 2019","Apr 03, 2019",2026-04-23
BANCO DE CREDITO DEL PERU MTN RegS,Financial Institutions,Fixed Income,"405,242.22",0.07,"405,242.22","400,000.00",05971V2H7,US05971V2H78,-,100.65,Peru,-,USD,3.48,5.88,1.0,"Mar 10, 2035",5.8,3.39,-,5.88,3.39,5.88,USD,"Sep 10, 2024","Sep 10, 2024",2026-04-23
STUDIO CITY FINANCE LTD RegS,Industrial,Fixed Income,"405,043.29",0.07,"405,043.29","400,000.00",-,USG85381AF13,-,99.53,Macau,-,USD,1.17,6.79,1.0,"Jan 15, 2028",6.5,1.59,-,6.79,1.59,6.79,USD,"Jul 15, 2020","Jul 15, 2020",2026-04-23
TURK TELEKOMUNIKASYON AS RegS,Agency,Fixed Income,"404,709.11",0.07,"404,709.11","400,000.00",-,XS3194824747,-,100.91,Turkey,-,USD,5.2,6.77,1.0,"Oct 07, 2032",6.95,5.13,-,6.77,5.13,6.77,USD,"Oct 07, 2025","Oct 07, 2025",2026-04-23
MELCO RESORTS FINANCE LTD RegS,Industrial,Fixed Income,"404,503.00",0.07,"404,503.00","400,000.00",-,USG5975LAD85,BK5QGW6,99.66,Macau,-,USD,0.91,5.91,1.0,"Jul 17, 2027",5.63,1.16,-,5.91,1.16,5.91,USD,"Jul 17, 2019","Jul 17, 2019",2026-04-23
BANCO DE CREDITO DEL PERU MTN RegS,Financial Institutions,Fixed Income,"404,530.67",0.07,"404,530.67","400,000.00",05971V2K0,US05971V2K08,-,99.63,Peru,-,USD,4.54,5.79,1.0,"Jan 15, 2037",5.65,4.39,-,5.73,4.59,5.73,USD,"Oct 15, 2025","Oct 15, 2025",2026-04-23
RENEW TREASURY IFSC PVT LTD RegS,Utility,Fixed Income,"404,385.56",0.07,"404,385.56","400,000.00",-,USY72910AA35,-,99.67,India,-,USD,3.88,6.58,1.0,"Feb 02, 2031",6.5,4.0,-,6.58,4.0,6.58,USD,"Feb 02, 2026","Feb 02, 2026",2026-04-23
ADECOAGRO SA RegS,Industrial,Fixed Income,"404,333.33",0.07,"404,333.33","400,000.00",-,USL00849AB20,-,99.38,Brazil,-,USD,4.3,7.62,1.0,"Jul 29, 2032",7.5,4.84,-,7.62,4.84,7.62,USD,"Jul 29, 2025","Jul 29, 2025",2026-04-23
BIDVEST GROUP (UK) PLC RegS,Industrial,Fixed Income,"404,342.22",0.07,"404,342.22","400,000.00",-,XS3179720167,-,100.5,South Africa,-,USD,4.36,6.1,1.0,"Sep 17, 2032",6.2,5.2,-,6.07,3.79,6.07,USD,"Sep 17, 2025","Sep 17, 2025",2026-04-23
TURKIYE IS BANKASI AS MTN RegS,Financial Institutions,Fixed Income,"404,317.50",0.07,"404,317.50","400,000.00",-,XS3264004329,-,99.38,Turkey,-,USD,4.46,7.65,1.0,"Feb 05, 2037",7.58,4.53,-,7.71,4.54,7.71,USD,"Jan 30, 2026","Jan 30, 2026",2026-04-23
HUARONG FINANCE 2019 CO LTD MTN RegS,Agency,Fixed Income,"404,232.00",0.07,"404,232.00","400,000.00",-,XS2001732283,BK9S6K6,99.28,China,-,USD,2.83,4.75,1.0,"May 29, 2029",4.5,2.81,-,4.75,2.81,4.75,USD,"May 29, 2019","May 29, 2019",2026-04-23
BAJ TIER 1 SUKUK COMPANY LTD RegS,Financial Institutions,Fixed Income,"404,094.44",0.07,"404,094.44","400,000.00",-,XS3184155441,-,100.5,Saudi Arabia,-,USD,3.81,6.65,1.0,"Dec 31, 2079",6.5,4.06,-,6.37,3.77,6.37,USD,"Sep 22, 2025","Sep 22, 2025",2026-04-23
BANCO DO BRASIL SA (CAYMAN ISLANDS MTN RegS,Agency,Fixed Income,"403,980.67",0.07,"403,980.67","400,000.00",-,USP3772WAK82,-,99.64,Brazil,-,USD,2.5,5.01,1.0,"Jan 11, 2029",4.88,2.49,-,5.01,2.49,5.01,USD,"Jan 11, 2022","Jan 11, 2022",2026-04-23
ADM ELEKTRIK DAGITIM AS RegS,Utility,Fixed Income,"402,922.22",0.07,"402,922.22","400,000.00",-,XS3260262988,-,98.72,Turkey,-,USD,3.66,9.83,1.0,"Feb 05, 2031",9.5,3.69,-,9.83,3.69,9.83,USD,"Feb 05, 2026","Feb 05, 2026",2026-04-23
YAPI VE KREDI BANKASI AS MTN RegS,Financial Institutions,Fixed Income,"402,624.33",0.07,"402,624.33","400,000.00",-,XS3169054049,-,99.58,Turkey,-,USD,3.6,8.35,1.0,"Dec 31, 2079",8.25,3.81,-,8.35,3.9,8.35,USD,"Sep 04, 2025","Sep 04, 2025",2026-04-23
TURKIYE GARANTI BANKASI AS MTN RegS,Financial Institutions,Fixed Income,"402,636.33",0.07,"402,636.33","400,000.00",-,XS3205715611,-,100.53,Turkey,-,USD,3.98,7.61,1.0,"Apr 15, 2036",7.63,4.06,-,7.49,3.91,7.49,USD,"Oct 15, 2025","Oct 15, 2025",2026-04-23
GRUPO NUTRESA SA 144A,Industrial,Fixed Income,"402,280.00",0.07,"402,280.00","400,000.00",40052JAA9,US40052JAA97,-,100.57,Colombia,-,USD,3.94,6.65,1.0,"Dec 29, 2049",7.88,4.54,-,6.65,4.55,6.65,USD,"Apr 21, 2026","Apr 21, 2026",2026-04-23
MUTHOOT FINANCE LTD MTN RegS,Financial Institutions,Fixed Income,"402,171.44",0.07,"402,171.44","400,000.00",62828M2F7,US62828M2F71,-,99.31,India,-,USD,3.43,5.95,1.0,"Aug 04, 2030",5.75,3.39,-,5.95,3.39,5.95,USD,"Feb 04, 2026","Feb 04, 2026",2026-04-23
REDE D OR FINANCE SARL RegS,Industrial,Fixed Income,"402,045.00",0.07,"402,045.00","400,000.00",-,USL7915RAA43,BD0G224,99.22,Brazil,-,USD,1.57,5.42,1.0,"Jan 17, 2028",4.95,1.62,-,5.42,1.62,5.42,USD,"Jan 17, 2018","Jan 17, 2018",2026-04-23
BANCO BTG PACTUAL SA (CAYMAN ISLAN MTN RegS,Financial Institutions,Fixed Income,"401,733.33",0.07,"401,733.33","400,000.00",05971BAM1,US05971BAM19,-,99.15,Brazil,-,USD,4.1,5.7,1.0,"Jan 27, 2031",5.5,4.09,-,5.70,4.09,5.70,USD,"Jan 27, 2026","Jan 27, 2026",2026-04-23
ENERGUATE TRUST 2 RegS,Utility,Fixed Income,"401,540.00",0.07,"401,540.00","400,000.00",-,USG3040LAB83,-,99.75,Guatemala,-,USD,6.08,6.38,1.0,"Sep 15, 2035",6.35,6.95,-,6.38,6.95,6.38,USD,"Sep 25, 2025","Sep 25, 2025",2026-04-23
YPF SA RegS,Agency,Fixed Income,"401,261.33",0.07,"401,261.33","400,000.00",-,USP989MJBT72,-,99.91,Argentina,-,USD,4.91,7.02,1.0,"Sep 30, 2033",7.0,4.89,-,7.02,4.89,7.02,USD,"Feb 12, 2021","Feb 12, 2021",2026-04-23
GFH SENIOR SUKUK LTD MTN RegS,Financial Institutions,Fixed Income,"401,062.00",0.07,"401,062.00","400,000.00",-,XS2928674253,-,96.83,Bahrain,-,USD,3.01,8.56,1.0,"Nov 06, 2029",7.5,2.94,-,8.56,2.94,8.56,USD,"Nov 06, 2024","Nov 06, 2024",2026-04-23
THAIOIL TREASURY CENTER CO LTD MTN RegS,Industrial,Fixed Income,"401,006.67",0.07,"401,006.67","400,000.00",-,USY86218AC16,-,98.63,Thailand,-,USD,4.04,6.58,1.0,"Dec 31, 2079",6.1,4.09,-,6.43,4.17,6.43,USD,"Jan 15, 2026","Jan 15, 2026",2026-04-23
ARAGVI FINANCE INTERNATIONAL DAC RegS,Industrial,Fixed Income,"401,017.28",0.07,"401,017.28","400,000.00",-,XS2932787687,-,95.59,Moldova,-,USD,2.77,12.69,1.0,"Nov 20, 2029",11.13,2.72,-,12.69,2.72,12.69,USD,"Nov 20, 2024","Nov 20, 2024",2026-04-23
SABESP LUX S.A R.L. RegS,Utility,Fixed Income,"399,812.50",0.07,"399,812.50","400,000.00",-,USL07120AB17,-,99.0,Brazil,-,USD,3.77,5.89,1.0,"Aug 20, 2030",5.63,3.75,-,5.89,3.75,5.89,USD,"Jul 31, 2025","Jul 31, 2025",2026-04-23
WYNN MACAU LTD RegS,Industrial,Fixed Income,"399,662.22",0.07,"399,662.22","400,000.00",-,USG98149AD29,BDZRW55,99.61,Macau,-,USD,1.03,5.78,1.0,"Oct 01, 2027",5.5,1.37,-,5.78,1.37,5.78,USD,"Sep 20, 2017","Sep 20, 2017",2026-04-23
CENTRAL PLAZA DEVELOPMENT LTD RegS,Local Authority,Fixed Income,"399,557.78",0.07,"399,557.78","400,000.00",-,XS3035206518,-,99.63,China,-,USD,2.66,6.94,1.0,"Apr 07, 2029",6.8,2.63,-,6.94,2.63,6.94,USD,"Apr 07, 2025","Apr 07, 2025",2026-04-23
BANK NEGARA INDONESIA PERSERO TBK RegS,Agency,Fixed Income,"399,415.00",0.07,"399,415.00","400,000.00",-,XS2385923722,BMCPCV1,99.53,Indonesia,-,USD,0.89,7.21,1.0,"Dec 31, 2079",4.3,0.68,-,4.82,0.89,4.82,USD,"Sep 24, 2021","Sep 24, 2021",2026-04-23
MELCO RESORTS FINANCE LTD RegS,Industrial,Fixed Income,"399,434.00",0.07,"399,434.00","400,000.00",-,USG5975LAL02,-,99.37,Macau,-,USD,4.81,6.61,1.0,"Sep 24, 2033",6.5,5.78,-,6.61,5.78,6.61,USD,"Sep 24, 2025","Sep 24, 2025",2026-04-23
AKBANK TAS RegS,Financial Institutions,Fixed Income,"399,124.67",0.07,"399,124.67","400,000.00",-,XS3298828966,-,98.41,Turkey,-,USD,3.82,7.87,1.0,"Dec 31, 2079",7.95,4.15,-,7.87,4.2,7.87,USD,"Feb 19, 2026","Feb 19, 2026",2026-04-23
RUMO LUXEMBOURG SARL RegS,Industrial,Fixed Income,"398,795.67",0.07,"398,795.67","400,000.00",-,USL79090AC78,-,98.23,Brazil,-,USD,1.55,6.35,1.0,"Jan 10, 2028",5.25,1.59,-,6.35,1.59,6.35,USD,"Jul 10, 2020","Jul 10, 2020",2026-04-23
GC TREASURY CENTER PERPNC10 RegS,Industrial,Fixed Income,"398,745.83",0.07,"398,745.83","400,000.00",-,USY3004DAE41,-,98.88,Thailand,-,USD,6.52,7.23,1.0,"Dec 31, 2079",7.13,6.79,-,7.30,6.69,7.30,USD,"Sep 10, 2025","Sep 10, 2025",2026-04-23
TURKIYE IS BANKASI AS MTN RegS,Financial Institutions,Fixed Income,"398,556.94",0.07,"398,556.94","400,000.00",-,XS3174368152,-,99.25,Turkey,-,USD,3.96,7.55,1.0,"Apr 02, 2036",7.38,4.04,-,7.57,4.06,7.57,USD,"Sep 29, 2025","Sep 29, 2025",2026-04-23
AXIS BANK LTD GIFT CITY (GANDHINAG RegS,Financial Institutions,Fixed Income,"398,278.89",0.07,"398,278.89","400,000.00",-,USY1009XAA73,BMYRD23,99.08,India,-,USD,0.82,7.1,1.0,"Dec 31, 2079",4.1,0.65,-,6.55,0.37,6.55,USD,"Sep 08, 2021","Sep 08, 2021",2026-04-23
SJM INTERNATIONAL LTD RegS,Industrial,Fixed Income,"397,933.33",0.07,"397,933.33","400,000.00",-,XS3267117995,-,97.75,Macau,-,USD,3.73,7.06,1.0,"Jan 15, 2031",6.5,3.93,-,7.06,3.93,7.06,USD,"Jan 15, 2026","Jan 15, 2026",2026-04-23
SAUDI NATIONAL BANK RegS,Financial Institutions,Fixed Income,"397,805.67",0.07,"397,805.67","400,000.00",-,XS3272079206,-,97.93,Saudi Arabia,-,USD,3.99,6.36,1.0,"Dec 31, 2079",6.15,4.29,-,6.36,4.35,6.36,USD,"Jan 22, 2026","Jan 22, 2026",2026-04-23
CONTINUUM GREEN ENERGY RESTRICTED RegS,Utility,Fixed Income,"397,707.08",0.07,"397,707.08","376,300.00",-,USY8987LAA45,-,103.29,India,-,USD,3.9,6.9,1.0,"Jun 26, 2033",7.5,5.3,-,6.82,4.73,6.82,USD,"Jun 26, 2024","Jun 26, 2024",2026-04-23
COCA-COLA ICECEK AS RegS,Industrial,Fixed Income,"397,050.00",0.07,"397,050.00","400,000.00",-,XS2434515313,-,98.13,Turkey,-,USD,2.49,5.24,1.0,"Jan 20, 2029",4.5,2.52,-,5.24,2.52,5.24,USD,"Jan 20, 2022","Jan 20, 2022",2026-04-23
GARUDA INDONESIA (PERSERO) TBK PT RegS,Industrial,Fixed Income,"397,042.81",0.07,"397,042.81","461,816.00",-,XS2568752682,BR0WR36,85.56,Indonesia,-,USD,4.59,9.97,1.0,"Dec 28, 2031",6.5,4.58,-,9.97,4.58,9.97,USD,"Dec 28, 2022","Dec 28, 2022",2026-04-23
MANILA WATER CO INC RegS,Utility,Fixed Income,"396,937.50",0.07,"396,937.50","400,000.00",-,XS2208939368,-,98.25,Philippines,-,USD,2.84,4.83,1.0,"Jul 30, 2030",4.38,3.81,-,4.83,3.81,4.83,USD,"Jul 30, 2020","Jul 30, 2020",2026-04-23
JGSH PHILIPPINES LTD RegS,Industrial,Fixed Income,"396,895.00",0.07,"396,895.00","400,000.00",-,XS2198145422,-,98.06,Philippines,-,USD,3.79,4.64,1.0,"Jul 09, 2030",4.13,3.78,-,4.64,3.78,4.64,USD,"Jul 09, 2020","Jul 09, 2020",2026-04-23
BANCO MERCANTIL DEL NORTE SA NC10 RegS,Financial Institutions,Fixed Income,"396,904.17",0.07,"396,904.17","400,000.00",-,USP1401KAB72,-,97.63,Mexico,-,USD,4.55,8.58,1.0,"Dec 31, 2079",6.63,4.5,-,7.20,4.58,7.20,USD,"Nov 24, 2021","Nov 24, 2021",2026-04-23
DIB TIER 1 SUKUK (6) LTD RegS,Financial Institutions,Fixed Income,"395,791.67",0.07,"395,791.67","400,000.00",-,XS2913984568,-,98.88,United Arab Emirates,-,USD,3.53,5.31,1.0,"Dec 31, 2079",5.25,3.88,-,5.31,3.94,5.31,USD,"Oct 16, 2024","Oct 16, 2024",2026-04-23
MINERVA LUXEMBOURG SA 144A,Industrial,Fixed Income,"395,600.00",0.07,"395,600.00","400,000.00",603374AK5,US603374AK54,-,98.9,Brazil,-,USD,6.31,7.66,1.0,"Apr 22, 2036",7.5,6.93,-,7.66,6.93,7.66,USD,"Apr 22, 2026","Apr 22, 2026",2026-04-23
AVIANCA MIDCO 2 PLC RegS,Industrial,Fixed Income,"395,081.11",0.07,"395,081.11","400,000.00",-,USG2957NAD33,-,96.58,Colombia,-,USD,3.62,10.42,1.0,"Jan 28, 2031",9.5,3.65,-,10.42,3.65,10.42,USD,"Jan 28, 2026","Jan 28, 2026",2026-04-23
MOVIDA EUROPE SA RegS,Industrial,Fixed Income,"394,872.22",0.07,"394,872.22","400,000.00",-,USL65266AC91,-,98.5,Brazil,-,USD,2.64,8.43,1.0,"Apr 11, 2029",7.85,2.59,-,8.43,2.59,8.43,USD,"Apr 11, 2024","Apr 11, 2024",2026-04-23
NOVA SECURITISATION SARL RegS,Utility,Fixed Income,"394,257.33",0.07,"394,257.33","400,000.00",-,USL70906AB56,-,97.16,Brazil,-,USD,7.05,6.9,1.0,"Feb 03, 2036",6.5,7.01,-,6.90,7.01,6.90,USD,"Feb 03, 2026","Feb 03, 2026",2026-04-23
JSW STEEL LTD RegS,Industrial,Fixed Income,"393,401.78",0.07,"393,401.78","400,000.00",-,USY44680RW11,BPGN1Q0,98.13,India,-,USD,4.98,5.42,1.0,"Apr 05, 2032",5.05,5.06,-,5.42,5.06,5.42,USD,"Sep 23, 2021","Sep 23, 2021",2026-04-23
PERU LNG SRL RegS,Industrial,Fixed Income,"391,810.29",0.07,"391,810.29","400,080.00",-,USP7721BAE13,BD216F8,97.5,Peru,-,USD,1.98,6.65,1.0,"Mar 22, 2030",5.38,1.96,-,6.65,1.96,6.65,USD,"Mar 22, 2018","Mar 22, 2018",2026-04-23
GDZ ELEKTRIK DAGITIM AS RegS,Utility,Fixed Income,"391,412.00",0.07,"391,412.00","400,000.00",-,XS2911134604,-,97.7,Turkey,-,USD,2.8,9.79,1.0,"Oct 15, 2029",9.0,2.91,-,9.79,2.91,9.79,USD,"Oct 15, 2024","Oct 15, 2024",2026-04-23
SINGAPORE AIRLINES LTD MTN RegS,Agency,Fixed Income,"390,766.00",0.07,"390,766.00","400,000.00",-,XS2405871570,-,96.83,Singapore,-,USD,2.55,4.62,1.0,"Jan 19, 2029",3.38,2.56,-,4.62,2.56,4.62,USD,"Jan 19, 2022","Jan 19, 2022",2026-04-23
MINSUR SA RegS,Industrial,Fixed Income,"390,510.00",0.07,"390,510.00","400,000.00",-,USP6811TAB19,-,95.47,Peru,-,USD,4.69,5.46,1.0,"Oct 28, 2031",4.5,4.69,-,5.46,4.69,5.46,USD,"Oct 28, 2021","Oct 28, 2021",2026-04-23
STILLWATER MINING COMPANY RegS,Industrial,Fixed Income,"389,686.00",0.07,"389,686.00","400,000.00",-,USU85969AF71,-,95.48,South Africa,-,USD,3.02,5.92,1.0,"Nov 16, 2029",4.5,3.17,-,5.92,3.17,5.92,USD,"Nov 16, 2021","Nov 16, 2021",2026-04-23
COSAN OVERSEAS LTD RegS,Industrial,Fixed Income,"389,566.67",0.07,"389,566.67","400,000.00",-,XS0556373347,B5WJZ04,95.65,Brazil,-,USD,6.31,8.72,1.0,"Dec 31, 2079",8.25,11.47,-,8.72,11.27,8.72,USD,"Nov 05, 2010","Nov 05, 2010",2026-04-23
RENEW POWER PVT LTD RegS,Utility,Fixed Income,"389,410.00",0.07,"389,410.00","400,000.00",-,USY7280PAA13,BNVTTQ5,96.14,India,-,USD,2.06,6.38,1.0,"Jul 14, 2028",4.5,2.05,-,6.38,2.05,6.38,USD,"Apr 14, 2021","Apr 14, 2021",2026-04-23
FS LUXEMBOURG SARL RegS,Industrial,Fixed Income,"388,039.44",0.07,"388,039.44","400,000.00",-,USL40756AH88,-,95.43,Brazil,-,USD,6.17,8.83,1.0,"Feb 11, 2036",8.13,6.47,-,8.83,6.47,8.83,USD,"Feb 11, 2026","Feb 11, 2026",2026-04-23
MAF GLOBAL SECURITIES LTD RegS,Financial Institutions,Fixed Income,"387,895.66",0.07,"387,895.66","400,000.00",-,XS3225990483,-,96.0,United Arab Emirates,-,USD,3.96,6.43,1.0,"Dec 31, 2079",5.75,4.01,-,6.78,4.09,6.78,USD,"Nov 20, 2025","Nov 20, 2025",2026-04-23
CABLE ONDA SA RegS,Industrial,Fixed Income,"387,298.00",0.07,"387,298.00","400,000.00",-,USP1926LAA37,-,95.81,Panama,-,USD,3.16,5.75,1.0,"Jan 30, 2030",4.5,3.37,-,5.75,3.37,5.75,USD,"Nov 01, 2019","Nov 01, 2019",2026-04-23
BRF SA RegS,Industrial,Fixed Income,"386,012.50",0.07,"386,012.50","400,000.00",-,USP1905CJX94,-,95.33,Brazil,-,USD,3.24,6.29,1.0,"Jan 24, 2030",4.88,3.33,-,6.29,3.33,6.29,USD,"Sep 24, 2019","Sep 24, 2019",2026-04-23
BANCO DAVIVIENDA SA RegS,Financial Institutions,Fixed Income,"385,326.11",0.07,"385,326.11","400,000.00",-,USP0R11WAG52,-,93.03,Colombia,-,USD,3.88,9.04,1.0,"Dec 31, 2079",6.65,3.88,-,8.39,3.99,8.39,USD,"Apr 22, 2021","Apr 22, 2021",2026-04-23
YPF SA RegS,Agency,Fixed Income,"384,215.30",0.07,"384,215.30","415,000.00",-,USP989MJBN03,BF4HVD1,90.13,Argentina,-,USD,10.08,7.96,1.0,"Dec 15, 2047",7.0,10.23,-,7.96,10.23,7.96,USD,"Dec 15, 2017","Dec 15, 2017",2026-04-23
BINGHATTI SUKUK 2 SPV LTD RegS,Financial Institutions,Fixed Income,"383,426.11",0.07,"383,426.11","400,000.00",-,XS3187728277,-,93.51,United Arab Emirates,-,USD,2.76,10.17,1.0,"Jul 02, 2029",7.75,2.68,-,10.17,2.68,10.17,USD,"Oct 01, 2025","Oct 01, 2025",2026-04-23
EASTERN AND SOUTHERN AFRICAN TRADE MTN RegS,Supranational,Fixed Income,"381,831.50",0.07,"381,831.50","400,000.00",-,XS2356571559,BLCHX39,94.19,Supranational,-,USD,2.05,7.03,1.0,"Jun 30, 2028",4.13,2.02,-,7.03,2.02,7.03,USD,"Jun 30, 2021","Jun 30, 2021",2026-04-23
ANADOLU EFES BIRACILIK VE MALT SAN RegS,Industrial,Fixed Income,"378,432.00",0.06,"378,432.00","400,000.00",-,XS2355105292,-,93.56,Turkey,-,USD,2.07,6.58,1.0,"Jun 29, 2028",3.38,2.04,-,6.58,2.04,6.58,USD,"Jun 29, 2021","Jun 29, 2021",2026-04-23
COLOMBIA TELECOMUNICACIONES SA ESP RegS,Industrial,Fixed Income,"377,830.00",0.06,"377,830.00","400,000.00",-,USP28768AC69,BMZ6D52,93.17,Colombia,-,USD,3.72,6.83,1.0,"Jul 17, 2030",4.95,3.68,-,6.83,3.68,6.83,USD,"Jul 17, 2020","Jul 17, 2020",2026-04-23
BINGHATTI SUKUK 2 SPV LTD RegS,Financial Institutions,Fixed Income,"375,480.56",0.06,"375,480.56","400,000.00",-,XS3145700491,-,92.2,United Arab Emirates,-,USD,3.55,10.42,1.0,"Aug 07, 2030",8.13,3.44,-,10.42,3.44,10.42,USD,"Aug 07, 2025","Aug 07, 2025",2026-04-23
B3 SA BRASIL BOLSA BALCAO RegS,Financial Institutions,Fixed Income,"374,880.83",0.06,"374,880.83","400,000.00",-,USP19118AA91,-,93.36,Brazil,-,USD,4.78,5.56,1.0,"Sep 20, 2031",4.13,4.74,-,5.56,4.74,5.56,USD,"Sep 20, 2021","Sep 20, 2021",2026-04-23
FRANSHION BRILLIANT LTD RegS,Financial Institutions,Fixed Income,"374,480.56",0.06,"374,480.56","400,000.00",-,XS2030348903,BK8Q485,92.58,China,-,USD,2.98,6.83,1.0,"Jul 23, 2029",4.25,2.93,-,6.83,2.93,6.83,USD,"Jul 23, 2019","Jul 23, 2019",2026-04-23
LONGFOR PROPERTIES CO LTD RegS,Financial Institutions,Fixed Income,"373,750.00",0.06,"373,750.00","400,000.00",-,XS1743535491,BF4M2X3,92.25,China,-,USD,1.64,9.44,1.0,"Jan 16, 2028",4.5,1.59,-,9.44,1.59,9.44,USD,"Jan 16, 2018","Jan 16, 2018",2026-04-23
UPL CORPORATION LTD RegS,Industrial,Fixed Income,"372,623.61",0.06,"372,623.61","400,000.00",-,XS2189565992,BMHTDB5,91.55,India,-,USD,3.68,7.0,1.0,"Jun 16, 2030",4.63,3.62,-,7.00,3.62,7.00,USD,"Jun 16, 2020","Jun 16, 2020",2026-04-23
AI CANDELARIA SPAIN SL RegS,Industrial,Fixed Income,"370,290.00",0.06,"370,290.00","400,000.00",-,USE0R75RAB28,-,90.56,Colombia,-,USD,4.18,8.06,1.0,"Jun 15, 2033",5.75,4.13,-,8.06,4.13,8.06,USD,"May 13, 2021","May 13, 2021",2026-04-23
FALABELLA SA RegS,Industrial,Fixed Income,"368,100.00",0.06,"368,100.00","400,000.00",-,USP3984LAA81,-,91.13,Chile,-,USD,5.06,5.18,1.0,"Jan 15, 2032",3.38,5.05,-,5.18,5.05,5.18,USD,"Oct 15, 2021","Oct 15, 2021",2026-04-23
ENFRAGEN ENERGIA SUR SA RegS,Utility,Fixed Income,"365,692.53",0.06,"365,692.53","396,142.00",-,USE4181LAA91,-,92.0,Colombia,-,USD,3.97,7.48,1.0,"Dec 30, 2030",5.38,4.06,-,7.48,4.06,7.48,USD,"Dec 17, 2020","Dec 17, 2020",2026-04-23
KLABIN AUSTRIA GMBH RegS,Industrial,Fixed Income,"365,332.00",0.06,"365,332.00","400,000.00",-,USA35155AE99,-,90.45,Brazil,-,USD,4.27,5.52,1.0,"Jan 12, 2031",3.2,4.25,-,5.52,4.25,5.52,USD,"Jan 12, 2021","Jan 12, 2021",2026-04-23
METINVEST BV RegS,Industrial,Fixed Income,"359,761.11",0.06,"359,761.11","400,000.00",-,XS2056723468,-,86.63,Ukraine,-,USD,2.92,12.6,1.0,"Oct 17, 2029",7.75,2.8,-,12.60,2.8,12.60,USD,"Oct 17, 2019","Oct 17, 2019",2026-04-23
RUMO LUXEMBOURG SARL RegS,Industrial,Fixed Income,"359,340.00",0.06,"359,340.00","400,000.00",-,USL79090AD51,-,88.75,Brazil,-,USD,4.89,6.58,1.0,"Jan 18, 2032",4.2,4.9,-,6.58,4.9,6.58,USD,"Sep 22, 2021","Sep 22, 2021",2026-04-23
LEVIATHAN BOND LTD,Industrial,Fixed Income,"358,327.08",0.06,"358,327.08","350,000.00",-,IL0011677825,-,100.38,Israel,-,USD,1.12,6.16,1.0,"Jun 30, 2027",6.5,1.11,-,6.16,1.11,6.16,USD,"Aug 18, 2020","Aug 18, 2020",2026-04-23
KOSMOS ENERGY LTD RegS,Industrial,Fixed Income,"356,944.44",0.06,"356,944.44","400,000.00",-,USU5007TAE56,-,88.75,Ghana,-,USD,4.24,11.59,1.0,"Oct 01, 2031",8.75,4.11,-,11.59,4.11,11.59,USD,"Sep 24, 2024","Sep 24, 2024",2026-04-23
GRUPO TELEVISA SAB,Industrial,Fixed Income,"356,806.67",0.06,"356,806.67","400,000.00",40049JAZ0,US40049JAZ03,B51YP22,87.44,Mexico,-,USD,8.43,8.16,1.0,"Jan 15, 2040",6.63,8.36,-,8.16,8.36,8.16,USD,"Nov 30, 2009","Mar 16, 2010",2026-04-23
LEBANON REPUBLIC OF (GOVERNMENT) MTN RegS,Sovereign,Fixed Income,"355,550.00",0.06,"355,550.00","1,300,000.00",-,XS0559237796,B5L3R45,27.35,Lebanon,-,USD,0.0,,1.0,"Oct 04, 2023",0.0,0.0,-,-,0.0,-,USD,"Nov 12, 2010","Nov 12, 2010",2026-04-23
SIMPAR EUROPE SA MTN RegS,Industrial,Fixed Income,"354,835.11",0.06,"354,835.11","400,000.00",-,USL8449RAA79,BMXYFM9,87.48,Brazil,-,USD,4.1,8.44,1.0,"Jan 26, 2031",5.2,4.01,-,8.44,4.01,8.44,USD,"Jan 20, 2021","Jan 20, 2021",2026-04-23
ALPEK SAB DE CV RegS,Industrial,Fixed Income,"352,002.22",0.06,"352,002.22","400,000.00",-,USP01703AD22,-,87.5,Mexico,-,USD,4.38,6.28,1.0,"Feb 25, 2031",3.25,4.33,-,6.28,4.33,6.28,USD,"Feb 25, 2021","Feb 25, 2021",2026-04-23
PLAYTIKA HOLDING CORP RegS,Industrial,Fixed Income,"347,700.00",0.06,"347,700.00","400,000.00",-,USU7265LAA36,BMG7GP5,86.5,Israel,-,USD,2.68,9.7,1.0,"Mar 15, 2029",4.25,2.61,-,9.70,2.61,9.70,USD,"Mar 11, 2021","Mar 11, 2021",2026-04-23
NEMAK SAB DE CV RegS,Industrial,Fixed Income,"346,839.39",0.06,"346,839.39","400,000.00",-,USP71340AD81,-,85.57,Mexico,-,USD,4.58,6.99,1.0,"Jun 28, 2031",3.63,4.51,-,6.99,4.51,6.99,USD,"Jun 28, 2021","Jun 28, 2021",2026-04-23
BRASKEM NETHERLANDS FINANCE BV RegS,Industrial,Fixed Income,"344,175.00",0.06,"344,175.00","600,000.00",-,USN15516AH53,-,55.02,Brazil,-,USD,3.47,25.33,1.0,"Jan 12, 2031",8.5,3.14,-,25.33,3.14,25.33,USD,"Sep 12, 2023","Sep 12, 2023",2026-04-23
ORBIA ADVANCE CORPORATION SAB DE C RegS,Industrial,Fixed Income,"342,207.11",0.06,"342,207.11","400,000.00",-,USP7S81YAC93,-,84.27,Mexico,-,USD,4.55,6.58,1.0,"May 11, 2031",2.88,4.49,-,6.58,4.49,6.58,USD,"May 11, 2021","May 11, 2021",2026-04-23
TEVA PHARMACEUTICAL FINANCE NETHER,Industrial,Fixed Income,"340,702.50",0.06,"340,702.50","300,000.00",88167AAR2,US88167AAR23,-,112.76,Israel,-,USD,4.28,5.37,1.0,"Sep 15, 2031",8.13,4.39,-,5.27,4.22,5.27,USD,"Mar 09, 2023","Mar 09, 2023",2026-04-23
BRASKEM NETHERLANDS FINANCE BV RegS,Industrial,Fixed Income,"332,216.67",0.06,"332,216.67","600,000.00",-,USN15516AG70,-,54.0,Brazil,-,USD,4.71,19.84,1.0,"Feb 13, 2033",7.25,4.37,-,19.84,4.37,19.84,USD,"Feb 13, 2023","Feb 13, 2023",2026-04-23
ABRA GLOBAL FINANCE RegS,Industrial,Fixed Income,"330,975.55",0.06,"330,975.55","335,675.00",-,USG00912AC21,-,96.75,Colombia,-,USD,3.09,7.06,1.0,"Oct 22, 2029",6.0,3.04,-,7.06,3.04,7.06,USD,"Oct 22, 2024","Oct 22, 2024",2026-04-23
BRF SA RegS,Industrial,Fixed Income,"329,116.67",0.06,"329,116.67","400,000.00",-,USP1905CAJ91,BMZ13V3,81.8,Brazil,-,USD,11.54,7.37,1.0,"Sep 21, 2050",5.75,11.75,-,7.37,11.75,7.37,USD,"Sep 21, 2020","Sep 21, 2020",2026-04-23
YINSON PRODUCTION OFFSHORE PTE LTD,Industrial,Fixed Income,"329,002.52",0.06,"329,002.52","300,000.00",-,NO0013215509,-,105.21,Singapore,-,USD,1.48,7.38,1.0,"May 03, 2029",9.63,2.05,-,7.38,2.05,7.38,USD,"May 03, 2024","May 03, 2024",2026-04-23
BRASKEM NETHERLANDS FINANCE BV RegS,Industrial,Fixed Income,"328,550.00",0.06,"328,550.00","600,000.00",-,USN15516AJ10,-,54.63,Brazil,-,USD,5.3,18.96,1.0,"Oct 15, 2034",8.0,4.95,-,18.96,4.95,18.96,USD,"Oct 15, 2024","Oct 15, 2024",2026-04-23
ENERGEAN ISRAEL FINANCE LTD,Industrial,Fixed Income,"320,737.76",0.05,"320,737.76","325,000.00",-,IL0011736738,-,98.38,Israel,-,USD,1.74,6.27,1.0,"Mar 30, 2028",5.38,1.81,-,6.27,1.81,6.27,USD,"Mar 24, 2021","Mar 24, 2021",2026-04-23
GLP PTE LTD MTN RegS,Financial Institutions,Fixed Income,"318,450.00",0.05,"318,450.00","600,000.00",-,XS2340147813,BNW2K48,51.15,Singapore,-,USD,-4.82,15.19,1.0,"Dec 31, 2079",4.5,0.0,-,15.19,0.0,15.19,USD,"May 17, 2021","May 17, 2021",2026-04-23
MEXICHEM SAB DE CV RegS,Industrial,Fixed Income,"315,269.44",0.05,"315,269.44","400,000.00",-,USP57908AF58,BQSBGP3,78.26,Mexico,-,USD,10.0,8.18,1.0,"Sep 17, 2044",5.88,10.04,-,8.18,10.04,8.18,USD,"Sep 17, 2014","Sep 17, 2014",2026-04-23
RAIZEN FUELS FINANCE SA RegS,Industrial,Fixed Income,"312,300.00",0.05,"312,300.00","600,000.00",-,USL7909CAD94,-,52.05,Brazil,-,USD,7.42,13.85,1.0,"Mar 05, 2054",6.95,7.37,-,13.85,7.37,13.85,USD,"Mar 05, 2024","Mar 05, 2024",2026-04-23
MEXICHEM SAB DE CV RegS,Industrial,Fixed Income,"305,866.67",0.05,"305,866.67","400,000.00",-,USP57908AH15,BZ2Z1C6,75.0,Mexico,-,USD,10.74,7.93,1.0,"Jan 15, 2048",5.5,10.88,-,7.93,10.88,7.93,USD,"Oct 04, 2017","Oct 04, 2017",2026-04-23
BRASKEM NETHERLANDS FINANCE BV RegS,Industrial,Fixed Income,"302,493.75",0.05,"302,493.75","600,000.00",-,USN15516AE23,-,49.09,Brazil,-,USD,8.15,12.71,1.0,"Jan 31, 2050",5.88,8.11,-,12.71,8.11,12.71,USD,"Nov 01, 2019","Nov 01, 2019",2026-04-23
BANCO DE CREDITO DEL PERU RegS,Financial Institutions,Fixed Income,"297,433.75",0.05,"297,433.75","300,000.00",05971V2D6,US05971V2D64,-,98.95,Peru,-,USD,0.43,6.3,1.0,"Sep 30, 2031",3.25,0.38,-,5.66,0.43,5.66,USD,"Mar 30, 2021","Mar 30, 2021",2026-04-23
PETROBRAS GLOBAL FINANCE BV,Agency,Fixed Income,"296,864.36",0.05,"296,864.36","350,000.00",71647NBJ7,US71647NBJ72,-,82.82,Brazil,-,USD,11.84,6.96,1.0,"Jun 10, 2051",5.5,12.08,-,6.96,12.08,6.96,USD,"Jun 10, 2021","Jun 10, 2021",2026-04-23
CONSOLIDATED ENERGY FINANCE SA RegS,Industrial,Fixed Income,"279,446.25",0.05,"279,446.25","300,000.00",-,USL1957QAG57,BLD3GJ3,93.06,Trinidad and Tobago,-,USD,2.3,8.8,1.0,"Oct 15, 2028",5.63,2.25,-,8.80,2.25,8.80,USD,"Oct 07, 2021","Oct 07, 2021",2026-04-23
CSN RESOURCES SA RegS,Industrial,Fixed Income,"272,496.61",0.05,"272,496.61","400,000.00",-,USL21779AK60,-,67.91,Brazil,-,USD,4.78,13.98,1.0,"Apr 08, 2032",5.88,4.56,-,13.98,4.56,13.98,USD,"Feb 08, 2022","Feb 08, 2022",2026-04-23
ACU PETROLEO LUXEMBOURG SARL RegS,Industrial,Fixed Income,"263,889.70",0.04,"263,889.70","253,091.00",-,USL0R80QAA10,BP6HHS6,102.22,Brazil,-,USD,2.91,7.01,1.0,"Jul 13, 2035",7.5,4.49,-,6.74,2.88,6.74,USD,"Jan 13, 2022","Jan 13, 2022",2026-04-23
LEBANON (REPUBLIC OF) MTN RegS,Sovereign,Fixed Income,"262,560.00",0.04,"262,560.00","960,000.00",-,XS0707820659,B6XXGZ4,27.35,Lebanon,-,USD,0.0,,1.0,"Nov 27, 2026",0.0,0.0,-,-,0.0,-,USD,"Nov 28, 2011","Nov 28, 2011",2026-04-23
VESTEL ELEKTRONIK SANAYI VE TICARE RegS,Industrial,Fixed Income,"258,900.00",0.04,"258,900.00","400,000.00",-,XS2817919587,-,60.5,Turkey,-,USD,2.4,30.44,1.0,"May 15, 2029",9.75,2.12,-,30.44,2.12,30.44,USD,"May 15, 2024","May 15, 2024",2026-04-23
VANKE REAL ESTATE HONG KONG CO LTD MTN RegS,Financial Institutions,Fixed Income,"252,232.50",0.04,"252,232.50","600,000.00",-,XS1713193586,BDG12L2,40.25,China,-,USD,1.41,50.0,1.0,"Nov 09, 2027",3.98,1.04,-,50.00,1.04,50.00,USD,"Nov 09, 2017","Nov 09, 2017",2026-04-23
NWD FINANCE (BVI) LTD RegS,Financial Institutions,Fixed Income,"246,000.00",0.04,"246,000.00","400,000.00",-,XS1960476387,BJJK5X1,61.5,Hong Kong,-,USD,0.0,,1.0,"Dec 31, 2079",6.25,0.0,-,-,0.0,-,USD,"Mar 07, 2019","Mar 07, 2019",2026-04-23
LI & FUNG LTD MTN RegS,Industrial,Fixed Income,"245,388.00",0.04,"245,388.00","400,000.00",-,XS1389118453,BYNCF16,58.9,Hong Kong,-,USD,10.32,8.97,1.0,"Dec 31, 2079",5.25,10.85,-,8.97,10.85,8.97,USD,"Nov 03, 2016","Nov 03, 2016",2026-04-23
TELEFONICA MOVILES CHILE SA RegS,Industrial,Fixed Income,"239,259.67",0.04,"239,259.67","300,000.00",-,USP90375AV12,BMFRBS4,78.25,Chile,-,USD,4.84,8.52,1.0,"Nov 18, 2031",3.54,4.74,-,8.52,4.74,8.52,USD,"Nov 18, 2021","Nov 18, 2021",2026-04-23
SURINAME (REPUBLIC OF) RegS,Sovereign,Fixed Income,"223,681.67",0.04,"223,681.67","200,000.00",-,USP68788AF84,-,107.94,Suriname,-,USD,6.45,7.33,1.0,"Nov 06, 2035",8.5,6.37,-,7.33,6.37,7.33,USD,"Nov 06, 2025","Nov 06, 2025",2026-04-23
LEBANON REPUBLIC OF (GOVERNMENT) MTN RegS,Sovereign,Fixed Income,"218,800.00",0.04,"218,800.00","800,000.00",-,XS0859367194,B90LF66,27.35,Lebanon,-,USD,0.0,,1.0,"Jan 27, 2023",0.0,0.0,-,-,0.0,-,USD,"Nov 29, 2012","Nov 29, 2012",2026-04-23
LEBANON (REPUBLIC OF) RegS,Sovereign,Fixed Income,"218,800.00",0.04,"218,800.00","800,000.00",-,XS1586230051,BYXPB17,27.35,Lebanon,-,USD,0.0,,1.0,"Mar 23, 2027",0.0,0.0,-,-,0.0,-,USD,"Mar 23, 2017","Mar 23, 2017",2026-04-23
RAIZEN FUELS FINANCE SA RegS,Industrial,Fixed Income,"216,953.33",0.04,"216,953.33","400,000.00",-,USL7909CAE77,-,52.75,Brazil,-,USD,5.9,15.91,1.0,"Jan 17, 2035",5.7,5.59,-,15.91,5.59,15.91,USD,"Sep 17, 2024","Sep 17, 2024",2026-04-23
BRASKEM AMERICA FINANCE CO RegS,Industrial,Fixed Income,"216,045.83",0.04,"216,045.83","400,000.00",-,USU1065PAA94,B4YZG44,52.25,Brazil,-,USD,6.77,15.28,1.0,"Jul 22, 2041",7.13,6.54,-,15.28,6.54,15.28,USD,"Jul 22, 2011","Jul 22, 2011",2026-04-23
TURKIYE IS BANKASI AS MTN RegS,Financial Institutions,Fixed Income,"214,662.17",0.04,"214,662.17","200,000.00",-,XS2654059752,-,104.55,Turkey,-,USD,2.73,6.13,1.0,"Jun 12, 2029",7.75,2.7,-,6.13,2.7,6.13,USD,"Jun 12, 2024","Jun 12, 2024",2026-04-23
RAIZEN FUELS FINANCE SA RegS,Industrial,Fixed Income,"211,000.00",0.04,"211,000.00","400,000.00",-,USL7909CAC12,-,52.75,Brazil,-,USD,5.37,17.69,1.0,"Mar 05, 2034",6.45,5.06,-,17.69,5.06,17.69,USD,"Mar 05, 2024","Mar 05, 2024",2026-04-23
RAIZEN FUELS FINANCE SA RegS,Industrial,Fixed Income,"211,000.00",0.04,"211,000.00","400,000.00",-,USL7909CAG26,-,52.75,Brazil,-,USD,6.24,16.38,1.0,"Feb 25, 2037",6.7,5.93,-,16.38,5.93,16.38,USD,"Feb 25, 2025","Feb 25, 2025",2026-04-23
TURKIYE GARANTI BANKASI AS RegS,Financial Institutions,Fixed Income,"210,111.22",0.04,"210,111.22","200,000.00",-,XS1617531063,BNKJ698,102.13,Turkey,-,USD,1.0,5.11,1.0,"May 24, 2027",7.18,0.08,-,-5.00,0.09,-5.00,USD,"May 23, 2017","May 23, 2017",2026-04-23
SISECAM UK PLC RegS,Industrial,Fixed Income,"209,694.44",0.04,"209,694.44","200,000.00",-,XS3272983563,-,102.8,Turkey,-,USD,4.24,7.83,1.0,"Jan 23, 2033",8.38,5.02,-,7.66,3.81,7.66,USD,"Jan 23, 2026","Jan 23, 2026",2026-04-23
LEBANON REPUBLIC OF (GOVERNMENT) MTN RegS,Sovereign,Fixed Income,"209,380.00",0.04,"209,380.00","760,000.00",-,XS1196419854,BW0FQK0,27.55,Lebanon,-,USD,0.0,,1.0,"Feb 26, 2030",0.0,0.0,-,-,0.0,-,USD,"Feb 26, 2015","Feb 26, 2015",2026-04-23
MHP LUX SA RegS,Industrial,Fixed Income,"209,053.67",0.04,"209,053.67","200,000.00",-,XS3267134909,-,102.11,Ukraine,-,USD,2.08,9.66,1.0,"Jul 28, 2029",10.5,2.48,-,9.38,1.85,9.38,USD,"Jan 28, 2026","Jan 28, 2026",2026-04-23
CAS CAPITAL NO 2 LTD RegS,Industrial,Fixed Income,"205,248.78",0.03,"205,248.78","200,000.00",-,XS3258406761,-,100.92,Hong Kong,-,USD,4.03,6.58,1.0,"Dec 31, 2079",6.25,4.09,-,6.02,3.98,6.02,USD,"Jan 13, 2026","Jan 13, 2026",2026-04-23
BAB USD AT1 SUKUK LTD RegS,Financial Institutions,Fixed Income,"203,652.00",0.03,"203,652.00","200,000.00",-,XS3268049916,-,100.13,Saudi Arabia,-,USD,3.78,6.5,1.0,"Dec 31, 2079",6.38,3.88,-,6.34,3.97,6.34,USD,"Jan 15, 2026","Jan 15, 2026",2026-04-23
BANCO MERCANTIL DEL NORTE SA NC5 RegS,Financial Institutions,Fixed Income,"202,839.58",0.03,"202,839.58","200,000.00",-,USP1401KAA99,-,100.0,Mexico,-,USD,0.69,8.48,1.0,"Dec 31, 2079",5.88,0.47,-,5.92,0.72,5.92,USD,"Nov 24, 2021","Nov 24, 2021",2026-04-23
NETWORK I2I LTD RegS,Industrial,Fixed Income,"202,635.50",0.03,"202,635.50","200,000.00",-,USV6703DAC84,-,99.79,India,-,USD,0.12,4.44,1.0,"Dec 31, 2079",3.98,0.12,-,5.67,0.12,5.67,USD,"Mar 03, 2021","Mar 03, 2021",2026-04-23
TURKCELL ILETISIM HIZMETLERI AS RegS,Industrial,Fixed Income,"202,042.22",0.03,"202,042.22","200,000.00",-,XS1803215869,BF5B529,100.86,Turkey,-,USD,1.71,5.33,1.0,"Apr 11, 2028",5.8,1.84,-,5.28,1.61,5.28,USD,"Apr 11, 2018","Apr 11, 2018",2026-04-23
VISTA ENERGY ARGENTINA SAU 144A,Industrial,Fixed Income,"201,968.75",0.03,"201,968.75","200,000.00",92841RAC4,US92841RAC43,-,100.7,Argentina,-,USD,6.4,7.82,1.0,"Apr 08, 2038",7.88,7.24,-,7.81,5.82,7.81,USD,"Apr 08, 2026","Apr 08, 2026",2026-04-23
ALINMA AT1 SUKUK LTD RegS,Financial Institutions,Fixed Income,"201,854.17",0.03,"201,854.17","200,000.00",-,XS3168164286,-,100.09,Saudi Arabia,-,USD,3.76,6.31,1.0,"Dec 31, 2079",6.25,4.03,-,6.22,3.74,6.22,USD,"Sep 03, 2025","Sep 03, 2025",2026-04-23
QNB BANK AS MTN RegS,Agency,Fixed Income,"199,458.39",0.03,"199,458.39","200,000.00",-,XS3278734317,-,98.39,Turkey,-,USD,4.12,6.26,1.0,"Feb 11, 2031",5.88,4.07,-,6.26,4.07,6.26,USD,"Jan 29, 2026","Jan 29, 2026",2026-04-23
BANCO DO BRASIL SA (CAYMAN ISLANDS MTN 144A,Agency,Fixed Income,"198,400.00",0.03,"198,400.00","200,000.00",05959LAJ2,US05959LAJ26,-,99.2,Brazil,-,USD,4.69,5.81,1.0,"Oct 23, 2031",5.63,4.67,-,5.81,4.67,5.81,USD,"Apr 23, 2026","Apr 23, 2026",2026-04-23
LEBANON REPUBLIC OF (GOVERNMENT) MTN RegS,Sovereign,Fixed Income,"196,920.00",0.03,"196,920.00","720,000.00",-,XS0859366899,B76M8W6,27.35,Lebanon,-,USD,0.0,,1.0,"Nov 29, 2027",0.0,0.0,-,-,0.0,-,USD,"Nov 29, 2012","Nov 29, 2012",2026-04-23
ALPHA STAR HOLDING X LTD RegS,Financial Institutions,Fixed Income,"196,286.11",0.03,"196,286.11","200,000.00",-,XS3289240726,-,96.85,United Arab Emirates,-,USD,2.9,7.21,1.0,"Aug 05, 2029",6.13,2.88,-,7.21,2.88,7.21,USD,"Feb 05, 2026","Feb 05, 2026",2026-04-23
ALPEK SAB DE CV RegS,Industrial,Fixed Income,"189,269.17",0.03,"189,269.17","200,000.00",-,USP01703AC49,-,94.25,Mexico,-,USD,3.12,6.15,1.0,"Sep 18, 2029",4.25,3.09,-,6.15,3.09,6.15,USD,"Sep 18, 2019","Sep 18, 2019",2026-04-23
BINGHATTI SUKUK 2 SPV LTD RegS,Financial Institutions,Fixed Income,"185,460.42",0.03,"185,460.42","200,000.00",-,XS3289056395,-,91.13,United Arab Emirates,-,USD,4.19,10.6,1.0,"Aug 12, 2031",8.38,4.06,-,10.60,4.06,10.60,USD,"Feb 12, 2026","Feb 12, 2026",2026-04-23
GRAN TIERRA ENERGY INC RegS,Industrial,Fixed Income,"184,762.50",0.03,"184,762.50","200,000.00",-,USU37016AF67,-,90.67,Colombia,-,USD,3.87,12.28,1.0,"Apr 15, 2031",9.75,3.72,-,12.28,3.72,12.28,USD,"Feb 18, 2026","Feb 03, 2026",2026-04-23
LEBANON (REPUBLIC OF) MTN RegS,Sovereign,Fixed Income,"172,187.50",0.03,"172,187.50","625,000.00",-,XS1586230481,BYXPB28,27.55,Lebanon,-,USD,0.0,,1.0,"Mar 23, 2032",0.0,0.0,-,-,0.0,-,USD,"Mar 23, 2017","Mar 23, 2017",2026-04-23
RAIZEN FUELS FINANCE SA RegS,Industrial,Fixed Income,"110,626.39",0.02,"110,626.39","200,000.00",-,USL7909CAJ64,-,53.52,Brazil,-,USD,4.57,19.24,1.0,"Jul 08, 2032",6.25,4.25,-,19.24,4.25,19.24,USD,"Jul 08, 2025","Jul 08, 2025",2026-04-23
USD CASH,Cash and/or Derivatives,Cash,"-659,844.13",-0.11,"-659,844.13","-659,844.00",-,-,-,100.0,United States,-,USD,0.0,3.65,1.0,-,0.0,0.0,-,3.65,0.0,3.65,USD,-,"Jan 01, 1989",2026-04-23
