Name,Sector,Asset Class,Market Value,Weight (%),Notional Value,Par Value,CUSIP,ISIN,SEDOL,Price,Location,Exchange,Currency,Duration,YTM (%),FX Rate,Maturity,Coupon (%),Mod. Duration,Yield to Call (%),Yield to Worst (%),Real Duration,Real YTM (%),Market Currency,Accrual Date,Effective Date,date_of_pull
URUGUAY (ORIENTAL REPUBLIC OF),Treasuries,Fixed Income,"10,172,067.75",1.38,"10,172,067.75","351,596,605.00",760942BF8,US760942BF85,-,2.83,Uruguay,-,USD,5.17,7.5,39.71,"Jul 20, 2033",9.75,5.17,-,7.44,5.04,7.44,UYU,"Jul 20, 2023","Jul 20, 2023",2026-04-23
SERBIA (REPUBLIC OF),Treasuries,Fixed Income,"9,997,281.97",1.35,"9,997,281.97","885,350,000.00",-,RSMFRSD58761,BN7K7L3,1.1,Serbia,-,USD,4.55,5.0,99.91,"Oct 26, 2031",7.0,4.44,-,5.0,4.44,5.0,RSD,"Oct 26, 2023","Oct 26, 2023",2026-04-23
DOMINICAN REPUBLIC (GOVERNMENT) RegS,Treasuries,Fixed Income,"9,680,001.25",1.31,"9,680,001.25","548,750,000.00",-,USP3579ECY16,-,1.75,Dominican Republic,-,USD,6.59,9.78,59.96,"Mar 15, 2037",10.5,6.46,-,9.78,6.37,9.78,DOP,"Feb 24, 2025","Feb 24, 2025",2026-04-23
TURKEY (REPUBLIC OF),Treasuries,Fixed Income,"8,232,022.47",1.12,"8,232,022.47","392,088,037.00",-,TRT120929T12,BS5YND6,2.04,Turkey,-,USD,1.94,34.3,44.89,"Sep 12, 2029",30.0,1.92,-,34.3,1.92,34.3,TRY,"Sep 18, 2024","Sep 18, 2024",2026-04-23
URUGUAY (ORIENTAL REPUBLIC OF),Treasuries,Fixed Income,"8,219,660.57",1.11,"8,219,660.57","303,857,199.00",917288BM3,US917288BM35,BNNFCY0,2.62,Uruguay,-,USD,4.09,7.3,39.71,"May 21, 2031",8.25,3.99,-,7.3,3.99,7.3,UYU,"May 21, 2021","May 21, 2021",2026-04-23
DOMINICAN REPUBLIC (GOVERNMENT) RegS,Treasuries,Fixed Income,"8,122,065.46",1.1,"8,122,065.46","441,250,000.00",-,USP3579ECV76,-,1.77,Dominican Republic,-,USD,6.1,9.77,59.96,"Jun 01, 2036",10.75,5.98,-,9.76,5.89,9.76,DOP,"Jul 01, 2024","Jul 01, 2024",2026-04-23
URUGUAY (ORIENTAL REPUBLIC OF),Treasuries,Fixed Income,"7,823,881.09",1.06,"7,823,881.09","289,368,562.00",760942BJ0,US760942BJ08,-,2.61,Uruguay,-,USD,6.5,7.47,39.71,"Oct 29, 2035",8.0,6.41,-,7.47,6.29,7.47,UYU,"Oct 29, 2025","Oct 29, 2025",2026-04-23
SERBIA (REPUBLIC OF),Treasuries,Fixed Income,"7,159,199.78",0.97,"7,159,199.78","742,330,000.00",-,RSMFRSD86176,BM8SF37,0.96,Serbia,-,USD,5.39,5.32,99.91,"Aug 20, 2032",4.5,5.38,-,5.32,5.38,5.32,RSD,"Feb 20, 2020","Feb 20, 2020",2026-04-23
SERBIA (REPUBLIC OF),Treasuries,Fixed Income,"6,206,363.43",0.84,"6,206,363.43","618,840,000.00",-,RSMFRSD34101,BLD94Q4,0.99,Serbia,-,USD,7.13,5.39,99.91,"Jul 27, 2035",5.25,7.17,-,5.39,7.17,5.39,RSD,"Jan 27, 2025","Jan 27, 2025",2026-04-23
TURKEY (REPUBLIC OF),Treasuries,Fixed Income,"5,997,555.18",0.81,"5,997,555.18","250,690,417.00",-,TRT081128T15,BP47SR4,2.09,Turkey,-,USD,1.43,35.09,44.89,"Nov 08, 2028",31.08,1.43,-,35.09,1.43,35.09,TRY,"Nov 15, 2023","Nov 15, 2023",2026-04-23
TURKEY (REPUBLIC OF),Treasuries,Fixed Income,"5,907,459.05",0.8,"5,907,459.05","302,588,190.00",-,TRT051033T12,-,1.94,Turkey,-,USD,3.09,30.77,44.89,"Oct 05, 2033",26.2,2.92,-,30.77,2.92,30.77,TRY,"Oct 18, 2023","Oct 18, 2023",2026-04-23
BRAZIL FEDERATIVE REPUBLIC OF (GOV,Treasuries,Fixed Income,"5,561,056.90",0.75,"5,561,056.90","29,986.00",-,BRSTNCNTF204,BK6FNL0,179.49,Brazil,-,USD,3.48,13.43,4.97,"Jan 01, 2031",10.0,3.24,-,13.43,3.24,13.43,BRL,"Jan 01, 2020","Jan 10, 2020",2026-04-23
SERBIA (REPUBLIC OF),Treasuries,Fixed Income,"5,536,909.31",0.75,"5,536,909.31","536,220,000.00",-,RSMFRSD55940,BDFJY66,1.02,Serbia,-,USD,1.71,4.69,99.91,"Feb 08, 2028",5.88,1.66,-,4.69,1.66,4.69,RSD,"Feb 08, 2018","Feb 08, 2018",2026-04-23
DOMINICAN REPUBLIC (GOVERNMENT) RegS,Treasuries,Fixed Income,"5,439,395.22",0.74,"5,439,395.22","266,550,000.00",-,USP3579ECQ81,BR03BB5,1.99,Dominican Republic,-,USD,4.52,9.65,59.96,"Feb 03, 2033",13.63,4.5,-,9.56,4.39,9.56,DOP,"Feb 03, 2023","Feb 03, 2023",2026-04-23
DOMINICAN REPUBLIC (GOVERNMENT) RegS,Treasuries,Fixed Income,"5,408,583.85",0.73,"5,408,583.85","293,400,000.00",-,USP3579ECS48,-,1.82,Dominican Republic,-,USD,5.95,9.7,59.96,"Sep 15, 2035",11.25,5.85,-,9.68,5.75,9.68,DOP,"Sep 15, 2023","Sep 15, 2023",2026-04-23
CHILE (REPUBLIC OF),Treasuries,Fixed Income,"5,233,069.66",0.71,"5,233,069.66","4,455,000,000.00",-,CL0002839505,BMXCSY6,0.12,Chile,-,USD,5.64,5.36,888.89,"Apr 01, 2033",6.0,5.64,-,5.36,5.64,5.36,CLP,"Apr 01, 2023","Apr 17, 2023",2026-04-23
SOUTH AFRICA (REPUBLIC OF),Treasuries,Fixed Income,"4,975,200.38",0.67,"4,975,200.38","82,795,274.00",-,ZAG000096173,B8S1C48,5.93,South Africa,-,USD,9.16,9.01,16.44,"Feb 28, 2048",8.75,9.42,-,9.01,9.42,9.01,ZAR,"Feb 28, 2012","Jun 29, 2012",2026-04-23
PERU (REPUBLIC OF),Treasuries,Fixed Income,"4,729,976.58",0.64,"4,729,976.58","14,429,000.00",-,PEP01000C5I0,-,32.38,Peru,-,USD,5.63,5.47,3.44,"Aug 12, 2033",7.3,5.67,-,5.47,5.67,5.47,PEN,"Jun 12, 2023","Jun 12, 2023",2026-04-23
MEXICO (UNITED MEXICAN STATES) (GO,Treasuries,Fixed Income,"4,459,623.17",0.6,"4,459,623.17","770,229.00",-,MX0MGO0000P2,B6TC406,5.62,Mexico,-,USD,3.98,8.39,17.33,"May 29, 2031",7.75,4.05,-,8.39,4.05,8.39,MXN,"Jun 23, 2011","Sep 09, 2011",2026-04-23
BRAZIL FEDERATIVE REPUBLIC OF (GOV,Treasuries,Fixed Income,"4,227,716.71",0.57,"4,227,716.71","29,261.00",-,BRSTNCLTN806,BPBKBN3,144.48,Brazil,-,USD,2.54,13.22,4.97,"Jan 01, 2029",0.0,2.36,-,13.22,2.36,13.22,BRL,"Dec 31, 2024","Jan 10, 2025",2026-04-23
COLOMBIA (REPUBLIC OF),Treasuries,Fixed Income,"4,217,590.68",0.57,"4,217,590.68","14,762,500,000.00",-,COL17CT03862,-,0.03,Colombia,-,USD,4.49,13.31,"3,577.31","Feb 09, 2033",13.25,4.21,-,13.31,4.21,13.31,COP,"Feb 09, 2022","Jan 11, 2023",2026-04-23
SOUTH AFRICA (REPUBLIC OF),Treasuries,Fixed Income,"4,152,838.63",0.56,"4,152,838.63","65,608,027.00",-,ZAG000125972,BYY9RY3,6.25,South Africa,-,USD,5.98,8.42,16.44,"Feb 28, 2035",8.88,6.03,-,8.42,6.03,8.42,ZAR,"Feb 28, 2015","Jul 17, 2015",2026-04-23
SOUTH AFRICA (REPUBLIC OF),Treasuries,Fixed Income,"4,151,457.26",0.56,"4,151,457.26","67,908,180.00",-,ZAG000107012,BFDTGL1,6.0,South Africa,-,USD,6.74,8.7,16.44,"Jan 31, 2037",8.5,6.81,-,8.7,6.81,8.7,ZAR,"Jan 31, 2013","Jul 19, 2013",2026-04-23
HUNGARY (GOVERNMENT),Treasuries,Fixed Income,"3,811,842.14",0.52,"3,811,842.14","1,060,280,000.00",-,HU0000406624,BMFLG14,0.35,Hungary,-,USD,6.93,5.92,308.93,"Oct 24, 2035",7.0,6.73,-,5.92,6.73,5.92,HUF,"Sep 13, 2023","Sep 13, 2023",2026-04-23
CHILE (REPUBLIC OF),Treasuries,Fixed Income,"3,798,320.45",0.51,"3,798,320.45","3,525,000,000.00",-,CL0002936111,-,0.11,Chile,-,USD,1.02,4.22,888.89,"May 06, 2027",0.0,1.0,-,4.22,1.0,4.22,CLP,"Jun 13, 2024","Jun 13, 2024",2026-04-23
MEXICO (UNITED MEXICAN STATES) (GO,Treasuries,Fixed Income,"3,783,414.05",0.51,"3,783,414.05","638,435.00",-,MX0MGO0001F1,-,5.86,Mexico,-,USD,2.47,7.88,17.33,"Mar 01, 2029",8.5,2.51,-,7.88,2.51,7.88,MXN,"Mar 09, 2023","Aug 21, 2023",2026-04-23
PERU (REPUBLIC OF),Treasuries,Fixed Income,"3,782,657.54",0.51,"3,782,657.54","12,468,000.00",-,PEP01000C2Z1,B23HG03,29.96,Peru,-,USD,7.63,6.63,3.44,"Aug 12, 2037",6.9,7.74,-,6.63,7.74,6.63,PEN,"Jul 26, 2007","Jul 26, 2007",2026-04-23
BRAZIL FEDERATIVE REPUBLIC OF (GO,Treasuries,Fixed Income,"3,732,019.10",0.51,"3,732,019.10","18,969.00",-,BRSTNCNTF1P8,BYYCKC1,196.74,Brazil,-,USD,0.64,18.95,4.97,"Jan 01, 2027",10.0,0.56,-,18.95,0.56,18.95,BRL,"Jan 01, 2016","Jan 15, 2016",2026-04-23
PERU (REPUBLIC OF),Treasuries,Fixed Income,"3,686,013.30",0.5,"3,686,013.30","12,834,000.00",-,PEP01000C5G4,BJ5CSV0,28.43,Peru,-,USD,6.49,5.83,3.44,"Aug 12, 2034",5.4,6.53,-,5.83,6.53,5.83,PEN,"Jun 20, 2019","Jun 20, 2019",2026-04-23
HUNGARY (REPUBLIC OF),Treasuries,Fixed Income,"3,684,253.71",0.5,"3,684,253.71","1,079,750,000.00",-,HU0000402532,B555B67,0.33,Hungary,-,USD,2.26,5.82,308.93,"Oct 22, 2028",6.75,2.19,-,5.82,2.19,5.82,HUF,"Mar 02, 2011","Mar 02, 2011",2026-04-23
MEXICO (UNITED MEXICAN STATES) (GO,Treasuries,Fixed Income,"3,632,511.24",0.49,"3,632,511.24","601,123.00",-,MX0MGO0000H9,B4XH544,5.85,Mexico,-,USD,2.61,7.97,17.33,"May 31, 2029",8.5,2.65,-,7.97,2.65,7.97,MXN,"Dec 24, 2008","Jan 15, 2009",2026-04-23
MEXICO (UNITED MEXICAN STATES) (GO,Treasuries,Fixed Income,"3,584,231.62",0.49,"3,584,231.62","643,912.00",-,MX0MGO0000U2,BLT1SS4,5.39,Mexico,-,USD,5.83,8.84,17.33,"Nov 23, 2034",7.75,5.95,-,8.84,5.95,8.84,MXN,"Dec 19, 2013","Apr 11, 2014",2026-04-23
PERU (REPUBLIC OF),Treasuries,Fixed Income,"3,566,649.58",0.48,"3,566,649.58","11,451,000.00",-,PEP01000C5K6,-,30.77,Peru,-,USD,6.76,6.12,3.44,"Aug 12, 2035",6.85,6.82,-,6.12,6.82,6.12,PEN,"Jun 11, 2025","Jun 11, 2025",2026-04-23
PERU (REPUBLIC OF),Treasuries,Fixed Income,"3,566,318.64",0.48,"3,566,318.64","11,516,000.00",-,PEP01000C5E9,BF8F0J0,30.63,Peru,-,USD,5.15,5.22,3.44,"Aug 12, 2032",6.15,5.16,-,5.22,5.16,5.22,PEN,"Jul 21, 2017","Jul 21, 2017",2026-04-23
MEXICO (UNITED MEXICAN STATES) (GO,Treasuries,Fixed Income,"3,559,174.73",0.48,"3,559,174.73","711,234.00",-,MX0MGO0001E4,BQ3QK28,4.94,Mexico,-,USD,9.34,9.47,17.33,"Jul 31, 2053",8.0,9.87,-,9.47,9.87,9.47,MXN,"Mar 10, 2022","Jul 01, 2022",2026-04-23
BRAZIL FEDERATIVE REPUBLIC OF (GOV,Treasuries,Fixed Income,"3,555,915.57",0.48,"3,555,915.57","18,321.00",-,BRSTNCNTF1Q6,BF4LY56,188.13,Brazil,-,USD,2.22,13.22,4.97,"Jan 01, 2029",10.0,2.06,-,13.22,2.06,13.22,BRL,"Jan 01, 2018","Jan 05, 2018",2026-04-23
PERU (REPUBLIC OF),Treasuries,Fixed Income,"3,511,231.43",0.48,"3,511,231.43","11,142,000.00",-,PEP01000C5J8,-,31.1,Peru,-,USD,8.2,6.92,3.44,"Aug 12, 2039",7.6,8.37,-,6.92,8.37,6.92,PEN,"Jul 01, 2024","Jul 01, 2024",2026-04-23
BRAZIL FEDERATIVE REPUBLIC OF (GOV,Treasuries,Fixed Income,"3,434,575.77",0.47,"3,434,575.77","19,776.00",-,BRSTNCNTF238,BRXL9P6,167.71,Brazil,-,USD,5.23,13.54,4.97,"Jan 01, 2035",10.0,4.88,-,13.54,4.88,13.54,BRL,"Jan 01, 2024","Jan 05, 2024",2026-04-23
SOUTH AFRICA (REPUBLIC OF),Treasuries,Fixed Income,"3,414,805.42",0.46,"3,414,805.42","54,869,620.00",-,ZAG000125980,BYM2NZ7,6.1,South Africa,-,USD,7.52,8.96,16.44,"Jan 31, 2040",9.0,7.67,-,8.96,7.67,8.96,ZAR,"Jul 31, 2015","Sep 11, 2015",2026-04-23
MEXICO (UNITED MEXICAN STATES) (GO,Treasuries,Fixed Income,"3,401,437.87",0.46,"3,401,437.87","662,817.00",-,MX0MGO0000R8,B7V21L1,4.96,Mexico,-,USD,8.06,9.43,17.33,"Nov 13, 2042",7.75,8.41,-,9.43,8.41,9.43,MXN,"Dec 22, 2011","Apr 20, 2012",2026-04-23
HUNGARY (GOVERNMENT),Treasuries,Fixed Income,"3,391,708.54",0.46,"3,391,708.54","1,148,500,000.00",-,HU0000404603,BNG43D0,0.29,Hungary,-,USD,2.88,5.85,308.93,"May 23, 2029",2.0,2.8,-,5.85,2.8,5.85,HUF,"Jun 24, 2020","Jun 24, 2020",2026-04-23
SOUTH AFRICA (REPUBLIC OF),Treasuries,Fixed Income,"3,359,626.41",0.46,"3,359,626.41","54,673,889.00",-,ZAG000107004,BP4JP79,6.12,South Africa,-,USD,4.6,8.13,16.44,"Mar 31, 2032",8.25,4.61,-,8.13,4.61,8.13,ZAR,"Mar 31, 2014","Jun 13, 2014",2026-04-23
CHILE (REPUBLIC OF),Treasuries,Fixed Income,"3,343,964.82",0.45,"3,343,964.82","3,015,000,000.00",-,CL0002187822,BZ8VHW0,0.11,Chile,-,USD,7.0,5.37,888.89,"Mar 01, 2035",5.0,7.01,-,5.37,7.01,5.37,CLP,"Mar 01, 2015","Mar 01, 2015",2026-04-23
POLAND (REPUBLIC OF),Treasuries,Fixed Income,"3,323,580.42",0.45,"3,323,580.42","11,708,000.00",-,PL0000117990,BTTRSM2,27.46,Poland,-,USD,3.75,4.77,3.60,"Jul 25, 2030",4.5,3.67,-,4.77,3.67,4.77,PLN,"Jul 25, 2024","Apr 25, 2025",2026-04-23
MEXICO (UNITED MEXICAN STATES) (GO,Treasuries,Fixed Income,"3,305,782.56",0.45,"3,305,782.56","561,903.00",-,MX0MGO0001I5,-,5.82,Mexico,-,USD,3.2,8.25,17.33,"Feb 28, 2030",8.5,3.25,-,8.25,3.25,8.25,MXN,"Sep 05, 2024","Feb 04, 2025",2026-04-23
SOUTH AFRICA (REPUBLIC OF),Treasuries,Fixed Income,"3,226,771.54",0.44,"3,226,771.54","51,807,849.00",-,ZAG000106998,BH6XNR9,6.12,South Africa,-,USD,3.16,7.8,16.44,"Jan 31, 2030",8.0,3.16,-,7.8,3.16,7.8,ZAR,"Jul 31, 2013","Oct 04, 2013",2026-04-23
SOUTH AFRICA (REPUBLIC OF),Treasuries,Fixed Income,"3,200,974.60",0.43,"3,200,974.60","53,107,766.00",-,ZAG000106972,BPXR8C0,5.91,South Africa,-,USD,8.41,9.07,16.44,"Jan 31, 2044",8.75,8.64,-,9.07,8.64,9.07,ZAR,"Jan 31, 2014","Jul 18, 2014",2026-04-23
CHILE (REPUBLIC OF),Treasuries,Fixed Income,"3,164,699.47",0.43,"3,164,699.47","2,835,000,000.00",-,CL0002454248,BG7P9X5,0.11,Chile,-,USD,3.87,5.12,888.89,"Sep 01, 2030",4.7,3.87,-,5.12,3.87,5.12,CLP,"Mar 01, 2018","Jul 03, 2018",2026-04-23
COLOMBIA (REPUBLIC OF),Treasuries,Fixed Income,"3,159,797.82",0.43,"3,159,797.82","11,249,500,000.00",-,COL17CT03995,-,0.03,Colombia,-,USD,2.59,13.61,"3,577.31","Aug 22, 2029",11.0,2.43,-,13.61,2.43,13.61,COP,"Aug 22, 2024","Apr 09, 2025",2026-04-23
COLOMBIA (REPUBLIC OF),Treasuries,Fixed Income,"3,118,762.10",0.42,"3,118,762.10","13,068,000,000.00",-,COL17CT03813,BNGJFM8,0.02,Colombia,-,USD,7.0,12.64,"3,577.31","May 28, 2042",9.25,6.45,-,12.64,6.45,12.64,COP,"May 28, 2021","Jan 12, 2022",2026-04-23
BRAZIL FEDERATIVE REPUBLIC OF (GOV,Treasuries,Fixed Income,"3,098,419.84",0.42,"3,098,419.84","22,828.00",-,BRSTNCLTN8K6,-,135.73,Brazil,-,USD,3.01,13.27,4.97,"Jul 01, 2029",0.0,2.8,-,13.27,2.8,13.27,BRL,"Jul 04, 2025","Jul 04, 2025",2026-04-23
POLAND (REPUBLIC OF),Treasuries,Fixed Income,"3,074,036.88",0.42,"3,074,036.88","10,300,000.00",-,PL0000115291,-,29.03,Poland,-,USD,5.96,5.23,3.60,"Oct 25, 2033",6.0,5.83,-,5.23,5.83,5.23,PLN,"Oct 25, 2022","Dec 20, 2022",2026-04-23
HUNGARY (GOVERNMENT),Treasuries,Fixed Income,"3,070,215.96",0.42,"3,070,215.96","1,039,940,000.00",-,HU0000403696,BJH5419,0.29,Hungary,-,USD,3.92,5.89,308.93,"Aug 21, 2030",3.0,3.8,-,5.89,3.8,5.89,HUF,"Feb 20, 2019","Feb 20, 2019",2026-04-23
INDIA (REPUBLIC OF),Treasuries,Fixed Income,"3,055,522.59",0.41,"3,055,522.59","281,480,000.00",-,IN0020240019,-,1.08,India,-,USD,5.99,6.9,93.50,"Apr 08, 2034",7.1,6.01,-,6.9,6.01,6.9,INR,"Apr 08, 2024","Apr 08, 2024",2026-04-23
URUGUAY (ORIENTAL REPUBLIC OF) RegS,Treasuries,Fixed Income,"3,004,460.47",0.41,"3,004,460.47","114,525,000.00",-,USP80557BV53,BDH4834,2.6,Uruguay,-,USD,1.77,6.61,39.71,"Mar 15, 2028",8.5,1.73,-,6.61,1.73,6.61,UYU,"Sep 15, 2017","Sep 15, 2017",2026-04-23
CHILE (REPUBLIC OF),Treasuries,Fixed Income,"2,972,811.99",0.4,"2,972,811.99","2,430,000,000.00",-,CL0001974774,BFZD3X2,0.12,Chile,-,USD,10.45,5.43,888.89,"Jan 01, 2043",6.0,10.53,-,5.43,10.53,5.43,CLP,"Jan 01, 2013","Jan 01, 2013",2026-04-23
INDIA (REPUBLIC OF),Treasuries,Fixed Income,"2,927,666.00",0.4,"2,927,666.00","254,990,000.00",-,IN0020220029,BNTH2M8,1.11,India,-,USD,6.83,6.95,93.50,"May 23, 2036",7.54,6.86,-,6.95,6.86,6.95,INR,"May 23, 2022","May 23, 2022",2026-04-23
POLAND (REPUBLIC OF),Treasuries,Fixed Income,"2,869,641.73",0.39,"2,869,641.73","10,325,000.00",-,PL0000116851,BRJH2Z9,27.12,Poland,-,USD,6.75,5.34,3.60,"Oct 25, 2034",5.0,6.6,-,5.34,6.6,5.34,PLN,"Oct 25, 2023","Apr 12, 2024",2026-04-23
POLAND (REPUBLIC OF),Treasuries,Fixed Income,"2,835,141.23",0.38,"2,835,141.23","10,260,000.00",-,PL0000118519,BVPXDR8,27.34,Poland,-,USD,4.25,4.85,3.60,"Jan 25, 2031",4.5,4.15,-,4.85,4.15,4.85,PLN,"Jan 25, 2025","Oct 17, 2025",2026-04-23
POLAND (REPUBLIC OF),Treasuries,Fixed Income,"2,834,719.60",0.38,"2,834,719.60","10,690,000.00",-,PL0000111498,BJHC614,26.15,Poland,-,USD,3.27,4.56,3.60,"Oct 25, 2029",2.75,3.2,-,4.56,3.2,4.56,PLN,"Oct 25, 2018","Feb 11, 2019",2026-04-23
INDIA (REPUBLIC OF),Treasuries,Fixed Income,"2,825,439.43",0.38,"2,825,439.43","263,990,000.00",-,IN0020250026,BTQJ995,1.04,India,-,USD,6.53,6.76,93.50,"May 05, 2035",6.33,6.56,-,6.76,6.56,6.76,INR,"May 05, 2025","May 05, 2025",2026-04-23
HUNGARY (GOVERNMENT),Treasuries,Fixed Income,"2,803,230.35",0.38,"2,803,230.35","966,720,000.00",-,HU0000403001,BWT3GD8,0.28,Hungary,-,USD,4.87,5.87,308.93,"Oct 22, 2031",3.25,4.74,-,5.87,4.74,5.87,HUF,"Apr 22, 2015","Apr 22, 2015",2026-04-23
HUNGARY (REPUBLIC OF),Treasuries,Fixed Income,"2,780,432.98",0.38,"2,780,432.98","895,720,000.00",-,HU0000405550,BMH2BK9,0.3,Hungary,-,USD,5.52,5.87,308.93,"Nov 24, 2032",4.75,5.36,-,5.87,5.36,5.87,HUF,"Jan 19, 2022","Jan 19, 2022",2026-04-23
INDIA (REPUBLIC OF),Treasuries,Fixed Income,"2,778,364.12",0.38,"2,778,364.12","259,510,000.00",-,IN0020230051,BQB26G4,1.04,India,-,USD,10.9,7.5,93.50,"Jun 19, 2053",7.3,11.3,-,7.5,11.3,7.5,INR,"Jun 19, 2023","Jun 19, 2023",2026-04-23
MEXICO (UNITED MEXICAN STATES) (GO,Treasuries,Fixed Income,"2,741,321.33",0.37,"2,741,321.33","491,537.00",-,MX0MGO0001D6,-,5.41,Mexico,-,USD,5.14,8.68,17.33,"May 26, 2033",7.5,5.24,-,8.68,5.24,8.68,MXN,"Dec 08, 2022","Dec 09, 2022",2026-04-23
POLAND (REPUBLIC OF),Treasuries,Fixed Income,"2,738,241.90",0.37,"2,738,241.90","9,961,000.00",-,PL0000118188,BV5DRX2,26.81,Poland,-,USD,7.35,5.46,3.60,"Oct 25, 2035",5.0,7.19,-,5.46,7.19,5.46,PLN,"Oct 25, 2024","Jun 13, 2025",2026-04-23
POLAND (REPUBLIC OF),Treasuries,Fixed Income,"2,733,638.51",0.37,"2,733,638.51","9,460,000.00",-,PL0000116760,BRC2M17,27.92,Poland,-,USD,2.93,4.53,3.60,"Jul 25, 2029",4.75,2.87,-,4.53,2.87,4.53,PLN,"Jul 25, 2023","Mar 15, 2024",2026-04-23
BRAZIL FEDERATIVE REPUBLIC OF (GOV,Treasuries,Fixed Income,"2,727,250.66",0.37,"2,727,250.66","15,728.00",-,BRSTNCLTN871,BR53273,173.4,Brazil,-,USD,1.12,13.49,4.97,"Jul 01, 2027",0.0,1.04,-,13.49,1.04,13.49,BRL,"Jul 07, 2023","Jul 07, 2023",2026-04-23
MEXICO (UNITED MEXICAN STATES) (GO,Treasuries,Fixed Income,"2,680,444.03",0.36,"2,680,444.03","451,489.00",-,MX0MGO0001G9,-,5.87,Mexico,-,USD,1.68,7.48,17.33,"Mar 02, 2028",8.5,1.71,-,7.48,1.71,7.48,MXN,"Sep 05, 2024","Dec 06, 2024",2026-04-23
INDIA (REPUBLIC OF),Treasuries,Fixed Income,"2,668,792.13",0.36,"2,668,792.13","241,780,000.00",-,IN0020230085,BLNM9X5,1.09,India,-,USD,5.55,6.85,93.50,"Aug 14, 2033",7.18,5.57,-,6.85,5.57,6.85,INR,"Aug 14, 2023","Aug 14, 2023",2026-04-23
INDIA (REPUBLIC OF),Treasuries,Fixed Income,"2,660,197.25",0.36,"2,660,197.25","246,170,000.00",-,IN0020210244,BMDG2X5,1.06,India,-,USD,4.63,6.68,93.50,"Jan 17, 2032",6.54,4.64,-,6.68,4.64,6.68,INR,"Jan 17, 2022","Jan 17, 2022",2026-04-23
INDIA (REPUBLIC OF),Treasuries,Fixed Income,"2,659,081.71",0.36,"2,659,081.71","249,920,000.00",-,IN0020210095,BNLYQW5,1.05,India,-,USD,4.32,6.6,93.50,"Jul 12, 2031",6.1,4.33,-,6.6,4.33,6.6,INR,"Jul 12, 2021","Jul 12, 2021",2026-04-23
COLOMBIA (REPUBLIC OF),Treasuries,Fixed Income,"2,618,831.38",0.35,"2,618,831.38","9,326,700,000.00",-,COL17CT03938,-,0.03,Colombia,-,USD,7.36,12.6,"3,577.31","Jul 25, 2046",11.5,6.71,-,12.6,6.71,12.6,COP,"Jul 10, 2024","Jul 10, 2024",2026-04-23
INDIA (REPUBLIC OF),Treasuries,Fixed Income,"2,599,335.29",0.35,"2,599,335.29","229,590,000.00",-,IN0020220102,BRJR7G5,1.11,India,-,USD,7.15,6.96,93.50,"Dec 19, 2036",7.41,7.18,-,6.96,7.18,6.96,INR,"Dec 19, 2022","Dec 19, 2022",2026-04-23
COLOMBIA (REPUBLIC OF),Treasuries,Fixed Income,"2,549,793.89",0.35,"2,549,793.89","9,526,200,000.00",-,COL17CT04084,-,0.03,Colombia,-,USD,5.35,13.12,"3,577.31","Jan 24, 2035",11.75,5.0,-,13.12,5.0,13.12,COP,"Jan 24, 2025","Jul 30, 2025",2026-04-23
CHINA PEOPLES REPUBLIC OF (GOVERNM,Treasuries,Fixed Income,"2,481,736.59",0.34,"2,481,736.59","16,870,000.00",-,CND100099MP2,-,14.61,China,-,USD,8.35,1.72,6.82,"May 25, 2035",1.67,8.34,-,1.72,8.34,1.72,CNY,"May 25, 2025","May 23, 2025",2026-04-23
COLOMBIA REPUBLIC OF (GOVERNMENT),Treasuries,Fixed Income,"2,467,285.74",0.33,"2,467,285.74","9,457,800,000.00",-,COL17CT02914,B8CLGQ4,0.02,Colombia,-,USD,1.72,13.51,"3,577.31","Apr 28, 2028",6.0,1.62,-,13.51,1.62,13.51,COP,"Apr 28, 2012","Apr 28, 2012",2026-04-23
SOUTH AFRICA (REPUBLIC OF),Treasuries,Fixed Income,"2,395,169.77",0.32,"2,395,169.77","40,537,157.00",-,ZAG000077470,B96G6D9,5.85,South Africa,-,USD,3.98,7.97,16.44,"Feb 28, 2031",7.0,3.99,-,7.97,3.99,7.97,ZAR,"Feb 28, 2010","May 28, 2010",2026-04-23
CHILE (REPUBLIC OF),Treasuries,Fixed Income,"2,380,482.96",0.32,"2,380,482.96","2,420,000,000.00",-,CL0002936103,-,0.1,Chile,-,USD,2.88,4.66,888.89,"Apr 01, 2029",0.0,2.81,-,4.66,2.81,4.66,CLP,"Jun 06, 2024","Jun 06, 2024",2026-04-23
INDIA (REPUBLIC OF),Treasuries,Fixed Income,"2,372,798.96",0.32,"2,372,798.96","222,740,000.00",-,IN0020240126,BSF0H65,1.06,India,-,USD,6.31,6.89,93.50,"Oct 07, 2034",6.79,6.33,-,6.89,6.33,6.89,INR,"Oct 07, 2024","Oct 07, 2024",2026-04-23
MEXICO (UNITED MEXICAN STATES),Treasuries,Fixed Income,"2,365,268.12",0.32,"2,365,268.12","396,621.00",-,MX0MGO0000D8,B1QGYR3,5.8,Mexico,-,USD,1.03,7.07,17.33,"Jun 03, 2027",7.5,1.04,-,7.07,1.04,7.07,MXN,"Dec 28, 2006","Jan 18, 2007",2026-04-23
PERU (REPUBLIC OF),Treasuries,Fixed Income,"2,355,767.06",0.32,"2,355,767.06","7,319,000.00",-,PEP01000C4G7,B6797W2,31.81,Peru,-,USD,4.4,4.99,3.44,"Aug 12, 2031",6.95,4.41,-,4.99,4.41,4.99,PEN,"Apr 24, 2008","Apr 24, 2008",2026-04-23
INDIA (REPUBLIC OF),Treasuries,Fixed Income,"2,323,312.62",0.31,"2,323,312.62","224,220,000.00",-,IN0020210194,-,1.01,India,-,USD,10.85,7.48,93.50,"Dec 15, 2051",6.99,11.19,-,7.48,11.19,7.48,INR,"Nov 15, 2021","Nov 15, 2021",2026-04-23
HUNGARY (GOVERNMENT),Treasuries,Fixed Income,"2,317,461.92",0.31,"2,317,461.92","730,200,000.00",-,HU0000405543,-,0.32,Hungary,-,USD,1.83,5.8,308.93,"Mar 23, 2028",4.5,1.77,-,5.8,1.77,5.8,HUF,"Jan 19, 2022","Jan 19, 2022",2026-04-23
INDIA (REPUBLIC OF),Treasuries,Fixed Income,"2,312,148.64",0.31,"2,312,148.64","221,710,000.00",-,IN0020250091,-,1.04,India,-,USD,6.9,6.88,93.50,"Oct 06, 2035",6.48,6.92,-,6.88,6.92,6.88,INR,"Oct 06, 2025","Oct 06, 2025",2026-04-23
HUNGARY (REPUBLIC OF),Treasuries,Fixed Income,"2,309,683.39",0.31,"2,309,683.39","731,280,000.00",-,HU0000403118,BYY7PC1,0.31,Hungary,-,USD,1.45,5.72,308.93,"Oct 27, 2027",3.0,1.41,-,5.72,1.41,5.72,HUF,"Jan 13, 2016","Jan 13, 2016",2026-04-23
POLAND (REPUBLIC OF),Treasuries,Fixed Income,"2,309,696.78",0.31,"2,309,696.78","8,131,000.00",-,PL0000117370,BT05C78,28.08,Poland,-,USD,3.41,4.64,3.60,"Jan 25, 2030",5.0,3.33,-,4.64,3.33,4.64,PLN,"Jan 25, 2024","Oct 25, 2024",2026-04-23
TURKEY (REPUBLIC OF),Treasuries,Fixed Income,"2,293,808.82",0.31,"2,293,808.82","132,463,430.00",-,TRT190728T18,BS82069,1.64,Turkey,-,USD,1.53,35.39,44.89,"Jul 19, 2028",17.3,1.53,-,35.39,1.53,35.39,TRY,"Jul 26, 2023","Jul 26, 2023",2026-04-23
POLAND (REPUBLIC OF),Treasuries,Fixed Income,"2,278,241.50",0.31,"2,278,241.50","7,317,000.00",-,PL0000115192,BP4X3Y4,29.6,Poland,-,USD,2.02,4.33,3.60,"Jul 25, 2028",7.5,1.98,-,4.33,1.98,4.33,PLN,"Jul 25, 2022","Nov 07, 2022",2026-04-23
TURKEY (REPUBLIC OF),Treasuries,Fixed Income,"2,272,480.10",0.31,"2,272,480.10","110,398,310.00",-,TRT270934T18,-,2.04,Turkey,-,USD,3.22,30.69,44.89,"Sep 27, 2034",27.7,2.98,-,30.69,2.98,30.69,TRY,"Oct 09, 2024","Oct 09, 2024",2026-04-23
INDIA (REPUBLIC OF),Treasuries,Fixed Income,"2,243,563.12",0.3,"2,243,563.12","202,080,000.00",-,IN0020220151,-,1.09,India,-,USD,5.23,6.83,93.50,"Feb 06, 2033",7.26,5.24,-,6.83,5.24,6.83,INR,"Feb 06, 2023","Feb 06, 2023",2026-04-23
MEXICO (UNITED MEXICAN STATES) (GO,Treasuries,Fixed Income,"2,235,455.22",0.3,"2,235,455.22","395,679.00",-,MX0MGO0000J5,B44NND6,5.46,Mexico,-,USD,7.08,9.22,17.33,"Nov 18, 2038",8.5,7.29,-,9.22,7.29,9.22,MXN,"Dec 24, 2008","Jan 29, 2009",2026-04-23
POLAND (REPUBLIC OF),Treasuries,Fixed Income,"2,216,700.84",0.3,"2,216,700.84","9,400,000.00",-,PL0000113783,BMD24S2,23.1,Poland,-,USD,5.47,5.05,3.60,"Apr 25, 2032",1.75,5.34,-,5.05,5.34,5.05,PLN,"Apr 25, 2021","Jun 15, 2021",2026-04-23
INDIA (REPUBLIC OF),Treasuries,Fixed Income,"2,210,879.89",0.3,"2,210,879.89","200,370,000.00",-,IN0020230077,BLNM9W4,1.08,India,-,USD,7.5,6.99,93.50,"Jul 24, 2037",7.18,7.54,-,6.99,7.54,6.99,INR,"Jul 24, 2023","Jul 24, 2023",2026-04-23
INDIA (REPUBLIC OF),Treasuries,Fixed Income,"2,207,650.14",0.3,"2,207,650.14","208,100,000.00",-,IN0020220086,BQGHS02,1.05,India,-,USD,11.0,7.5,93.50,"Sep 12, 2052",7.36,11.37,-,7.5,11.37,7.5,INR,"Sep 12, 2022","Sep 12, 2022",2026-04-23
CHINA PEOPLES REPUBLIC OF (GOVERNM,Treasuries,Fixed Income,"2,183,353.45",0.3,"2,183,353.45","14,660,000.00",-,CND100092HK8,-,14.87,China,-,USD,5.63,1.54,6.82,"Mar 25, 2032",1.79,5.58,-,1.54,5.58,1.54,CNY,"Mar 25, 2025","Mar 25, 2025",2026-04-23
BONOS TESORERIA PESOS,Treasuries,Fixed Income,"2,150,630.33",0.29,"2,150,630.33","1,860,000,000.00",-,CL0002951094,-,0.12,Chile,-,USD,3.09,5.07,888.89,"Oct 01, 2029",5.8,3.09,-,5.07,3.09,5.07,CLP,"Apr 01, 2024","Aug 01, 2024",2026-04-23
CHINA PEOPLES REPUBLIC OF (GOVERNM,Treasuries,Fixed Income,"2,148,468.95",0.29,"2,148,468.95","14,520,000.00",-,CND10009MKH9,-,14.76,China,-,USD,8.55,1.76,6.82,"Aug 25, 2035",1.83,8.54,-,1.76,8.54,1.76,CNY,"Aug 25, 2025","Aug 22, 2025",2026-04-23
MEXICO (UNITED MEXICAN STATES) (GO,Treasuries,Fixed Income,"2,127,869.72",0.29,"2,127,869.72","411,465.00",-,MX0MGO000102,BDH3PR4,4.99,Mexico,-,USD,8.63,9.47,17.33,"Nov 07, 2047",8.0,9.13,-,9.47,9.13,9.47,MXN,"Feb 23, 2017","Mar 10, 2017",2026-04-23
POLAND (REPUBLIC OF),Treasuries,Fixed Income,"2,100,416.86",0.28,"2,100,416.86","8,752,000.00",-,PL0000112736,BM9GGQ0,23.83,Poland,-,USD,4.27,4.8,3.60,"Oct 25, 2030",1.25,4.18,-,4.8,4.18,4.8,PLN,"Oct 25, 2019","May 11, 2020",2026-04-23
CHINA PEOPLES REPUBLIC OF (GOVERNM,Treasuries,Fixed Income,"2,093,894.95",0.28,"2,093,894.95","14,210,000.00",-,CND10008S8G8,-,14.69,China,-,USD,3.66,1.4,6.82,"Jan 25, 2030",1.43,3.63,-,1.4,3.63,1.4,CNY,"Jan 25, 2025","Jan 24, 2025",2026-04-23
INDIA (REPUBLIC OF),Treasuries,Fixed Income,"2,081,591.21",0.28,"2,081,591.21","189,970,000.00",-,IN0020220011,BJN4B97,1.1,India,-,USD,2.67,6.21,93.50,"Apr 18, 2029",7.1,2.67,-,6.21,2.67,6.21,INR,"Apr 18, 2022","Apr 18, 2022",2026-04-23
BRAZIL FEDERATIVE REPUBLIC OF (GOV,Treasuries,Fixed Income,"2,074,133.25",0.28,"2,074,133.25","11,614.00",-,BRSTNCNTF212,BNT8674,172.63,Brazil,-,USD,4.47,13.52,4.97,"Jan 01, 2033",10.0,4.17,-,13.52,4.17,13.52,BRL,"Jan 01, 2022","Jan 07, 2022",2026-04-23
MEXICO (UNITED MEXICAN STATES) (GO,Treasuries,Fixed Income,"2,039,708.48",0.28,"2,039,708.48","355,168.00",-,MX0MGO0001C8,BP6QMB1,5.7,Mexico,-,USD,0.83,6.94,17.33,"Mar 04, 2027",5.5,0.84,-,6.94,0.84,6.94,MXN,"Sep 09, 2021","Sep 22, 2021",2026-04-23
POLAND (REPUBLIC OF),Treasuries,Fixed Income,"2,001,862.00",0.27,"2,001,862.00","7,757,000.00",-,PL0000118089,BSJS3T0,25.81,Poland,-,USD,1.73,4.16,3.60,"Jan 25, 2028",0.0,1.69,-,4.16,1.69,4.16,PLN,"May 16, 2025","May 16, 2025",2026-04-23
INDIA (REPUBLIC OF),Treasuries,Fixed Income,"1,992,849.23",0.27,"1,992,849.23","177,740,000.00",-,IN0020180454,-,1.1,India,-,USD,2.41,6.1,93.50,"Jan 14, 2029",7.26,2.41,-,6.1,2.41,6.1,INR,"Jan 14, 2019","Jan 14, 2019",2026-04-23
CHINA PEOPLES REPUBLIC OF (GOVERNM,Treasuries,Fixed Income,"1,989,518.00",0.27,"1,989,518.00","13,320,000.00",-,CND100099MQ0,-,14.74,China,-,USD,2.04,1.22,6.82,"May 25, 2028",1.46,2.03,-,1.22,2.03,1.22,CNY,"May 25, 2025","May 23, 2025",2026-04-23
INDIA (REPUBLIC OF),Treasuries,Fixed Income,"1,987,582.84",0.27,"1,987,582.84","199,110,000.00",-,IN0020200252,-,0.97,India,-,USD,10.84,7.46,93.50,"Dec 17, 2050",6.67,11.16,-,7.46,11.16,7.46,INR,"Nov 02, 2020","Nov 02, 2020",2026-04-23
INDIA (REPUBLIC OF),Treasuries,Fixed Income,"1,941,825.01",0.26,"1,941,825.01","181,230,000.00",-,IN0020200070,-,1.04,India,-,USD,3.47,6.47,93.50,"May 11, 2030",5.79,3.46,-,6.47,3.46,6.47,INR,"May 11, 2020","May 11, 2020",2026-04-23
CZECH REPUBLIC,Treasuries,Fixed Income,"1,937,741.56",0.26,"1,937,741.56","37,680,000.00",-,CZ0001006688,BM9HZJ9,5.01,Czech Republic,-,USD,3.92,4.09,20.69,"Sep 30, 2030",5.0,3.84,-,4.09,3.84,4.09,CZK,"Aug 12, 2022","Aug 12, 2022",2026-04-23
CHINA PEOPLES REPUBLIC OF (GOVERNM,Treasuries,Fixed Income,"1,932,041.94",0.26,"1,932,041.94","13,050,000.00",-,CND10009X0X2,-,14.69,China,-,USD,8.7,1.76,6.82,"Nov 15, 2035",1.78,8.7,-,1.76,8.7,1.76,CNY,"Nov 15, 2025","Nov 14, 2025",2026-04-23
PERU (REPUBLIC OF),Treasuries,Fixed Income,"1,908,450.89",0.26,"1,908,450.89","7,473,000.00",-,PEP01000C5H2,BL61Y34,25.24,Peru,-,USD,9.2,6.92,3.44,"Aug 12, 2040",5.35,9.4,-,6.92,9.4,6.92,PEN,"Dec 03, 2019","Dec 03, 2019",2026-04-23
COLOMBIA (REPUBLIC OF),Treasuries,Fixed Income,"1,907,138.96",0.26,"1,907,138.96","8,531,500,000.00",-,COL17CT03490,BD446H7,0.02,Colombia,-,USD,4.43,13.33,"3,577.31","Jun 30, 2032",7.0,4.16,-,13.33,4.16,13.33,COP,"Jun 30, 2016","Jun 30, 2016",2026-04-23
POLAND (REPUBLIC OF),Treasuries,Fixed Income,"1,893,530.14",0.26,"1,893,530.14","6,819,000.00",-,PL0000109427,BDHDCF1,27.26,Poland,-,USD,1.22,3.97,3.60,"Jul 25, 2027",2.5,1.19,-,3.97,1.19,3.97,PLN,"Jul 25, 2016","Oct 10, 2016",2026-04-23
THAILAND KINGDOM OF (GOVERNMENT),Treasuries,Fixed Income,"1,884,545.45",0.26,"1,884,545.45","56,077,000.00",-,TH0623A3N603,BP6KM35,3.32,Thailand,-,USD,12.76,2.95,32.10,"Jun 17, 2043",3.45,12.91,-,2.95,12.91,2.95,THB,"Aug 19, 2022","Aug 19, 2022",2026-04-23
CZECH REPUBLIC,Treasuries,Fixed Income,"1,871,795.38",0.25,"1,871,795.38","37,750,000.00",-,CZ0001006894,-,4.95,Czech Republic,-,USD,6.64,4.52,20.69,"Apr 14, 2034",4.9,6.51,-,4.52,6.51,4.52,CZK,"Apr 14, 2023","Apr 14, 2023",2026-04-23
CZECH REPUBLIC,Treasuries,Fixed Income,"1,863,765.72",0.25,"1,863,765.72","39,120,000.00",-,CZ0001003859,B906X90,4.69,Czech Republic,-,USD,2.23,3.89,20.69,"Aug 25, 2028",2.5,2.19,-,3.89,2.19,3.89,CZK,"Feb 25, 2013","Feb 25, 2013",2026-04-23
INDIA (REPUBLIC OF),Treasuries,Fixed Income,"1,861,629.63",0.25,"1,861,629.63","167,940,000.00",-,IN0020220060,-,1.1,India,-,USD,4.97,6.78,93.50,"Aug 22, 2032",7.26,4.98,-,6.78,4.98,6.78,INR,"Aug 22, 2022","Aug 22, 2022",2026-04-23
INDIA (REPUBLIC OF),Treasuries,Fixed Income,"1,831,074.45",0.25,"1,831,074.45","167,380,000.00",-,IN0020230010,BRJR7H6,1.09,India,-,USD,1.82,5.93,93.50,"Apr 10, 2028",7.06,1.82,-,5.93,1.82,5.93,INR,"Apr 10, 2023","Apr 10, 2023",2026-04-23
INDIA (REPUBLIC OF),Treasuries,Fixed Income,"1,825,307.11",0.25,"1,825,307.11","173,300,000.00",-,IN0020200153,-,1.04,India,-,USD,3.68,6.52,93.50,"Aug 03, 2030",5.77,3.68,-,6.52,3.68,6.52,INR,"Aug 03, 2020","Aug 03, 2020",2026-04-23
INDIA (REPUBLIC OF),Treasuries,Fixed Income,"1,825,244.67",0.25,"1,825,244.67","170,480,000.00",-,IN0020200294,-,1.05,India,-,USD,3.88,6.4,93.50,"Dec 01, 2030",5.85,3.89,-,6.4,3.89,6.4,INR,"Dec 01, 2020","Dec 01, 2020",2026-04-23
CHINA PEOPLES REPUBLIC OF (GOVERNM,Treasuries,Fixed Income,"1,818,518.08",0.25,"1,818,518.08","11,330,000.00",-,CND100047QT4,BM8GZV9,15.87,China,-,USD,4.69,1.35,6.82,"May 27, 2031",3.02,4.7,-,1.35,4.7,1.35,CNY,"May 27, 2021","May 26, 2021",2026-04-23
CHINA PEOPLES REPUBLIC OF (GOVERNM,Treasuries,Fixed Income,"1,810,562.70",0.25,"1,810,562.70","11,710,000.00",-,CND10007YHJ0,-,15.33,China,-,USD,7.33,1.68,6.82,"May 25, 2034",2.27,7.33,-,1.68,7.33,1.68,CNY,"May 25, 2024","May 24, 2024",2026-04-23
BRAZIL FEDERATIVE REPUBLIC OF (GOV,Treasuries,Fixed Income,"1,805,322.04",0.24,"1,805,322.04","14,159.00",-,BRSTNCLTN8A7,BQC4T37,127.5,Brazil,-,USD,3.48,13.29,4.97,"Jan 01, 2030",0.0,3.23,-,13.29,3.23,13.29,BRL,"Jan 05, 2024","Jan 05, 2024",2026-04-23
MEXICO (UNITED MEXICAN STATES) (GO,Treasuries,Fixed Income,"1,802,812.63",0.24,"1,802,812.63","328,941.00",-,MX0MGO0001L9,-,5.42,Mexico,-,USD,6.44,8.93,17.33,"Feb 21, 2036",8.0,6.59,-,8.93,6.59,8.93,MXN,"Mar 06, 2025","Jun 16, 2025",2026-04-23
CHINA PEOPLES REPUBLIC OF (GOVERNM,Treasuries,Fixed Income,"1,798,453.36",0.24,"1,798,453.36","11,830,000.00",-,CND10007C5P4,-,15.11,China,-,USD,2.65,1.25,6.82,"Jan 15, 2029",2.37,2.64,-,1.25,2.64,1.25,CNY,"Jan 15, 2024","Jan 12, 2024",2026-04-23
CHINA PEOPLES REPUBLIC OF (GOVERNM,Treasuries,Fixed Income,"1,781,320.91",0.24,"1,781,320.91","11,670,000.00",-,CND10007NT77,-,15.24,China,-,USD,4.68,1.46,6.82,"Mar 25, 2031",2.28,4.65,-,1.46,4.65,1.46,CNY,"Mar 25, 2024","Mar 22, 2024",2026-04-23
ROMANIA (REPUBLIC OF),Treasuries,Fixed Income,"1,746,198.79",0.24,"1,746,198.79","7,070,000.00",-,RO0DU3PR9NF9,BNQQH23,24.42,Romania,-,USD,7.85,7.14,4.34,"Feb 24, 2038",7.9,7.59,-,7.14,7.59,7.14,RON,"Feb 24, 2023","Mar 08, 2023",2026-04-23
HUNGARY (GOVERNMENT),Treasuries,Fixed Income,"1,736,921.59",0.24,"1,736,921.59","485,050,000.00",-,HU0000407317,BQZ9GM7,0.34,Hungary,-,USD,4.21,5.88,308.93,"Jul 23, 2031",6.75,4.1,-,5.88,4.1,5.88,HUF,"Apr 16, 2025","Apr 16, 2025",2026-04-23
SOUTH AFRICA (REPUBLIC OF),Treasuries,Fixed Income,"1,732,777.14",0.23,"1,732,777.14","22,293,321.00",-,ZAG000195280,-,7.73,South Africa,-,USD,9.55,8.95,16.44,"Mar 31, 2053",11.63,9.72,-,8.95,9.72,8.95,ZAR,"Mar 31, 2023","Apr 11, 2023",2026-04-23
POLAND (REPUBLIC OF),Treasuries,Fixed Income,"1,724,578.52",0.23,"1,724,578.52","6,014,000.00",-,PL0000114393,BPP3309,27.73,Poland,-,USD,1.04,3.8,3.60,"May 25, 2027",3.75,1.02,-,3.8,1.02,3.8,PLN,"May 25, 2021","Jan 17, 2022",2026-04-23
CHINA PEOPLES REPUBLIC OF (GOVERNM,Treasuries,Fixed Income,"1,722,096.22",0.23,"1,722,096.22","11,810,000.00",-,CND10008WR28,-,14.54,China,-,USD,8.17,1.72,6.82,"Feb 15, 2035",1.61,8.16,-,1.72,8.16,1.72,CNY,"Feb 15, 2025","Feb 14, 2025",2026-04-23
CHINA PEOPLES REPUBLIC OF (GOVERNM,Treasuries,Fixed Income,"1,703,706.32",0.23,"1,703,706.32","10,520,000.00",-,CND10003VNX4,-,15.99,China,-,USD,4.22,1.24,6.82,"Nov 19, 2030",3.27,4.22,-,1.24,4.22,1.24,CNY,"Nov 19, 2020","Nov 19, 2020",2026-04-23
THAILAND KINGDOM OF (GOVERNMENT),Treasuries,Fixed Income,"1,699,913.68",0.23,"1,699,913.68","48,312,000.00",-,TH0623A3C606,B754890,3.48,Thailand,-,USD,5.5,1.76,32.10,"Jun 25, 2032",3.77,5.5,-,1.76,5.5,1.76,THB,"Jan 27, 2012","Jan 27, 2012",2026-04-23
COLOMBIA (REPUBLIC OF),Treasuries,Fixed Income,"1,696,432.65",0.23,"1,696,432.65","7,721,700,000.00",-,COL17CT03771,BP38168,0.02,Colombia,-,USD,3.97,13.34,"3,577.31","Mar 26, 2031",7.0,3.73,-,13.34,3.73,13.34,COP,"Mar 26, 2021","Jun 23, 2021",2026-04-23
ROMANIA (REPUBLIC OF),Treasuries,Fixed Income,"1,690,015.47",0.23,"1,690,015.47","6,725,000.00",-,RO1JS63DR5A5,BN7KRQ8,23.47,Romania,-,USD,3.95,6.92,4.34,"Apr 28, 2031",7.35,3.83,-,6.92,3.83,6.92,RON,"Apr 28, 2022","Feb 13, 2023",2026-04-23
CZECH REPUBLIC,Treasuries,Fixed Income,"1,686,085.63",0.23,"1,686,085.63","39,420,000.00",-,CZ0001004477,BYN6FX0,4.28,Czech Republic,-,USD,3.93,4.06,20.69,"May 15, 2030",0.95,3.85,-,4.06,3.85,4.06,CZK,"May 15, 2015","May 15, 2015",2026-04-23
INDONESIA (REPUBLIC OF),Treasuries,Fixed Income,"1,679,815.64",0.23,"1,679,815.64","28,058,000,000.00",-,IDG000024506,BSMTC48,0.01,Indonesia,-,USD,6.67,6.62,"17,144.00","Jul 15, 2035",6.75,6.69,-,6.62,6.69,6.62,IDR,"Jul 15, 2024","Aug 08, 2024",2026-04-23
ROMANIA (REPUBLIC OF),Treasuries,Fixed Income,"1,673,928.54",0.23,"1,673,928.54","6,640,000.00",-,ROZBOC49U096,-,24.25,Romania,-,USD,2.23,6.43,4.34,"Oct 30, 2028",8.75,2.16,-,6.43,2.16,6.43,RON,"Oct 30, 2022","Nov 16, 2022",2026-04-23
CZECH REPUBLIC,Treasuries,Fixed Income,"1,673,930.92",0.23,"1,673,930.92","35,540,000.00",-,CZ0001005037,BF1T8Q2,4.71,Czech Republic,-,USD,0.79,3.56,20.69,"Feb 10, 2027",0.25,0.78,-,3.56,0.78,3.56,CZK,"Feb 10, 2017","Feb 10, 2017",2026-04-23
INDONESIA (REPUBLIC OF),Treasuries,Fixed Income,"1,667,635.94",0.23,"1,667,635.94","27,862,000,000.00",-,IDG000023904,-,0.01,Indonesia,-,USD,2.67,5.95,"17,144.00","Apr 15, 2029",6.88,2.67,-,5.95,2.67,5.95,IDR,"Oct 15, 2023","Nov 02, 2023",2026-04-23
INDONESIA (REPUBLIC OF),Treasuries,Fixed Income,"1,648,015.89",0.22,"1,648,015.89","28,210,000,000.00",-,IDG000018706,BL53JN6,0.01,Indonesia,-,USD,4.9,6.36,"17,144.00","Apr 15, 2032",6.38,4.91,-,6.36,4.91,6.36,IDR,"Apr 15, 2021","Jul 08, 2021",2026-04-23
CHINA PEOPLES REPUBLIC OF (GOVERNM,Treasuries,Fixed Income,"1,639,632.06",0.22,"1,639,632.06","8,630,000.00",-,CND10003N750,BMC3TQ9,18.94,China,-,USD,16.71,2.25,6.82,"Sep 14, 2050",3.81,16.95,-,2.25,16.95,2.25,CNY,"Sep 14, 2020","Sep 14, 2020",2026-04-23
THAILAND KINGDOM OF (GOVERNMENT),Treasuries,Fixed Income,"1,635,453.76",0.22,"1,635,453.76","51,304,000.00",-,TH0623X3BC03,BM9CHT8,3.17,Thailand,-,USD,5.3,1.69,32.10,"Dec 17, 2031",2.0,5.3,-,1.69,5.3,1.69,THB,"Apr 28, 2021","Apr 28, 2021",2026-04-23
CHINA PEOPLES REPUBLIC OF (GOVERNM,Treasuries,Fixed Income,"1,634,430.45",0.22,"1,634,430.45","10,660,000.00",-,CND1000716Y2,-,15.14,China,-,USD,2.4,1.24,6.82,"Oct 15, 2028",2.55,2.38,-,1.24,2.38,1.24,CNY,"Oct 15, 2023","Oct 13, 2023",2026-04-23
CZECH REPUBLIC,Treasuries,Fixed Income,"1,629,761.13",0.22,"1,629,761.13","39,450,000.00",-,CZ0001005243,BFYN3F5,4.08,Czech Republic,-,USD,6.74,4.49,20.69,"Oct 13, 2033",2.0,6.59,-,4.49,6.59,4.49,CZK,"Oct 13, 2017","Oct 13, 2017",2026-04-23
INDONESIA (REPUBLIC OF),Treasuries,Fixed Income,"1,616,097.38",0.22,"1,616,097.38","26,998,000,000.00",-,IDG000024605,BQXS455,0.01,Indonesia,-,USD,3.6,6.25,"17,144.00","Jul 15, 2030",6.5,3.6,-,6.25,3.6,6.25,IDR,"Jul 15, 2024","Aug 22, 2024",2026-04-23
INDONESIA (REPUBLIC OF),Treasuries,Fixed Income,"1,615,863.99",0.22,"1,615,863.99","24,804,000,000.00",-,IDG000010802,BCV7LV1,0.01,Indonesia,-,USD,5.8,6.59,"17,144.00","Mar 15, 2034",8.38,5.81,-,6.59,5.81,6.59,IDR,"Mar 15, 2013","Aug 01, 2013",2026-04-23
CHILE (REPUBLIC OF),Treasuries,Fixed Income,"1,605,844.58",0.22,"1,605,844.58","1,395,000,000.00",-,CL0002862937,-,0.11,Chile,-,USD,8.31,5.39,888.89,"Nov 01, 2037",5.3,8.34,-,5.39,8.34,5.39,CLP,"May 01, 2023","Jul 24, 2023",2026-04-23
CZECH REPUBLIC,Treasuries,Fixed Income,"1,604,720.22",0.22,"1,604,720.22","32,280,000.00",-,CZ0001007033,-,4.88,Czech Republic,-,USD,5.59,4.34,20.69,"Nov 11, 2032",4.5,5.48,-,4.34,5.48,4.34,CZK,"Aug 11, 2023","Aug 11, 2023",2026-04-23
INDONESIA (REPUBLIC OF),Treasuries,Fixed Income,"1,592,476.02",0.22,"1,592,476.02","26,237,000,000.00",-,IDG000020801,BPK4YK4,0.01,Indonesia,-,USD,5.31,6.48,"17,144.00","Feb 15, 2033",7.0,5.32,-,6.48,5.32,6.48,IDR,"Aug 15, 2022","Aug 19, 2022",2026-04-23
ROMANIA (REPUBLIC OF),Treasuries,Fixed Income,"1,581,829.73",0.21,"1,581,829.73","6,620,000.00",-,ROWLVEJ2A207,-,23.11,Romania,-,USD,5.67,7.15,4.34,"Oct 30, 2033",7.2,5.49,-,7.15,5.49,7.15,RON,"Oct 30, 2022","Jun 26, 2023",2026-04-23
ROMANIA (REPUBLIC OF),Treasuries,Fixed Income,"1,578,243.99",0.21,"1,578,243.99","6,380,000.00",-,ROP9QVD42HO2,-,23.26,Romania,-,USD,1.01,6.34,4.34,"May 31, 2027",7.2,0.98,-,6.34,0.98,6.34,RON,"May 31, 2022","May 24, 2023",2026-04-23
CZECH REPUBLIC,Treasuries,Fixed Income,"1,576,274.40",0.21,"1,576,274.40","37,150,000.00",-,CZ0001006233,BM91K29,4.17,Czech Republic,-,USD,5.66,4.32,20.69,"Jun 23, 2032",1.75,5.55,-,4.32,5.55,4.32,CZK,"Apr 23, 2021","Apr 23, 2021",2026-04-23
INDIA (REPUBLIC OF),Treasuries,Fixed Income,"1,573,785.09",0.21,"1,573,785.09","151,460,000.00",-,IN0020200054,-,1.03,India,-,USD,10.86,7.46,93.50,"Sep 20, 2050",7.16,11.18,-,7.46,11.18,7.46,INR,"Apr 20, 2020","Apr 20, 2020",2026-04-23
COLOMBIA (REPUBLIC OF),Treasuries,Fixed Income,"1,568,716.75",0.21,"1,568,716.75","5,347,800,000.00",-,COL17CT04001,-,0.03,Colombia,-,USD,6.71,12.74,"3,577.31","Nov 28, 2040",12.75,6.2,-,12.74,6.2,12.74,COP,"Nov 28, 2024","Apr 09, 2025",2026-04-23
CHINA PEOPLES REPUBLIC OF (GOVERNM,Treasuries,Fixed Income,"1,563,279.46",0.21,"1,563,279.46","9,990,000.00",-,CND10006VQZ5,-,15.59,China,-,USD,6.7,1.61,6.82,"Aug 25, 2033",2.52,6.7,-,1.61,6.7,1.61,CNY,"Aug 25, 2023","Aug 24, 2023",2026-04-23
THAILAND KINGDOM OF (GOVERNMENT),Treasuries,Fixed Income,"1,557,957.25",0.21,"1,557,957.25","49,350,000.00",-,TH0623037304,BQB26C0,3.15,Thailand,-,USD,0.89,0.99,32.10,"Mar 17, 2027",2.25,0.9,-,0.99,0.9,0.99,THB,"Jul 14, 2023","Jul 14, 2023",2026-04-23
THAILAND KINGDOM OF (GOVERNMENT),Treasuries,Fixed Income,"1,556,582.44",0.21,"1,556,582.44","48,100,000.00",-,TH0623038609,BPLFNC1,3.21,Thailand,-,USD,2.09,1.25,32.10,"Jun 17, 2028",2.65,2.08,-,1.25,2.08,1.25,THB,"Jul 08, 2022","Jul 08, 2022",2026-04-23
CZECH REPUBLIC,Treasuries,Fixed Income,"1,547,629.83",0.21,"1,547,629.83","36,700,000.00",-,CZ0001005888,BN324D4,4.21,Czech Republic,-,USD,4.67,4.16,20.69,"Mar 13, 2031",1.2,4.58,-,4.16,4.58,4.16,CZK,"Mar 13, 2020","Mar 13, 2020",2026-04-23
THAILAND KINGDOM OF (GOVERNMENT),Treasuries,Fixed Income,"1,546,470.30",0.21,"1,546,470.30","49,492,000.00",-,TH0623037601,BNXGW98,3.11,Thailand,-,USD,1.14,1.04,32.10,"Jun 17, 2027",1.0,1.14,-,1.04,1.14,1.04,THB,"Jul 16, 2021","Jul 16, 2021",2026-04-23
ROMANIA (REPUBLIC OF),Treasuries,Fixed Income,"1,542,365.86",0.21,"1,542,365.86","6,075,000.00",-,RO52CQA3C829,BPBR684,24.33,Romania,-,USD,4.89,7.14,4.34,"Sep 29, 2032",8.25,4.74,-,7.14,4.74,7.14,RON,"Sep 29, 2022","Oct 26, 2022",2026-04-23
INDONESIA (REPUBLIC OF),Treasuries,Fixed Income,"1,523,527.97",0.21,"1,523,527.97","25,736,000,000.00",-,IDG000023607,-,0.01,Indonesia,-,USD,5.95,6.57,"17,144.00","Feb 15, 2034",6.63,5.96,-,6.57,5.96,6.57,IDR,"Aug 15, 2023","Aug 24, 2023",2026-04-23
CHINA PEOPLES REPUBLIC OF (GOVERNM,Treasuries,Fixed Income,"1,522,350.41",0.21,"1,522,350.41","9,890,000.00",-,CND10003W0P5,-,15.21,China,-,USD,1.58,0.98,6.82,"Dec 03, 2027",3.28,1.57,-,0.98,1.57,0.98,CNY,"Dec 03, 2020","Dec 02, 2020",2026-04-23
CHINA PEOPLES REPUBLIC OF (GOVERNM,Treasuries,Fixed Income,"1,512,499.19",0.2,"1,512,499.19","10,200,000.00",-,CND10007LB79,-,14.78,China,-,USD,0.85,1.13,6.82,"Feb 25, 2027",2.04,0.86,-,1.13,0.86,1.13,CNY,"Feb 25, 2024","Feb 23, 2024",2026-04-23
CZECH REPUBLIC,Treasuries,Fixed Income,"1,509,824.95",0.2,"1,509,824.95","31,760,000.00",-,CZ0001005375,BFXZH72,4.65,Czech Republic,-,USD,3.03,3.98,20.69,"Jul 23, 2029",2.75,2.97,-,3.98,2.97,3.98,CZK,"Feb 23, 2018","Feb 23, 2018",2026-04-23
INDONESIA (REPUBLIC OF),Treasuries,Fixed Income,"1,500,637.75",0.2,"1,500,637.75","25,243,000,000.00",-,IDG000015207,BKPMPK5,0.01,Indonesia,-,USD,4.05,6.31,"17,144.00","Feb 15, 2031",6.5,4.04,-,6.31,4.04,6.31,IDR,"Feb 15, 2020","Aug 13, 2020",2026-04-23
CHINA PEOPLES REPUBLIC OF (GOVERNM,Treasuries,Fixed Income,"1,491,134.28",0.2,"1,491,134.28","9,640,000.00",-,CND10007LB61,-,15.42,China,-,USD,7.16,1.66,6.82,"Feb 25, 2034",2.35,7.15,-,1.66,7.15,1.66,CNY,"Feb 25, 2024","Feb 23, 2024",2026-04-23
ROMANIA (REPUBLIC OF),Treasuries,Fixed Income,"1,484,711.35",0.2,"1,484,711.35","6,075,000.00",-,ROCDG04X8WJ7,-,23.01,Romania,-,USD,1.78,6.42,4.34,"Apr 26, 2028",6.3,1.73,-,6.42,1.73,6.42,RON,"Apr 26, 2023","Apr 17, 2024",2026-04-23
CHINA PEOPLES REPUBLIC OF (GOVERNM,Treasuries,Fixed Income,"1,480,492.50",0.2,"1,480,492.50","9,950,000.00",-,CND10009TPM3,-,14.76,China,-,USD,4.33,1.49,6.82,"Oct 25, 2030",1.63,4.29,-,1.49,4.29,1.49,CNY,"Oct 25, 2025","Oct 24, 2025",2026-04-23
CHINA PEOPLES REPUBLIC OF (GOVERNM,Treasuries,Fixed Income,"1,475,497.91",0.2,"1,475,497.91","9,620,000.00",-,CND100037XX3,BKPTYX2,14.97,China,-,USD,1.09,1.01,6.82,"Jun 04, 2027",2.85,1.08,-,1.01,1.08,1.01,CNY,"Jun 04, 2020","Jun 04, 2020",2026-04-23
INDONESIA (REPUBLIC OF),Treasuries,Fixed Income,"1,465,630.51",0.2,"1,465,630.51","23,663,000,000.00",-,IDG000021809,BPVGHW2,0.01,Indonesia,-,USD,7.91,6.67,"17,144.00","Jun 15, 2038",7.13,7.94,-,6.67,7.94,6.67,IDR,"Jun 15, 2022","Sep 15, 2022",2026-04-23
ROMANIA (REPUBLIC OF),Treasuries,Fixed Income,"1,464,048.73",0.2,"1,464,048.73","6,025,000.00",-,ROJVM8ELBDU4,-,22.86,Romania,-,USD,2.58,6.62,4.34,"Apr 25, 2029",6.3,2.5,-,6.62,2.5,6.62,RON,"Apr 25, 2023","Jan 29, 2024",2026-04-23
MALAYSIA (GOVERNMENT),Treasuries,Fixed Income,"1,447,667.32",0.2,"1,447,667.32","5,560,000.00",-,MYBMS1900047,BK74DQ1,25.75,Malaysia,-,USD,6.93,3.58,3.95,"Jul 05, 2034",3.83,6.93,-,3.58,6.93,3.58,MYR,"Jul 05, 2019","Jul 05, 2019",2026-04-23
HUNGARY (GOVERNMENT),Treasuries,Fixed Income,"1,445,483.01",0.2,"1,445,483.01","561,210,000.00",-,HU0000404744,BNDS0P6,0.26,Hungary,-,USD,6.3,5.9,308.93,"Apr 20, 2033",2.25,6.12,-,5.9,6.12,5.9,HUF,"Oct 28, 2020","Oct 28, 2020",2026-04-23
CHINA PEOPLES REPUBLIC OF (GOVERNM,Treasuries,Fixed Income,"1,444,174.40",0.2,"1,444,174.40","9,430,000.00",-,CND10006PJH0,-,15.04,China,-,USD,2.16,1.24,6.82,"Jul 15, 2028",2.4,2.14,-,1.24,2.14,1.24,CNY,"Jul 15, 2023","Jul 14, 2023",2026-04-23
INDIA (REPUBLIC OF),Treasuries,Fixed Income,"1,443,712.62",0.2,"1,443,712.62","128,590,000.00",-,IN0020240050,BS851G5,1.09,India,-,USD,2.7,6.22,93.50,"Jun 03, 2029",7.04,2.7,-,6.22,2.7,6.22,INR,"Jun 03, 2024","Jun 03, 2024",2026-04-23
COLOMBIA REPUBLIC OF (GOVERNMENT),Treasuries,Fixed Income,"1,439,215.45",0.19,"1,439,215.45","5,985,600,000.00",-,COL17CT03342,BVFPYD7,0.02,Colombia,-,USD,3.43,13.57,"3,577.31","Sep 18, 2030",7.75,3.22,-,13.57,3.22,13.57,COP,"Sep 18, 2014","Sep 18, 2014",2026-04-23
MALAYSIA (GOVERNMENT),Treasuries,Fixed Income,"1,436,275.67",0.19,"1,436,275.67","5,570,000.00",-,MYBMX0700034,B1YBKV6,25.44,Malaysia,-,USD,1.07,3.03,3.95,"May 31, 2027",3.5,1.07,-,3.03,1.07,3.03,MYR,"May 31, 2007","May 31, 2007",2026-04-23
CZECH REPUBLIC,Treasuries,Fixed Income,"1,433,082.81",0.19,"1,433,082.81","31,120,000.00",-,CZ0001006431,BMYRRT8,4.45,Czech Republic,-,USD,7.45,4.57,20.69,"May 30, 2035",3.5,7.31,-,4.57,7.31,4.57,CZK,"Feb 25, 2022","Feb 25, 2022",2026-04-23
THAILAND KINGDOM OF (GOVERNMENT),Treasuries,Fixed Income,"1,431,123.85",0.19,"1,431,123.85","44,465,000.00",-,TH0623039300,BNG9TX7,3.21,Thailand,-,USD,2.8,1.31,32.10,"Mar 17, 2029",2.4,2.8,-,1.31,2.8,1.31,THB,"Jul 21, 2023","Jul 21, 2023",2026-04-23
INDIA (REPUBLIC OF),Treasuries,Fixed Income,"1,426,977.97",0.19,"1,426,977.97","133,240,000.00",-,IN0020250067,BPK87L8,1.05,India,-,USD,3.64,6.38,93.50,"Jul 21, 2030",6.01,3.64,-,6.38,3.64,6.38,INR,"Jul 21, 2025","Jul 21, 2025",2026-04-23
CHINA PEOPLES REPUBLIC OF (GOVERNM,Treasuries,Fixed Income,"1,426,723.01",0.19,"1,426,723.01","9,650,000.00",-,CND10009XGG6,-,14.7,China,-,USD,2.55,1.32,6.82,"Nov 25, 2028",1.4,2.52,-,1.32,2.52,1.32,CNY,"Nov 25, 2025","Nov 24, 2025",2026-04-23
MALAYSIA (GOVERNMENT),Treasuries,Fixed Income,"1,424,926.83",0.19,"1,424,926.83","5,327,000.00",-,MYBGT1900062,BJ0LYV4,26.34,Malaysia,-,USD,7.12,3.56,3.95,"Nov 30, 2034",4.12,7.13,-,3.56,7.13,3.56,MYR,"May 31, 2019","May 31, 2019",2026-04-23
THAILAND KINGDOM OF (GOVERNMENT),Treasuries,Fixed Income,"1,422,274.10",0.19,"1,422,274.10","43,583,000.00",-,TH0623039B04,BS4DCB5,3.23,Thailand,-,USD,3.39,1.44,32.10,"Nov 17, 2029",2.5,3.38,-,1.44,3.38,1.44,THB,"Jul 12, 2024","Jul 12, 2024",2026-04-23
INDIA (REPUBLIC OF),Treasuries,Fixed Income,"1,418,678.11",0.19,"1,418,678.11","127,240,000.00",-,IN0020220037,BP0SW35,1.09,India,-,USD,1.08,5.78,93.50,"Jun 20, 2027",7.38,1.08,-,5.78,1.08,5.78,INR,"Jun 20, 2022","Jun 20, 2022",2026-04-23
INDONESIA (REPUBLIC OF),Treasuries,Fixed Income,"1,413,978.75",0.19,"1,413,978.75","22,069,000,000.00",-,IDG000012907,BF4Y9X8,0.01,Indonesia,-,USD,2.62,5.98,"17,144.00","May 15, 2029",8.25,2.61,-,5.98,2.61,5.98,IDR,"May 15, 2018","Sep 27, 2018",2026-04-23
CHINA PEOPLES REPUBLIC OF (GOVERNM,Treasuries,Fixed Income,"1,413,488.28",0.19,"1,413,488.28","9,110,000.00",-,CND10007C3M6,-,15.4,China,-,USD,4.42,1.44,6.82,"Dec 25, 2030",2.54,4.38,-,1.44,4.38,1.44,CNY,"Dec 25, 2023","Dec 22, 2023",2026-04-23
CHINA PEOPLES REPUBLIC OF (GOVERNM,Treasuries,Fixed Income,"1,407,237.92",0.19,"1,407,237.92","9,380,000.00",-,CND10007Q978,-,15.0,China,-,USD,2.91,1.28,6.82,"Apr 15, 2029",2.05,2.89,-,1.28,2.89,1.28,CNY,"Apr 15, 2024","Apr 12, 2024",2026-04-23
CHINA PEOPLES REPUBLIC OF (GOVERNM,Treasuries,Fixed Income,"1,403,199.91",0.19,"1,403,199.91","9,450,000.00",-,CND10009LC19,-,14.71,China,-,USD,2.27,1.31,6.82,"Aug 15, 2028",1.42,2.25,-,1.31,2.25,1.31,CNY,"Aug 15, 2025","Aug 14, 2025",2026-04-23
INDONESIA (REPUBLIC OF),Treasuries,Fixed Income,"1,400,474.99",0.19,"1,400,474.99","22,403,000,000.00",-,IDG000014101,BK71WR6,0.01,Indonesia,-,USD,8.73,6.71,"17,144.00","Apr 15, 2040",7.5,8.77,-,6.71,8.77,6.71,IDR,"Oct 15, 2019","Nov 07, 2019",2026-04-23
MALAYSIA (GOVERNMENT),Treasuries,Fixed Income,"1,399,685.96",0.19,"1,399,685.96","5,190,000.00",-,MYBGY1900021,-,26.86,Malaysia,-,USD,10.06,3.88,3.95,"Sep 15, 2039",4.47,10.1,-,3.88,10.1,3.88,MYR,"Mar 15, 2019","Mar 15, 2019",2026-04-23
THAILAND KINGDOM OF (GOVERNMENT),Treasuries,Fixed Income,"1,397,395.61",0.19,"1,397,395.61","40,946,000.00",-,TH062303I602,BGW4KT0,3.38,Thailand,-,USD,9.93,2.49,32.10,"Jun 17, 2038",3.3,9.98,-,2.49,9.98,2.49,THB,"Dec 07, 2018","Dec 07, 2018",2026-04-23
INDIA (REPUBLIC OF),Treasuries,Fixed Income,"1,396,843.36",0.19,"1,396,843.36","127,410,000.00",-,IN0020230036,BRJR7L0,1.1,India,-,USD,3.43,6.47,93.50,"Apr 17, 2030",7.17,3.43,-,6.47,3.43,6.47,INR,"Apr 17, 2023","Apr 17, 2023",2026-04-23
CHINA PEOPLES REPUBLIC OF (GOVERNM,Treasuries,Fixed Income,"1,383,257.16",0.19,"1,383,257.16","9,130,000.00",-,CND100084T81,-,14.94,China,-,USD,3.11,1.34,6.82,"Jul 15, 2029",1.91,3.08,-,1.34,3.08,1.34,CNY,"Jul 15, 2024","Jul 12, 2024",2026-04-23
THAILAND KINGDOM OF (GOVERNMENT),Treasuries,Fixed Income,"1,382,586.65",0.19,"1,382,586.65","43,095,000.00",-,TH0623037B06,-,3.18,Thailand,-,USD,1.53,1.14,32.10,"Nov 17, 2027",2.4,1.53,-,1.14,1.53,1.14,THB,"Apr 26, 2024","Apr 26, 2024",2026-04-23
POLAND (REPUBLIC OF),Treasuries,Fixed Income,"1,378,794.73",0.19,"1,378,794.73","4,972,000.00",-,PL0000107611,BDRZS93,26.98,Poland,-,USD,1.89,4.22,3.60,"Apr 25, 2028",2.75,1.85,-,4.22,1.85,4.22,PLN,"Apr 25, 2013","May 20, 2013",2026-04-23
CHINA PEOPLES REPUBLIC OF (GOVERNM,Treasuries,Fixed Income,"1,367,901.48",0.19,"1,367,901.48","8,640,000.00",-,CND1000291L3,-,15.63,China,-,USD,2.91,1.12,6.82,"May 23, 2029",3.29,2.91,-,1.12,2.91,1.12,CNY,"May 23, 2019","May 22, 2019",2026-04-23
INDONESIA (REPUBLIC OF),Treasuries,Fixed Income,"1,367,161.57",0.19,"1,367,161.57","21,616,000,000.00",-,IDG000013509,BKLFDC6,0.01,Indonesia,-,USD,6.46,6.64,"17,144.00","Jun 15, 2035",7.5,6.48,-,6.64,6.48,6.64,IDR,"Jun 15, 2019","Jul 04, 2019",2026-04-23
MALAYSIA (GOVERNMENT),Treasuries,Fixed Income,"1,364,988.41",0.18,"1,364,988.41","5,190,000.00",-,MYBGO1900014,BHXH1F8,26.01,Malaysia,-,USD,2.97,3.22,3.95,"Jul 09, 2029",4.13,2.97,-,3.22,2.97,3.22,MYR,"Jan 09, 2019","Jan 09, 2019",2026-04-23
CHINA PEOPLES REPUBLIC OF (GOVERNM,Treasuries,Fixed Income,"1,364,898.08",0.18,"1,364,898.08","8,980,000.00",-,CND100089K10,-,15.15,China,-,USD,7.63,1.69,6.82,"Aug 25, 2034",2.11,7.62,-,1.69,7.62,1.69,CNY,"Aug 25, 2024","Aug 23, 2024",2026-04-23
CHILE (REPUBLIC OF),Treasuries,Fixed Income,"1,364,352.56",0.18,"1,364,352.56","1,115,000,000.00",-,CL0002935048,-,0.12,Chile,-,USD,9.62,5.42,888.89,"Oct 01, 2040",6.2,9.67,-,5.42,9.67,5.42,CLP,"Apr 01, 2024","Jun 03, 2024",2026-04-23
ROMANIA (REPUBLIC OF),Treasuries,Fixed Income,"1,357,471.02",0.18,"1,357,471.02","5,950,000.00",-,ROO7A2H5YIN8,BMCN431,22.58,Romania,-,USD,4.8,7.14,4.34,"Feb 25, 2032",6.7,4.64,-,7.14,4.64,7.14,RON,"Feb 25, 2022","Mar 16, 2022",2026-04-23
THAILAND KINGDOM OF (GOVERNMENT),Treasuries,Fixed Income,"1,356,037.65",0.18,"1,356,037.65","42,239,000.00",-,TH0623A3F302,-,3.2,Thailand,-,USD,7.97,2.06,32.10,"Mar 17, 2035",2.41,7.99,-,2.06,7.99,2.06,THB,"Jan 24, 2025","Jan 24, 2025",2026-04-23
THAILAND KINGDOM OF (GOVERNMENT),Treasuries,Fixed Income,"1,349,996.63",0.18,"1,349,996.63","42,970,000.00",-,TH062303A302,-,3.14,Thailand,-,USD,3.77,1.48,32.10,"Mar 17, 2030",1.66,3.77,-,1.48,3.77,1.48,THB,"Apr 25, 2025","Apr 25, 2025",2026-04-23
ROMANIA (REPUBLIC OF),Treasuries,Fixed Income,"1,348,873.41",0.18,"1,348,873.41","5,230,000.00",-,ROXL7LT7QZ66,BNKC1P8,23.99,Romania,-,USD,3.24,6.82,4.34,"Apr 29, 2030",8.0,3.14,-,6.82,3.14,6.82,RON,"Apr 29, 2022","Jan 16, 2023",2026-04-23
TURKEY (REPUBLIC OF),Treasuries,Fixed Income,"1,346,971.25",0.18,"1,346,971.25","88,975,890.00",-,TRT130733T17,-,1.42,Turkey,-,USD,3.1,30.62,44.89,"Jul 13, 2033",17.8,2.94,-,30.62,2.94,30.62,TRY,"Jul 26, 2023","Jul 26, 2023",2026-04-23
CHINA PEOPLES REPUBLIC OF (GOVERNM,Treasuries,Fixed Income,"1,341,309.58",0.18,"1,341,309.58","8,940,000.00",-,CND10009PRV8,-,14.85,China,-,USD,6.01,1.58,6.82,"Sep 15, 2032",1.78,5.95,-,1.58,5.95,1.58,CNY,"Sep 15, 2025","Sep 12, 2025",2026-04-23
MALAYSIA (GOVERNMENT),Treasuries,Fixed Income,"1,337,527.52",0.18,"1,337,527.52","5,193,000.00",-,MYBGJ2300016,-,25.56,Malaysia,-,USD,2.16,3.15,3.95,"Jul 31, 2028",3.6,2.16,-,3.15,2.16,3.15,MYR,"Jan 30, 2023","Jan 30, 2023",2026-04-23
PERU (REPUBLIC OF),Treasuries,Fixed Income,"1,325,586.71",0.18,"1,325,586.71","4,344,000.00",-,PEP01000C5F6,BFZYW83,30.19,Peru,-,USD,2.56,4.54,3.44,"Feb 12, 2029",5.94,2.55,-,4.54,2.55,4.54,PEN,"Dec 06, 2018","Dec 06, 2018",2026-04-23
CHINA PEOPLES REPUBLIC OF (GOVERNM,Treasuries,Fixed Income,"1,321,054.10",0.18,"1,321,054.10","8,950,000.00",-,CND10008YMK6,-,14.73,China,-,USD,1.83,1.23,6.82,"Feb 25, 2028",1.45,1.81,-,1.23,1.81,1.23,CNY,"Feb 25, 2025","Feb 24, 2025",2026-04-23
CHINA PEOPLES REPUBLIC OF (GOVERNM,Treasuries,Fixed Income,"1,312,131.30",0.18,"1,312,131.30","8,600,000.00",-,CND10008CH16,-,15.21,China,-,USD,7.62,1.7,6.82,"Aug 29, 2034",2.17,7.62,-,1.7,7.62,1.7,CNY,"Aug 29, 2024","Aug 29, 2024",2026-04-23
CHILE (REPUBLIC OF),Treasuries,Fixed Income,"1,296,070.78",0.18,"1,296,070.78","1,145,000,000.00",-,CL0002686989,BMXLJW8,0.11,Chile,-,USD,2.27,4.9,888.89,"Oct 01, 2028",5.0,2.27,-,4.9,2.27,4.9,CLP,"Apr 01, 2021","Jul 01, 2021",2026-04-23
TURKEY (REPUBLIC OF),Treasuries,Fixed Income,"1,289,637.15",0.17,"1,289,637.15","81,880,728.00",-,TRT080328T15,BZ2YS99,1.54,Turkey,-,USD,1.42,36.31,44.89,"Mar 08, 2028",12.4,1.41,-,36.31,1.41,36.31,TRY,"Mar 21, 2018","Mar 21, 2018",2026-04-23
MALAYSIA (GOVERNMENT),Treasuries,Fixed Income,"1,278,511.52",0.17,"1,278,511.52","5,015,000.00",-,MYBGO2000020,BLR4XQ8,25.48,Malaysia,-,USD,4.12,3.3,3.95,"Oct 15, 2030",3.46,4.12,-,3.3,4.12,3.3,MYR,"Apr 15, 2020","Apr 15, 2020",2026-04-23
MALAYSIA (GOVERNMENT),Treasuries,Fixed Income,"1,277,494.45",0.17,"1,277,494.45","4,974,000.00",-,MYBMZ2000016,BMVN6M5,25.32,Malaysia,-,USD,14.85,4.06,3.95,"Jun 15, 2050",4.07,15.08,-,4.06,15.08,4.06,MYR,"Jun 15, 2020","Jun 15, 2020",2026-04-23
CHINA PEOPLES REPUBLIC OF (GOVERNM,Treasuries,Fixed Income,"1,270,229.50",0.17,"1,270,229.50","8,520,000.00",-,CND100088H73,-,14.75,China,-,USD,1.3,1.22,6.82,"Aug 15, 2027",1.62,1.29,-,1.22,1.29,1.22,CNY,"Aug 15, 2024","Aug 14, 2024",2026-04-23
THAILAND KINGDOM OF (GOVERNMENT),Treasuries,Fixed Income,"1,270,120.42",0.17,"1,270,120.42","36,412,000.00",-,TH0623A3H605,BPVGVM0,3.45,Thailand,-,USD,9.24,2.29,32.10,"Jun 17, 2037",3.39,9.28,-,2.29,9.28,2.29,THB,"Sep 19, 2022","Sep 19, 2022",2026-04-23
BLK CSH FND TREASURY SL AGENCY,Cash and/or Derivatives,Money Market,"1,270,000.01",0.17,"1,270,000.01","1,270,000.00",066922477,US0669224778,6922477,1.0,United States,-,USD,0.1,3.53,1.00,-,0.0,0.11,-,3.53,0.11,3.53,USD,-,"Feb 04, 2009",2026-04-23
COLOMBIA (REPUBLIC OF),Treasuries,Fixed Income,"1,266,587.65",0.17,"1,266,587.65","7,040,100,000.00",-,COL17CT03722,BM9C3Z6,0.02,Colombia,-,USD,8.56,12.38,"3,577.31","Oct 26, 2050",7.25,7.75,-,12.38,7.75,12.38,COP,"Oct 26, 2019","Sep 14, 2020",2026-04-23
ROMANIA (REPUBLIC OF),Treasuries,Fixed Income,"1,261,268.42",0.17,"1,261,268.42","5,220,000.00",-,ROTM7EDD92S2,-,22.98,Romania,-,USD,6.0,7.15,4.34,"Jul 31, 2034",7.1,5.81,-,7.15,5.81,7.15,RON,"Jul 31, 2023","Oct 23, 2023",2026-04-23
MALAYSIA (GOVERNMENT),Treasuries,Fixed Income,"1,255,432.09",0.17,"1,255,432.09","5,129,000.00",-,MYBMO2000028,BMD9C89,24.47,Malaysia,-,USD,4.62,3.36,3.95,"Apr 15, 2031",2.63,4.62,-,3.36,4.62,3.36,MYR,"Oct 15, 2020","Oct 15, 2020",2026-04-23
CHINA PEOPLES REPUBLIC OF (GOVERNM,Treasuries,Fixed Income,"1,253,607.68",0.17,"1,253,607.68","7,870,000.00",-,CND100076348,-,15.77,China,-,USD,6.83,1.62,6.82,"Nov 25, 2033",2.67,6.83,-,1.62,6.83,1.62,CNY,"Nov 25, 2023","Nov 25, 2023",2026-04-23
CHINA PEOPLES REPUBLIC OF (GOVERNM,Treasuries,Fixed Income,"1,246,326.75",0.17,"1,246,326.75","8,260,000.00",-,CND100069PL7,-,15.08,China,-,USD,1.96,1.18,6.82,"Apr 15, 2028",2.62,1.94,-,1.18,1.94,1.18,CNY,"Apr 15, 2023","Apr 14, 2023",2026-04-23
THAILAND KINGDOM OF (GOVERNMENT),Treasuries,Fixed Income,"1,246,277.25",0.17,"1,246,277.25","36,050,000.00",-,TH062303D603,BLFGTJ1,3.42,Thailand,-,USD,6.33,1.88,32.10,"Jun 17, 2033",3.35,6.34,-,1.88,6.34,1.88,THB,"Oct 07, 2022","Oct 07, 2022",2026-04-23
INDIA (REPUBLIC OF),Treasuries,Fixed Income,"1,245,428.99",0.17,"1,245,428.99","115,630,000.00",-,IN0020190362,-,1.07,India,-,USD,3.06,6.3,93.50,"Oct 07, 2029",6.45,3.05,-,6.3,3.05,6.3,INR,"Oct 07, 2019","Oct 07, 2019",2026-04-23
THAILAND KINGDOM OF (GOVERNMENT),Treasuries,Fixed Income,"1,242,221.71",0.17,"1,242,221.71","35,260,000.00",-,TH062303G606,BD4DR48,3.49,Thailand,-,USD,8.56,2.09,32.10,"Jun 17, 2036",3.4,8.59,-,2.09,8.59,2.09,THB,"Nov 20, 2015","Nov 20, 2015",2026-04-23
CHINA PEOPLES REPUBLIC OF (GOVERNM,Treasuries,Fixed Income,"1,238,439.44",0.17,"1,238,439.44","8,150,000.00",-,CND10005F4L5,-,14.92,China,-,USD,1.23,1.11,6.82,"Jul 25, 2027",2.5,1.22,-,1.11,1.22,1.11,CNY,"Jul 25, 2022","Jul 22, 2022",2026-04-23
MEXICO (UNITED MEXICAN STATES),Treasuries,Fixed Income,"1,232,773.08",0.17,"1,232,773.08","192,382.00",-,MX0MGO0000B2,B1GCCF5,6.19,Mexico,-,USD,6.28,8.94,17.33,"Nov 20, 2036",10.0,6.44,-,8.94,6.44,8.94,MXN,"Jun 29, 2006","Oct 26, 2006",2026-04-23
BRAZIL FEDERATIVE REPUBLIC OF (GOV,Treasuries,Fixed Income,"1,231,312.96",0.17,"1,231,312.96","12,489.00",-,BRSTNCLTN8J8,-,98.59,Brazil,-,USD,5.35,13.44,4.97,"Jan 01, 2032",0.0,4.99,-,13.44,4.99,13.44,BRL,"Jan 10, 2025","Jan 10, 2025",2026-04-23
CZECH REPUBLIC,Treasuries,Fixed Income,"1,230,302.07",0.17,"1,230,302.07","24,060,000.00",-,CZ0001006696,BM9HZK0,5.02,Czech Republic,-,USD,2.45,3.93,20.69,"Dec 12, 2028",5.5,2.4,-,3.93,2.4,3.93,CZK,"Aug 12, 2022","Aug 12, 2022",2026-04-23
CHINA PEOPLES REPUBLIC OF (GOVERNM,Treasuries,Fixed Income,"1,223,920.08",0.17,"1,223,920.08","8,270,000.00",-,CND1000B0TD1,-,14.72,China,-,USD,6.31,1.61,6.82,"Dec 25, 2032",1.66,6.25,-,1.61,6.25,1.61,CNY,"Dec 25, 2025","Dec 24, 2025",2026-04-23
BRAZIL FEDERATIVE REPUBLIC OF (GOV,Treasuries,Fixed Income,"1,219,514.45",0.17,"1,219,514.45","7,476.00",-,BRSTNCLTN897,BQC4T26,163.12,Brazil,-,USD,1.6,13.28,4.97,"Jan 01, 2028",0.0,1.49,-,13.28,1.49,13.28,BRL,"Jan 05, 2024","Jan 05, 2024",2026-04-23
COLOMBIA (REPUBLIC OF),Treasuries,Fixed Income,"1,215,216.26",0.16,"1,215,216.26","5,754,100,000.00",-,COL17CT03615,BHPGGV4,0.02,Colombia,-,USD,5.64,12.86,"3,577.31","Oct 18, 2034",7.25,5.29,-,12.86,5.29,12.86,COP,"Oct 18, 2018","Oct 18, 2018",2026-04-23
INDONESIA (REPUBLIC OF),Treasuries,Fixed Income,"1,213,531.75",0.16,"1,213,531.75","20,118,000,000.00",-,IDG000013806,BK5HHR1,0.01,Indonesia,-,USD,3.73,6.28,"17,144.00","Sep 15, 2030",7.0,3.73,-,6.28,3.73,6.28,IDR,"Mar 15, 2019","Aug 01, 2019",2026-04-23
INDONESIA (REPUBLIC OF),Treasuries,Fixed Income,"1,186,069.39",0.16,"1,186,069.39","19,024,000,000.00",-,IDG000020900,BPLJ0D3,0.01,Indonesia,-,USD,9.68,6.69,"17,144.00","Jun 15, 2043",7.13,9.75,-,6.69,9.75,6.69,IDR,"Jun 15, 2022","Aug 19, 2022",2026-04-23
CHINA PEOPLES REPUBLIC OF (GOVERNM,Treasuries,Fixed Income,"1,178,794.80",0.16,"1,178,794.80","7,350,000.00",-,CND100063XD1,-,15.97,China,-,USD,6.22,1.51,6.82,"Feb 25, 2033",2.88,6.22,-,1.51,6.22,1.51,CNY,"Feb 25, 2023","Feb 24, 2023",2026-04-23
MALAYSIA (GOVERNMENT),Treasuries,Fixed Income,"1,177,208.98",0.16,"1,177,208.98","4,538,000.00",-,MYBMS1300057,BBM4RP0,25.61,Malaysia,-,USD,2.03,3.15,3.95,"Jun 15, 2028",3.73,2.03,-,3.15,2.03,3.15,MYR,"Jun 14, 2013","Jun 14, 2013",2026-04-23
THAILAND KINGDOM OF (GOVERNMENT),Treasuries,Fixed Income,"1,174,349.14",0.16,"1,174,349.14","38,265,000.00",-,TH062303Q605,BYZ73Q0,3.04,Thailand,-,USD,14.77,3.04,32.10,"Jun 17, 2046",2.88,14.98,-,3.04,14.98,3.04,THB,"Jul 08, 2016","Jul 08, 2016",2026-04-23
INDONESIA (REPUBLIC OF),Treasuries,Fixed Income,"1,173,207.00",0.16,"1,173,207.00","20,157,000,000.00",-,IDG000018607,BP5FS00,0.01,Indonesia,-,USD,0.95,5.44,"17,144.00","Apr 15, 2027",5.13,0.95,-,5.44,0.95,5.44,IDR,"Apr 15, 2021","Jul 08, 2021",2026-04-23
ROMANIA (REPUBLIC OF),Treasuries,Fixed Income,"1,169,653.35",0.16,"1,169,653.35","5,230,000.00",-,ROVRZSEM43E4,BFM4TT6,22.15,Romania,-,USD,2.59,6.57,4.34,"Feb 12, 2029",5.0,2.51,-,6.57,2.51,6.57,RON,"Feb 12, 2018","Sep 19, 2018",2026-04-23
MALAYSIA (GOVERNMENT),Treasuries,Fixed Income,"1,169,342.23",0.16,"1,169,342.23","4,425,000.00",-,MYBGO2200018,BKVF3G0,26.39,Malaysia,-,USD,5.64,3.45,3.95,"Oct 07, 2032",4.19,5.64,-,3.45,5.64,3.45,MYR,"Apr 07, 2022","Apr 07, 2022",2026-04-23
CHINA PEOPLES REPUBLIC OF (GOVERNM,Treasuries,Fixed Income,"1,168,758.46",0.16,"1,168,758.46","7,500,000.00",-,CND10005YJN2,-,15.44,China,-,USD,3.48,1.31,6.82,"Dec 15, 2029",2.79,3.45,-,1.31,3.45,1.31,CNY,"Dec 15, 2022","Dec 14, 2022",2026-04-23
HUNGARY (REPUBLIC OF),Treasuries,Fixed Income,"1,167,358.61",0.16,"1,167,358.61","457,800,000.00",-,HU0000404892,BMC2VT3,0.25,Hungary,-,USD,7.07,5.89,308.93,"Jun 22, 2034",2.25,6.87,-,5.89,6.87,5.89,HUF,"Jan 20, 2021","Jan 20, 2021",2026-04-23
MALAYSIA (GOVERNMENT),Treasuries,Fixed Income,"1,167,206.27",0.16,"1,167,206.27","4,604,000.00",-,MYBMY1900052,BKTCZQ7,24.96,Malaysia,-,USD,10.62,3.89,3.95,"May 22, 2040",3.76,10.66,-,3.89,10.66,3.89,MYR,"Nov 22, 2019","Nov 22, 2019",2026-04-23
INDONESIA (REPUBLIC OF),Treasuries,Fixed Income,"1,164,180.99",0.16,"1,164,180.99","19,511,000,000.00",-,IDG000020702,BPK4YJ3,0.01,Indonesia,-,USD,2.11,5.83,"17,144.00","Aug 15, 2028",6.38,2.11,-,5.83,2.11,5.83,IDR,"Aug 15, 2022","Aug 19, 2022",2026-04-23
TURKEY (REPUBLIC OF),Treasuries,Fixed Income,"1,163,260.62",0.16,"1,163,260.62","68,486,547.00",-,TRT110827T16,BF5K474,1.65,Turkey,-,USD,1.02,37.09,44.89,"Aug 11, 2027",10.5,1.03,-,37.09,1.03,37.09,TRY,"Aug 23, 2017","Aug 23, 2017",2026-04-23
CHINA PEOPLES REPUBLIC OF (GOVERNM,Treasuries,Fixed Income,"1,163,290.10",0.16,"1,163,290.10","7,440,000.00",-,CND10006ZG95,-,15.41,China,-,USD,4.14,1.41,6.82,"Sep 15, 2030",2.6,4.11,-,1.41,4.11,1.41,CNY,"Sep 15, 2023","Sep 15, 2023",2026-04-23
ROMANIA (REPUBLIC OF),Treasuries,Fixed Income,"1,161,481.35",0.16,"1,161,481.35","5,755,000.00",-,RO4KELYFLVK4,BLKQJX0,19.61,Romania,-,USD,6.61,7.16,4.34,"Oct 11, 2034",4.75,6.39,-,7.16,6.39,7.16,RON,"Oct 11, 2019","Oct 21, 2019",2026-04-23
CHINA PEOPLES REPUBLIC OF (GOVERNM,Treasuries,Fixed Income,"1,156,327.27",0.16,"1,156,327.27","7,760,000.00",-,CND10009JF77,-,14.73,China,-,USD,4.08,1.45,6.82,"Jul 25, 2030",1.55,4.05,-,1.45,4.05,1.45,CNY,"Jul 25, 2025","Jul 24, 2025",2026-04-23
CHINA PEOPLES REPUBLIC OF (GOVERNM,Treasuries,Fixed Income,"1,151,940.73",0.16,"1,151,940.73","7,250,000.00",-,CND10006GPT1,-,15.73,China,-,USD,6.42,1.59,6.82,"May 25, 2033",2.67,6.42,-,1.59,6.42,1.59,CNY,"May 25, 2023","May 24, 2023",2026-04-23
CHINA PEOPLES REPUBLIC OF (GOVERNM,Treasuries,Fixed Income,"1,151,257.07",0.16,"1,151,257.07","7,310,000.00",-,CND10005JJ69,-,15.68,China,-,USD,5.81,1.55,6.82,"Aug 15, 2032",2.69,5.8,-,1.55,5.8,1.55,CNY,"Aug 15, 2022","Aug 12, 2022",2026-04-23
CHINA PEOPLES REPUBLIC OF (GOVERNM,Treasuries,Fixed Income,"1,144,938.24",0.16,"1,144,938.24","7,620,000.00",-,CND10007XGR7,-,14.77,China,-,USD,1.05,1.2,6.82,"May 15, 2027",1.85,1.04,-,1.2,1.04,1.2,CNY,"May 15, 2024","May 14, 2024",2026-04-23
INDONESIA (REPUBLIC OF),Treasuries,Fixed Income,"1,142,034.44",0.15,"1,142,034.44","18,379,000,000.00",-,IDG000025107,BSKQRV3,0.01,Indonesia,-,USD,10.43,6.64,"17,144.00","Aug 15, 2045",7.13,10.52,-,6.64,10.52,6.64,IDR,"Aug 15, 2024","Jan 09, 2025",2026-04-23
THAILAND KINGDOM OF (GOVERNMENT),Treasuries,Fixed Income,"1,141,654.30",0.15,"1,141,654.30","34,218,000.00",-,TH0623B3E601,BNSM0Z3,3.31,Thailand,-,USD,7.23,1.98,32.10,"Jun 17, 2034",2.8,7.24,-,1.98,7.24,1.98,THB,"Jan 26, 2024","Jan 26, 2024",2026-04-23
MALAYSIA (GOVERNMENT),Treasuries,Fixed Income,"1,140,278.59",0.15,"1,140,278.59","4,293,000.00",-,MYBGO1800024,BFMFCT0,26.04,Malaysia,-,USD,2.34,3.18,3.95,"Oct 31, 2028",4.37,2.33,-,3.18,2.33,3.18,MYR,"Apr 30, 2018","Apr 30, 2018",2026-04-23
THAILAND KINGDOM OF (GOVERNMENT),Treasuries,Fixed Income,"1,137,498.92",0.15,"1,137,498.92","36,248,000.00",-,TH062303P607,BRYR4T2,3.11,Thailand,-,USD,14.17,3.0,32.10,"Jun 17, 2045",2.98,14.36,-,3.0,14.36,3.0,THB,"Nov 01, 2024","Nov 01, 2024",2026-04-23
THAILAND KINGDOM OF (GOVERNMENT),Treasuries,Fixed Income,"1,125,012.45",0.15,"1,125,012.45","32,101,000.00",-,TH0623039607,B3YBKN2,3.45,Thailand,-,USD,2.92,1.35,32.10,"Jun 22, 2029",4.88,2.93,-,1.35,2.93,1.35,THB,"Nov 20, 2009","Nov 20, 2009",2026-04-23
ROMANIA (REPUBLIC OF),Treasuries,Fixed Income,"1,124,829.07",0.15,"1,124,829.07","5,315,000.00",-,ROINPAL298G4,BLNPNT8,20.69,Romania,-,USD,3.96,6.86,4.34,"Oct 24, 2030",4.15,3.84,-,6.86,3.84,6.86,RON,"Oct 24, 2019","Jul 13, 2020",2026-04-23
CHINA PEOPLES REPUBLIC OF (GOVERNM,Treasuries,Fixed Income,"1,122,653.26",0.15,"1,122,653.26","7,240,000.00",-,CND10004NCC6,-,15.29,China,-,USD,2.39,1.19,6.82,"Oct 14, 2028",2.91,2.37,-,1.19,2.37,1.19,CNY,"Oct 14, 2021","Oct 13, 2021",2026-04-23
CHINA PEOPLES REPUBLIC OF (GOVERNM,Treasuries,Fixed Income,"1,122,318.01",0.15,"1,122,318.01","7,160,000.00",-,CND100054BH7,-,15.33,China,-,USD,2.98,1.28,6.82,"Jun 15, 2029",2.75,2.96,-,1.28,2.96,1.28,CNY,"Jun 15, 2022","Jun 15, 2022",2026-04-23
INDONESIA (REPUBLIC OF),Treasuries,Fixed Income,"1,120,178.60",0.15,"1,120,178.60","18,224,000,000.00",-,IDG000025008,BR2NQK7,0.01,Indonesia,-,USD,8.85,6.67,"17,144.00","Aug 15, 2040",7.13,8.91,-,6.67,8.91,6.67,IDR,"Aug 15, 2024","Jan 09, 2025",2026-04-23
MALAYSIA (GOVERNMENT),Treasuries,Fixed Income,"1,118,939.10",0.15,"1,118,939.10","4,249,000.00",-,MYBMX2400021,BNTBV67,25.88,Malaysia,-,USD,12.34,4.0,3.95,"May 16, 2044",4.18,12.45,-,4.0,12.45,4.0,MYR,"May 15, 2024","May 15, 2024",2026-04-23
THAILAND KINGDOM OF (GOVERNMENT),Treasuries,Fixed Income,"1,116,676.78",0.15,"1,116,676.78","34,102,000.00",-,TH0623038C04,BZ9NTH4,3.24,Thailand,-,USD,2.54,1.29,32.10,"Dec 17, 2028",2.88,2.54,-,1.29,2.54,1.29,THB,"Jul 13, 2018","Jul 13, 2018",2026-04-23
CHINA PEOPLES REPUBLIC OF (GOVERNM,Treasuries,Fixed Income,"1,112,019.12",0.15,"1,112,019.12","7,160,000.00",-,CND100067578,-,15.5,China,-,USD,3.75,1.31,6.82,"Mar 25, 2030",2.8,3.72,-,1.31,3.72,1.31,CNY,"Mar 25, 2023","Mar 24, 2023",2026-04-23
ROMANIA (REPUBLIC OF),Treasuries,Fixed Income,"1,110,963.70",0.15,"1,110,963.70","4,650,000.00",-,RO1227DBN011,B7M1R08,22.91,Romania,-,USD,1.17,6.33,4.34,"Jul 26, 2027",5.8,1.14,-,6.33,1.14,6.33,RON,"Jul 26, 2011","Feb 27, 2012",2026-04-23
MEXICO (UNITED MEXICAN STATES) (GO,Treasuries,Fixed Income,"1,106,220.43",0.15,"1,106,220.43","189,236.00",-,MX0MGO0001O3,-,5.61,Mexico,-,USD,4.44,8.58,17.33,"Apr 15, 2032",8.0,4.52,-,8.58,4.52,8.58,MXN,"Oct 23, 2025","Nov 03, 2025",2026-04-23
MALAYSIA (GOVERNMENT),Treasuries,Fixed Income,"1,100,055.31",0.15,"1,100,055.31","4,151,000.00",-,MYBGY2300023,BNM96K7,26.3,Malaysia,-,USD,12.06,3.98,3.95,"Aug 14, 2043",4.29,12.17,-,3.98,12.17,3.98,MYR,"Feb 14, 2023","Feb 14, 2023",2026-04-23
CHINA PEOPLES REPUBLIC OF (GOVERNM,Treasuries,Fixed Income,"1,097,896.55",0.15,"1,097,896.55","7,570,000.00",-,CND10008DYH1,-,14.48,China,-,USD,20.72,2.25,6.82,"Sep 25, 2054",2.19,20.98,-,2.25,20.98,2.25,CNY,"Sep 25, 2024","Sep 24, 2024",2026-04-23
CHINA PEOPLES REPUBLIC OF (GOVERNM,Treasuries,Fixed Income,"1,090,814.42",0.15,"1,090,814.42","7,420,000.00",-,CND10008QSP8,-,14.63,China,-,USD,5.43,1.54,6.82,"Dec 25, 2031",1.49,5.38,-,1.54,5.38,1.54,CNY,"Dec 25, 2024","Dec 25, 2024",2026-04-23
CHINA PEOPLES REPUBLIC OF (GOVERNM,Treasuries,Fixed Income,"1,090,319.23",0.15,"1,090,319.23","7,920,000.00",-,CND1000967K0,-,13.63,China,-,USD,21.48,2.21,6.82,"Apr 25, 2055",1.88,21.74,-,2.21,21.74,2.21,CNY,"Apr 25, 2025","Apr 24, 2025",2026-04-23
INR CASH,Cash and/or Derivatives,Cash,"1,089,107.42",0.15,"1,089,107.42","101,827,460.00",-,-,-,1.07,India,-,USD,0.0,0.0,93.50,-,0.0,0.0,-,0.0,0.0,0.0,INR,-,"Jan 01, 1990",2026-04-23
INDONESIA (REPUBLIC OF),Treasuries,Fixed Income,"1,085,066.37",0.15,"1,085,066.37","16,166,000,000.00",-,IDG000011602,BYPGH98,0.01,Indonesia,-,USD,6.74,6.66,"17,144.00","May 15, 2036",8.25,6.76,-,6.66,6.76,6.66,IDR,"May 15, 2015","Jul 09, 2015",2026-04-23
CHINA PEOPLES REPUBLIC OF (GOVERNM,Treasuries,Fixed Income,"1,083,300.20",0.15,"1,083,300.20","7,280,000.00",-,CND100098MJ7,-,14.67,China,-,USD,5.72,1.58,6.82,"May 15, 2032",1.57,5.66,-,1.58,5.66,1.58,CNY,"May 15, 2025","May 14, 2025",2026-04-23
CHINA PEOPLES REPUBLIC OF (GOVERNM,Treasuries,Fixed Income,"1,082,861.22",0.15,"1,082,861.22","6,870,000.00",-,CND10004R999,BP38D17,15.69,China,-,USD,5.38,1.5,6.82,"Feb 17, 2032",2.75,5.38,-,1.5,5.38,1.5,CNY,"Feb 17, 2022","Feb 17, 2022",2026-04-23
CZECH REPUBLIC,Treasuries,Fixed Income,"1,074,005.64",0.15,"1,074,005.64","21,110,000.00",-,CZ0001007025,-,5.07,Czech Republic,-,USD,2.73,3.95,20.69,"Mar 29, 2029",5.75,2.68,-,3.95,2.68,3.95,CZK,"Jul 28, 2023","Jul 28, 2023",2026-04-23
CZECH REPUBLIC,Treasuries,Fixed Income,"1,057,770.00",0.14,"1,057,770.00","25,160,000.00",-,CZ0001006076,BLN8DY2,4.2,Czech Republic,-,USD,3.53,4.0,20.69,"Nov 29, 2029",0.05,3.47,-,4.0,3.47,4.0,CZK,"Aug 28, 2020","Aug 28, 2020",2026-04-23
CZECH REPUBLIC,Treasuries,Fixed Income,"1,053,234.67",0.14,"1,053,234.67","22,980,000.00",-,CZ0001007355,BSY5K73,4.43,Czech Republic,-,USD,8.08,4.65,20.69,"Jun 03, 2036",3.6,7.93,-,4.65,7.93,4.65,CZK,"Jul 26, 2024","Jul 26, 2024",2026-04-23
MALAYSIA (GOVERNMENT),Treasuries,Fixed Income,"1,041,164.39",0.14,"1,041,164.39","4,045,000.00",-,MYBMO2200016,BMH24M2,25.5,Malaysia,-,USD,5.5,3.45,3.95,"Jul 15, 2032",3.58,5.5,-,3.45,5.5,3.45,MYR,"Jan 14, 2022","Jan 14, 2022",2026-04-23
CHINA PEOPLES REPUBLIC OF (GOVERNM,Treasuries,Fixed Income,"1,038,995.77",0.14,"1,038,995.77","6,530,000.00",-,CND10004TM71,-,15.74,China,-,USD,5.55,1.5,6.82,"May 15, 2032",2.76,5.54,-,1.5,5.54,1.5,CNY,"May 15, 2022","May 13, 2022",2026-04-23
INDONESIA (REPUBLIC OF),Treasuries,Fixed Income,"1,034,085.22",0.14,"1,034,085.22","16,957,000,000.00",-,IDG000009804,B3ZR761,0.01,Indonesia,-,USD,1.0,5.51,"17,144.00","May 15, 2027",7.0,0.99,-,5.51,0.99,5.51,IDR,"May 15, 2011","Sep 15, 2011",2026-04-23
CHINA PEOPLES REPUBLIC OF (GOVERNM,Treasuries,Fixed Income,"1,032,717.99",0.14,"1,032,717.99","6,710,000.00",-,CND100081YS9,-,15.14,China,-,USD,4.85,1.48,6.82,"Jun 25, 2031",2.12,4.81,-,1.48,4.81,1.48,CNY,"Jun 25, 2024","Jun 24, 2024",2026-04-23
CHINA PEOPLES REPUBLIC OF (GOVERNM,Treasuries,Fixed Income,"1,031,284.56",0.14,"1,031,284.56","6,720,000.00",-,CND10004T201,BMXH5Y0,15.31,China,-,USD,2.83,1.26,6.82,"Mar 24, 2029",2.8,2.81,-,1.26,2.81,1.26,CNY,"Mar 24, 2022","Mar 24, 2022",2026-04-23
CHINA PEOPLES REPUBLIC OF (GOVERNM,Treasuries,Fixed Income,"1,028,337.06",0.14,"1,028,337.06","6,570,000.00",-,CND10005L4G7,-,15.6,China,-,USD,5.86,1.55,6.82,"Sep 01, 2032",2.6,5.86,-,1.55,5.86,1.55,CNY,"Sep 01, 2022","Sep 01, 2022",2026-04-23
CHINA PEOPLES REPUBLIC OF (GOVERNM,Treasuries,Fixed Income,"1,027,657.31",0.14,"1,027,657.31","6,540,000.00",-,CND10006KWD3,-,15.4,China,-,USD,3.91,1.39,6.82,"Jun 25, 2030",2.62,3.88,-,1.39,3.88,1.39,CNY,"Jun 25, 2023","Jun 21, 2023",2026-04-23
HUNGARY (GOVERNMENT),Treasuries,Fixed Income,"1,026,013.51",0.14,"1,026,013.51","419,420,000.00",-,HU0000403555,BFM4532,0.24,Hungary,-,USD,9.77,5.99,308.93,"Oct 27, 2038",3.0,9.49,-,5.99,9.49,5.99,HUF,"Feb 07, 2018","Feb 07, 2018",2026-04-23
MALAYSIA (GOVERNMENT),Treasuries,Fixed Income,"1,024,835.38",0.14,"1,024,835.38","3,941,000.00",-,MYBMO1900020,BDVLNF8,25.83,Malaysia,-,USD,3.08,3.23,3.95,"Aug 15, 2029",3.88,3.08,-,3.23,3.08,3.23,MYR,"Feb 15, 2019","Feb 15, 2019",2026-04-23
THAILAND KINGDOM OF (GOVERNMENT),Treasuries,Fixed Income,"1,024,631.10",0.14,"1,024,631.10","34,220,000.00",-,TH062303FC01,BL6CKB7,2.98,Thailand,-,USD,8.81,2.09,32.10,"Dec 17, 2035",1.59,8.83,-,2.09,8.83,2.09,THB,"Aug 19, 2020","Aug 19, 2020",2026-04-23
MALAYSIA (GOVERNMENT),Treasuries,Fixed Income,"1,022,418.03",0.14,"1,022,418.03","3,954,000.00",-,MYBMS2400013,BSLSM80,25.85,Malaysia,-,USD,10.03,3.84,3.95,"Apr 18, 2039",4.05,10.06,-,3.84,10.06,3.84,MYR,"Apr 17, 2024","Apr 17, 2024",2026-04-23
CHINA PEOPLES REPUBLIC OF (GOVERNM,Treasuries,Fixed Income,"1,022,144.48",0.14,"1,022,144.48","6,790,000.00",-,CND10002HX17,-,14.88,China,-,USD,0.63,0.8,6.82,"Dec 05, 2026",3.12,0.63,-,0.8,0.63,0.8,CNY,"Dec 05, 2019","Dec 04, 2019",2026-04-23
CZECH REPUBLIC,Treasuries,Fixed Income,"1,021,456.72",0.14,"1,021,456.72","21,170,000.00",-,CZ0001007496,BTNMVP7,4.72,Czech Republic,-,USD,6.98,4.57,20.69,"Oct 24, 2034",4.25,6.84,-,4.57,6.84,4.57,CZK,"Apr 25, 2025","Apr 25, 2025",2026-04-23
CHINA PEOPLES REPUBLIC OF (GOVERNM,Treasuries,Fixed Income,"1,019,480.91",0.14,"1,019,480.91","6,740,000.00",-,CND10005QTD8,-,14.94,China,-,USD,1.45,1.18,6.82,"Oct 15, 2027",2.44,1.44,-,1.18,1.44,1.18,CNY,"Oct 15, 2022","Oct 14, 2022",2026-04-23
CHINA PEOPLES REPUBLIC OF (GOVERNM,Treasuries,Fixed Income,"1,008,830.11",0.14,"1,008,830.11","6,470,000.00",-,CND100036Q75,BL587Q0,15.43,China,-,USD,3.83,1.38,6.82,"May 21, 2030",2.68,3.83,-,1.38,3.83,1.38,CNY,"May 21, 2020","May 21, 2020",2026-04-23
CHILE (REPUBLIC OF),Treasuries,Fixed Income,"993,137.75",0.13,"993,137.75","770,000,000.00",-,CL0002798016,-,0.13,Chile,-,USD,6.04,5.31,888.89,"May 01, 2034",7.0,6.04,-,5.31,6.04,5.31,CLP,"May 01, 2022","Oct 24, 2022",2026-04-23
ROMANIA (REPUBLIC OF),Treasuries,Fixed Income,"985,613.54",0.13,"985,613.54","4,075,000.00",-,ROYNCLHRHVV6,-,23.04,Romania,-,USD,3.55,6.86,4.34,"Jul 29, 2030",6.85,3.43,-,6.86,3.43,6.86,RON,"Jul 29, 2024","Nov 18, 2024",2026-04-23
CHINA PEOPLES REPUBLIC OF (GOVERNM,Treasuries,Fixed Income,"985,373.28",0.13,"985,373.28","6,390,000.00",-,CND100086479,-,15.33,China,-,USD,20.08,2.25,6.82,"Jul 25, 2054",2.47,20.36,-,2.25,20.36,2.25,CNY,"Jul 25, 2024","Jul 24, 2024",2026-04-23
CHILE (REPUBLIC OF),Treasuries,Fixed Income,"973,467.83",0.13,"973,467.83","835,000,000.00",-,CL0002886803,-,0.12,Chile,-,USD,6.63,5.38,888.89,"Oct 01, 2034",5.8,6.63,-,5.38,6.63,5.38,CLP,"Oct 01, 2023","Oct 26, 2023",2026-04-23
CHINA PEOPLES REPUBLIC OF (GOVERNM,Treasuries,Fixed Income,"967,559.61",0.13,"967,559.61","6,050,000.00",-,CND10005TZQ1,-,15.81,China,-,USD,5.96,1.55,6.82,"Nov 15, 2032",2.8,5.95,-,1.55,5.95,1.55,CNY,"Nov 15, 2022","Nov 14, 2022",2026-04-23
CHINA PEOPLES REPUBLIC OF (GOVERNM,Treasuries,Fixed Income,"963,348.93",0.13,"963,348.93","5,660,000.00",-,CND1000716X4,-,17.01,China,-,USD,19.09,2.22,6.82,"Oct 15, 2053",3.0,19.38,-,2.22,19.38,2.22,CNY,"Oct 15, 2023","Oct 13, 2023",2026-04-23
CZECH REPUBLIC,Treasuries,Fixed Income,"956,368.66",0.13,"956,368.66","25,530,000.00",-,CZ0001006316,BMW7176,3.68,Czech Republic,-,USD,9.61,4.73,20.69,"Jul 30, 2037",1.95,9.41,-,4.73,9.41,4.73,CZK,"Aug 27, 2021","Aug 27, 2021",2026-04-23
CHINA PEOPLES REPUBLIC OF (GOVERNM,Treasuries,Fixed Income,"955,932.15",0.13,"955,932.15","6,400,000.00",-,CND100074JJ4,-,14.79,China,-,USD,0.57,1.0,6.82,"Nov 15, 2026",2.39,0.57,-,1.0,0.57,1.0,CNY,"Nov 15, 2023","Nov 14, 2023",2026-04-23
HUNGARY (REPUBLIC OF),Treasuries,Fixed Income,"943,029.86",0.13,"943,029.86","294,090,000.00",-,HU0000403340,BD2BVM0,0.32,Hungary,-,USD,0.65,5.6,308.93,"Dec 22, 2026",2.75,0.64,-,5.6,0.64,5.6,HUF,"May 24, 2017","May 24, 2017",2026-04-23
INDIA (REPUBLIC OF),Treasuries,Fixed Income,"940,484.22",0.13,"940,484.22","83,410,000.00",-,IN0020190032,-,1.1,India,-,USD,10.32,7.47,93.50,"Jun 15, 2049",7.72,10.59,-,7.47,10.59,7.47,INR,"Apr 15, 2019","Apr 15, 2019",2026-04-23
INDIA (REPUBLIC OF),Treasuries,Fixed Income,"938,248.18",0.13,"938,248.18","84,470,000.00",-,IN0020240183,BRYR254,1.09,India,-,USD,3.15,6.24,93.50,"Dec 23, 2029",6.75,3.15,-,6.24,3.15,6.24,INR,"Dec 23, 2024","Dec 23, 2024",2026-04-23
ROMANIA (REPUBLIC OF),Treasuries,Fixed Income,"934,740.63",0.13,"934,740.63","4,630,000.00",-,RO1631DBN055,BYVQH36,19.71,Romania,-,USD,4.7,6.95,4.34,"Sep 24, 2031",3.65,4.55,-,6.95,4.55,6.95,RON,"Sep 24, 2016","Oct 10, 2016",2026-04-23
MALAYSIA (GOVERNMENT),Treasuries,Fixed Income,"932,986.63",0.13,"932,986.63","3,739,000.00",-,MYBGX2500046,-,24.58,Malaysia,-,USD,13.09,3.99,3.95,"May 31, 2045",3.77,13.22,-,3.99,13.22,3.99,MYR,"May 30, 2025","May 30, 2025",2026-04-23
COLOMBIA (REPUBLIC OF),Treasuries,Fixed Income,"926,797.86",0.13,"926,797.86","3,580,400,000.00",-,COL17CT03672,BJP4CY7,0.03,Colombia,-,USD,1.39,13.35,"3,577.31","Nov 03, 2027",5.75,1.3,-,13.35,1.3,13.35,COP,"Nov 03, 2019","Jan 15, 2020",2026-04-23
CZECH REPUBLIC,Treasuries,Fixed Income,"921,352.04",0.12,"921,352.04","20,680,000.00",-,CZ0001007256,-,4.44,Czech Republic,-,USD,6.11,4.41,20.69,"Mar 03, 2033",3.0,5.99,-,4.41,5.99,4.41,CZK,"Mar 15, 2024","Mar 15, 2024",2026-04-23
ROMANIA (REPUBLIC OF),Treasuries,Fixed Income,"910,642.34",0.12,"910,642.34","3,790,000.00",-,RODFIUK7ZV55,-,22.49,Romania,-,USD,6.32,7.13,4.34,"Apr 25, 2035",6.75,6.12,-,7.13,6.12,7.13,RON,"Apr 25, 2024","Sep 23, 2024",2026-04-23
CHINA PEOPLES REPUBLIC OF (GOVERNM,Treasuries,Fixed Income,"908,614.17",0.12,"908,614.17","5,120,000.00",-,CND10004TCP5,-,17.74,China,-,USD,17.98,2.25,6.82,"Apr 15, 2052",3.32,18.24,-,2.25,18.24,2.25,CNY,"Apr 15, 2022","Apr 14, 2022",2026-04-23
THAILAND KINGDOM OF (GOVERNMENT),Treasuries,Fixed Income,"906,333.64",0.12,"906,333.64","28,626,000.00",-,TH0623038401,BQD33C0,3.17,Thailand,-,USD,1.95,1.23,32.10,"Apr 17, 2028",2.05,1.95,-,1.23,1.95,1.23,THB,"Jan 17, 2025","Jan 17, 2025",2026-04-23
CHINA PEOPLES REPUBLIC OF (GOVERNM,Treasuries,Fixed Income,"905,313.25",0.12,"905,313.25","5,660,000.00",-,CND10004NXW0,-,15.81,China,-,USD,5.11,1.43,6.82,"Nov 18, 2031",2.89,5.11,-,1.43,5.11,1.43,CNY,"Nov 18, 2021","Nov 17, 2021",2026-04-23
CHINA PEOPLES REPUBLIC OF (GOVERNM,Treasuries,Fixed Income,"899,151.06",0.12,"899,151.06","6,000,000.00",-,CND10008GYY9,-,14.85,China,-,USD,3.36,1.37,6.82,"Oct 15, 2029",1.74,3.34,-,1.37,3.34,1.37,CNY,"Oct 15, 2024","Oct 14, 2024",2026-04-23
CHINA PEOPLES REPUBLIC OF (GOVERNM,Treasuries,Fixed Income,"896,207.28",0.12,"896,207.28","6,020,000.00",-,CND1000967L8,-,14.68,China,-,USD,3.85,1.44,6.82,"Apr 25, 2030",1.45,3.82,-,1.44,3.82,1.44,CNY,"Apr 25, 2025","Apr 24, 2025",2026-04-23
CHINA PEOPLES REPUBLIC OF (GOVERNM,Treasuries,Fixed Income,"885,281.43",0.12,"885,281.43","5,950,000.00",-,CND10004TCN0,-,14.87,China,-,USD,0.98,1.07,6.82,"Apr 15, 2027",2.48,0.99,-,1.07,0.99,1.07,CNY,"Apr 15, 2022","Apr 15, 2022",2026-04-23
MALAYSIA (GOVERNMENT),Treasuries,Fixed Income,"882,381.43",0.12,"882,381.43","3,414,000.00",-,MYBMO1600034,BD6RZ22,25.46,Malaysia,-,USD,0.59,2.9,3.95,"Nov 30, 2026",3.9,0.59,-,2.9,0.59,2.9,MYR,"May 24, 2016","May 24, 2016",2026-04-23
CHINA PEOPLES REPUBLIC OF (GOVERNM,Treasuries,Fixed Income,"876,835.77",0.12,"876,835.77","5,600,000.00",-,CND100047752,BNNF9K5,15.24,China,-,USD,1.97,1.09,6.82,"May 13, 2028",3.01,1.95,-,1.09,1.95,1.09,CNY,"May 13, 2021","May 12, 2021",2026-04-23
THAILAND KINGDOM OF (GOVERNMENT),Treasuries,Fixed Income,"874,839.75",0.12,"874,839.75","25,242,000.00",-,TH0623A3B608,B600261,3.43,Thailand,-,USD,4.69,1.62,32.10,"Jun 20, 2031",3.65,4.69,-,1.62,4.69,1.62,THB,"Nov 12, 2010","Nov 12, 2010",2026-04-23
CHINA PEOPLES REPUBLIC OF (GOVERNM,Treasuries,Fixed Income,"871,513.11",0.12,"871,513.11","5,500,000.00",-,CND10002HV84,BKTFDX9,15.65,China,-,USD,3.37,1.21,6.82,"Nov 21, 2029",3.13,3.36,-,1.21,3.36,1.21,CNY,"Nov 21, 2019","Nov 20, 2019",2026-04-23
MALAYSIA (GOVERNMENT),Treasuries,Fixed Income,"865,001.66",0.12,"865,001.66","3,283,000.00",-,MYBGT1500037,BWDPHD7,26.29,Malaysia,-,USD,4.03,3.3,3.95,"Sep 30, 2030",4.25,4.03,-,3.3,4.03,3.3,MYR,"Mar 20, 2015","Mar 20, 2015",2026-04-23
INDIA (REPUBLIC OF),Treasuries,Fixed Income,"863,879.13",0.12,"863,879.13","75,650,000.00",-,IN0020230101,-,1.1,India,-,USD,2.19,6.01,93.50,"Oct 23, 2028",7.37,2.19,-,6.01,2.19,6.01,INR,"Oct 23, 2023","Oct 23, 2023",2026-04-23
ROMANIA (REPUBLIC OF),Treasuries,Fixed Income,"862,156.70",0.12,"862,156.70","3,845,000.00",-,ROAW5KY5CD78,BM974T2,22.2,Romania,-,USD,1.67,6.43,4.34,"Jan 26, 2028",4.15,1.62,-,6.43,1.62,6.43,RON,"Jan 26, 2020","Feb 19, 2020",2026-04-23
MALAYSIA (GOVERNMENT),Treasuries,Fixed Income,"861,936.99",0.12,"861,936.99","3,111,000.00",-,MYBMT1800039,BF16186,27.17,Malaysia,-,USD,6.26,3.52,3.95,"Nov 07, 2033",4.64,6.26,-,3.52,6.26,3.52,MYR,"May 07, 2018","May 07, 2018",2026-04-23
SOUTH AFRICA (REPUBLIC OF),Treasuries,Fixed Income,"861,213.10",0.12,"861,213.10","17,553,759.00",-,ZAG000077488,B5VV9G5,4.85,South Africa,-,USD,8.41,9.0,16.44,"Feb 28, 2041",6.5,8.59,-,9.0,8.59,9.0,ZAR,"Feb 28, 2010","Jun 04, 2010",2026-04-23
INDONESIA (REPUBLIC OF),Treasuries,Fixed Income,"861,077.69",0.12,"861,077.69","13,532,000,000.00",-,IDG000011107,BDZCRY4,0.01,Indonesia,-,USD,2.53,5.88,"17,144.00","Mar 15, 2029",9.0,2.53,-,5.88,2.53,5.88,IDR,"Mar 15, 2013","Sep 12, 2013",2026-04-23
CHINA PEOPLES REPUBLIC OF (GOVERNM,Treasuries,Fixed Income,"860,193.58",0.12,"860,193.58","4,930,000.00",-,CND100069PK9,-,17.44,China,-,USD,18.6,2.25,6.82,"Apr 15, 2053",3.19,18.88,-,2.25,18.88,2.25,CNY,"Apr 15, 2023","Apr 14, 2023",2026-04-23
THAILAND KINGDOM OF (GOVERNMENT),Treasuries,Fixed Income,"858,929.37",0.12,"858,929.37","27,000,000.00",-,TH0623B3K608,-,3.15,Thailand,-,USD,11.54,2.6,32.10,"Jun 17, 2040",2.7,11.62,-,2.6,11.62,2.6,THB,"Nov 25, 2024","Nov 25, 2024",2026-04-23
CHINA PEOPLES REPUBLIC OF (GOVERNM,Treasuries,Fixed Income,"858,360.73",0.12,"858,360.73","5,760,000.00",-,CND10004R114,BPV9282,14.82,China,-,USD,0.75,1.04,6.82,"Jan 20, 2027",2.37,0.76,-,1.04,0.76,1.04,CNY,"Jan 20, 2022","Jan 20, 2022",2026-04-23
INDONESIA (REPUBLIC OF),Treasuries,Fixed Income,"852,627.41",0.12,"852,627.41","14,147,000,000.00",-,IDG000010307,B4QWH17,0.01,Indonesia,-,USD,1.87,5.77,"17,144.00","May 15, 2028",6.13,1.87,-,5.77,1.87,5.77,IDR,"May 15, 2012","Aug 13, 2012",2026-04-23
CHINA PEOPLES REPUBLIC OF (GOVERNM,Treasuries,Fixed Income,"849,197.19",0.12,"849,197.19","5,890,000.00",-,CND10009MKJ5,-,14.37,China,-,USD,21.23,2.25,6.82,"Aug 25, 2055",2.15,21.51,-,2.25,21.51,2.25,CNY,"Aug 25, 2025","Aug 22, 2025",2026-04-23
MALAYSIA (GOVERNMENT),Treasuries,Fixed Income,"848,767.30",0.11,"848,767.30","3,329,000.00",-,MYBGL2000018,BM7SY31,25.45,Malaysia,-,USD,1.4,3.04,3.95,"Sep 30, 2027",3.42,1.4,-,3.04,1.4,3.04,MYR,"Mar 31, 2020","Mar 31, 2020",2026-04-23
INDONESIA (REPUBLIC OF),Treasuries,Fixed Income,"843,799.85",0.11,"843,799.85","12,702,000,000.00",-,IDG000011701,BYRK9M5,0.01,Indonesia,-,USD,3.98,6.38,"17,144.00","May 15, 2031",8.75,3.98,-,6.38,3.98,6.38,IDR,"May 15, 2015","Aug 06, 2015",2026-04-23
MALAYSIA (GOVERNMENT),Treasuries,Fixed Income,"840,723.98",0.11,"840,723.98","3,246,000.00",-,MYBGL2400028,BRJQQV0,25.87,Malaysia,-,USD,4.9,3.36,3.95,"Oct 08, 2031",3.8,4.9,-,3.36,4.9,3.36,MYR,"Apr 08, 2024","Apr 08, 2024",2026-04-23
INDONESIA (REPUBLIC OF),Treasuries,Fixed Income,"836,050.55",0.11,"836,050.55","13,435,000,000.00",-,IDG000018805,BP5FPD2,0.01,Indonesia,-,USD,9.37,6.69,"17,144.00","Jun 15, 2042",7.13,9.43,-,6.69,9.43,6.69,IDR,"Jun 15, 2021","Jul 08, 2021",2026-04-23
CZECH REPUBLIC,Treasuries,Fixed Income,"835,800.58",0.11,"835,800.58","26,170,000.00",-,CZ0001005920,BMFY8K6,3.19,Czech Republic,-,USD,12.05,4.9,20.69,"Apr 24, 2040",1.5,11.79,-,4.9,11.79,4.9,CZK,"Apr 24, 2020","Apr 24, 2020",2026-04-23
CHINA PEOPLES REPUBLIC OF (GOVERNM,Treasuries,Fixed Income,"831,264.33",0.11,"831,264.33","5,660,000.00",-,CND100098JS4,-,14.58,China,-,USD,8.33,1.72,6.82,"May 15, 2035",1.65,8.32,-,1.72,8.32,1.72,CNY,"May 15, 2025","May 14, 2025",2026-04-23
CHINA PEOPLES REPUBLIC OF (GOVERNM,Treasuries,Fixed Income,"823,948.81",0.11,"823,948.81","6,040,000.00",-,CND10009H1N1,-,13.57,China,-,USD,21.61,2.25,6.82,"Jul 15, 2055",1.9,21.88,-,2.25,21.88,2.25,CNY,"Jul 15, 2025","Jul 14, 2025",2026-04-23
MALAYSIA (GOVERNMENT),Treasuries,Fixed Income,"822,902.49",0.11,"822,902.49","3,067,000.00",-,MYBMZ2300010,BPK4FN4,26.77,Malaysia,-,USD,15.61,4.1,3.95,"Mar 31, 2053",4.46,15.9,-,4.1,15.9,4.1,MYR,"Mar 31, 2023","Mar 31, 2023",2026-04-23
ROMANIA (REPUBLIC OF),Treasuries,Fixed Income,"820,506.61",0.11,"820,506.61","3,280,000.00",-,ROOFOYB15203,-,23.72,Romania,-,USD,4.17,6.97,4.34,"Jul 27, 2031",7.65,4.03,-,6.97,4.03,6.97,RON,"Jul 27, 2024","Feb 26, 2025",2026-04-23
MALAYSIA (GOVERNMENT),Treasuries,Fixed Income,"820,218.16",0.11,"820,218.16","3,255,000.00",-,MYBGT2100019,BMVH519,24.97,Malaysia,-,USD,8.45,3.61,3.95,"Jul 15, 2036",3.45,8.47,-,3.61,8.47,3.61,MYR,"Jan 15, 2021","Jan 15, 2021",2026-04-23
INDIA (REPUBLIC OF),Treasuries,Fixed Income,"813,432.02",0.11,"813,432.02","73,120,000.00",-,IN0020240076,BR2PKJ0,1.09,India,-,USD,4.18,6.64,93.50,"Jun 18, 2031",7.02,4.18,-,6.64,4.18,6.64,INR,"Jun 18, 2024","Jun 18, 2024",2026-04-23
CHINA PEOPLES REPUBLIC OF (GOVERNM,Treasuries,Fixed Income,"804,670.05",0.11,"804,670.05","5,130,000.00",-,CND10001RRB3,-,15.49,China,-,USD,2.46,1.06,6.82,"Nov 22, 2028",3.25,2.46,-,1.06,2.46,1.06,CNY,"Nov 22, 2018","Nov 21, 2018",2026-04-23
CZECH REPUBLIC,Treasuries,Fixed Income,"804,111.46",0.11,"804,111.46","17,020,000.00",-,CZ0001001796,B1KNGG3,4.65,Czech Republic,-,USD,8.38,4.66,20.69,"Dec 04, 2036",4.2,8.22,-,4.66,8.22,4.66,CZK,"Dec 04, 2006","Dec 04, 2006",2026-04-23
ROMANIA (REPUBLIC OF),Treasuries,Fixed Income,"798,261.78",0.11,"798,261.78","3,515,000.00",-,RO3B41D8EX14,BMC89N1,21.88,Romania,-,USD,2.89,6.63,4.34,"Jul 25, 2029",4.85,2.8,-,6.63,2.8,6.63,RON,"Jul 25, 2021","Nov 22, 2021",2026-04-23
HUNGARY (GOVERNMENT),Treasuries,Fixed Income,"788,933.33",0.11,"788,933.33","329,640,000.00",-,HU0000404165,BH3T5H4,0.23,Hungary,-,USD,10.89,5.98,308.93,"Apr 25, 2041",3.0,10.59,-,5.98,10.59,5.98,HUF,"Jan 22, 2020","Jan 22, 2020",2026-04-23
MALAYSIA (GOVERNMENT),Treasuries,Fixed Income,"788,362.00",0.11,"788,362.00","2,776,000.00",-,MYBMX1800049,BFML0V6,27.94,Malaysia,-,USD,9.1,3.81,3.95,"Jun 08, 2038",4.89,9.13,-,3.81,9.13,3.81,MYR,"Jun 08, 2018","Jun 08, 2018",2026-04-23
PERUSAHAAN PENERBIT SBSN INDONESIA,Treasuries,Fixed Income,"781,971.37",0.11,"781,971.37","13,253,000,000.00",-,IDP000004202,-,0.01,Indonesia,-,USD,6.08,6.29,"17,144.00","Mar 15, 2034",6.38,6.1,-,6.29,6.1,6.29,IDR,"Sep 15, 2020","Jan 14, 2021",2026-04-23
CHINA PEOPLES REPUBLIC OF (GOVERNM,Treasuries,Fixed Income,"779,963.93",0.11,"779,963.93","5,690,000.00",-,CND10008RFM0,-,13.63,China,-,USD,21.31,2.26,6.82,"Jan 15, 2055",1.92,21.56,-,2.26,21.56,2.26,CNY,"Jan 15, 2025","Jan 14, 2025",2026-04-23
TRY CASH,Cash and/or Derivatives,Cash,"770,824.80",0.1,"770,824.80","34,599,435.00",-,-,-,2.23,Turkey,-,USD,0.0,0.0,44.89,-,0.0,0.0,-,0.0,0.0,0.0,TRY,-,"Jan 01, 1990",2026-04-23
THAILAND KINGDOM OF (GOVERNMENT),Treasuries,Fixed Income,"767,506.11",0.1,"767,506.11","24,373,000.00",-,TH0623039C03,BKY55V6,3.13,Thailand,-,USD,3.52,1.45,32.10,"Dec 17, 2029",1.6,3.52,-,1.45,3.52,1.45,THB,"Nov 15, 2019","Nov 15, 2019",2026-04-23
CHINA PEOPLES REPUBLIC OF (GOVERNM,Treasuries,Fixed Income,"754,269.36",0.1,"754,269.36","4,990,000.00",-,CND10008D776,-,14.95,China,-,USD,5.1,1.5,6.82,"Sep 15, 2031",1.87,5.06,-,1.5,5.06,1.5,CNY,"Sep 15, 2024","Sep 15, 2024",2026-04-23
IDR CASH,Cash and/or Derivatives,Cash,"752,905.31",0.1,"752,905.31","12,907,808,709.00",-,-,-,0.01,Indonesia,-,USD,0.0,0.0,"17,144.00",-,0.0,0.0,-,0.0,0.0,0.0,IDR,-,"Jan 01, 1990",2026-04-23
COLOMBIA (REPUBLIC OF),Treasuries,Fixed Income,"746,408.89",0.1,"746,408.89","3,859,900,000.00",-,COL17CT03748,BKPJY09,0.02,Colombia,-,USD,6.34,12.66,"3,577.31","Jul 09, 2036",6.25,5.94,-,12.66,5.94,12.66,COP,"Jul 09, 2020","Jan 13, 2021",2026-04-23
MALAYSIA (GOVERNMENT),Treasuries,Fixed Income,"745,158.70",0.1,"745,158.70","2,923,000.00",-,MYBMI2300024,BMWJJN4,25.49,Malaysia,-,USD,1.92,3.15,3.95,"Apr 20, 2028",3.52,1.92,-,3.15,1.92,3.15,MYR,"Apr 20, 2023","Apr 20, 2023",2026-04-23
MALAYSIA (GOVERNMENT),Treasuries,Fixed Income,"740,895.83",0.1,"740,895.83","2,753,000.00",-,MYBMY1500043,BY4K928,26.49,Malaysia,-,USD,7.43,3.65,3.95,"May 31, 2035",4.25,7.43,-,3.65,7.43,3.65,MYR,"May 22, 2015","May 22, 2015",2026-04-23
MALAYSIA (GOVERNMENT),Treasuries,Fixed Income,"740,663.41",0.1,"740,663.41","2,682,000.00",-,MYBMX1700033,BYQJ0V9,27.57,Malaysia,-,USD,8.59,3.76,3.95,"Apr 07, 2037",4.76,8.6,-,3.76,8.6,3.76,MYR,"Apr 07, 2017","Apr 07, 2017",2026-04-23
CHINA PEOPLES REPUBLIC OF (GOVERNM,Treasuries,Fixed Income,"732,161.77",0.1,"732,161.77","4,700,000.00",-,CND10007YHH4,-,15.43,China,-,USD,14.39,2.14,6.82,"May 25, 2044",2.49,14.48,-,2.14,14.48,2.14,CNY,"May 25, 2024","May 24, 2024",2026-04-23
ROMANIA (REPUBLIC OF),Treasuries,Fixed Income,"730,829.68",0.1,"730,829.68","2,950,000.00",-,ROPG9LZUB0O2,-,23.5,Romania,-,USD,5.38,7.14,4.34,"Jul 27, 2033",7.5,5.21,-,7.14,5.21,7.14,RON,"Jul 27, 2024","Apr 16, 2025",2026-04-23
CZECH REPUBLIC,Treasuries,Fixed Income,"729,717.03",0.1,"729,717.03","13,930,000.00",-,CZ0001007546,BTMJQ98,5.09,Czech Republic,-,USD,7.3,4.59,20.69,"Sep 19, 2035",5.3,7.16,-,4.59,7.16,4.59,CZK,"Sep 19, 2025","Sep 19, 2025",2026-04-23
THAILAND KINGDOM OF (GOVERNMENT),Treasuries,Fixed Income,"725,807.09",0.1,"725,807.09","22,958,000.00",-,TH0623036C06,BZC0S75,3.14,Thailand,-,USD,0.65,0.97,32.10,"Dec 17, 2026",2.13,0.65,-,0.97,0.65,0.97,THB,"Aug 15, 2016","Aug 15, 2016",2026-04-23
MALAYSIA (GOVERNMENT),Treasuries,Fixed Income,"722,944.10",0.1,"722,944.10","2,694,000.00",-,MYBGY2100027,BMVBWD2,26.77,Malaysia,-,USD,11.17,3.92,3.95,"Sep 30, 2041",4.42,11.24,-,3.92,11.24,3.92,MYR,"Mar 31, 2021","Mar 31, 2021",2026-04-23
THAILAND KINGDOM OF (GOVERNMENT),Treasuries,Fixed Income,"721,372.73",0.1,"721,372.73","25,560,000.00",-,TH062303M604,BL6HBV9,2.8,Thailand,-,USD,13.34,2.78,32.10,"Jun 17, 2042",2.0,13.44,-,2.78,13.44,2.78,THB,"Oct 30, 2020","Oct 30, 2020",2026-04-23
MALAYSIA (GOVERNMENT),Treasuries,Fixed Income,"716,710.65",0.1,"716,710.65","2,749,000.00",-,MYBMO1700040,BYQN8M8,25.65,Malaysia,-,USD,1.49,3.02,3.95,"Nov 16, 2027",3.9,1.49,-,3.02,1.49,3.02,MYR,"May 16, 2017","May 16, 2017",2026-04-23
ROMANIA (REPUBLIC OF),Treasuries,Fixed Income,"711,621.28",0.1,"711,621.28","3,675,000.00",-,RO1J9H39WKT4,BMWYKX6,18.4,Romania,-,USD,7.46,7.14,4.34,"Apr 28, 2036",4.25,7.21,-,7.14,7.21,7.14,RON,"Apr 28, 2021","May 12, 2021",2026-04-23
MALAYSIA (GOVERNMENT),Treasuries,Fixed Income,"710,100.04",0.1,"710,100.04","2,577,000.00",-,MYBMY2200023,BPSJ7J1,27.54,Malaysia,-,USD,11.55,3.96,3.95,"Oct 15, 2042",4.7,11.64,-,3.96,11.64,3.96,MYR,"Apr 14, 2022","Apr 14, 2022",2026-04-23
INDONESIA (REPUBLIC OF),Treasuries,Fixed Income,"695,453.64",0.09,"695,453.64","11,988,000,000.00",-,IDG000025602,-,0.01,Indonesia,-,USD,7.22,6.59,"17,144.00","Apr 15, 2036",6.5,7.24,-,6.59,7.24,6.59,IDR,"Apr 15, 2025","Jul 31, 2025",2026-04-23
CHINA PEOPLES REPUBLIC OF (GOVERNM,Treasuries,Fixed Income,"693,143.70",0.09,"693,143.70","3,980,000.00",-,CND10005R9B1,-,17.19,China,-,USD,18.22,2.26,6.82,"Oct 25, 2052",3.12,18.49,-,2.26,18.49,2.26,CNY,"Oct 25, 2022","Oct 24, 2022",2026-04-23
CHINA PEOPLES REPUBLIC OF (GOVERNM,Treasuries,Fixed Income,"681,256.44",0.09,"681,256.44","4,730,000.00",-,CND1000967J2,-,14.26,China,-,USD,15.45,2.16,6.82,"Apr 25, 2045",1.98,15.56,-,2.16,15.56,2.16,CNY,"Apr 25, 2025","Apr 24, 2025",2026-04-23
INDONESIA (REPUBLIC OF),Treasuries,Fixed Income,"679,895.24",0.09,"679,895.24","11,269,000,000.00",-,IDG000010406,B7X8CM5,0.01,Indonesia,-,USD,5.42,6.52,"17,144.00","May 15, 2033",6.63,5.42,-,6.52,5.42,6.52,IDR,"May 15, 2012","Aug 30, 2012",2026-04-23
CZECH REPUBLIC,Treasuries,Fixed Income,"679,174.89",0.09,"679,174.89","12,280,000.00",-,CZ0001006969,-,5.28,Czech Republic,-,USD,4.3,4.18,20.69,"Jun 16, 2031",6.2,4.21,-,4.18,4.21,4.18,CZK,"Jun 16, 2023","Jun 16, 2023",2026-04-23
HUNGARY (GOVERNMENT),Treasuries,Fixed Income,"674,737.17",0.09,"674,737.17","214,490,000.00",-,HU0000405535,-,0.3,Hungary,-,USD,5.07,5.87,308.93,"May 27, 2032",4.5,4.93,-,5.87,4.93,5.87,HUF,"Jan 26, 2022","Jan 26, 2022",2026-04-23
CHINA PEOPLES REPUBLIC OF (GOVERNM,Treasuries,Fixed Income,"673,590.48",0.09,"673,590.48","4,550,000.00",-,CND10008M2X2,-,14.71,China,-,USD,1.55,1.23,6.82,"Nov 15, 2027",1.42,1.54,-,1.23,1.54,1.23,CNY,"Nov 15, 2024","Nov 14, 2024",2026-04-23
MALAYSIA (GOVERNMENT),Treasuries,Fixed Income,"672,441.12",0.09,"672,441.12","2,601,000.00",-,MYBGT2500010,BPBKC29,25.59,Malaysia,-,USD,10.66,3.87,3.95,"Jul 16, 2040",3.97,10.71,-,3.87,10.71,3.87,MYR,"Jan 15, 2025","Jan 15, 2025",2026-04-23
CHINA PEOPLES REPUBLIC OF (GOVERNM,Treasuries,Fixed Income,"669,320.75",0.09,"669,320.75","4,420,000.00",-,CND10005ZT18,-,15.04,China,-,USD,1.71,1.16,6.82,"Jan 15, 2028",2.64,1.69,-,1.16,1.69,1.16,CNY,"Jan 15, 2023","Jan 13, 2023",2026-04-23
CHINA PEOPLES REPUBLIC OF (GOVERNM,Treasuries,Fixed Income,"663,101.78",0.09,"663,101.78","4,670,000.00",-,CND10009H1M3,-,14.12,China,-,USD,15.74,2.16,6.82,"Jul 15, 2045",1.92,15.85,-,2.16,15.85,2.16,CNY,"Jul 15, 2025","Jul 14, 2025",2026-04-23
CLP CASH,Cash and/or Derivatives,Cash,"661,466.54",0.09,"661,466.54","587,970,989.00",-,-,-,0.11,Chile,-,USD,0.0,0.0,888.89,-,0.0,0.0,-,0.0,0.0,0.0,CLP,-,"Jan 01, 1990",2026-04-23
CHINA PEOPLES REPUBLIC OF (GOVERNM,Treasuries,Fixed Income,"655,100.88",0.09,"655,100.88","4,220,000.00",-,CND10005NWW9,-,15.3,China,-,USD,3.26,1.32,6.82,"Sep 25, 2029",2.62,3.24,-,1.32,3.24,1.32,CNY,"Sep 25, 2022","Sep 23, 2022",2026-04-23
PERUSAHAAN PENERBIT SBSN INDONESIA,Treasuries,Fixed Income,"654,906.96",0.09,"654,906.96","11,060,000,000.00",-,IDP000004301,-,0.01,Indonesia,-,USD,2.04,5.89,"17,144.00","Jul 15, 2028",5.88,2.04,-,5.89,2.04,5.89,IDR,"Jan 15, 2021","Jun 04, 2021",2026-04-23
MALAYSIA (GOVERNMENT),Treasuries,Fixed Income,"652,818.54",0.09,"652,818.54","2,436,000.00",-,MYBMK2200030,BNRQWN8,26.26,Malaysia,-,USD,2.76,3.2,3.95,"Apr 30, 2029",4.5,2.76,-,3.2,2.76,3.2,MYR,"Apr 29, 2022","Apr 29, 2022",2026-04-23
BRAZIL FEDERATIVE REPUBLIC OF (GOV,Treasuries,Fixed Income,"643,957.27",0.09,"643,957.27","4,191.00",-,BRSTNCLTN8F6,BRT57G9,153.65,Brazil,-,USD,2.07,13.2,4.97,"Jul 01, 2028",0.0,1.93,-,13.2,1.93,13.2,BRL,"Jul 05, 2024","Jul 05, 2024",2026-04-23
SOUTH AFRICA (REPUBLIC OF),Treasuries,Fixed Income,"642,001.33",0.09,"642,001.33","9,126,776.00",-,ZAG000208364,BN6S7H4,7.0,South Africa,-,USD,6.86,8.82,16.44,"Mar 31, 2038",10.88,6.96,-,8.82,6.96,8.82,ZAR,"Mar 31, 2024","Sep 13, 2024",2026-04-23
MYR CASH,Cash and/or Derivatives,Cash,"636,397.64",0.09,"636,397.64","2,514,407.00",-,-,-,25.31,Malaysia,-,USD,0.0,0.0,3.95,-,0.0,0.0,-,0.0,0.0,0.0,MYR,-,"Dec 31, 1989",2026-04-23
SOUTH AFRICA (REPUBLIC OF),Treasuries,Fixed Income,"633,775.08",0.09,"633,775.08","12,258,314.00",-,ZAG000030404,B1W32L8,5.15,South Africa,-,USD,6.92,8.58,16.44,"Mar 31, 2036",6.25,6.98,-,8.58,6.98,8.58,ZAR,"Mar 31, 2006","Jul 21, 2006",2026-04-23
INDONESIA (REPUBLIC OF),Treasuries,Fixed Income,"632,158.75",0.09,"632,158.75","9,476,000,000.00",-,IDG000013202,BGWLKF7,0.01,Indonesia,-,USD,8.16,6.71,"17,144.00","Apr 15, 2039",8.38,8.2,-,6.71,8.2,6.71,IDR,"Oct 15, 2018","Jan 07, 2019",2026-04-23
SOUTH AFRICA (REPUBLIC OF),Treasuries,Fixed Income,"632,089.26",0.09,"632,089.26","9,465,833.00",-,ZAG000208372,BN923Q4,6.64,South Africa,-,USD,5.0,8.23,16.44,"Mar 31, 2033",10.0,5.02,-,8.23,5.02,8.23,ZAR,"Mar 31, 2024","Sep 13, 2024",2026-04-23
CHINA PEOPLES REPUBLIC OF (GOVERNM,Treasuries,Fixed Income,"631,672.68",0.09,"631,672.68","4,160,000.00",-,CND10008MC01,-,15.06,China,-,USD,7.82,1.7,6.82,"Nov 25, 2034",2.04,7.81,-,1.7,7.81,1.7,CNY,"Nov 25, 2024","Nov 22, 2024",2026-04-23
INDIA (REPUBLIC OF),Treasuries,Fixed Income,"630,890.79",0.09,"630,890.79","55,460,000.00",-,IN0020230135,BMXV412,1.1,India,-,USD,3.77,6.44,93.50,"Nov 13, 2030",7.32,3.77,-,6.44,3.77,6.44,INR,"Nov 13, 2023","Nov 13, 2023",2026-04-23
INDIA (REPUBLIC OF),Treasuries,Fixed Income,"629,631.65",0.09,"629,631.65","57,380,000.00",-,IN0020240191,-,1.07,India,-,USD,4.56,6.68,93.50,"Dec 30, 2031",6.79,4.57,-,6.68,4.57,6.68,INR,"Dec 30, 2024","Dec 30, 2024",2026-04-23
MALAYSIA (GOVERNMENT),Treasuries,Fixed Income,"622,048.79",0.08,"622,048.79","2,409,000.00",-,MYBGN2500039,BTTRSK0,25.39,Malaysia,-,USD,7.51,3.57,3.95,"Apr 30, 2035",3.61,7.52,-,3.57,7.52,3.57,MYR,"Apr 30, 2025","Apr 30, 2025",2026-04-23
PERU (REPUBLIC OF),Treasuries,Fixed Income,"612,278.87",0.08,"612,278.87","1,995,000.00",-,PEP01000C5D1,BYYHJ96,30.34,Peru,-,USD,2.13,4.41,3.44,"Aug 12, 2028",6.35,2.12,-,4.41,2.12,4.41,PEN,"Oct 07, 2016","Oct 07, 2016",2026-04-23
MALAYSIA (GOVERNMENT),Treasuries,Fixed Income,"608,597.94",0.08,"608,597.94","2,222,000.00",-,MYBGT2200033,BNTDBD0,27.32,Malaysia,-,USD,9.19,3.83,3.95,"Mar 31, 2038",4.66,9.21,-,3.83,9.21,3.83,MYR,"Sep 30, 2022","Sep 30, 2022",2026-04-23
MALAYSIA (GOVERNMENT),Treasuries,Fixed Income,"602,161.70",0.08,"602,161.70","2,438,000.00",-,MYBMZ2500031,BRXBQF5,24.44,Malaysia,-,USD,16.57,4.12,3.95,"Jul 15, 2055",3.92,16.91,-,4.12,16.91,4.12,MYR,"Jul 15, 2025","Jul 15, 2025",2026-04-23
ROMANIA (REPUBLIC OF),Treasuries,Fixed Income,"586,159.53",0.08,"586,159.53","2,655,000.00",-,RO7P95F9FNY6,BMZ57J1,21.8,Romania,-,USD,1.44,6.39,4.34,"Oct 25, 2027",2.5,1.4,-,6.39,1.4,6.39,RON,"Oct 25, 2020","Feb 08, 2021",2026-04-23
INDONESIA (REPUBLIC OF),Treasuries,Fixed Income,"571,618.87",0.08,"571,618.87","9,851,000,000.00",-,IDG000018201,BMD8K26,0.01,Indonesia,-,USD,7.2,6.62,"17,144.00","Jun 15, 2036",6.25,7.22,-,6.62,7.22,6.62,IDR,"Dec 15, 2020","Jan 07, 2021",2026-04-23
THAILAND KINGDOM OF (GOVERNMENT),Treasuries,Fixed Income,"562,893.71",0.08,"562,893.71","18,713,000.00",-,TH062303F608,BKTHTT3,2.99,Thailand,-,USD,8.39,2.08,32.10,"Jun 17, 2035",1.6,8.4,-,2.08,8.4,2.08,THB,"Aug 23, 2019","Aug 23, 2019",2026-04-23
MALAYSIA (GOVERNMENT),Treasuries,Fixed Income,"558,249.92",0.08,"558,249.92","2,171,000.00",-,MYBMI2500011,-,25.35,Malaysia,-,USD,3.72,3.3,3.95,"May 15, 2030",3.34,3.72,-,3.3,3.72,3.3,MYR,"May 15, 2025","May 15, 2025",2026-04-23
THAILAND KINGDOM OF (GOVERNMENT),Treasuries,Fixed Income,"558,137.31",0.08,"558,137.31","17,984,000.00",-,TH0623039409,-,3.1,Thailand,-,USD,2.92,1.32,32.10,"Apr 17, 2029",1.19,2.93,-,1.32,2.93,1.32,THB,"Oct 17, 2025","Oct 17, 2025",2026-04-23
MEXICO (UNITED MEXICAN STATES) (GO,Treasuries,Fixed Income,"542,990.56",0.07,"542,990.56","96,829.00",-,MXMSGO000001,-,5.43,Mexico,-,USD,6.0,8.95,17.33,"May 24, 2035",8.0,6.13,-,8.95,6.13,8.95,MXN,"Jun 08, 2023","Jul 24, 2023",2026-04-23
PERUSAHAAN PENERBIT SBSN INDONESIA,Treasuries,Fixed Income,"536,925.86",0.07,"536,925.86","9,025,000,000.00",-,IDP000004806,BNM1WC7,0.01,Indonesia,-,USD,8.51,6.53,"17,144.00","Jun 15, 2039",6.5,8.55,-,6.53,8.55,6.53,IDR,"Dec 15, 2021","Jan 13, 2022",2026-04-23
INDONESIA (REPUBLIC OF),Treasuries,Fixed Income,"529,873.09",0.07,"529,873.09","8,510,000,000.00",-,IDG000012204,BD81CW1,0.01,Indonesia,-,USD,4.95,6.44,"17,144.00","Aug 15, 2032",7.5,4.96,-,6.44,4.96,6.44,IDR,"Aug 15, 2016","Nov 10, 2016",2026-04-23
CHINA PEOPLES REPUBLIC OF (GOVERNM,Treasuries,Fixed Income,"525,604.32",0.07,"525,604.32","2,800,000.00",-,CND100045MS9,BN2RC70,18.76,China,-,USD,17.1,2.26,6.82,"Apr 12, 2051",3.72,17.36,-,2.26,17.36,2.26,CNY,"Apr 12, 2021","Apr 09, 2021",2026-04-23
CHINA PEOPLES REPUBLIC OF (GOVERNM,Treasuries,Fixed Income,"525,294.23",0.07,"525,294.23","2,870,000.00",-,CND10004NCM5,-,18.3,China,-,USD,17.54,2.25,6.82,"Oct 18, 2051",3.53,17.8,-,2.25,17.8,2.25,CNY,"Oct 18, 2021","Oct 18, 2021",2026-04-23
MALAYSIA (GOVERNMENT),Treasuries,Fixed Income,"524,180.79",0.07,"524,180.79","2,063,000.00",-,MYBMN2500029,-,25.14,Malaysia,-,USD,7.72,3.56,3.95,"Jul 02, 2035",3.48,7.73,-,3.56,7.73,3.56,MYR,"Jun 30, 2025","Jun 30, 2025",2026-04-23
INDONESIA (REPUBLIC OF),Treasuries,Fixed Income,"509,742.49",0.07,"509,742.49","8,846,000,000.00",-,IDG000025701,BVMJVX1,0.01,Indonesia,-,USD,4.17,6.31,"17,144.00","Mar 15, 2031",5.88,4.17,-,6.31,4.17,6.31,IDR,"Mar 15, 2025","Aug 14, 2025",2026-04-23
INDIA (REPUBLIC OF),Treasuries,Fixed Income,"501,837.65",0.07,"501,837.65","47,170,000.00",-,IN0020250059,BPK87K7,1.05,India,-,USD,4.97,6.72,93.50,"Jul 14, 2032",6.28,4.98,-,6.72,4.98,6.72,INR,"Jul 14, 2025","Jul 14, 2025",2026-04-23
MEXICO (UNITED MEXICAN STATES) (GO,Treasuries,Fixed Income,"485,547.82",0.07,"485,547.82","95,084.00",-,MX0MGO0001N5,-,4.93,Mexico,-,USD,9.23,9.48,17.33,"Apr 29, 2055",8.0,9.74,-,9.48,9.74,9.48,MXN,"Jun 05, 2025","Nov 03, 2025",2026-04-23
HUF CASH,Cash and/or Derivatives,Cash,"482,760.73",0.07,"482,760.73","149,137,414.00",-,-,-,0.32,Hungary,-,USD,0.0,0.0,308.93,-,0.0,0.0,-,0.0,0.0,0.0,HUF,-,"Jan 01, 1990",2026-04-23
CNY CASH,Cash and/or Derivatives,Cash,"482,607.98",0.07,"482,607.98","3,289,504.00",-,-,-,14.67,China,-,USD,0.0,0.0,6.82,-,0.0,0.0,-,0.0,0.0,0.0,CNY,-,"Dec 31, 1989",2026-04-23
THAILAND KINGDOM OF (GOVERNMENT),Treasuries,Fixed Income,"477,870.35",0.06,"477,870.35","15,505,000.00",-,TH062303B300,-,3.08,Thailand,-,USD,4.72,1.59,32.10,"Mar 17, 2031",1.34,4.72,-,1.59,4.72,1.59,THB,"Jan 16, 2026","Jan 16, 2026",2026-04-23
THAILAND KINGDOM OF (GOVERNMENT),Treasuries,Fixed Income,"477,006.63",0.06,"477,006.63","15,595,000.00",-,TH062303G507,BL9XM44,3.04,Thailand,-,USD,9.07,2.09,32.10,"May 17, 2036",1.84,9.09,-,2.09,9.09,2.09,THB,"Jan 23, 2026","Jan 23, 2026",2026-04-23
INDONESIA (REPUBLIC OF),Treasuries,Fixed Income,"476,002.46",0.06,"476,002.46","7,413,000,000.00",-,IDG000012303,BF47PX9,0.01,Indonesia,-,USD,7.75,6.67,"17,144.00","May 15, 2038",7.5,7.78,-,6.67,7.78,6.67,IDR,"May 15, 2017","Aug 10, 2017",2026-04-23
COLOMBIA (REPUBLIC OF),Treasuries,Fixed Income,"470,902.07",0.06,"470,902.07","1,717,100,000.00",-,COL17CT04142,BVMM9M5,0.03,Colombia,-,USD,3.02,13.77,"3,577.31","Feb 27, 2030",12.5,2.83,-,13.77,2.83,13.77,COP,"Feb 27, 2025","Jan 14, 2026",2026-04-23
CZK CASH,Cash and/or Derivatives,Cash,"465,342.67",0.06,"465,342.67","9,628,382.00",-,-,-,4.83,Czech Republic,-,USD,0.0,0.0,20.69,-,0.0,0.0,-,0.0,0.0,0.0,CZK,-,"Jan 01, 1990",2026-04-23
SOUTH AFRICA (REPUBLIC OF),Treasuries,Fixed Income,"453,298.97",0.06,"453,298.97","6,916,819.00",-,ZAG000219478,BVLKH37,6.52,South Africa,-,USD,7.27,8.93,16.44,"Mar 31, 2039",9.88,7.39,-,8.93,7.39,8.93,ZAR,"Sep 30, 2025","Oct 03, 2025",2026-04-23
CHINA PEOPLES REPUBLIC OF (GOVERNM,Treasuries,Fixed Income,"450,191.64",0.06,"450,191.64","2,940,000.00",-,CND10006ZK08,-,15.11,China,-,USD,2.35,1.23,6.82,"Sep 25, 2028",2.48,2.33,-,1.23,2.33,1.23,CNY,"Sep 25, 2023","Sep 22, 2023",2026-04-23
ZAR CASH,Cash and/or Derivatives,Cash,"441,279.55",0.06,"441,279.55","7,253,533.00",-,-,-,6.08,South Africa,-,USD,0.0,0.0,16.44,-,0.0,0.0,-,0.0,0.0,0.0,ZAR,-,"Jan 01, 1990",2026-04-23
CHINA PEOPLES REPUBLIC OF (GOVERNM,Treasuries,Fixed Income,"431,398.74",0.06,"431,398.74","2,730,000.00",-,CND10007XSY8,-,15.64,China,-,USD,19.75,2.25,6.82,"May 20, 2054",2.57,20.03,-,2.25,20.03,2.25,CNY,"May 20, 2024","May 17, 2024",2026-04-23
MALAYSIA (GOVERNMENT),Treasuries,Fixed Income,"427,864.54",0.06,"427,864.54","1,481,000.00",-,MYBMZ1800051,-,28.53,Malaysia,-,USD,13.62,4.05,3.95,"Jul 06, 2048",4.92,13.82,-,4.05,13.82,4.05,MYR,"Jul 06, 2018","Jul 06, 2018",2026-04-23
TURKEY (REPUBLIC OF),Treasuries,Fixed Income,"418,786.02",0.06,"418,786.02","33,113,341.00",-,TRT131130T14,BNQNWQ3,1.16,Turkey,-,USD,2.58,32.79,44.89,"Nov 13, 2030",11.7,2.55,-,32.79,2.55,32.79,TRY,"Nov 25, 2020","Nov 25, 2020",2026-04-23
MXN CASH,Cash and/or Derivatives,Cash,"412,943.72",0.06,"412,943.72","7,154,456.00",-,-,-,5.77,Mexico,-,USD,0.0,0.0,17.33,-,0.0,0.0,-,0.0,0.0,0.0,MXN,-,"Jan 01, 1990",2026-04-23
MALAYSIA (GOVERNMENT),Treasuries,Fixed Income,"396,754.56",0.05,"396,754.56","1,566,000.00",-,MYBMS2600018,BTQJ2R4,25.08,Malaysia,-,USD,11.04,3.85,3.95,"Jan 15, 2041",3.77,11.1,-,3.85,11.1,3.85,MYR,"Jan 15, 2026","Jan 15, 2026",2026-04-23
NOTA DO TESOURO NACIONAL,Treasuries,Fixed Income,"382,617.83",0.05,"382,617.83","2,337.00",-,BRSTNCNTF2K7,-,163.72,Brazil,-,USD,5.71,14.23,4.97,"Jan 01, 2037",10.0,5.32,-,14.23,5.32,14.23,BRL,"Jan 01, 2026","Jan 09, 2026",2026-04-23
CZECH REPUBLIC,Treasuries,Fixed Income,"375,431.97",0.05,"375,431.97","8,840,000.00",-,CZ0001007397,BS2KBQ6,4.24,Czech Republic,-,USD,12.35,5.06,20.69,"Apr 04, 2044",4.0,12.13,-,5.06,12.13,5.06,CZK,"Oct 04, 2024","Oct 04, 2024",2026-04-23
RON CASH,Cash and/or Derivatives,Cash,"361,090.49",0.05,"361,090.49","1,566,049.00",-,-,-,23.06,Romania,-,USD,0.0,0.0,4.34,-,0.0,0.0,-,0.0,0.0,0.0,RON,-,"Jan 01, 1990",2026-04-23
CHINA PEOPLES REPUBLIC OF (GOVERNM,Treasuries,Fixed Income,"356,359.72",0.05,"356,359.72","2,330,000.00",-,CND10008CH24,-,15.25,China,-,USD,11.49,1.92,6.82,"Aug 29, 2039",2.25,11.51,-,1.92,11.51,1.92,CNY,"Aug 29, 2024","Aug 29, 2024",2026-04-23
BRL CASH,Cash and/or Derivatives,Cash,"355,773.34",0.05,"355,773.34","1,766,610.00",-,-,-,20.14,Brazil,-,USD,0.0,0.0,4.97,-,0.0,0.0,-,0.0,0.0,0.0,BRL,-,"Jan 01, 1990",2026-04-23
COP CASH,Cash and/or Derivatives,Cash,"352,645.86",0.05,"352,645.86","1,261,523,571.00",-,-,-,0.03,Colombia,-,USD,0.0,0.0,"3,577.31",-,0.0,0.0,-,0.0,0.0,0.0,COP,-,"Jan 01, 1990",2026-04-23
INDONESIA (REPUBLIC OF),Treasuries,Fixed Income,"340,134.49",0.05,"340,134.49","5,011,000,000.00",-,IDG000009200,B5204T9,0.01,Indonesia,-,USD,4.09,6.35,"17,144.00","Jul 15, 2031",9.5,4.09,-,6.35,4.09,6.35,IDR,"Jul 15, 2010","Jul 22, 2010",2026-04-23
CHINA PEOPLES REPUBLIC OF (GOVERNM,Treasuries,Fixed Income,"317,261.56",0.04,"317,261.56","2,150,000.00",-,CND1000B1VF0,-,14.7,China,-,USD,4.59,1.49,6.82,"Jan 25, 2031",1.54,4.55,-,1.49,4.55,1.49,CNY,"Jan 25, 2026","Jan 23, 2026",2026-04-23
CHINA PEOPLES REPUBLIC OF (GOVERNM,Treasuries,Fixed Income,"310,559.20",0.04,"310,559.20","2,040,000.00",-,CND1000B1D59,-,15.13,China,-,USD,21.12,2.23,6.82,"Jan 15, 2056",2.38,21.19,-,2.23,21.19,2.23,CNY,"Jan 15, 2026","Jan 14, 2026",2026-04-23
PERUSAHAAN PENERBIT SBSN INDONESIA,Treasuries,Fixed Income,"304,326.04",0.04,"304,326.04","4,476,000,000.00",-,IDP000002206,BZ3CM90,0.01,Indonesia,-,USD,4.3,6.14,"17,144.00","Nov 15, 2031",8.88,4.3,-,6.14,4.3,6.14,IDR,"Nov 15, 2015","Jan 28, 2016",2026-04-23
MALAYSIA (GOVERNMENT),Treasuries,Fixed Income,"299,976.43",0.04,"299,976.43","1,163,000.00",-,MYBGJ2500029,BPK5LY0,25.66,Malaysia,-,USD,3.99,3.29,3.95,"Aug 30, 2030",3.63,3.99,-,3.29,3.99,3.29,MYR,"Feb 28, 2025","Feb 28, 2025",2026-04-23
CHINA PEOPLES REPUBLIC OF (GOVERNM,Treasuries,Fixed Income,"280,329.19",0.04,"280,329.19","1,850,000.00",-,CND100088H81,-,15.09,China,-,USD,14.75,2.14,6.82,"Aug 15, 2044",2.33,14.85,-,2.14,14.85,2.14,CNY,"Aug 15, 2024","Aug 14, 2024",2026-04-23
THB CASH,Cash and/or Derivatives,Cash,"250,794.51",0.03,"250,794.51","8,050,504.00",-,-,-,3.12,Thailand,-,USD,0.0,0.0,32.10,-,0.0,0.0,-,0.0,0.0,0.0,THB,-,"Mar 12, 1989",2026-04-23
PLN CASH,Cash and/or Derivatives,Cash,"237,635.59",0.03,"237,635.59","856,356.00",-,-,-,27.75,Poland,-,USD,0.0,0.0,3.60,-,0.0,0.0,-,0.0,0.0,0.0,PLN,-,"Jan 01, 1990",2026-04-23
PERUSAHAAN PENERBIT SURAT BERHARGA,Treasuries,Fixed Income,"224,615.86",0.03,"224,615.86","3,722,000,000.00",-,IDP000005605,BQFLCB4,0.01,Indonesia,-,USD,7.08,6.49,"17,144.00","Mar 15, 2036",6.88,7.1,-,6.49,7.1,6.49,IDR,"Sep 15, 2022","Jan 12, 2023",2026-04-23
PEN CASH,Cash and/or Derivatives,Cash,"183,737.19",0.02,"183,737.19","631,633.00",-,-,-,29.09,Peru,-,USD,0.0,0.0,3.44,-,0.0,0.0,-,0.0,0.0,0.0,PEN,-,"Jan 01, 1990",2026-04-23
HUNGARY (GOVERNMENT),Treasuries,Fixed Income,"183,372.86",0.02,"183,372.86","55,120,000.00",-,HU0000407424,BVPPBG9,0.33,Hungary,-,USD,3.19,5.86,308.93,"Nov 28, 2029",6.0,3.1,-,5.86,3.1,5.86,HUF,"Jul 30, 2025","Jul 30, 2025",2026-04-23
RSD CASH,Cash and/or Derivatives,Cash,"173,473.26",0.02,"173,473.26","17,330,846.00",-,-,-,1.0,Serbia,-,USD,0.0,0.0,99.91,-,0.0,0.0,-,0.0,0.0,0.0,RSD,-,"Jan 01, 1990",2026-04-23
INDONESIA (REPUBLIC OF),Treasuries,Fixed Income,"161,412.40",0.02,"161,412.40","2,354,000,000.00",-,IDG000009002,B45ZFW4,0.01,Indonesia,-,USD,3.47,6.3,"17,144.00","Aug 15, 2030",10.5,3.48,-,6.3,3.48,6.3,IDR,"Aug 15, 2009","Aug 20, 2009",2026-04-23
INDIA (REPUBLIC OF),Treasuries,Fixed Income,"150,580.75",0.02,"150,580.75","14,040,000.00",-,IN0020230176,-,1.05,India,-,USD,11.02,7.5,93.50,"Jan 23, 2054",7.37,11.44,-,7.5,11.44,7.5,INR,"Jan 23, 2024","Jan 23, 2024",2026-04-23
INDONESIA (REPUBLIC OF),Treasuries,Fixed Income,"146,606.72",0.02,"146,606.72","2,511,000,000.00",-,IDG000019803,BNYJXQ0,0.01,Indonesia,-,USD,7.74,6.58,"17,144.00","Jul 15, 2037",6.38,7.77,-,6.58,7.77,6.58,IDR,"Jul 15, 2021","Jan 06, 2022",2026-04-23
INDONESIA (REPUBLIC OF),Treasuries,Fixed Income,"144,984.36",0.02,"144,984.36","2,223,000,000.00",-,IDG000009705,B6W43X5,0.01,Indonesia,-,USD,4.72,6.46,"17,144.00","Jun 15, 2032",8.25,4.72,-,6.46,4.72,6.46,IDR,"Jun 15, 2011","Jul 21, 2011",2026-04-23
PARAGUAY REPUBLIC OF (GOVERNMENT) RegS,Treasuries,Fixed Income,"78,711.96",0.01,"78,711.96","500,000,000.00",-,USP75744AS46,-,0.02,Paraguay,-,USD,6.17,8.65,"6,359.25","Mar 04, 2035",8.5,6.06,-,8.65,6.06,8.65,PYG,"Mar 04, 2025","Mar 04, 2025",2026-04-23
PARAGUAY REPUBLIC OF (GOVERNMENT) RegS,Treasuries,Fixed Income,"78,006.18",0.01,"78,006.18","500,000,000.00",-,USP75744AP07,-,0.02,Paraguay,-,USD,3.95,8.55,"6,359.25","Feb 09, 2031",7.9,3.85,-,8.55,3.85,8.55,PYG,"Feb 09, 2024","Feb 09, 2024",2026-04-23
PARAGUAY REPUBLIC OF (GOVERNMENT) RegS,Treasuries,Fixed Income,"77,446.05",0.01,"77,446.05","500,000,000.00",-,USP75744AU91,-,0.02,Paraguay,-,USD,7.4,8.9,"6,359.25","Apr 04, 2038",8.5,7.26,-,8.9,7.26,8.9,PYG,"Mar 04, 2026","Mar 04, 2026",2026-04-23
PERUSAHAAN PENERBIT SURAT BERHARGA,Treasuries,Fixed Income,"73,106.07",0.01,"73,106.07","1,224,000,000.00",-,IDP000005308,BP0BFN5,0.01,Indonesia,-,USD,3.0,6.05,"17,144.00","Sep 15, 2029",6.63,2.99,-,6.05,2.99,6.05,IDR,"Sep 15, 2022","Sep 22, 2022",2026-04-23
INDIA (REPUBLIC OF),Treasuries,Fixed Income,"71,808.47",0.01,"71,808.47","6,660,000.00",-,IN0020250133,-,1.06,India,-,USD,5.27,6.82,93.50,"Jan 27, 2033",6.68,5.28,-,6.82,5.28,6.82,INR,"Jan 27, 2026","Jan 27, 2026",2026-04-23
USD CASH,Cash and/or Derivatives,Cash,"-121,318.35",-0.02,"-121,318.35","-121,318.00",-,-,-,100.0,United States,-,USD,0.0,0.0,1.00,-,0.0,0.0,-,0.0,0.0,0.0,USD,-,"Jan 01, 1989",2026-04-23
