Name,Sector,Asset Class,Market Value,Weight (%),Notional Value,Par Value,CUSIP,ISIN,SEDOL,Price,Location,Exchange,Currency,Duration,YTM (%),FX Rate,Maturity,Coupon (%),Mod. Duration,Yield to Call (%),Yield to Worst (%),Real Duration,Real YTM (%),Market Currency,Accrual Date,Effective Date,date_of_pull
1261229 BC LTD 144A,Consumer Non-Cyclical,Fixed Income,"97,819,201.83",0.58,"97,819,201.83","93,969,000.00",68288AAA5,US68288AAA51,-,103.32,United States,-,USD,3.6,9.26,1.0,"Apr 15, 2032",10.0,4.4,-,8.97,3.18,8.97,USD,"Apr 08, 2025","Apr 08, 2025",2026-05-15
ECHOSTAR CORP,Communications,Fixed Income,"74,481,085.36",0.44,"74,481,085.36","65,628,000.00",278768AC0,US278768AC00,-,108.62,United States,-,USD,0.52,7.91,1.0,"Nov 30, 2029",10.75,2.82,-,4.43,0.51,4.43,USD,"Nov 12, 2024","Nov 12, 2024",2026-05-15
QUIKRETE HOLDINGS INC 144A,Capital Goods,Fixed Income,"56,986,789.44",0.34,"56,986,789.44","55,499,000.00",74843PAA8,US74843PAA84,-,101.41,United States,-,USD,3.7,6.08,1.0,"Mar 01, 2032",6.38,4.74,-,5.95,3.3,5.95,USD,"Feb 10, 2025","Feb 10, 2025",2026-05-15
CLOUD SOFTWARE GROUP INC 144A,Technology,Fixed Income,"56,441,583.43",0.33,"56,441,583.43","56,467,000.00",18912UAA0,US18912UAA07,-,98.88,United States,-,USD,2.28,9.39,1.0,"Sep 30, 2029",9.0,2.82,-,9.39,2.82,9.39,USD,"Apr 10, 2023","Apr 10, 2023",2026-05-15
CLOUD SOFTWARE GROUP INC 144A,Technology,Fixed Income,"54,228,914.78",0.32,"54,228,914.78","54,413,000.00",88632QAE3,US88632QAE35,-,98.89,United States,-,USD,2.14,6.93,1.0,"Mar 31, 2029",6.5,2.56,-,6.93,2.56,6.93,USD,"Sep 30, 2022","Sep 30, 2022",2026-05-15
DISH NETWORK CORP 144A,Communications,Fixed Income,"54,064,939.80",0.32,"54,064,939.80","49,644,000.00",25470MAG4,US25470MAG42,-,103.1,United States,-,USD,0.47,9.49,1.0,"Nov 15, 2027",11.75,1.29,-,5.46,0.47,5.46,USD,"Nov 15, 2022","Nov 15, 2022",2026-05-15
HUB INTERNATIONAL LTD 144A,Insurance,Fixed Income,"52,515,862.76",0.31,"52,515,862.76","49,600,000.00",44332PAH4,US44332PAH47,-,102.9,United States,-,USD,1.82,6.43,1.0,"Jun 15, 2030",7.25,3.41,-,5.75,1.87,5.75,USD,"Jun 20, 2023","Jun 20, 2023",2026-05-15
SV RNO PROPERTY OWNER 1 LLC 144A,Technology,Fixed Income,"52,434,330.18",0.31,"52,434,330.18","52,722,000.00",78488XAA2,US78488XAA28,-,98.16,United States,-,USD,3.77,6.32,1.0,"Mar 01, 2031",5.88,4.06,-,6.32,4.06,6.32,USD,"Feb 24, 2026","Feb 24, 2026",2026-05-15
ASURION LLC 144A,Insurance,Fixed Income,"52,388,782.89",0.31,"52,388,782.89","49,008,000.00",045941AA9,US045941AA96,-,103.68,United States,-,USD,4.0,7.28,1.0,"Dec 31, 2032",8.0,4.96,-,7.05,3.73,7.05,USD,"Dec 19, 2025","Dec 19, 2025",2026-05-15
PANTHER ESCROW ISSUER LLC 144A,Insurance,Fixed Income,"52,077,716.87",0.31,"52,077,716.87","50,939,000.00",69867RAA5,US69867RAA59,-,99.31,United States,-,USD,3.43,7.29,1.0,"Jun 01, 2031",7.13,4.06,-,7.29,4.06,7.29,USD,"Apr 08, 2024","Apr 08, 2024",2026-05-15
VENTURE GLOBAL LNG INC 144A,Energy,Fixed Income,"50,492,673.06",0.3,"50,492,673.06","45,192,000.00",92332YAC5,US92332YAC57,-,109.04,United States,-,USD,2.18,5.85,1.0,"Feb 01, 2029",9.5,2.34,-,5.53,2.15,5.53,USD,"Oct 24, 2023","Oct 24, 2023",2026-05-15
ASURION LLC 144A,Insurance,Fixed Income,"48,714,182.55",0.29,"48,714,182.55","49,010,000.00",045941AB7,US045941AB79,-,97.0,United States,-,USD,4.93,8.92,1.0,"Feb 01, 2034",8.38,5.42,-,8.92,5.42,8.92,USD,"Jan 30, 2026","Jan 30, 2026",2026-05-15
EMRLD BORROWER LP 144A,Capital Goods,Fixed Income,"45,009,023.54",0.27,"45,009,023.54","42,905,000.00",29103CAA6,US29103CAA62,-,102.18,United States,-,USD,2.11,6.07,1.0,"Dec 15, 2030",6.63,3.82,-,5.50,1.88,5.50,USD,"May 19, 2023","May 19, 2023",2026-05-15
WULF COMPUTE LLC 144A,Technology,Fixed Income,"44,163,334.61",0.26,"44,163,334.61","41,689,000.00",982911AA7,US982911AA70,-,105.33,United States,-,USD,1.58,5.14,1.0,"Oct 15, 2030",7.75,2.01,-,5.00,1.91,5.00,USD,"Oct 23, 2025","Oct 23, 2025",2026-05-15
1011778 BC UNLIMITED LIABILITY CO 144A,Consumer Cyclical,Fixed Income,"43,329,749.29",0.26,"43,329,749.29","45,658,000.00",68245XAM1,US68245XAM11,-,94.59,Canada,-,USD,3.73,5.39,1.0,"Oct 15, 2030",4.0,3.97,-,5.39,3.97,5.39,USD,"Oct 05, 2020","Oct 05, 2020",2026-05-15
DAVITA INC 144A,Consumer Non-Cyclical,Fixed Income,"43,188,526.87",0.26,"43,188,526.87","43,590,000.00",23918KAS7,US23918KAS78,BMW7NB4,97.0,United States,-,USD,3.47,5.46,1.0,"Jun 01, 2030",4.63,3.56,-,5.46,3.56,5.46,USD,"Jun 09, 2020","Jun 09, 2020",2026-05-15
TRANSDIGM INC 144A,Capital Goods,Fixed Income,"42,993,779.19",0.25,"42,993,779.19","41,479,000.00",893647BY2,US893647BY22,-,100.76,United States,-,USD,4.19,6.24,1.0,"May 31, 2033",6.38,5.46,-,6.16,3.43,6.16,USD,"May 20, 2025","May 20, 2025",2026-05-15
AADVANTAGE LOYALTY IP LTD 144A,Transportation,Fixed Income,"42,516,763.10",0.25,"42,516,763.10","42,504,801.00",00253XAB7,US00253XAB73,BM8H783,99.66,United States,-,USD,1.45,6.03,1.0,"Apr 20, 2029",5.75,1.46,-,6.03,1.46,6.03,USD,"Mar 24, 2021","Mar 24, 2021",2026-05-15
CCO HOLDINGS LLC 144A,Communications,Fixed Income,"41,843,374.78",0.25,"41,843,374.78","44,094,000.00",1248EPCD3,US1248EPCD32,BK6WV51,93.95,United States,-,USD,3.29,6.57,1.0,"Mar 01, 2030",4.75,3.37,-,6.57,3.37,6.57,USD,"Oct 01, 2019","Oct 01, 2019",2026-05-15
TRANSDIGM INC 144A,Capital Goods,Fixed Income,"40,436,590.24",0.24,"40,436,590.24","39,238,000.00",893647BU0,US893647BU00,BNM6H94,101.78,United States,-,USD,1.7,5.67,1.0,"Mar 01, 2029",6.38,2.51,-,5.32,1.67,5.32,USD,"Feb 27, 2024","Feb 27, 2024",2026-05-15
NISSAN MOTOR CO LTD 144A,Consumer Cyclical,Fixed Income,"39,778,967.55",0.24,"39,778,967.55","40,073,000.00",654744AC5,US654744AC50,BM8TGL5,98.59,Japan,-,USD,1.28,5.44,1.0,"Sep 17, 2027",4.34,1.28,-,5.44,1.28,5.44,USD,"Sep 17, 2020","Sep 17, 2020",2026-05-15
NEXSTAR MEDIA INC 144A,Communications,Fixed Income,"39,569,162.07",0.23,"39,569,162.07","38,925,000.00",65346UAB5,US65346UAB52,BTG0PN4,100.79,United States,-,USD,4.76,6.36,1.0,"Sep 15, 2033",6.5,5.73,-,6.31,4.12,6.31,USD,"Mar 25, 2026","Mar 25, 2026",2026-05-15
NEPTUNE BIDCO US INC 144A,Technology,Fixed Income,"39,446,308.04",0.23,"39,446,308.04","38,593,000.00",640695AA0,US640695AA01,-,101.49,United States,-,USD,1.61,8.7,1.0,"Apr 15, 2029",9.29,2.5,-,8.15,1.3,8.15,USD,"Nov 16, 2022","Nov 16, 2022",2026-05-15
MAUSER PACKAGING SOLUTIONS HOLDING 144A,Capital Goods,Fixed Income,"38,734,099.58",0.23,"38,734,099.58","38,549,000.00",57763RAE7,US57763RAE71,-,99.87,United States,-,USD,2.55,7.91,1.0,"Apr 15, 2030",7.88,3.3,-,7.91,3.3,7.91,USD,"Nov 26, 2025","Nov 26, 2025",2026-05-15
MEDLINE BORROWER LP 144A,Consumer Non-Cyclical,Fixed Income,"38,079,615.69",0.23,"38,079,615.69","37,912,000.00",62482BAB8,US62482BAB80,-,99.83,United States,-,USD,1.4,5.3,1.0,"Oct 01, 2029",5.25,3.04,-,5.30,3.04,5.30,USD,"Oct 15, 2021","Oct 15, 2021",2026-05-15
APLD COMPUTECO LLC 144A,Technology,Fixed Income,"37,861,363.00",0.22,"37,861,363.00","33,798,000.00",00202DAA5,US00202DAA54,-,107.58,United States,-,USD,2.07,6.47,1.0,"Dec 15, 2030",9.25,2.57,-,6.30,2.42,6.30,USD,"Nov 20, 2025","Nov 20, 2025",2026-05-15
CCO HOLDINGS LLC 144A,Communications,Fixed Income,"37,764,139.20",0.22,"37,764,139.20","37,632,000.00",1248EPBX0,US1248EPBX05,BF2KJZ0,98.93,United States,-,USD,1.43,5.65,1.0,"Feb 01, 2028",5.0,1.6,-,5.65,1.6,5.65,USD,"Aug 08, 2017","Aug 08, 2017",2026-05-15
CCO HOLDINGS LLC,Communications,Fixed Income,"37,164,256.50",0.22,"37,164,256.50","42,693,000.00",1248EPCN1,US1248EPCN14,-,86.9,United States,-,USD,5.06,7.24,1.0,"May 01, 2032",4.5,5.05,-,7.24,5.05,7.24,USD,"May 01, 2021","May 10, 2021",2026-05-15
CONNECT HOLDING II LLC 144A,Communications,Fixed Income,"37,037,813.92",0.22,"37,037,813.92","35,143,000.00",20753PAD3,US20753PAD33,-,101.54,United States,-,USD,2.06,10.09,1.0,"Apr 03, 2031",10.5,3.63,-,9.43,1.41,9.43,USD,"Jun 24, 2025","Jun 24, 2025",2026-05-15
CCO HOLDINGS LLC 144A,Communications,Fixed Income,"36,852,887.24",0.22,"36,852,887.24","39,356,000.00",1248EPCE1,US1248EPCE15,BKZHNR3,92.54,United States,-,USD,3.68,6.53,1.0,"Aug 15, 2030",4.5,3.74,-,6.53,3.74,6.53,USD,"Feb 18, 2020","Feb 18, 2020",2026-05-15
STAPLES INC 144A,Consumer Cyclical,Fixed Income,"36,781,676.35",0.22,"36,781,676.35","37,999,000.00",855030AQ5,US855030AQ50,-,94.65,United States,-,USD,2.71,12.77,1.0,"Sep 01, 2029",10.75,2.62,-,12.77,2.62,12.77,USD,"Jun 10, 2024","Jun 10, 2024",2026-05-15
ECHOSTAR CORP,Communications,Fixed Income,"36,650,765.23",0.22,"36,650,765.23","36,030,633.00",278768AA4,US278768AA44,-,101.72,United States,-,USD,2.05,7.1,1.0,"Nov 30, 2030",6.75,3.73,-,7.10,3.73,7.10,USD,"Nov 12, 2024","Nov 12, 2024",2026-05-15
DISH DBS CORP 144A,Communications,Fixed Income,"36,558,246.09",0.22,"36,558,246.09","36,369,000.00",25470XBF1,US25470XBF15,-,97.93,United States,-,USD,2.13,6.64,1.0,"Dec 01, 2028",5.75,2.27,-,6.64,2.27,6.64,USD,"Nov 26, 2021","Nov 26, 2021",2026-05-15
MERIDIAN ARC HOLDCO LLC 144A,Technology,Fixed Income,"36,518,647.51",0.22,"36,518,647.51","36,336,000.00",58990CAA1,US58990CAA18,BX54MW3,100.17,United States,-,USD,3.72,6.21,1.0,"Apr 30, 2031",6.25,4.2,-,6.20,3.45,6.20,USD,"Apr 24, 2026","Apr 24, 2026",2026-05-15
VENTURE GLOBAL LNG INC 144A,Energy,Fixed Income,"36,401,052.46",0.22,"36,401,052.46","33,859,000.00",92332YAB7,US92332YAB74,-,103.74,United States,-,USD,1.65,7.47,1.0,"Jun 01, 2031",8.38,3.94,-,6.40,1.8,6.40,USD,"May 26, 2023","May 26, 2023",2026-05-15
CCO HOLDINGS LLC 144A,Communications,Fixed Income,"36,293,462.50",0.22,"36,293,462.50","39,902,000.00",1248EPCK7,US1248EPCK74,-,89.75,United States,-,USD,4.12,6.83,1.0,"Feb 01, 2031",4.25,4.1,-,6.83,4.1,6.83,USD,"Jul 09, 2020","Jul 09, 2020",2026-05-15
NISSAN MOTOR CO LTD 144A,Consumer Cyclical,Fixed Income,"36,239,139.19",0.21,"36,239,139.19","38,439,000.00",654744AD3,US654744AD34,BM9C475,93.53,Japan,-,USD,3.83,6.54,1.0,"Sep 17, 2030",4.81,3.8,-,6.54,3.8,6.54,USD,"Sep 17, 2020","Sep 17, 2020",2026-05-15
DISCOVERY GLOBAL HOLDINGS INC,Communications,Fixed Income,"35,632,328.42",0.21,"35,632,328.42","39,210,000.00",55903VBQ5,US55903VBQ59,-,90.19,United States,-,USD,5.03,6.31,1.0,"Mar 15, 2032",4.28,4.99,-,6.31,4.99,6.31,USD,"Mar 15, 2025","Jun 30, 2025",2026-05-15
BEACH ACQUISITION BIDCO LLC 144A,Consumer Cyclical,Fixed Income,"35,524,454.99",0.21,"35,524,454.99","32,150,048.00",07337JAC1,US07337JAC18,-,110.5,United States,-,USD,2.61,8.63,1.0,"Jul 15, 2033",10.0,4.99,-,7.62,1.89,7.62,USD,"Jul 14, 2025","Jul 14, 2025",2026-05-15
DIRECTV FINANCING LLC 144A,Communications,Fixed Income,"35,254,119.00",0.21,"35,254,119.00","33,371,000.00",25461LAD4,US25461LAD47,-,103.2,United States,-,USD,2.64,9.15,1.0,"Feb 15, 2031",10.0,3.66,-,8.66,2.33,8.66,USD,"Feb 10, 2025","Feb 10, 2025",2026-05-15
NRG ENERGY INC 144A,Electric,Fixed Income,"35,104,287.24",0.21,"35,104,287.24","34,303,000.00",629377DD1,US629377DD11,-,98.75,United States,-,USD,6.07,6.17,1.0,"Jan 15, 2036",6.0,6.99,-,6.17,6.99,6.17,USD,"Oct 08, 2025","Oct 08, 2025",2026-05-15
TRANSDIGM INC 144A,Capital Goods,Fixed Income,"34,971,513.96",0.21,"34,971,513.96","33,975,000.00",893647BR7,US893647BR70,-,101.28,United States,-,USD,0.83,6.13,1.0,"Aug 15, 2028",6.75,2.04,-,4.99,0.72,4.99,USD,"Feb 24, 2023","Feb 24, 2023",2026-05-15
COREWEAVE INC 144A,Technology,Fixed Income,"34,496,781.51",0.2,"34,496,781.51","32,479,000.00",21873SAB4,US21873SAB43,-,102.05,United States,-,USD,2.77,8.64,1.0,"Jun 01, 2030",9.25,3.2,-,8.47,2.52,8.47,USD,"May 27, 2025","May 27, 2025",2026-05-15
UNITI SERVICES LLC 144A,Communications,Fixed Income,"34,398,562.31",0.2,"34,398,562.31","32,242,000.00",97381AAA0,US97381AAA07,-,105.73,United States,-,USD,2.5,6.95,1.0,"Oct 01, 2031",8.25,4.3,-,6.34,2.91,6.34,USD,"Oct 04, 2024","Oct 04, 2024",2026-05-15
CONNECT FINCO SARL 144A,Communications,Fixed Income,"34,037,171.49",0.2,"34,037,171.49","31,793,000.00",20752TAB0,US20752TAB08,-,105.61,United Kingdom,-,USD,0.47,7.08,1.0,"Sep 15, 2029",9.0,2.83,-,5.35,0.33,5.35,USD,"Sep 25, 2024","Sep 25, 2024",2026-05-15
ALLIED UNIVERSAL HOLDCO LLC 144A,Consumer Cyclical,Fixed Income,"33,913,657.36",0.2,"33,913,657.36","31,883,000.00",019576AD9,US019576AD90,-,104.44,United States,-,USD,2.01,6.76,1.0,"Feb 15, 2031",7.88,3.87,-,6.09,2.42,6.09,USD,"Feb 16, 2024","Feb 16, 2024",2026-05-15
UKG INC 144A,Technology,Fixed Income,"33,562,163.03",0.2,"33,562,163.03","33,818,000.00",90279XAA0,US90279XAA00,-,97.3,United States,-,USD,3.48,7.56,1.0,"Feb 01, 2031",6.88,3.87,-,7.56,3.87,7.56,USD,"Feb 09, 2024","Feb 09, 2024",2026-05-15
LEVEL 3 FINANCING INC 144A,Communications,Fixed Income,"33,511,161.46",0.2,"33,511,161.46","32,180,000.00",527298CN1,US527298CN12,-,103.3,United States,-,USD,4.17,6.46,1.0,"Mar 31, 2034",7.0,5.98,-,6.12,3.65,6.12,USD,"Aug 18, 2025","Aug 18, 2025",2026-05-15
VENTURE GLOBAL LNG INC 144A,Energy,Fixed Income,"33,167,896.36",0.2,"33,167,896.36","30,123,000.00",92332YAD3,US92332YAD31,-,107.31,United States,-,USD,0.9,8.24,1.0,"Feb 01, 2032",9.88,4.26,-,5.71,0.68,5.71,USD,"Oct 24, 2023","Oct 24, 2023",2026-05-15
TRANSDIGM INC 144A,Capital Goods,Fixed Income,"32,978,083.92",0.2,"32,978,083.92","31,708,000.00",893647BV8,US893647BV82,BNM6HC7,102.68,United States,-,USD,2.71,6.07,1.0,"Mar 01, 2032",6.63,4.72,-,5.57,2.5,5.57,USD,"Feb 27, 2024","Feb 27, 2024",2026-05-15
LEVEL 3 FINANCING INC 144A,Communications,Fixed Income,"32,927,914.20",0.2,"32,927,914.20","29,699,000.00",527298CQ4,US527298CQ43,-,107.57,United States,-,USD,5.28,7.39,1.0,"Jan 15, 2036",8.5,6.46,-,7.20,5.5,7.20,USD,"Dec 23, 2025","Dec 23, 2025",2026-05-15
QXO BUILDING PRODUCTS INC 144A,Capital Goods,Fixed Income,"32,892,582.12",0.19,"32,892,582.12","32,319,000.00",74825NAA5,US74825NAA54,-,101.53,United States,-,USD,3.86,6.44,1.0,"Apr 30, 2032",6.75,4.85,-,6.31,3.43,6.31,USD,"Apr 29, 2025","Apr 29, 2025",2026-05-15
VENTURE GLOBAL LNG INC 144A,Energy,Fixed Income,"32,529,401.78",0.19,"32,529,401.78","30,721,000.00",92332YAA9,US92332YAA91,-,102.23,United States,-,USD,0.13,6.94,1.0,"Jun 01, 2028",8.13,1.8,-,5.48,0.08,5.48,USD,"May 26, 2023","May 26, 2023",2026-05-15
LEVEL 3 FINANCING INC 144A,Communications,Fixed Income,"32,458,686.30",0.19,"32,458,686.30","30,903,000.00",527298CM3,US527298CM39,-,102.49,United States,-,USD,3.98,6.43,1.0,"Jun 30, 2033",6.88,5.46,-,6.18,3.48,6.18,USD,"Jun 30, 2025","Jun 30, 2025",2026-05-15
APLD COMPUTECO 2 LLC 144A,Technology,Fixed Income,"32,390,720.80",0.19,"32,390,720.80","31,887,000.00",03772CAA1,US03772CAA18,-,100.4,United States,-,USD,2.6,6.6,1.0,"Mar 15, 2031",6.75,2.7,-,6.59,2.52,6.59,USD,"Mar 10, 2026","Mar 10, 2026",2026-05-15
CVS HEALTH CORP NC5.25,Consumer Non-Cyclical,Fixed Income,"32,278,593.15",0.19,"32,278,593.15","30,715,000.00",126650EH9,US126650EH94,-,103.87,United States,-,USD,3.13,6.7,1.0,"Mar 10, 2055",7.0,3.2,-,5.79,3.1,5.79,USD,"Dec 10, 2024","Dec 10, 2024",2026-05-15
RAKUTEN GROUP INC 144A,Consumer Cyclical,Fixed Income,"31,854,893.57",0.19,"31,854,893.57","28,904,000.00",75102WAK4,US75102WAK45,-,109.45,Japan,-,USD,2.56,6.16,1.0,"Apr 15, 2029",9.75,2.53,-,6.16,2.53,6.16,USD,"Apr 10, 2024","Apr 10, 2024",2026-05-15
VENTURE GLOBAL PLAQUEMINES LNG LLC 144A,Energy,Fixed Income,"31,700,677.95",0.19,"31,700,677.95","29,700,000.00",922966AC0,US922966AC03,-,104.61,United States,-,USD,5.8,5.75,1.0,"Jan 15, 2034",6.5,5.91,-,5.71,5.6,5.71,USD,"Jul 03, 2025","Jul 03, 2025",2026-05-15
VENTURE GLOBAL PLAQUEMINES LNG LLC 144A,Energy,Fixed Income,"31,655,036.00",0.19,"31,655,036.00","29,176,000.00",922966AD8,US922966AD85,-,106.28,United States,-,USD,6.9,5.89,1.0,"Jan 15, 2036",6.75,6.99,-,5.85,6.72,5.85,USD,"Jul 03, 2025","Jul 03, 2025",2026-05-15
CAESARS ENTERTAINMENT INC 144A,Consumer Cyclical,Fixed Income,"31,534,072.69",0.19,"31,534,072.69","30,607,000.00",12769GAB6,US12769GAB68,-,101.32,United States,-,USD,2.01,6.59,1.0,"Feb 15, 2030",7.0,3.21,-,6.19,1.61,6.19,USD,"Feb 06, 2023","Feb 06, 2023",2026-05-15
ATHENAHEALTH GROUP INC 144A,Technology,Fixed Income,"31,377,619.97",0.19,"31,377,619.97","32,030,000.00",60337JAA4,US60337JAA43,-,96.37,United States,-,USD,2.92,7.62,1.0,"Feb 15, 2030",6.5,3.21,-,7.62,3.21,7.62,USD,"Feb 15, 2022","Feb 15, 2022",2026-05-15
ROCKET COMPANIES INC 144A,Finance Companies,Fixed Income,"31,129,060.39",0.18,"31,129,060.39","30,066,000.00",77311WAB7,US77311WAB72,-,101.73,United States,-,USD,4.21,6.07,1.0,"Aug 01, 2033",6.38,5.64,-,5.90,3.6,5.90,USD,"Jun 20, 2025","Jun 20, 2025",2026-05-15
HUB INTERNATIONAL LTD 144A,Insurance,Fixed Income,"30,979,716.64",0.18,"30,979,716.64","29,836,000.00",44332PAJ0,US44332PAJ03,-,101.72,United States,-,USD,2.99,7.0,1.0,"Jan 31, 2032",7.38,4.52,-,6.66,2.38,6.66,USD,"Jan 26, 2024","Jan 26, 2024",2026-05-15
TRANSDIGM INC 144A,Capital Goods,Fixed Income,"30,951,084.85",0.18,"30,951,084.85","29,695,000.00",893647CA3,US893647CA37,-,102.3,United States,-,USD,4.27,6.37,1.0,"Jan 31, 2034",6.75,5.86,-,6.13,3.63,6.13,USD,"Aug 19, 2025","Aug 19, 2025",2026-05-15
BLOCK INC,Technology,Fixed Income,"30,730,847.73",0.18,"30,730,847.73","29,226,000.00",852234AS2,US852234AS26,-,101.93,United States,-,USD,3.09,6.11,1.0,"May 15, 2032",6.5,4.78,-,5.79,2.62,5.79,USD,"May 15, 2025","May 09, 2024",2026-05-15
BLACK PEARL COMPUTE LLC 144A,Technology,Fixed Income,"30,618,878.35",0.18,"30,618,878.35","29,619,000.00",09216NAA8,US09216NAA81,-,101.81,United States,-,USD,3.3,5.68,1.0,"Feb 15, 2031",6.13,4.03,-,5.58,3.27,5.58,USD,"Feb 11, 2026","Feb 11, 2026",2026-05-15
PETSMART LLC 144A,Consumer Cyclical,Fixed Income,"30,378,609.26",0.18,"30,378,609.26","30,055,000.00",71677KAC2,US71677KAC27,-,99.87,United States,-,USD,4.29,7.52,1.0,"Sep 15, 2032",7.5,4.91,-,7.52,4.91,7.52,USD,"Aug 18, 2025","Aug 18, 2025",2026-05-15
VODAFONE GROUP PLC,Communications,Fixed Income,"30,364,750.87",0.18,"30,364,750.87","29,013,000.00",92857WBQ2,US92857WBQ24,BJWZHR1,103.9,United Kingdom,-,USD,2.4,8.34,1.0,"Apr 04, 2079",7.0,2.39,-,5.40,2.38,5.40,USD,"Apr 04, 2019","Apr 04, 2019",2026-05-15
TENET HEALTHCARE CORP,Consumer Non-Cyclical,Fixed Income,"29,956,474.73",0.18,"29,956,474.73","28,973,000.00",88033GDQ0,US88033GDQ01,BPW9BQ2,100.88,United States,-,USD,1.66,5.88,1.0,"Jun 15, 2030",6.13,3.49,-,5.28,1.02,5.28,USD,"Jun 15, 2022","Jun 15, 2022",2026-05-15
VOLTAGRID LLC 144A,Electric,Fixed Income,"29,924,539.74",0.18,"29,924,539.74","28,690,000.00",92874BAA3,US92874BAA35,-,104.06,United States,-,USD,2.76,6.32,1.0,"Nov 01, 2030",7.38,3.77,-,6.06,3.03,6.06,USD,"Nov 06, 2025","Nov 06, 2025",2026-05-15
MICHAELS COMPANIES INC 144A,Consumer Cyclical,Fixed Income,"29,699,437.49",0.18,"29,699,437.49","29,876,000.00",59408QAB2,US59408QAB23,-,97.8,United States,-,USD,4.66,8.93,1.0,"Mar 15, 2033",8.5,5.0,-,8.93,5.0,8.93,USD,"Mar 05, 2026","Mar 05, 2026",2026-05-15
COREWEAVE INC 144A,Technology,Fixed Income,"29,603,190.62",0.18,"29,603,190.62","28,583,000.00",21873SAC2,US21873SAC26,-,101.02,United States,-,USD,3.38,8.73,1.0,"Feb 01, 2031",9.0,3.7,-,8.67,3.04,8.67,USD,"Jul 25, 2025","Jul 25, 2025",2026-05-15
TENNECO LLC 144A,Consumer Cyclical,Fixed Income,"29,562,911.03",0.18,"29,562,911.03","28,747,000.00",880349AU9,US880349AU90,-,100.88,United States,-,USD,0.59,7.61,1.0,"Nov 17, 2028",8.0,2.2,-,6.25,0.48,6.25,USD,"Aug 18, 2023","Aug 18, 2023",2026-05-15
ORGANON & CO 144A,Consumer Non-Cyclical,Fixed Income,"29,535,753.48",0.18,"29,535,753.48","29,884,000.00",68622TAA9,US68622TAA97,-,98.69,United States,-,USD,1.65,4.83,1.0,"Apr 30, 2028",4.13,1.86,-,4.83,1.86,4.83,USD,"Apr 22, 2021","Apr 22, 2021",2026-05-15
HERC HOLDINGS INC 144A,Capital Goods,Fixed Income,"28,707,224.81",0.17,"28,707,224.81","26,955,000.00",42704LAF1,US42704LAF13,-,103.62,United States,-,USD,2.38,5.99,1.0,"Jun 15, 2030",7.0,3.44,-,5.70,2.68,5.70,USD,"Jun 02, 2025","Jun 02, 2025",2026-05-15
IMOLA MERGER CORP 144A,Technology,Fixed Income,"28,236,828.51",0.17,"28,236,828.51","28,143,000.00",45258LAA5,US45258LAA52,-,97.98,United States,-,USD,2.26,5.49,1.0,"May 15, 2029",4.75,2.69,-,5.49,2.69,5.49,USD,"Apr 22, 2021","Apr 22, 2021",2026-05-15
JANE STREET GROUP LLC 144A,Brokerage/Asset Managers/Exchanges,Fixed Income,"28,182,650.29",0.17,"28,182,650.29","27,307,000.00",47077WAE8,US47077WAE84,-,102.98,United States,-,USD,3.83,6.22,1.0,"May 01, 2033",6.75,5.51,-,5.90,3.44,5.90,USD,"Apr 25, 2025","Apr 25, 2025",2026-05-15
SIRIUS XM RADIO LLC 144A,Communications,Fixed Income,"28,100,067.87",0.17,"28,100,067.87","28,562,000.00",82967NBJ6,US82967NBJ63,-,97.07,United States,-,USD,1.98,5.44,1.0,"Jul 15, 2028",4.0,2.02,-,5.44,2.02,5.44,USD,"Jun 21, 2021","Jun 21, 2021",2026-05-15
JETBLUE AIRWAYS CORPORATION 144A,Transportation,Fixed Income,"27,511,112.79",0.16,"27,511,112.79","30,144,000.00",476920AA1,US476920AA15,-,89.81,United States,-,USD,3.97,12.71,1.0,"Sep 20, 2031",9.88,3.96,-,12.71,3.96,12.71,USD,"Aug 27, 2024","Aug 27, 2024",2026-05-15
CHS/COMMUNITY HEALTH SYSTEMS INC 144A,Consumer Non-Cyclical,Fixed Income,"27,468,899.19",0.16,"27,468,899.19","24,865,000.00",12543DBN9,US12543DBN93,-,107.81,United States,-,USD,1.24,9.08,1.0,"Jan 15, 2032",10.88,4.14,-,7.17,0.71,7.17,USD,"Dec 22, 2023","Dec 22, 2023",2026-05-15
ALBERTSONS COMPANIES INC 144A,Consumer Non-Cyclical,Fixed Income,"27,403,819.58",0.16,"27,403,819.58","27,602,000.00",01309QAD0,US01309QAD07,-,96.36,United States,-,USD,5.21,6.34,1.0,"Mar 31, 2034",5.75,6.03,-,6.34,6.03,6.34,USD,"Nov 10, 2025","Nov 10, 2025",2026-05-15
ROCKET COMPANIES INC 144A,Finance Companies,Fixed Income,"27,358,350.31",0.16,"27,358,350.31","26,501,000.00",77311WAA9,US77311WAA99,-,101.5,United States,-,USD,2.91,5.72,1.0,"Aug 01, 2030",6.13,3.62,-,5.61,2.84,5.61,USD,"Jun 20, 2025","Jun 20, 2025",2026-05-15
VENTURE GLOBAL PLAQUEMINES LNG LLC 144A,Energy,Fixed Income,"27,163,908.72",0.16,"27,163,908.72","25,748,000.00",922966AE6,US922966AE68,-,102.88,United States,-,USD,3.8,5.41,1.0,"Dec 15, 2030",6.13,3.87,-,5.38,3.68,5.38,USD,"Dec 09, 2025","Dec 09, 2025",2026-05-15
IQVIA INC 144A,Consumer Non-Cyclical,Fixed Income,"27,137,042.04",0.16,"27,137,042.04","25,813,000.00",46266TAG3,US46266TAG31,-,102.32,United States,-,USD,3.7,5.79,1.0,"Jun 01, 2032",6.25,4.86,-,5.60,3.45,5.60,USD,"Jun 04, 2025","Jun 04, 2025",2026-05-15
VOYAGER PARENT LLC 144A,Consumer Cyclical,Fixed Income,"27,074,759.14",0.16,"27,074,759.14","24,732,000.00",92921EAA0,US92921EAA01,-,106.08,United States,-,USD,3.29,7.97,1.0,"Jul 01, 2032",9.25,4.53,-,7.51,3.32,7.51,USD,"May 15, 2025","May 15, 2025",2026-05-15
SS&C TECHNOLOGIES INC 144A,Technology,Fixed Income,"26,957,370.86",0.16,"26,957,370.86","26,789,000.00",78466CAC0,US78466CAC01,BJQ1YJ6,99.97,United States,-,USD,0.52,5.52,1.0,"Sep 30, 2027",5.5,1.3,-,5.52,1.3,5.52,USD,"Mar 28, 2019","Mar 28, 2019",2026-05-15
CLOUD SOFTWARE GROUP INC 144A,Technology,Fixed Income,"26,853,805.48",0.16,"26,853,805.48","27,212,000.00",18912UAC6,US18912UAC62,-,95.64,United States,-,USD,4.16,9.19,1.0,"Jun 30, 2032",8.25,4.54,-,9.19,4.54,9.19,USD,"May 22, 2024","May 22, 2024",2026-05-15
CHS/COMMUNITY HEALTH SYSTEMS INC 144A,Consumer Non-Cyclical,Fixed Income,"26,631,816.91",0.16,"26,631,816.91","25,109,000.00",12543DBQ2,US12543DBQ25,-,104.49,United States,-,USD,3.93,8.93,1.0,"Jan 15, 2034",9.75,5.31,-,8.47,3.4,8.47,USD,"Aug 12, 2025","Aug 12, 2025",2026-05-15
DIRECTV FINANCING LLC 144A,Communications,Fixed Income,"26,536,278.08",0.16,"26,536,278.08","25,518,000.00",254945AA6,US254945AA66,-,101.47,United States,-,USD,1.96,8.4,1.0,"Feb 01, 2030",8.88,3.05,-,7.93,1.53,7.93,USD,"Sep 19, 2025","Sep 19, 2025",2026-05-15
NCL CORPORATION LTD 144A,Consumer Cyclical,Fixed Income,"26,240,950.53",0.16,"26,240,950.53","26,599,000.00",62886HBR1,US62886HBR12,-,96.74,United States,-,USD,4.19,7.46,1.0,"Feb 01, 2032",6.75,4.56,-,7.46,4.56,7.46,USD,"Jan 22, 2025","Jan 22, 2025",2026-05-15
CIPHER COMPUTE LLC 144A,Technology,Fixed Income,"26,213,599.44",0.16,"26,213,599.44","24,388,000.00",17253NAA5,US17253NAA54,-,103.92,United States,-,USD,1.67,5.24,1.0,"Nov 15, 2030",7.13,2.0,-,5.12,1.88,5.12,USD,"Nov 13, 2025","Nov 13, 2025",2026-05-15
ALTICE FRANCE SA (FRANCE) 144A,Communications,Fixed Income,"26,119,701.06",0.15,"26,119,701.06","26,614,076.00",02090DAD0,US02090DAD03,-,97.64,France,-,USD,3.32,6.99,1.0,"Apr 15, 2032",6.5,4.8,-,6.99,4.8,6.99,USD,"Oct 01, 2025","Oct 01, 2025",2026-05-15
UNITI SERVICES LLC 144A,Communications,Fixed Income,"26,068,368.33",0.15,"26,068,368.33","24,013,000.00",91327TAC5,US91327TAC53,-,105.01,United States,-,USD,3.37,7.58,1.0,"Jun 15, 2032",8.63,4.57,-,7.19,3.31,7.19,USD,"Jun 24, 2025","Jun 24, 2025",2026-05-15
ELECTRICITE DE FRANCE SA 144A,Owned No Guarantee,Fixed Income,"25,764,495.57",0.15,"25,764,495.57","21,383,000.00",28504KAA5,US28504KAA51,-,116.74,France,-,USD,5.08,8.0,1.0,"Dec 31, 2079",9.13,5.22,-,6.10,5.05,6.10,USD,"Jun 15, 2023","Jun 15, 2023",2026-05-15
DIRECTV FINANCING LLC 144A,Communications,Fixed Income,"25,597,857.00",0.15,"25,597,857.00","25,192,000.00",25461LAA0,US25461LAA08,-,100.17,United States,-,USD,0.36,5.72,1.0,"Aug 15, 2027",5.88,1.18,-,5.11,0.25,5.11,USD,"Aug 02, 2021","Aug 02, 2021",2026-05-15
AVANTOR FUNDING INC 144A,Consumer Non-Cyclical,Fixed Income,"25,504,898.75",0.15,"25,504,898.75","25,496,000.00",05352TAA7,US05352TAA79,BMVVY70,98.52,United States,-,USD,1.77,5.35,1.0,"Jul 15, 2028",4.63,2.01,-,5.35,2.01,5.35,USD,"Jul 17, 2020","Jul 17, 2020",2026-05-15
ARDONAGH GROUP FINANCE LTD 144A,Insurance,Fixed Income,"25,062,265.10",0.15,"25,062,265.10","24,613,000.00",039956AA5,US039956AA59,-,98.92,United Kingdom,-,USD,3.54,9.12,1.0,"Feb 15, 2032",8.88,4.3,-,9.12,4.3,9.12,USD,"Feb 16, 2024","Feb 16, 2024",2026-05-15
ORGANON & CO 144A,Consumer Non-Cyclical,Fixed Income,"25,004,451.82",0.15,"25,004,451.82","25,255,000.00",68622TAB7,US68622TAB70,-,98.82,United States,-,USD,3.39,5.4,1.0,"Apr 30, 2031",5.13,4.32,-,5.40,4.32,5.40,USD,"Apr 22, 2021","Apr 22, 2021",2026-05-15
NEPTUNE BIDCO US INC 144A,Technology,Fixed Income,"24,984,000.51",0.15,"24,984,000.51","24,240,000.00",640695AD4,US640695AD40,-,100.3,United States,-,USD,4.34,9.43,1.0,"Feb 15, 2033",9.5,4.78,-,9.41,3.66,9.41,USD,"Jan 28, 2026","Jan 28, 2026",2026-05-15
CCO HOLDINGS LLC 144A,Communications,Fixed Income,"24,793,576.69",0.15,"24,793,576.69","24,993,000.00",1248EPCU5,US1248EPCU56,BVPC4H2,96.87,United States,-,USD,4.76,7.6,1.0,"Feb 01, 2033",7.0,5.13,-,7.60,5.13,7.60,USD,"Jan 13, 2026","Jan 13, 2026",2026-05-15
TRANSDIGM INC 144A,Capital Goods,Fixed Income,"24,786,478.17",0.15,"24,786,478.17","24,320,000.00",893647BW6,US893647BW65,-,100.95,United States,-,USD,3.74,5.83,1.0,"Jan 15, 2033",6.0,5.39,-,5.68,2.96,5.68,USD,"Sep 19, 2024","Sep 19, 2024",2026-05-15
CARVANA CO 144A,Consumer Cyclical,Fixed Income,"24,596,635.92",0.15,"24,596,635.92","21,862,208.00",146869AM4,US146869AM47,2LJR0V8,110.31,United States,-,USD,2.65,6.57,1.0,"Jun 01, 2031",9.0,4.0,-,5.94,2.0,5.94,USD,"Sep 01, 2023","Sep 01, 2023",2026-05-15
PRIME HEALTHCARE SERVICES INC 144A,Consumer Non-Cyclical,Fixed Income,"24,554,677.81",0.15,"24,554,677.81","23,302,000.00",74165HAC2,US74165HAC25,-,103.5,United States,-,USD,1.99,8.14,1.0,"Sep 01, 2029",9.38,2.76,-,7.67,2.01,7.67,USD,"Aug 29, 2024","Aug 29, 2024",2026-05-15
CCO HOLDINGS LLC 144A,Communications,Fixed Income,"24,079,516.76",0.14,"24,079,516.76","24,007,000.00",1248EPCB7,US1248EPCB75,BK8KJX7,97.88,United States,-,USD,2.33,6.15,1.0,"Jun 01, 2029",5.38,2.7,-,6.15,2.7,6.15,USD,"May 23, 2019","May 23, 2019",2026-05-15
QUIKRETE HOLDINGS INC 144A,Capital Goods,Fixed Income,"23,853,877.69",0.14,"23,853,877.69","23,279,000.00",74843PAB6,US74843PAB67,-,101.12,United States,-,USD,4.0,6.54,1.0,"Mar 01, 2033",6.75,5.33,-,6.41,3.14,6.41,USD,"Feb 10, 2025","Feb 10, 2025",2026-05-15
TRANSDIGM INC 144A,Capital Goods,Fixed Income,"23,827,904.58",0.14,"23,827,904.58","23,489,000.00",893647CB1,US893647CB10,-,99.91,United States,-,USD,5.21,6.14,1.0,"Jul 31, 2034",6.13,6.28,-,6.14,6.28,6.14,USD,"Feb 13, 2026","Feb 13, 2026",2026-05-15
CACI INTERNATIONAL INC 144A,Technology,Fixed Income,"23,756,720.78",0.14,"23,756,720.78","22,842,000.00",127190AE6,US127190AE62,-,101.38,United States,-,USD,4.13,6.13,1.0,"Jun 15, 2033",6.38,5.51,-,5.99,3.47,5.99,USD,"Jun 02, 2025","Jun 02, 2025",2026-05-15
UNIVISION COMMUNICATIONS INC 144A,Communications,Fixed Income,"23,741,620.85",0.14,"23,741,620.85","22,654,000.00",914906BA9,US914906BA95,-,102.14,United States,-,USD,3.87,8.91,1.0,"Aug 01, 2032",9.38,4.54,-,8.75,3.35,8.75,USD,"Jul 22, 2025","Jul 22, 2025",2026-05-15
GENMAB A/S 144A,Consumer Non-Cyclical,Fixed Income,"23,572,514.26",0.14,"23,572,514.26","22,511,000.00",37230JAA0,US37230JAA07,-,101.94,Denmark,-,USD,4.18,5.89,1.0,"Dec 15, 2032",6.25,5.21,-,5.76,3.85,5.76,USD,"Dec 03, 2025","Dec 03, 2025",2026-05-15
JANE STREET GROUP LLC 144A,Brokerage/Asset Managers/Exchanges,Fixed Income,"23,559,638.99",0.14,"23,559,638.99","23,349,000.00",47077WAD0,US47077WAD02,-,100.7,United States,-,USD,3.85,5.99,1.0,"Nov 01, 2032",6.13,5.27,-,5.90,3.08,5.90,USD,"Oct 21, 2024","Oct 21, 2024",2026-05-15
SNAP INC 144A,Communications,Fixed Income,"23,507,170.47",0.14,"23,507,170.47","23,718,000.00",83304AAL0,US83304AAL08,-,97.74,United States,-,USD,4.52,7.3,1.0,"Mar 01, 2033",6.88,5.26,-,7.30,5.26,7.30,USD,"Feb 14, 2025","Feb 14, 2025",2026-05-15
CCO HOLDINGS LLC 144A,Communications,Fixed Income,"23,502,455.82",0.14,"23,502,455.82","28,143,000.00",1248EPCP6,US1248EPCP61,-,82.12,United States,-,USD,6.19,7.34,1.0,"Jan 15, 2034",4.25,6.16,-,7.34,6.16,7.34,USD,"Aug 16, 2021","Aug 16, 2021",2026-05-15
TALEN ENERGY SUPPLY LLC 144A,Electric,Fixed Income,"23,479,841.98",0.14,"23,479,841.98","22,923,000.00",87422VAM0,US87422VAM00,-,99.03,United States,-,USD,4.77,6.41,1.0,"Feb 01, 2034",6.25,5.84,-,6.41,5.84,6.41,USD,"Oct 27, 2025","Oct 27, 2025",2026-05-15
SHIFT4 PAYMENTS LLC 144A,Technology,Fixed Income,"22,869,854.84",0.14,"22,869,854.84","22,674,000.00",82453AAB3,US82453AAB35,-,99.21,United States,-,USD,3.96,6.9,1.0,"Aug 15, 2032",6.75,4.95,-,6.90,4.95,6.90,USD,"Aug 15, 2024","Aug 15, 2024",2026-05-15
ALBION FINANCING 1 SARL 144A,Industrial Other,Fixed Income,"22,853,161.53",0.14,"22,853,161.53","21,883,000.00",01330AAA4,US01330AAA43,-,103.31,Luxembourg,-,USD,2.45,6.06,1.0,"May 21, 2030",7.0,3.44,-,5.79,2.67,5.79,USD,"May 21, 2025","May 21, 2025",2026-05-15
ZF NORTH AMERICA CAPITAL INC 144A,Consumer Cyclical,Fixed Income,"22,801,452.12",0.14,"22,801,452.12","22,310,000.00",98877DAH8,US98877DAH89,-,101.18,Germany,-,USD,3.99,7.2,1.0,"Mar 24, 2031",7.5,3.99,-,7.20,3.87,7.20,USD,"Sep 24, 2025","Sep 24, 2025",2026-05-15
VENTURE GLOBAL LNG INC 144A,Energy,Fixed Income,"22,768,516.63",0.13,"22,768,516.63","21,655,000.00",92332YAE1,US92332YAE14,-,102.85,United States,-,USD,2.21,6.12,1.0,"Jan 15, 2030",7.0,3.14,-,5.83,2.37,5.83,USD,"Jul 24, 2024","Jul 24, 2024",2026-05-15
VENTURE GLOBAL PLAQUEMINES LNG LLC 144A,Energy,Fixed Income,"22,742,453.47",0.13,"22,742,453.47","20,508,000.00",922966AA4,US922966AA47,-,110.65,United States,-,USD,5.3,5.63,1.0,"May 01, 2033",7.5,5.47,-,5.52,5.16,5.52,USD,"Apr 21, 2025","Apr 21, 2025",2026-05-15
ARDAGH GROUP SA 144A,Capital Goods,Fixed Income,"22,408,529.22",0.13,"22,408,529.22","21,003,143.00",039959AA9,US039959AA98,-,105.95,United States,-,USD,3.11,8.01,1.0,"Dec 01, 2030",9.5,3.68,-,7.61,2.94,7.61,USD,"Nov 06, 2025","Nov 06, 2025",2026-05-15
CAESARS ENTERTAINMENT INC 144A,Consumer Cyclical,Fixed Income,"22,311,615.62",0.13,"22,311,615.62","22,360,000.00",12769GAC4,US12769GAC42,-,98.19,United States,-,USD,3.78,6.88,1.0,"Feb 15, 2032",6.5,4.65,-,6.88,4.65,6.88,USD,"Feb 06, 2024","Feb 06, 2024",2026-05-15
PR RNO PROPERTY OWNER 1 LLC 144A,Technology,Fixed Income,"22,306,544.28",0.13,"22,306,544.28","22,415,000.00",69393LAA1,US69393LAA17,-,99.3,United States,-,USD,3.81,6.67,1.0,"May 01, 2031",6.5,4.17,-,6.67,4.17,6.67,USD,"May 01, 2026","May 01, 2026",2026-05-15
NATIONAL MENTOR HOLDINGS INC 144A,Consumer Non-Cyclical,Fixed Income,"22,230,201.07",0.13,"22,230,201.07","20,447,000.00",63688RAF4,US63688RAF47,BV3PLR2,104.32,United States,-,USD,2.94,9.32,1.0,"Dec 15, 2030",10.5,3.46,-,9.06,2.84,9.06,USD,"Dec 12, 2025","Dec 12, 2025",2026-05-15
NOVELIS CORP 144A,Basic Industry,Fixed Income,"22,199,623.19",0.13,"22,199,623.19","22,833,000.00",670001AE6,US670001AE60,BKLPSC1,95.87,United States,-,USD,3.08,6.01,1.0,"Jan 30, 2030",4.75,3.3,-,6.01,3.3,6.01,USD,"Jan 16, 2020","Jan 16, 2020",2026-05-15
TRANSDIGM INC 144A,Capital Goods,Fixed Income,"22,160,680.87",0.13,"22,160,680.87","20,942,000.00",893647BS5,US893647BS53,-,102.99,United States,-,USD,1.85,6.12,1.0,"Dec 15, 2030",6.88,3.8,-,5.45,2.02,5.45,USD,"Aug 18, 2023","Aug 18, 2023",2026-05-15
CLEVELAND-CLIFFS INC 144A,Basic Industry,Fixed Income,"22,137,662.51",0.13,"22,137,662.51","21,937,000.00",185899AP6,US185899AP61,-,99.79,United States,-,USD,3.56,7.04,1.0,"Mar 15, 2032",7.0,4.67,-,7.04,4.67,7.04,USD,"Mar 18, 2024","Mar 18, 2024",2026-05-15
CCO HOLDINGS LLC 144A,Communications,Fixed Income,"22,012,519.70",0.13,"22,012,519.70","21,707,000.00",1248EPCS0,US1248EPCS01,-,100.13,United States,-,USD,1.95,6.33,1.0,"Sep 01, 2029",6.38,2.9,-,6.26,1.22,6.26,USD,"Aug 09, 2022","Aug 09, 2022",2026-05-15
UNITI SERVICES LLC 144A,Communications,Fixed Income,"21,951,794.80",0.13,"21,951,794.80","20,541,000.00",97382BAB5,US97382BAB53,-,105.66,United States,-,USD,3.77,6.52,1.0,"Oct 15, 2033",7.5,5.63,-,6.02,3.71,6.02,USD,"Oct 06, 2025","Oct 06, 2025",2026-05-15
SM ENERGY CO 144A,Energy,Fixed Income,"21,949,528.40",0.13,"21,949,528.40","20,344,000.00",17888HAB9,US17888HAB96,-,104.68,United States,-,USD,0.59,7.63,1.0,"Jul 01, 2031",8.75,3.99,-,5.97,0.13,5.97,USD,"Jun 29, 2023","Jun 29, 2023",2026-05-15
FAIR ISAAC CORP 144A,Technology,Fixed Income,"21,920,304.73",0.13,"21,920,304.73","21,680,000.00",303250AG9,US303250AG98,-,98.14,United States,-,USD,4.56,6.33,1.0,"May 15, 2033",6.0,5.46,-,6.33,5.46,6.33,USD,"May 13, 2025","May 13, 2025",2026-05-15
CARVANA CO 144A,Consumer Cyclical,Fixed Income,"21,916,440.43",0.13,"21,916,440.43","20,689,313.00",146869AN2,US146869AN20,-,103.73,United States,-,USD,0.3,7.9,1.0,"Jun 01, 2030",9.0,3.29,-,5.80,0.25,5.80,USD,"Sep 01, 2023","Sep 01, 2023",2026-05-15
TALEN ENERGY SUPPLY LLC 144A,Electric,Fixed Income,"21,888,347.77",0.13,"21,888,347.77","21,176,000.00",87422VAN8,US87422VAN82,-,99.82,United States,-,USD,5.93,6.52,1.0,"Feb 01, 2036",6.5,6.88,-,6.52,6.88,6.52,USD,"Oct 27, 2025","Oct 27, 2025",2026-05-15
ARDONAGH FINCO LTD 144A,Insurance,Fixed Income,"21,799,188.96",0.13,"21,799,188.96","20,964,000.00",039853AA4,US039853AA46,-,101.44,United Kingdom,-,USD,2.89,7.38,1.0,"Feb 15, 2031",7.75,3.83,-,7.16,2.39,7.16,USD,"Feb 16, 2024","Feb 16, 2024",2026-05-15
DAVITA INC 144A,Consumer Non-Cyclical,Fixed Income,"21,796,866.49",0.13,"21,796,866.49","23,228,000.00",23918KAT5,US23918KAT51,BMFBJQ0,92.92,United States,-,USD,4.08,5.46,1.0,"Feb 15, 2031",3.75,4.23,-,5.46,4.23,5.46,USD,"Aug 11, 2020","Aug 11, 2020",2026-05-15
NCR ATLEOS CORP 144A,Technology,Fixed Income,"21,722,533.68",0.13,"21,722,533.68","20,137,000.00",638962AA8,US638962AA84,-,106.77,United States,-,USD,0.38,6.87,1.0,"Apr 01, 2029",9.5,2.49,-,3.93,0.38,3.93,USD,"Sep 27, 2023","Sep 27, 2023",2026-05-15
ENTEGRIS INC 144A,Technology,Fixed Income,"21,676,569.34",0.13,"21,676,569.34","21,783,000.00",29365BAA1,US29365BAA17,BPVCP60,99.14,United States,-,USD,2.62,5.07,1.0,"Apr 15, 2029",4.75,2.68,-,5.07,2.68,5.07,USD,"Apr 14, 2022","Apr 14, 2022",2026-05-15
VENTURE GLOBAL PLAQUEMINES LNG LLC 144A,Energy,Fixed Income,"21,647,019.06",0.13,"21,647,019.06","20,167,000.00",922966AF3,US922966AF34,-,104.56,United States,-,USD,6.01,5.79,1.0,"Jun 15, 2034",6.5,6.12,-,5.75,5.82,5.75,USD,"Dec 09, 2025","Dec 09, 2025",2026-05-15
1011778 BC UNLIMITED LIABILITY CO 144A,Consumer Cyclical,Fixed Income,"21,636,874.97",0.13,"21,636,874.97","21,907,000.00",68245XAH2,US68245XAH26,BJJJT70,98.14,Canada,-,USD,1.56,5.05,1.0,"Jan 15, 2028",3.88,1.58,-,5.05,1.58,5.05,USD,"Sep 24, 2019","Sep 24, 2019",2026-05-15
VENTURE GLOBAL PLAQUEMINES LNG LLC 144A,Energy,Fixed Income,"21,542,665.93",0.13,"21,542,665.93","19,141,000.00",922966AB2,US922966AB20,-,112.29,United States,-,USD,6.44,5.96,1.0,"May 01, 2035",7.75,6.56,-,5.89,6.3,5.89,USD,"Apr 21, 2025","Apr 21, 2025",2026-05-15
OAK EAGLE ACQUIRECO INC 144A,Communications,Fixed Income,"21,429,634.75",0.13,"21,429,634.75","20,253,000.00",67124CAB9,US67124CAB90,-,104.96,United States,-,USD,4.51,7.9,1.0,"Jul 01, 2034",8.75,5.78,-,7.55,4.09,7.55,USD,"Apr 08, 2026","Apr 08, 2026",2026-05-15
MPT OPERATING PARTNERSHIP LP 144A,Reits,Fixed Income,"21,413,707.36",0.13,"21,413,707.36","20,282,000.00",55342UAQ7,US55342UAQ76,-,103.5,United States,-,USD,3.36,7.73,1.0,"Feb 15, 2032",8.5,4.43,-,7.41,3.12,7.41,USD,"Feb 13, 2025","Feb 13, 2025",2026-05-15
ALLIANT HOLDINGS INTERMEDIATE LLC 144A,Insurance,Fixed Income,"21,380,589.89",0.13,"21,380,589.89","20,569,000.00",01883LAF0,US01883LAF04,-,101.65,United States,-,USD,2.74,6.58,1.0,"Jan 15, 2031",7.0,3.86,-,6.31,2.36,6.31,USD,"Dec 14, 2023","Dec 14, 2023",2026-05-15
NGL ENERGY OPERATING LLC 144A,Energy,Fixed Income,"21,360,379.13",0.13,"21,360,379.13","19,985,000.00",62922LAD0,US62922LAD01,-,104.83,United States,-,USD,2.02,7.4,1.0,"Feb 15, 2032",8.38,4.48,-,6.50,2.41,6.50,USD,"Feb 02, 2024","Feb 02, 2024",2026-05-15
DISH DBS CORP,Communications,Fixed Income,"21,306,030.01",0.13,"21,306,030.01","22,800,000.00",25470XBD6,US25470XBD66,-,91.14,United States,-,USD,2.73,8.48,1.0,"Jun 01, 2029",5.13,2.67,-,8.48,2.67,8.48,USD,"May 24, 2021","Aug 30, 2021",2026-05-15
NEWELL BRANDS INC 144A,Consumer Non-Cyclical,Fixed Income,"21,297,714.13",0.13,"21,297,714.13","19,746,000.00",651229BG0,US651229BG06,-,104.03,United States,-,USD,1.63,6.37,1.0,"Jun 01, 2028",8.5,1.8,-,6.11,1.6,6.11,USD,"May 22, 2025","May 22, 2025",2026-05-15
STANDARD BUILDING SOLUTIONS INC 144A,Capital Goods,Fixed Income,"21,262,323.63",0.13,"21,262,323.63","21,948,000.00",853496AG2,US853496AG21,BMYXXP4,95.44,United States,-,USD,3.42,5.61,1.0,"Jul 15, 2030",4.38,3.69,-,5.61,3.69,5.61,USD,"Jun 30, 2020","Jun 30, 2020",2026-05-15
OLYMPUS WATER US HOLDING CORP 144A,Basic Industry,Fixed Income,"21,227,550.38",0.13,"21,227,550.38","21,542,000.00",681639AE0,US681639AE00,BVMS268,97.69,United States,-,USD,4.67,7.69,1.0,"Feb 15, 2033",7.25,5.2,-,7.69,5.2,7.69,USD,"Oct 09, 2025","Oct 09, 2025",2026-05-15
CQP HOLDCO LP 144A,Energy,Fixed Income,"21,228,180.65",0.13,"21,228,180.65","21,077,000.00",12657NAA8,US12657NAA81,BM8H4Y8,98.46,United States,-,USD,3.48,5.85,1.0,"Jun 15, 2031",5.5,4.28,-,5.85,4.28,5.85,USD,"Jun 03, 2021","Jun 04, 2021",2026-05-15
CCO HOLDINGS LLC 144A,Communications,Fixed Income,"21,203,047.90",0.13,"21,203,047.90","24,509,000.00",1248EPCL5,US1248EPCL57,-,84.49,United States,-,USD,5.68,7.36,1.0,"Jun 01, 2033",4.5,5.67,-,7.36,5.67,7.36,USD,"Apr 22, 2021","Apr 22, 2021",2026-05-15
MILLROSE PROPERTIES INC 144A,Consumer Cyclical,Fixed Income,"21,190,099.06",0.13,"21,190,099.06","20,554,000.00",601137AA0,US601137AA09,-,101.54,United States,-,USD,2.93,5.96,1.0,"Aug 01, 2030",6.38,3.61,-,5.84,2.84,5.84,USD,"Aug 07, 2025","Aug 07, 2025",2026-05-15
SIRIUS XM RADIO LLC 144A,Communications,Fixed Income,"21,150,990.10",0.13,"21,150,990.10","20,937,000.00",82967NBA5,US82967NBA54,BDZVVB6,99.61,United States,-,USD,0.93,5.33,1.0,"Aug 01, 2027",5.0,1.15,-,5.33,1.15,5.33,USD,"Jul 05, 2017","Jul 05, 2017",2026-05-15
PG&E CORPORATION,Electric,Fixed Income,"21,139,389.80",0.13,"21,139,389.80","20,358,000.00",69331CAM0,US69331CAM01,BQXJKM7,102.65,United States,-,USD,3.13,7.6,1.0,"Mar 15, 2055",7.38,3.16,-,6.54,3.08,6.54,USD,"Sep 11, 2024","Sep 11, 2024",2026-05-15
VIKING CRUISES LTD 144A,Consumer Cyclical,Fixed Income,"21,065,333.80",0.12,"21,065,333.80","21,052,000.00",92676XAH0,US92676XAH08,-,99.61,United States,-,USD,4.77,5.94,1.0,"Oct 15, 2033",5.88,5.92,-,5.94,5.92,5.94,USD,"Oct 07, 2025","Oct 07, 2025",2026-05-15
ALTICE FINANCING SA 144A,Communications,Fixed Income,"20,913,802.40",0.12,"20,913,802.40","27,977,000.00",02154CAH6,US02154CAH60,-,73.35,Luxembourg,-,USD,2.86,16.68,1.0,"Aug 15, 2029",5.75,2.69,-,16.68,2.69,16.68,USD,"Aug 12, 2021","Aug 12, 2021",2026-05-15
BRAND INDUSTRIAL SERVICES INC 144A,Industrial Other,Fixed Income,"20,914,379.00",0.12,"20,914,379.00","23,156,000.00",104931AA8,US104931AA85,-,87.38,United States,-,USD,3.29,14.46,1.0,"Aug 01, 2030",10.38,3.13,-,14.46,3.13,14.46,USD,"Aug 01, 2023","Aug 01, 2023",2026-05-15
TENET HEALTHCARE CORP 144A,Consumer Non-Cyclical,Fixed Income,"20,892,552.86",0.12,"20,892,552.86","20,392,000.00",88033GDW7,US88033GDW78,-,99.78,United States,-,USD,4.41,5.54,1.0,"Nov 15, 2032",5.5,5.26,-,5.54,5.26,5.54,USD,"Nov 18, 2025","Nov 18, 2025",2026-05-15
SINCLAIR TELEVISION GROUP INC 144A,Communications,Fixed Income,"20,764,858.71",0.12,"20,764,858.71","19,846,000.00",829259BH2,US829259BH26,-,102.64,United States,-,USD,3.7,7.61,1.0,"Feb 15, 2033",8.13,5.06,-,7.30,3.14,7.30,USD,"Feb 12, 2025","Feb 12, 2025",2026-05-15
SIRIUS XM RADIO LLC 144A,Communications,Fixed Income,"20,700,736.36",0.12,"20,700,736.36","21,894,000.00",82967NBG2,US82967NBG25,BLFGN11,93.04,United States,-,USD,3.59,6.05,1.0,"Jul 01, 2030",4.13,3.66,-,6.05,3.66,6.05,USD,"Jun 11, 2020","Jun 11, 2020",2026-05-15
UNITED RENTALS (NORTH AMERICA) INC 144A,Capital Goods,Fixed Income,"20,522,798.73",0.12,"20,522,798.73","20,388,000.00",911365BS2,US911365BS20,-,98.24,United States,-,USD,4.92,5.67,1.0,"Nov 15, 2033",5.38,5.94,-,5.67,5.94,5.67,USD,"Dec 01, 2025","Dec 01, 2025",2026-05-15
TENET HEALTHCARE CORP,Consumer Non-Cyclical,Fixed Income,"20,518,001.51",0.12,"20,518,001.51","20,340,000.00",88033GDK3,US88033GDK31,-,100.16,United States,-,USD,0.08,6.05,1.0,"Oct 01, 2028",6.13,2.17,-,4.10,0.08,4.10,USD,"Sep 16, 2020","Sep 16, 2020",2026-05-15
ALTICE FRANCE SA (FRANCE) 144A,Communications,Fixed Income,"20,441,926.24",0.12,"20,441,926.24","20,489,683.00",02090DAE8,US02090DAE85,-,97.51,France,-,USD,3.36,7.38,1.0,"Jul 15, 2032",6.88,4.83,-,7.38,4.83,7.38,USD,"Oct 01, 2025","Oct 01, 2025",2026-05-15
JAZZ SECURITIES DAC 144A,Consumer Non-Cyclical,Fixed Income,"20,424,878.31",0.12,"20,424,878.31","20,553,000.00",47216FAA5,US47216FAA57,-,97.94,United States,-,USD,2.15,5.21,1.0,"Jan 15, 2029",4.38,2.45,-,5.21,2.45,5.21,USD,"Apr 29, 2021","Apr 29, 2021",2026-05-15
HILTON DOMESTIC OPERATING COMPANY 144A,Consumer Cyclical,Fixed Income,"20,404,494.62",0.12,"20,404,494.62","22,094,000.00",432833AN1,US432833AN19,-,91.47,United States,-,USD,4.8,5.37,1.0,"Feb 15, 2032",3.63,5.03,-,5.37,5.03,5.37,USD,"Feb 02, 2021","Feb 02, 2021",2026-05-15
AECOM 144A,Industrial Other,Fixed Income,"20,387,639.33",0.12,"20,387,639.33","19,979,000.00",00766TAE0,US00766TAE01,-,100.35,United States,-,USD,4.45,5.94,1.0,"Aug 01, 2033",6.0,5.7,-,5.90,3.62,5.90,USD,"Jul 22, 2025","Jul 22, 2025",2026-05-15
NEPTUNE BIDCO US INC 144A,Technology,Fixed Income,"20,373,667.71",0.12,"20,373,667.71","18,830,000.00",640695AC6,US640695AC66,-,102.84,United States,-,USD,3.09,9.65,1.0,"May 15, 2031",10.38,3.67,-,9.41,2.75,9.41,USD,"Nov 07, 2025","Nov 07, 2025",2026-05-15
MAUSER PACKAGING SOLUTIONS HOLDING 144A,Capital Goods,Fixed Income,"20,331,432.29",0.12,"20,331,432.29","21,611,000.00",57763RAF4,US57763RAF47,-,93.36,United States,-,USD,3.2,11.39,1.0,"Apr 15, 2030",9.25,3.15,-,11.39,3.15,11.39,USD,"Nov 26, 2025","Nov 26, 2025",2026-05-15
MCAFEE CORP 144A,Technology,Fixed Income,"20,285,859.56",0.12,"20,285,859.56","23,976,000.00",579063AB4,US579063AB46,-,82.81,United States,-,USD,3.17,13.33,1.0,"Feb 15, 2030",7.38,3.03,-,13.33,3.03,13.33,USD,"Feb 17, 2022","Feb 17, 2022",2026-05-15
ALBERTSONS COMPANIES INC 144A,Consumer Non-Cyclical,Fixed Income,"20,276,752.97",0.12,"20,276,752.97","21,202,000.00",013092AG6,US013092AG61,BKPMPR2,95.07,United States,-,USD,2.6,5.39,1.0,"Mar 15, 2029",3.5,2.64,-,5.39,2.64,5.39,USD,"Aug 31, 2020","Aug 31, 2020",2026-05-15
FLASH COMPUTE LLC 144A,Technology,Fixed Income,"20,106,460.02",0.12,"20,106,460.02","19,044,000.00",33853QAA9,US33853QAA94,-,102.88,United States,-,USD,3.05,6.52,1.0,"Dec 31, 2030",7.25,3.8,-,6.35,3.08,6.35,USD,"Dec 29, 2025","Dec 29, 2025",2026-05-15
BAUSCH + LOMB CORP 144A,Consumer Non-Cyclical,Fixed Income,"20,099,810.01",0.12,"20,099,810.01","19,252,000.00",071705AA5,US071705AA56,-,103.43,Canada,-,USD,0.39,6.79,1.0,"Oct 01, 2028",8.38,2.12,-,4.69,0.37,4.69,USD,"Sep 29, 2023","Sep 29, 2023",2026-05-15
WESCO DISTRIBUTION INC 144A,Capital Goods,Fixed Income,"20,037,780.67",0.12,"20,037,780.67","19,448,000.00",95081QAP9,US95081QAP90,-,100.05,United States,-,USD,0.27,7.22,1.0,"Jun 15, 2028",7.25,1.85,-,6.47,0.09,6.47,USD,"Jun 12, 2020","Jun 12, 2020",2026-05-15
CHS/COMMUNITY HEALTH SYSTEMS INC 144A,Consumer Non-Cyclical,Fixed Income,"19,984,514.77",0.12,"19,984,514.77","20,658,000.00",12543DBM1,US12543DBM11,-,94.14,United States,-,USD,3.32,6.95,1.0,"May 15, 2030",5.25,3.43,-,6.95,3.43,6.95,USD,"Feb 04, 2022","Feb 04, 2022",2026-05-15
CLYDESDALE ACQUISITION HOLDINGS IN 144A,Capital Goods,Fixed Income,"19,902,531.80",0.12,"19,902,531.80","21,176,000.00",18972EAD7,US18972EAD76,-,93.46,United States,-,USD,4.58,8.16,1.0,"Apr 15, 2032",6.75,4.72,-,8.16,4.72,8.16,USD,"Apr 01, 2025","Apr 01, 2025",2026-05-15
ALLIED UNIVERSAL HOLDCO LLC 144A,Consumer Cyclical,Fixed Income,"19,860,296.78",0.12,"19,860,296.78","19,748,000.00",019579AA9,US019579AA90,-,98.49,United States,-,USD,1.7,5.41,1.0,"Jun 01, 2028",4.63,1.89,-,5.41,1.89,5.41,USD,"May 14, 2021","May 14, 2021",2026-05-15
IRON MOUNTAIN INC 144A,Technology,Fixed Income,"19,833,980.90",0.12,"19,833,980.90","19,743,000.00",46284VAJ0,US46284VAJ08,BL57W73,98.74,United States,-,USD,2.87,5.59,1.0,"Jul 15, 2030",5.25,3.63,-,5.59,3.63,5.59,USD,"Jun 22, 2020","Jun 22, 2020",2026-05-15
NRG ENERGY INC 144A,Electric,Fixed Income,"19,780,043.22",0.12,"19,780,043.22","19,381,000.00",629377DC3,US629377DC38,-,98.62,United States,-,USD,4.83,5.97,1.0,"Jan 15, 2034",5.75,5.92,-,5.97,5.92,5.97,USD,"Oct 08, 2025","Oct 08, 2025",2026-05-15
NOBLE FINANCE II LLC 144A,Energy,Fixed Income,"19,749,341.27",0.12,"19,749,341.27","18,883,000.00",65505PAA5,US65505PAA57,-,103.97,United States,-,USD,1.06,6.83,1.0,"Apr 15, 2030",8.0,3.32,-,5.66,0.88,5.66,USD,"Apr 18, 2023","Apr 18, 2023",2026-05-15
UNITED RENTALS (NORTH AMERICA) INC,Capital Goods,Fixed Income,"19,708,911.19",0.12,"19,708,911.19","19,415,000.00",911365BG8,US911365BG81,BDGSYG2,99.92,United States,-,USD,0.66,4.92,1.0,"Jan 15, 2028",4.88,1.56,-,4.92,1.56,4.92,USD,"Aug 11, 2017","Aug 11, 2017",2026-05-15
TENET HEALTHCARE CORP,Consumer Non-Cyclical,Fixed Income,"19,681,492.65",0.12,"19,681,492.65","20,058,000.00",88033GDR8,US88033GDR83,2KQP5H9,96.69,United States,-,USD,2.89,5.38,1.0,"Jan 15, 2030",4.38,3.29,-,5.38,3.29,5.38,USD,"Dec 01, 2021","Dec 01, 2021",2026-05-15
SWORD PURCHASER LLC 144A,Capital Goods,Fixed Income,"19,633,303.48",0.12,"19,633,303.48","19,114,000.00",87110CAB3,US87110CAB37,-,101.94,United States,-,USD,4.47,7.88,1.0,"Apr 15, 2033",8.25,5.18,-,7.77,3.97,7.77,USD,"Apr 09, 2026","Apr 09, 2026",2026-05-15
ALBERTSONS COMPANIES INC 144A,Consumer Non-Cyclical,Fixed Income,"19,585,755.37",0.12,"19,585,755.37","19,694,000.00",01309QAE8,US01309QAE89,-,97.87,United States,-,USD,4.24,6.06,1.0,"Mar 31, 2032",5.63,4.85,-,6.06,4.85,6.06,USD,"Feb 02, 2026","Feb 02, 2026",2026-05-15
ALTICE FRANCE SA (FRANCE) 144A,Communications,Fixed Income,"19,494,973.03",0.12,"19,494,973.03","18,332,244.00",02090DAA6,US02090DAA63,-,101.65,France,-,USD,0.03,8.94,1.0,"Nov 01, 2029",9.5,2.78,-,-5.00,0.03,-5.00,USD,"Oct 01, 2025","Oct 01, 2025",2026-05-15
SABRE GLBL INC 144A,Technology,Fixed Income,"19,445,919.74",0.12,"19,445,919.74","20,945,000.00",78573NAM4,US78573NAM48,-,89.19,United States,-,USD,3.2,14.66,1.0,"Jul 15, 2030",11.13,3.05,-,14.66,3.05,14.66,USD,"Jun 04, 2025","Jun 04, 2025",2026-05-15
VZ SECURED FINANCING BV 144A,Communications,Fixed Income,"19,415,855.54",0.12,"19,415,855.54","21,714,000.00",91845AAA3,US91845AAA34,-,87.78,Netherlands,-,USD,4.72,7.7,1.0,"Jan 15, 2032",5.0,4.68,-,7.70,4.68,7.70,USD,"Jan 20, 2022","Jan 20, 2022",2026-05-15
VIRGIN MEDIA SECURED FINANCE PLC 144A,Communications,Fixed Income,"19,413,203.38",0.12,"19,413,203.38","19,724,000.00",92769XAP0,US92769XAP06,BJDQX75,95.7,United Kingdom,-,USD,2.57,7.11,1.0,"May 15, 2029",5.5,2.63,-,7.11,2.63,7.11,USD,"May 16, 2019","May 16, 2019",2026-05-15
TENET HEALTHCARE CORP,Consumer Non-Cyclical,Fixed Income,"19,305,220.14",0.11,"19,305,220.14","18,167,000.00",88033GDU1,US88033GDU13,-,102.93,United States,-,USD,1.68,6.06,1.0,"May 15, 2031",6.75,4.08,-,5.19,1.8,5.19,USD,"May 15, 2024","Jun 25, 2024",2026-05-15
SURGERY CENTER HOLDINGS INC 144A,Consumer Non-Cyclical,Fixed Income,"19,221,142.86",0.11,"19,221,142.86","19,046,000.00",86881WAF9,US86881WAF95,-,100.36,United States,-,USD,3.53,7.17,1.0,"Apr 15, 2032",7.25,4.73,-,7.11,2.58,7.11,USD,"Apr 10, 2024","Apr 10, 2024",2026-05-15
JANE STREET GROUP LLC 144A,Brokerage/Asset Managers/Exchanges,Fixed Income,"19,144,793.18",0.11,"19,144,793.18","18,364,000.00",47077WAC2,US47077WAC29,-,103.99,United States,-,USD,2.38,6.18,1.0,"Apr 30, 2031",7.13,4.15,-,5.64,2.65,5.64,USD,"Apr 24, 2024","Apr 24, 2024",2026-05-15
LIFEPOINT HEALTH INC 144A,Consumer Non-Cyclical,Fixed Income,"19,145,100.43",0.11,"19,145,100.43","19,417,000.00",53219LBA6,US53219LBA61,-,98.23,United States,-,USD,5.22,7.3,1.0,"May 01, 2034",7.0,5.98,-,7.30,5.98,7.30,USD,"Apr 24, 2026","Apr 24, 2026",2026-05-15
POST HOLDINGS INC 144A,Consumer Non-Cyclical,Fixed Income,"19,088,433.25",0.11,"19,088,433.25","19,006,000.00",737446AY0,US737446AY09,-,99.39,United States,-,USD,6.3,6.58,1.0,"Mar 15, 2036",6.5,7.1,-,6.58,7.1,6.58,USD,"Dec 15, 2025","Dec 15, 2025",2026-05-15
TEVA PHARMACEUTICAL FINANCE NETHER,Consumer Non-Cyclical,Fixed Income,"18,870,582.27",0.11,"18,870,582.27","18,147,000.00",88167AAK7,US88167AAK79,BF5MKP0,102.64,Israel,-,USD,1.48,5.19,1.0,"Mar 01, 2028",6.75,1.66,-,4.96,1.44,4.96,USD,"Mar 14, 2018","May 17, 2018",2026-05-15
SAKS GLOBAL ENTERPRISES LLC TL,Consumer Cyclical,Fixed Income,"18,853,733.89",0.11,"18,853,733.89","20,419,280.00",81881KAB5,-,-,92.33,United States,-,USD,0.01,50.0,1.0,"Jul 15, 2026",14.67,0.0,-,50.00,0.0,50.00,USD,"Jan 15, 2026","Jan 15, 2026",2026-05-15
MPT OPERATING PARTNERSHIP LP / MPT,Reits,Fixed Income,"18,849,772.30",0.11,"18,849,772.30","19,274,000.00",55342UAH7,US55342UAH77,BF2PPR9,97.41,United States,-,USD,1.36,6.94,1.0,"Oct 15, 2027",5.0,1.34,-,6.94,1.34,6.94,USD,"Sep 21, 2017","Sep 21, 2017",2026-05-15
GRAY MEDIA INC 144A,Communications,Fixed Income,"18,820,989.37",0.11,"18,820,989.37","17,151,000.00",389375AM8,US389375AM81,-,106.3,United States,-,USD,0.17,8.2,1.0,"Jul 15, 2029",10.5,2.6,-,4.04,0.17,4.04,USD,"Jun 03, 2024","Jun 03, 2024",2026-05-15
WYNN MACAU LTD 144A,Consumer Cyclical,Fixed Income,"18,775,644.77",0.11,"18,775,644.77","18,640,000.00",98313RAH9,US98313RAH93,-,99.52,Macau,-,USD,1.32,5.85,1.0,"Aug 26, 2028",5.63,2.09,-,5.85,2.09,5.85,USD,"Aug 26, 2020","Aug 26, 2020",2026-05-15
OAK EAGLE ACQUIRECO INC 144A,Communications,Fixed Income,"18,720,761.88",0.11,"18,720,761.88","17,877,000.00",67124CAA1,US67124CAA18,-,104.01,United States,-,USD,4.45,6.53,1.0,"Jul 01, 2033",7.25,5.52,-,6.31,4.24,6.31,USD,"Apr 08, 2026","Apr 08, 2026",2026-05-15
RAVEN ACQUISITION HOLDINGS LLC 144A,Consumer Cyclical,Fixed Income,"18,706,460.59",0.11,"18,706,460.59","18,417,000.00",75420NAA1,US75420NAA19,-,98.17,United States,-,USD,3.85,7.28,1.0,"Nov 15, 2031",6.88,4.35,-,7.28,4.35,7.28,USD,"Nov 12, 2024","Nov 12, 2024",2026-05-15
ITT HOLDINGS LLC 144A,Energy,Fixed Income,"18,701,815.95",0.11,"18,701,815.95","18,505,000.00",45074JAA2,US45074JAA25,-,99.22,United States,-,USD,1.76,6.77,1.0,"Aug 01, 2029",6.5,2.81,-,6.77,2.81,6.77,USD,"Jul 08, 2021","Jul 08, 2021",2026-05-15
FERTITTA ENTERTAINMENT LLC (NEVADA 144A,Consumer Cyclical,Fixed Income,"18,680,394.41",0.11,"18,680,394.41","18,963,000.00",31556TAC3,US31556TAC36,-,96.3,United States,-,USD,2.86,7.93,1.0,"Jan 15, 2030",6.75,3.11,-,7.93,3.11,7.93,USD,"Jan 27, 2022","Jan 27, 2022",2026-05-15
NISSAN MOTOR ACCEPTANCE COMPANY LL MTN 144A,Consumer Cyclical,Fixed Income,"18,680,447.17",0.11,"18,680,447.17","18,789,000.00",65480CAL9,US65480CAL90,-,98.69,United States,-,USD,3.78,6.47,1.0,"Sep 30, 2030",6.13,3.76,-,6.47,3.76,6.47,USD,"Sep 29, 2025","Sep 29, 2025",2026-05-15
NISSAN MOTOR CO LTD 144A,Consumer Cyclical,Fixed Income,"18,666,559.31",0.11,"18,666,559.31","17,273,000.00",654922AD5,US654922AD53,-,105.45,Japan,-,USD,6.35,7.3,1.0,"Jul 17, 2035",8.13,6.33,-,7.28,6.21,7.28,USD,"Jul 17, 2025","Jul 17, 2025",2026-05-15
STANDARD BUILDING SOLUTIONS INC 144A,Capital Goods,Fixed Income,"18,637,875.03",0.11,"18,637,875.03","18,379,000.00",853191AC8,US853191AC80,-,99.64,United States,-,USD,4.55,6.31,1.0,"Aug 01, 2033",6.25,5.64,-,6.31,5.64,6.31,USD,"Jul 22, 2025","Jul 22, 2025",2026-05-15
COOPER-STANDARD AUTOMOTIVE INC 144A,Consumer Cyclical,Fixed Income,"18,633,522.70",0.11,"18,633,522.70","18,295,000.00",216762AK0,US216762AK06,-,100.08,United States,-,USD,3.52,9.21,1.0,"Mar 01, 2031",9.25,3.75,-,9.21,3.1,9.21,USD,"Mar 04, 2026","Mar 04, 2026",2026-05-15
AMERICAN AXLE & MANUFACTURING INC 144A,Consumer Cyclical,Fixed Income,"18,630,877.17",0.11,"18,630,877.17","18,534,000.00",02406PBD1,US02406PBD15,-,99.92,United States,-,USD,4.64,7.76,1.0,"Oct 15, 2033",7.75,5.53,-,7.76,5.53,7.76,USD,"Oct 03, 2025","Oct 03, 2025",2026-05-15
NEXSTAR MEDIA INC 144A,Communications,Fixed Income,"18,619,531.52",0.11,"18,619,531.52","18,356,000.00",65346UAA7,US65346UAA79,BTG0PS9,100.61,United States,-,USD,4.91,7.15,1.0,"Apr 15, 2034",7.25,5.91,-,7.10,4.05,7.10,USD,"Apr 02, 2026","Apr 02, 2026",2026-05-15
ALLIANT HOLDINGS INTERMEDIATE LLC 144A,Insurance,Fixed Income,"18,587,356.10",0.11,"18,587,356.10","18,452,000.00",01883LAA1,US01883LAA17,BJK69N6,100.21,United States,-,USD,0.08,6.59,1.0,"Oct 15, 2027",6.75,1.33,-,4.13,0.08,4.13,USD,"Oct 11, 2019","Oct 11, 2019",2026-05-15
CAESARS ENTERTAINMENT INC 144A,Consumer Cyclical,Fixed Income,"18,510,868.02",0.11,"18,510,868.02","19,021,000.00",12769GAA8,US12769GAA85,BP6VNC4,96.96,United States,-,USD,2.74,5.61,1.0,"Oct 15, 2029",4.63,3.1,-,5.61,3.1,5.61,USD,"Sep 24, 2021","Sep 24, 2021",2026-05-15
HERTZ CORPORATION (THE) 144A,Transportation,Fixed Income,"18,476,243.87",0.11,"18,476,243.87","18,952,000.00",428040DC0,US428040DC08,-,93.35,United States,-,USD,2.53,15.33,1.0,"Jul 15, 2029",12.63,2.4,-,15.33,2.4,15.33,USD,"Jun 28, 2024","Jun 28, 2024",2026-05-15
CSC HOLDINGS LLC 144A,Communications,Fixed Income,"18,461,072.30",0.11,"18,461,072.30","26,524,000.00",126307BN6,US126307BN62,-,66.24,United States,-,USD,2.18,30.97,1.0,"Jan 31, 2029",11.75,1.92,-,30.97,1.92,30.97,USD,"Jan 25, 2024","Jan 25, 2024",2026-05-15
POST HOLDINGS INC 144A,Consumer Non-Cyclical,Fixed Income,"18,442,541.50",0.11,"18,442,541.50","18,958,000.00",737446AQ7,US737446AQ74,BLCF601,96.92,United States,-,USD,3.1,5.51,1.0,"Apr 15, 2030",4.63,3.52,-,5.51,3.52,5.51,USD,"Feb 26, 2020","Feb 26, 2020",2026-05-15
CORE SCIENTIFIC FINANCE I LLC 144A,Technology,Fixed Income,"18,400,950.50",0.11,"18,400,950.50","18,245,000.00",21874LAA0,US21874LAA08,-,100.7,United States,-,USD,3.69,7.55,1.0,"May 15, 2031",7.75,4.09,-,7.51,3.39,7.51,USD,"May 06, 2026","May 06, 2026",2026-05-15
TENET HEALTHCARE CORP,Consumer Non-Cyclical,Fixed Income,"18,366,634.28",0.11,"18,366,634.28","18,342,000.00",88033GDB3,US88033GDB32,BPTJRF6,99.96,United States,-,USD,0.52,5.15,1.0,"Nov 01, 2027",5.13,1.39,-,5.15,1.39,5.15,USD,"Nov 01, 2022","Aug 26, 2019",2026-05-15
POST HOLDINGS INC 144A,Consumer Non-Cyclical,Fixed Income,"18,360,056.26",0.11,"18,360,056.26","18,104,000.00",737446AV6,US737446AV69,-,100.14,United States,-,USD,3.94,6.35,1.0,"Mar 01, 2033",6.38,5.38,-,6.32,2.9,6.32,USD,"Aug 22, 2024","Aug 22, 2024",2026-05-15
COMSTOCK RESOURCES INC 144A,Energy,Fixed Income,"18,308,559.62",0.11,"18,308,559.62","18,402,000.00",205768AS3,US205768AS39,BMW2W01,98.14,United States,-,USD,2.14,7.49,1.0,"Mar 01, 2029",6.75,2.47,-,7.49,2.47,7.49,USD,"Mar 04, 2021","Mar 04, 2021",2026-05-15
TENET HEALTHCARE CORP,Consumer Non-Cyclical,Fixed Income,"18,262,622.78",0.11,"18,262,622.78","18,368,000.00",88033GDM9,US88033GDM96,-,97.51,United States,-,USD,2.41,5.14,1.0,"Jun 01, 2029",4.25,2.76,-,5.14,2.76,5.14,USD,"Jun 02, 2021","Jun 02, 2021",2026-05-15
CCO HOLDINGS LLC 144A,Communications,Fixed Income,"18,244,558.33",0.11,"18,244,558.33","18,400,000.00",1248EPCV3,US1248EPCV30,-,96.7,United States,-,USD,6.15,7.86,1.0,"Feb 01, 2036",7.38,6.62,-,7.86,6.62,7.86,USD,"Jan 13, 2026","Jan 13, 2026",2026-05-15
WAND NEWCO 3 INC 144A,Consumer Cyclical,Fixed Income,"18,245,391.83",0.11,"18,245,391.83","17,385,000.00",933940AA6,US933940AA60,-,102.77,United States,-,USD,2.71,7.03,1.0,"Jan 30, 2032",7.63,4.5,-,6.49,2.38,6.49,USD,"Jan 30, 2024","Jan 30, 2024",2026-05-15
VENTURE GLOBAL CALCASIEU PASS LLC 144A,Energy,Fixed Income,"18,208,525.24",0.11,"18,208,525.24","18,858,000.00",92328MAA1,US92328MAA18,-,95.61,United States,-,USD,2.94,5.36,1.0,"Aug 15, 2029",3.88,2.98,-,5.36,2.98,5.36,USD,"Aug 05, 2021","Aug 05, 2021",2026-05-15
DISCOVERY GLOBAL HOLDINGS INC,Communications,Fixed Income,"18,183,840.97",0.11,"18,183,840.97","18,568,000.00",55903VBY8,US55903VBY83,-,97.28,United States,-,USD,2.62,5.09,1.0,"Mar 15, 2029",4.05,2.62,-,5.09,2.62,5.09,USD,"Mar 15, 2025","Jun 30, 2025",2026-05-15
SCIH SALT HOLDINGS INC 144A,Basic Industry,Fixed Income,"18,135,410.39",0.11,"18,135,410.39","18,251,000.00",78433BAA6,US78433BAA61,-,99.2,United States,-,USD,1.46,5.31,1.0,"May 01, 2028",4.88,1.85,-,5.31,1.85,5.31,USD,"Apr 27, 2021","Apr 27, 2021",2026-05-15
SMYRNA READY MIX CONCRETE LLC 144A,Capital Goods,Fixed Income,"18,039,000.32",0.11,"18,039,000.32","16,561,000.00",83283WAE3,US83283WAE30,-,104.54,United States,-,USD,1.89,7.84,1.0,"Nov 15, 2031",8.88,4.15,-,6.87,2.14,6.87,USD,"Nov 20, 2023","Nov 20, 2023",2026-05-15
BALL CORPORATION,Capital Goods,Fixed Income,"17,963,907.04",0.11,"17,963,907.04","19,635,000.00",058498AW6,US058498AW66,BKY44N8,90.79,United States,-,USD,3.91,5.32,1.0,"Aug 15, 2030",2.88,3.89,-,5.32,3.89,5.32,USD,"Aug 13, 2020","Aug 13, 2020",2026-05-15
ENERGY TRANSFER LP (NC6),Energy,Fixed Income,"17,950,241.05",0.11,"17,950,241.05","17,607,000.00",29273VBG4,US29273VBG41,-,100.36,United States,-,USD,3.84,6.67,1.0,"Feb 15, 2056",6.5,3.91,-,6.41,3.8,6.41,USD,"Aug 25, 2025","Aug 25, 2025",2026-05-15
CLEVELAND-CLIFFS INC 144A,Basic Industry,Fixed Income,"17,854,051.55",0.11,"17,854,051.55","17,302,000.00",18589GAA3,US18589GAA31,-,100.69,United States,-,USD,4.65,7.5,1.0,"Jan 15, 2034",7.63,5.6,-,7.44,3.78,7.44,USD,"Sep 08, 2025","Sep 08, 2025",2026-05-15
SIRIUS XM RADIO LLC 144A,Communications,Fixed Income,"17,807,862.39",0.11,"17,807,862.39","17,627,000.00",82967NBC1,US82967NBC11,BJYHK54,99.01,United States,-,USD,2.13,5.85,1.0,"Jul 01, 2029",5.5,2.78,-,5.85,2.78,5.85,USD,"Jun 07, 2019","Jun 07, 2019",2026-05-15
BUILDERS FIRSTSOURCE INC 144A,Capital Goods,Fixed Income,"17,781,212.89",0.11,"17,781,212.89","19,039,000.00",12008RAP2,US12008RAP29,BMD9BZ9,92.19,United States,-,USD,4.67,5.88,1.0,"Feb 01, 2032",4.25,4.9,-,5.88,4.9,5.88,USD,"Jul 23, 2021","Jul 23, 2021",2026-05-15
CHART INDUSTRIES INC 144A,Capital Goods,Fixed Income,"17,767,611.62",0.11,"17,767,611.62","16,692,000.00",16115QAF7,US16115QAF72,-,103.69,United States,-,USD,0.71,6.34,1.0,"Jan 01, 2030",7.5,3.08,-,4.46,0.6,4.46,USD,"Dec 22, 2022","Dec 22, 2022",2026-05-15
VENTURE GLOBAL CALCASIEU PASS LLC 144A,Energy,Fixed Income,"17,759,531.46",0.11,"17,759,531.46","18,759,000.00",92328MAB9,US92328MAB90,-,93.66,United States,-,USD,4.55,5.53,1.0,"Aug 15, 2031",4.13,4.58,-,5.53,4.58,5.53,USD,"Aug 05, 2021","Aug 05, 2021",2026-05-15
IRON MOUNTAIN INC 144A,Technology,Fixed Income,"17,744,273.44",0.11,"17,744,273.44","17,189,000.00",46284VAQ4,US46284VAQ41,-,101.18,United States,-,USD,3.83,6.03,1.0,"Jan 15, 2033",6.25,5.3,-,5.88,3.1,5.88,USD,"Dec 06, 2024","Dec 06, 2024",2026-05-15
BLOCK INC 144A,Technology,Fixed Income,"17,730,768.11",0.11,"17,730,768.11","17,480,000.00",852234AT0,US852234AT09,-,100.06,United States,-,USD,3.16,5.61,1.0,"Aug 15, 2030",5.63,3.69,-,5.60,2.9,5.60,USD,"Aug 18, 2025","Aug 18, 2025",2026-05-15
SIRIUS XM RADIO LLC 144A,Communications,Fixed Income,"17,709,455.77",0.1,"17,709,455.77","19,569,000.00",82967NBM9,US82967NBM92,-,89.72,United States,-,USD,4.59,6.18,1.0,"Sep 01, 2031",3.88,4.63,-,6.18,4.63,6.18,USD,"Aug 16, 2021","Aug 16, 2021",2026-05-15
VERITIV OPERATING CO 144A,Basic Industry,Fixed Income,"17,702,175.41",0.1,"17,702,175.41","16,441,000.00",92339LAA0,US92339LAA08,BMJ0LG7,102.92,United States,-,USD,2.45,9.69,1.0,"Nov 30, 2030",10.5,3.41,-,9.19,2.11,9.19,USD,"Nov 30, 2023","Nov 30, 2023",2026-05-15
AETHON UNITED BR LP 144A,Energy,Fixed Income,"17,664,384.77",0.1,"17,664,384.77","16,770,000.00",00810GAD6,US00810GAD60,-,104.46,United States,-,USD,1.03,6.02,1.0,"Oct 01, 2029",7.5,2.95,-,5.37,0.37,5.37,USD,"Oct 01, 2024","Oct 01, 2024",2026-05-15
MELCO RESORTS FINANCE LTD 144A,Consumer Cyclical,Fixed Income,"17,634,918.96",0.1,"17,634,918.96","17,616,000.00",58547DAD1,US58547DAD12,-,97.73,Macau,-,USD,2.67,6.09,1.0,"Dec 04, 2029",5.38,3.11,-,6.09,3.11,6.09,USD,"Dec 04, 2019","Dec 04, 2019",2026-05-15
RYAN SPECIALTY LLC 144A,Insurance,Fixed Income,"17,600,607.97",0.1,"17,600,607.97","17,470,000.00",78351GAA3,US78351GAA31,-,99.08,United States,-,USD,3.96,6.05,1.0,"Aug 01, 2032",5.88,5.05,-,6.05,5.05,6.05,USD,"Sep 19, 2024","Sep 19, 2024",2026-05-15
UNIVISION COMMUNICATIONS INC 144A,Communications,Fixed Income,"17,596,915.69",0.1,"17,596,915.69","17,143,000.00",914906AZ5,US914906AZ55,-,100.22,United States,-,USD,3.41,8.44,1.0,"Jul 31, 2031",8.5,4.05,-,8.41,2.7,8.41,USD,"Jun 07, 2024","Jun 07, 2024",2026-05-15
1011778 BC UNLIMITED LIABILITY CO 144A,Consumer Cyclical,Fixed Income,"17,591,270.62",0.1,"17,591,270.62","16,892,000.00",68245XAR0,US68245XAR08,-,101.62,Canada,-,USD,1.98,5.54,1.0,"Jun 15, 2029",6.13,2.72,-,5.29,1.9,5.29,USD,"Jun 17, 2024","Jun 17, 2024",2026-05-15
EQUIPMENTSHARECOM INC 144A,Capital Goods,Fixed Income,"17,538,115.35",0.1,"17,538,115.35","16,182,000.00",29450YAA7,US29450YAA73,-,103.93,United States,-,USD,0.93,6.87,1.0,"May 15, 2028",9.0,1.74,-,4.95,0.92,4.95,USD,"May 09, 2023","May 09, 2023",2026-05-15
SIRIUS XM RADIO LLC 144A,Communications,Fixed Income,"17,432,571.82",0.1,"17,432,571.82","17,605,000.00",82966BAA3,US82966BAA35,-,97.89,United States,-,USD,4.55,6.3,1.0,"Apr 15, 2032",5.88,4.87,-,6.30,4.87,6.30,USD,"Mar 04, 2026","Mar 04, 2026",2026-05-15
SABRE FINANCIAL BORROWER LLC 144A,Technology,Fixed Income,"17,410,435.92",0.1,"17,410,435.92","16,076,000.00",78573XAA8,US78573XAA81,-,103.42,United States,-,USD,1.92,9.81,1.0,"Jun 15, 2029",11.13,2.46,-,9.28,1.76,9.28,USD,"Dec 05, 2025","Dec 05, 2025",2026-05-15
FREEDOM MORTGAGE HOLDINGS LLC 144A,Finance Companies,Fixed Income,"17,398,959.94",0.1,"17,398,959.94","16,448,000.00",35641AAA6,US35641AAA60,-,103.16,United States,-,USD,1.41,7.93,1.0,"Feb 01, 2029",9.25,2.32,-,7.25,1.53,7.25,USD,"Feb 07, 2024","Feb 07, 2024",2026-05-15
COREWEAVE INC 144A,Technology,Fixed Income,"17,394,764.42",0.1,"17,394,764.42","16,926,000.00",21873SAG3,US21873SAG30,-,101.98,United States,-,USD,3.8,9.27,1.0,"Oct 01, 2031",9.75,4.1,-,9.19,3.49,9.19,USD,"Apr 14, 2026","Apr 14, 2026",2026-05-15
DAVITA INC 144A,Consumer Non-Cyclical,Fixed Income,"17,348,078.75",0.1,"17,348,078.75","16,566,000.00",23918KAW8,US23918KAW80,-,103.35,United States,-,USD,3.04,6.22,1.0,"Sep 01, 2032",6.88,5.02,-,5.74,2.89,5.74,USD,"Aug 13, 2024","Aug 13, 2024",2026-05-15
HOWDEN UK REFINANCE 2 PLC 144A,Insurance,Fixed Income,"17,324,469.44",0.1,"17,324,469.44","18,311,000.00",44287DAA1,US44287DAA19,-,92.63,United Kingdom,-,USD,4.25,9.83,1.0,"Feb 15, 2032",8.13,4.35,-,9.83,4.35,9.83,USD,"Feb 15, 2024","Feb 15, 2024",2026-05-15
HERC HOLDINGS ESCROW INC 144A,Capital Goods,Fixed Income,"17,313,899.64",0.1,"17,313,899.64","16,266,000.00",42704LAG9,US42704LAG95,2NQK6Z0,103.46,United States,-,USD,3.77,6.63,1.0,"Jun 15, 2033",7.25,5.36,-,6.27,3.41,6.27,USD,"Jun 02, 2025","Jun 02, 2025",2026-05-15
CRESCENT ENERGY FINANCE LLC 144A,Energy,Fixed Income,"17,250,800.90",0.1,"17,250,800.90","16,631,000.00",45344LAD5,US45344LAD55,-,102.84,United States,-,USD,2.9,7.03,1.0,"Apr 01, 2032",7.63,4.66,-,6.53,2.54,6.53,USD,"Mar 26, 2024","Mar 26, 2024",2026-05-15
WYNN RESORTS FINANCE LLC 144A,Consumer Cyclical,Fixed Income,"17,163,750.08",0.1,"17,163,750.08","16,029,000.00",983133AC3,US983133AC37,BMZMHS1,105.34,United States,-,USD,3.89,5.82,1.0,"Feb 15, 2031",7.13,3.96,-,5.76,3.78,5.76,USD,"Feb 16, 2023","Feb 16, 2023",2026-05-15
GLOBAL MEDICAL RESPONSE INC 144A,Consumer Non-Cyclical,Fixed Income,"17,143,054.12",0.1,"17,143,054.12","16,313,000.00",37960BAD7,US37960BAD73,-,104.23,United States,-,USD,3.79,6.55,1.0,"Oct 01, 2032",7.38,5.03,-,6.25,3.69,6.25,USD,"Sep 19, 2025","Sep 19, 2025",2026-05-15
KINETIK HOLDINGS LP 144A,Energy,Fixed Income,"17,103,057.22",0.1,"17,103,057.22","16,329,000.00",49461MAB6,US49461MAB63,-,102.02,United States,-,USD,1.35,5.77,1.0,"Dec 15, 2028",6.63,2.3,-,5.28,1.46,5.28,USD,"Dec 06, 2023","Dec 06, 2023",2026-05-15
VENTURE GLOBAL CALCASIEU PASS LLC 144A,Energy,Fixed Income,"17,100,250.13",0.1,"17,100,250.13","16,334,000.00",92328MAE3,US92328MAE30,-,102.64,United States,-,USD,3.1,5.44,1.0,"Jan 15, 2030",6.25,3.19,-,5.40,2.99,5.40,USD,"Jan 13, 2023","Jan 13, 2023",2026-05-15
VZ SECURED FINANCING BV 144A,Communications,Fixed Income,"17,041,170.06",0.1,"17,041,170.06","17,411,000.00",91845AAB1,US91845AAB17,-,97.29,Netherlands,-,USD,4.49,8.03,1.0,"Jan 15, 2033",7.5,5.11,-,8.03,5.11,8.03,USD,"Oct 08, 2025","Oct 08, 2025",2026-05-15
ESAB CORP 144A,Capital Goods,Fixed Income,"17,032,079.98",0.1,"17,032,079.98","16,864,000.00",29605JAB2,US29605JAB26,-,100.26,United States,-,USD,3.62,5.56,1.0,"Apr 01, 2031",5.63,4.19,-,5.55,3.42,5.55,USD,"Mar 26, 2026","Mar 26, 2026",2026-05-15
CHURCHILL DOWNS INCORPORATED 144A,Consumer Cyclical,Fixed Income,"16,993,785.79",0.1,"16,993,785.79","16,931,000.00",12511VAA6,US12511VAA61,-,99.7,United States,-,USD,2.01,5.84,1.0,"Apr 01, 2030",5.75,3.41,-,5.84,3.41,5.84,USD,"Apr 13, 2022","Apr 13, 2022",2026-05-15
ICAHN ENTERPRISES LP,Financial Other,Fixed Income,"16,988,473.48",0.1,"16,988,473.48","16,733,000.00",451102BZ9,US451102BZ91,-,98.93,United States,-,USD,0.94,6.36,1.0,"May 15, 2027",5.25,0.94,-,6.36,0.94,6.36,USD,"Dec 12, 2019","Mar 09, 2020",2026-05-15
KODIAK GAS SERVICES LLC 144A,Energy,Fixed Income,"16,981,146.96",0.1,"16,981,146.96","16,715,000.00",50012LAF1,US50012LAF13,-,100.73,United States,-,USD,3.56,5.7,1.0,"Apr 01, 2031",5.88,4.16,-,5.66,3.41,5.66,USD,"Mar 20, 2026","Mar 20, 2026",2026-05-15
NISSAN MOTOR CO LTD 144A,Consumer Cyclical,Fixed Income,"16,982,025.23",0.1,"16,982,025.23","16,031,000.00",654922AB9,US654922AB97,-,103.52,Japan,-,USD,3.48,6.52,1.0,"Jul 17, 2030",7.5,3.48,-,6.51,3.42,6.51,USD,"Jul 17, 2025","Jul 17, 2025",2026-05-15
CHS/COMMUNITY HEALTH SYSTEMS INC 144A,Consumer Non-Cyclical,Fixed Income,"16,967,939.82",0.1,"16,967,939.82","17,129,000.00",12543DBJ8,US12543DBJ81,BMDMJ98,98.53,United States,-,USD,2.06,7.44,1.0,"Apr 15, 2029",6.88,2.59,-,7.44,2.59,7.44,USD,"Feb 02, 2021","Feb 02, 2021",2026-05-15
UNIVISION COMMUNICATIONS INC 144A,Communications,Fixed Income,"16,966,439.54",0.1,"16,966,439.54","17,026,000.00",914906BB7,US914906BB78,-,98.96,United States,-,USD,4.65,9.08,1.0,"Apr 15, 2033",8.88,5.04,-,9.08,5.04,9.08,USD,"Apr 15, 2026","Apr 15, 2026",2026-05-15
CLARIOS US FINANCE COMPANY INC 144A,Consumer Cyclical,Fixed Income,"16,958,423.71",0.1,"16,958,423.71","16,117,000.00",18060TAD7,US18060TAD72,-,103.57,United States,-,USD,2.01,5.68,1.0,"Feb 15, 2030",6.75,3.24,-,5.34,2.46,5.34,USD,"Jan 28, 2025","Jan 28, 2025",2026-05-15
ALPHA GENERATION LLC 144A,Electric,Fixed Income,"16,952,867.99",0.1,"16,952,867.99","16,526,000.00",02073LAA9,US02073LAA98,-,102.06,United States,-,USD,3.52,6.35,1.0,"Oct 15, 2032",6.75,5.14,-,6.07,3.01,6.07,USD,"Sep 30, 2024","Sep 30, 2024",2026-05-15
PG&E CORPORATION,Electric,Fixed Income,"16,923,442.52",0.1,"16,923,442.52","16,773,000.00",69331CAJ7,US69331CAJ71,BLCC408,98.97,United States,-,USD,2.78,5.53,1.0,"Jul 01, 2030",5.25,3.6,-,5.53,3.6,5.53,USD,"Jun 23, 2020","Jun 23, 2020",2026-05-15
SIX FLAGS ENTERTAINMENT CORP 144A,Consumer Cyclical,Fixed Income,"16,920,548.10",0.1,"16,920,548.10","16,126,000.00",83003AAA8,US83003AAA88,-,102.07,United States,-,USD,3.73,8.16,1.0,"Jan 15, 2032",8.63,4.32,-,8.02,3.37,8.02,USD,"Jan 14, 2026","Jan 14, 2026",2026-05-15
SUNRISE FINCO I BV 144A,Communications,Fixed Income,"16,888,911.44",0.1,"16,888,911.44","17,437,000.00",90320BAA7,US90320BAA70,-,95.26,Netherlands,-,USD,4.01,5.95,1.0,"Jul 15, 2031",4.88,4.41,-,5.95,4.41,5.95,USD,"Apr 21, 2021","Apr 21, 2021",2026-05-15
CLYDESDALE ACQUISITION HOLDINGS IN 144A,Capital Goods,Fixed Income,"16,885,022.61",0.1,"16,885,022.61","17,925,000.00",18972EAB1,US18972EAB11,-,93.52,United States,-,USD,3.21,10.82,1.0,"Apr 15, 2030",8.75,3.19,-,10.82,3.19,10.82,USD,"Apr 13, 2022","Apr 13, 2022",2026-05-15
ARC FALCON I INC 144A,Basic Industry,Fixed Income,"16,863,692.35",0.1,"16,863,692.35","17,329,000.00",03881HAA8,US03881HAA86,-,95.5,United States,-,USD,4.88,10.69,1.0,"Mar 01, 2033",9.75,4.74,-,10.69,4.74,10.69,USD,"Mar 06, 2026","Mar 06, 2026",2026-05-15
KIOXIA HOLDINGS CORP 144A,Technology,Fixed Income,"16,847,025.02",0.1,"16,847,025.02","16,065,000.00",49726JAA6,US49726JAA60,-,102.98,Japan,-,USD,2.57,5.44,1.0,"Jul 24, 2030",6.25,3.6,-,5.22,2.83,5.22,USD,"Jul 24, 2025","Jul 24, 2025",2026-05-15
DISCOVERY COMMUNICATIONS LLC,Communications,Fixed Income,"16,835,135.41",0.1,"16,835,135.41","17,021,000.00",25470DBS7,US25470DBS71,-,98.33,United States,-,USD,1.72,4.9,1.0,"Mar 20, 2028",3.95,1.75,-,4.90,1.75,4.90,USD,"Mar 20, 2025","Jun 30, 2025",2026-05-15
BELL TELEPHONE COMPANY (NC10.5),Communications,Fixed Income,"16,804,550.75",0.1,"16,804,550.75","16,090,000.00",0778FPAQ2,US0778FPAQ20,-,103.31,Canada,-,USD,6.68,6.5,1.0,"Sep 15, 2055",7.0,6.82,-,6.51,6.63,6.51,USD,"Feb 18, 2025","Feb 18, 2025",2026-05-15
BELRON UK FINANCE PLC 144A,Consumer Cyclical,Fixed Income,"16,793,938.30",0.1,"16,793,938.30","16,562,000.00",080782AA3,US080782AA38,-,100.95,United Kingdom,-,USD,2.41,5.44,1.0,"Oct 15, 2029",5.75,3.06,-,5.32,2.23,5.32,USD,"Oct 16, 2024","Oct 16, 2024",2026-05-15
WEATHERFORD INTERNATIONAL LTD 144A,Energy,Fixed Income,"16,777,789.30",0.1,"16,777,789.30","16,201,000.00",947075AW7,US947075AW79,-,103.04,United States,-,USD,4.22,6.23,1.0,"Oct 15, 2033",6.75,5.77,-,5.96,3.77,5.96,USD,"Oct 06, 2025","Oct 06, 2025",2026-05-15
INVERSION ESCROW ISSUER LLC 144A,Basic Industry,Fixed Income,"16,711,814.04",0.1,"16,711,814.04","17,055,000.00",46150DAA0,US46150DAA00,-,97.2,United States,-,USD,4.51,7.32,1.0,"Aug 01, 2032",6.75,4.94,-,7.32,4.94,7.32,USD,"Aug 07, 2025","Aug 07, 2025",2026-05-15
SBA COMMUNICATIONS CORP,Communications,Fixed Income,"16,692,353.32",0.1,"16,692,353.32","17,259,000.00",78410GAG9,US78410GAG91,-,95.83,United States,-,USD,2.48,4.78,1.0,"Feb 01, 2029",3.13,2.54,-,4.78,2.54,4.78,USD,"Aug 01, 2021","Jan 18, 2022",2026-05-15
OSAIC HOLDINGS INC 144A,Brokerage/Asset Managers/Exchanges,Fixed Income,"16,658,765.91",0.1,"16,658,765.91","16,125,000.00",00791GAB3,US00791GAB32,-,101.4,United States,-,USD,4.02,6.47,1.0,"Aug 01, 2032",6.75,4.93,-,6.36,3.54,6.36,USD,"Aug 01, 2025","Aug 01, 2025",2026-05-15
UNITED AIRLINES HOLDINGS INC,Transportation,Fixed Income,"16,657,935.57",0.1,"16,657,935.57","16,673,000.00",910047AM1,US910047AM17,BWBZMK1,98.6,United States,-,USD,2.5,5.42,1.0,"Mar 01, 2029",4.88,2.55,-,5.42,2.55,5.42,USD,"Feb 06, 2026","Feb 06, 2026",2026-05-15
TRANSDIGM INC,Capital Goods,Fixed Income,"16,641,856.57",0.1,"16,641,856.57","16,650,000.00",893647BP1,US893647BP15,-,98.43,United States,-,USD,2.02,5.26,1.0,"Jan 15, 2029",4.63,2.44,-,5.26,2.44,5.26,USD,"Jul 15, 2021","Sep 20, 2021",2026-05-15
ROCKET MORTGAGE LLC 144A,Finance Companies,Fixed Income,"16,624,756.39",0.1,"16,624,756.39","17,718,000.00",74841CAB7,US74841CAB72,BN7RYH9,93.05,United States,-,USD,4.09,5.54,1.0,"Mar 01, 2031",3.88,4.26,-,5.54,4.26,5.54,USD,"Sep 14, 2020","Sep 14, 2020",2026-05-15
SMYRNA READY MIX CONCRETE LLC 144A,Capital Goods,Fixed Income,"16,625,849.65",0.1,"16,625,849.65","16,606,000.00",85236FAA1,US85236FAA12,-,99.92,United States,-,USD,1.21,6.03,1.0,"Nov 01, 2028",6.0,2.26,-,6.03,2.26,6.03,USD,"Nov 06, 2020","Nov 06, 2020",2026-05-15
VMED O2 UK FINANCING I PLC 144A,Communications,Fixed Income,"16,594,763.89",0.1,"16,594,763.89","19,166,000.00",92858RAB6,US92858RAB69,-,85.03,United Kingdom,-,USD,4.41,8.37,1.0,"Jul 15, 2031",4.75,4.33,-,8.37,4.33,8.37,USD,"Jul 07, 2021","Jul 07, 2021",2026-05-15
KIOXIA HOLDINGS CORP 144A,Technology,Fixed Income,"16,539,210.46",0.1,"16,539,210.46","15,562,000.00",49726JAB4,US49726JAB44,-,104.27,Japan,-,USD,3.73,5.89,1.0,"Jul 24, 2033",6.63,5.6,-,5.47,3.58,5.47,USD,"Jul 24, 2025","Jul 24, 2025",2026-05-15
TKC HOLDINGS 144A,Consumer Cyclical,Fixed Income,"16,532,548.46",0.1,"16,532,548.46","15,815,000.00",87256YAE3,US87256YAE32,-,102.51,United States,-,USD,2.9,7.79,1.0,"Aug 15, 2030",8.5,3.46,-,7.61,2.76,7.61,USD,"Feb 17, 2026","Feb 17, 2026",2026-05-15
ALLIANT HOLDINGS INTERMEDIATE LLC 144A,Insurance,Fixed Income,"16,489,103.83",0.1,"16,489,103.83","16,305,000.00",01883LAE3,US01883LAE39,-,100.6,United States,-,USD,1.19,6.41,1.0,"Apr 15, 2028",6.75,1.77,-,6.06,0.88,6.06,USD,"Feb 13, 2023","Feb 13, 2023",2026-05-15
BLOCK INC 144A,Technology,Fixed Income,"16,449,476.81",0.1,"16,449,476.81","16,192,000.00",852234AU7,US852234AU71,-,100.16,United States,-,USD,4.52,5.98,1.0,"Aug 15, 2033",6.0,5.73,-,5.96,3.66,5.96,USD,"Aug 18, 2025","Aug 18, 2025",2026-05-15
DAVITA INC 144A,Consumer Non-Cyclical,Fixed Income,"16,437,058.72",0.1,"16,437,058.72","15,563,000.00",23918KAY4,US23918KAY47,-,103.4,United States,-,USD,3.86,6.15,1.0,"Jul 15, 2033",6.75,5.54,-,5.82,3.54,5.82,USD,"May 23, 2025","May 23, 2025",2026-05-15
NCL CORPORATION LTD 144A,Consumer Cyclical,Fixed Income,"16,437,343.39",0.1,"16,437,343.39","16,935,000.00",62886HBY6,US62886HBY62,-,95.14,United States,-,USD,3.79,7.11,1.0,"Jan 15, 2031",5.88,3.92,-,7.11,3.92,7.11,USD,"Sep 17, 2025","Sep 17, 2025",2026-05-15
EDGED COMPUTE LLC 144A,Technology,Fixed Income,"16,434,648.63",0.1,"16,434,648.63","16,669,000.00",28002AAA4,US28002AAA43,BT7J9Z0,98.3,United States,-,USD,2.56,8.17,1.0,"Apr 30, 2031",7.5,2.54,-,8.17,2.54,8.17,USD,"Apr 29, 2026","Apr 29, 2026",2026-05-15
RR DONNELLEY & SONS CO 144A,Communications,Fixed Income,"16,432,846.04",0.1,"16,432,846.04","15,490,000.00",257867BJ9,US257867BJ97,-,103.39,United States,-,USD,1.93,8.27,1.0,"Aug 01, 2029",9.5,2.67,-,7.79,1.93,7.79,USD,"Aug 08, 2024","Aug 08, 2024",2026-05-15
W R GRACE HOLDINGS LLC 144A,Basic Industry,Fixed Income,"16,416,706.77",0.1,"16,416,706.77","16,861,000.00",92943GAA9,US92943GAA94,-,95.99,United States,-,USD,2.74,7.02,1.0,"Aug 15, 2029",5.63,2.87,-,7.02,2.87,7.02,USD,"Aug 25, 2021","Aug 25, 2021",2026-05-15
BUILDERS FIRSTSOURCE INC 144A,Capital Goods,Fixed Income,"16,301,350.50",0.1,"16,301,350.50","16,214,000.00",12008RAS6,US12008RAS67,-,99.26,United States,-,USD,5.04,6.49,1.0,"Mar 01, 2034",6.38,5.99,-,6.49,5.99,6.49,USD,"Feb 29, 2024","Feb 29, 2024",2026-05-15
VMED O2 UK FINANCING I PLC 144A,Communications,Fixed Income,"16,239,962.06",0.1,"16,239,962.06","18,812,000.00",92858RAA8,US92858RAA86,-,84.93,United Kingdom,-,USD,4.13,8.16,1.0,"Jan 31, 2031",4.25,4.05,-,8.16,4.05,8.16,USD,"Sep 24, 2020","Sep 24, 2020",2026-05-15
WYNN MACAU LTD 144A,Consumer Cyclical,Fixed Income,"16,237,604.17",0.1,"16,237,604.17","15,983,000.00",98313RAL0,US98313RAL06,-,99.94,Macau,-,USD,4.66,6.76,1.0,"Feb 15, 2034",6.75,5.87,-,6.76,5.87,6.76,USD,"Aug 19, 2025","Aug 19, 2025",2026-05-15
ACRISURE LLC 144A,Insurance,Fixed Income,"16,221,612.10",0.1,"16,221,612.10","15,452,000.00",00489LAL7,US00489LAL71,-,101.27,United States,-,USD,2.36,7.16,1.0,"Nov 06, 2030",7.5,3.62,-,6.81,1.77,6.81,USD,"Jun 20, 2024","Jun 20, 2024",2026-05-15
ION PLATFORM FINANCE US INC 144A,Technology,Fixed Income,"16,209,770.61",0.1,"16,209,770.61","21,317,000.00",46205QAB4,US46205QAB41,-,75.1,United States,-,USD,4.75,13.88,1.0,"Sep 30, 2032",7.88,4.54,-,13.88,4.54,13.88,USD,"Oct 07, 2025","Oct 07, 2025",2026-05-15
NEXSTAR MEDIA INC 144A,Communications,Fixed Income,"16,206,149.61",0.1,"16,206,149.61","16,403,000.00",65336YAN3,US65336YAN31,BMFNGQ5,98.64,United States,-,USD,1.89,5.34,1.0,"Nov 01, 2028",4.75,2.29,-,5.34,2.29,5.34,USD,"Sep 25, 2020","Sep 25, 2020",2026-05-15
POST HOLDINGS INC 144A,Consumer Non-Cyclical,Fixed Income,"16,203,745.70",0.1,"16,203,745.70","16,305,000.00",737446AX2,US737446AX26,-,98.89,United States,-,USD,5.5,6.42,1.0,"Oct 15, 2034",6.25,6.43,-,6.42,6.43,6.42,USD,"Oct 09, 2024","Oct 09, 2024",2026-05-15
KINETIK HOLDINGS LP 144A,Energy,Fixed Income,"16,174,311.75",0.1,"16,174,311.75","15,733,000.00",49461MAA8,US49461MAA80,-,100.39,United States,-,USD,1.89,5.76,1.0,"Jun 15, 2030",5.88,3.51,-,5.50,1.02,5.50,USD,"Jun 08, 2022","Jun 08, 2022",2026-05-15
PERFORMANCE FOOD GROUP INC 144A,Consumer Non-Cyclical,Fixed Income,"16,167,225.04",0.1,"16,167,225.04","15,851,000.00",71376LAF7,US71376LAF76,-,101.01,United States,-,USD,3.65,5.93,1.0,"Sep 15, 2032",6.13,5.15,-,5.79,2.96,5.79,USD,"Sep 12, 2024","Sep 12, 2024",2026-05-15
NRG ENERGY INC 144A,Electric,Fixed Income,"16,158,369.91",0.1,"16,158,369.91","16,034,000.00",629377CX8,US629377CX83,BSF0635,100.57,United States,-,USD,5.36,6.16,1.0,"Nov 01, 2034",6.25,6.49,-,6.13,4.57,6.13,USD,"Oct 30, 2024","Oct 30, 2024",2026-05-15
VERSANT MEDIA GROUP INC 144A,Communications,Fixed Income,"16,146,989.63",0.1,"16,146,989.63","15,017,000.00",925283AA1,US925283AA12,-,103.62,United States,-,USD,2.8,6.34,1.0,"Jan 30, 2031",7.25,3.83,-,6.07,2.93,6.07,USD,"Oct 29, 2025","Oct 29, 2025",2026-05-15
CRESCENT ENERGY FINANCE LLC 144A,Energy,Fixed Income,"16,140,780.80",0.1,"16,140,780.80","15,535,000.00",516806AK2,US516806AK23,-,103.29,United States,-,USD,2.77,7.18,1.0,"Apr 15, 2032",7.88,4.67,-,6.99,1.75,6.99,USD,"Mar 28, 2024","Mar 28, 2024",2026-05-15
VALARIS LTD 144A,Energy,Fixed Income,"16,139,773.84",0.1,"16,139,773.84","15,451,000.00",91889FAC5,US91889FAC59,-,104.15,United States,-,USD,1.07,7.15,1.0,"Apr 30, 2030",8.38,3.34,-,6.01,0.92,6.01,USD,"Apr 19, 2023","Apr 19, 2023",2026-05-15
CELANESE US HOLDINGS LLC,Basic Industry,Fixed Income,"16,113,654.38",0.1,"16,113,654.38","14,625,000.00",15089QAX2,US15089QAX25,-,106.69,United States,-,USD,3.68,5.36,1.0,"Nov 15, 2030",7.05,3.73,-,5.30,3.61,5.30,USD,"Aug 24, 2023","Aug 24, 2023",2026-05-15
UNITI SERVICES LLC 144A,Communications,Fixed Income,"16,098,557.37",0.1,"16,098,557.37","16,023,000.00",91327BAA8,US91327BAA89,-,98.88,United States,-,USD,1.84,6.95,1.0,"Feb 15, 2029",6.5,2.44,-,6.95,2.44,6.95,USD,"Feb 02, 2021","Feb 02, 2021",2026-05-15
DELEK LOGISTICS PARTNERS LP 144A,Energy,Fixed Income,"16,087,703.55",0.1,"16,087,703.55","15,243,000.00",24665FAD4,US24665FAD42,-,104.15,United States,-,USD,1.13,6.98,1.0,"Mar 15, 2029",8.63,2.47,-,6.00,0.8,6.00,USD,"Mar 13, 2024","Mar 13, 2024",2026-05-15
RHP HOTEL PROPERTIES LP 144A,Reits,Fixed Income,"16,034,721.63",0.1,"16,034,721.63","15,562,000.00",749571AK1,US749571AK15,-,102.28,United States,-,USD,2.95,6.03,1.0,"Apr 01, 2032",6.5,4.81,-,5.63,2.59,5.63,USD,"Mar 28, 2024","Mar 28, 2024",2026-05-15
CAESARS ENTERTAINMENT INC 144A,Consumer Cyclical,Fixed Income,"15,897,713.72",0.09,"15,897,713.72","17,439,000.00",12769GAD2,US12769GAD25,-,90.69,United States,-,USD,5.01,7.87,1.0,"Oct 15, 2032",6.0,5.14,-,7.87,5.14,7.87,USD,"Oct 17, 2024","Oct 17, 2024",2026-05-15
ADVANCE AUTO PARTS INC 144A,Consumer Cyclical,Fixed Income,"15,891,898.51",0.09,"15,891,898.51","15,231,000.00",00751YAK2,US00751YAK29,-,102.36,United States,-,USD,2.81,6.35,1.0,"Aug 01, 2030",7.0,3.55,-,6.18,2.8,6.18,USD,"Aug 04, 2025","Aug 04, 2025",2026-05-15
FOCUS FINANCIAL PARTNERS LLC 144A,Brokerage/Asset Managers/Exchanges,Fixed Income,"15,872,958.08",0.09,"15,872,958.08","15,484,000.00",34417VAA5,US34417VAA52,-,101.42,United States,-,USD,3.34,6.43,1.0,"Sep 15, 2031",6.75,4.39,-,6.27,2.92,6.27,USD,"Sep 17, 2024","Sep 17, 2024",2026-05-15
ZIGGO BV 144A,Communications,Fixed Income,"15,841,834.16",0.09,"15,841,834.16","16,834,000.00",98955DAA8,US98955DAA81,-,93.73,Netherlands,-,USD,3.23,6.84,1.0,"Jan 15, 2030",4.88,3.27,-,6.84,3.27,6.84,USD,"Oct 28, 2019","Oct 28, 2019",2026-05-15
OPAL BIDCO SAS 144A,Consumer Non-Cyclical,Fixed Income,"15,791,581.75",0.09,"15,791,581.75","15,369,000.00",68348BAA1,US68348BAA17,-,101.97,France,-,USD,3.68,6.09,1.0,"Mar 31, 2032",6.5,4.81,-,5.92,3.37,5.92,USD,"Apr 14, 2025","Apr 14, 2025",2026-05-15
ALLIED UNIVERSAL HOLDCO LLC 144A,Consumer Cyclical,Fixed Income,"15,736,287.05",0.09,"15,736,287.05","14,990,000.00",019576AF4,US019576AF49,-,102.15,United States,-,USD,2.72,6.27,1.0,"Jun 15, 2030",6.88,3.43,-,6.10,2.68,6.10,USD,"Jun 12, 2025","Jun 12, 2025",2026-05-15
ADT SECURITY CORP 144A,Consumer Cyclical,Fixed Income,"15,714,818.25",0.09,"15,714,818.25","15,724,000.00",00109LAB9,US00109LAB99,-,98.02,United States,-,USD,5.64,6.21,1.0,"Oct 15, 2033",5.88,5.81,-,6.21,5.81,6.21,USD,"Oct 15, 2025","Oct 15, 2025",2026-05-15
GFL ENVIRONMENTAL HOLDINGS US INC 144A,Capital Goods,Fixed Income,"15,655,001.18",0.09,"15,655,001.18","15,706,000.00",36273TAA8,US36273TAA88,-,97.89,Canada,-,USD,5.14,5.84,1.0,"Feb 01, 2034",5.5,6.08,-,5.84,6.08,5.84,USD,"Jan 16, 2026","Jan 16, 2026",2026-05-15
UNITED AIRLINES HOLDINGS INC,Transportation,Fixed Income,"15,652,485.58",0.09,"15,652,485.58","15,680,000.00",910047AL3,US910047AL34,-,98.32,United States,-,USD,4.02,5.78,1.0,"Mar 01, 2031",5.38,4.11,-,5.78,4.11,5.78,USD,"Feb 02, 2026","Feb 02, 2026",2026-05-15
STAR PARENT INC 144A,Consumer Non-Cyclical,Fixed Income,"15,631,890.34",0.09,"15,631,890.34","14,816,000.00",855170AA4,US855170AA41,-,104.46,United States,-,USD,1.76,7.78,1.0,"Oct 01, 2030",9.0,3.56,-,6.93,2.11,6.93,USD,"Sep 28, 2023","Sep 28, 2023",2026-05-15
VENTURE GLOBAL CALCASIEU PASS LLC 144A,Energy,Fixed Income,"15,577,758.02",0.09,"15,577,758.02","17,466,000.00",92328MAC7,US92328MAC73,BP9SCV4,89.06,United States,-,USD,6.29,5.69,1.0,"Nov 01, 2033",3.88,6.3,-,5.69,6.3,5.69,USD,"Nov 22, 2021","Nov 22, 2021",2026-05-15
CCO HOLDINGS LLC 144A,Communications,Fixed Income,"15,561,338.90",0.09,"15,561,338.90","17,353,000.00",1248EPCQ4,US1248EPCQ45,-,88.33,United States,-,USD,4.79,7.28,1.0,"Feb 01, 2032",4.75,4.78,-,7.28,4.78,7.28,USD,"Jan 19, 2022","Jan 19, 2022",2026-05-15
CELANESE US HOLDINGS LLC,Basic Industry,Fixed Income,"15,551,567.07",0.09,"15,551,567.07","14,001,000.00",15089QAY0,US15089QAY08,-,107.51,United States,-,USD,5.59,5.94,1.0,"Nov 15, 2033",7.2,5.63,-,5.91,5.49,5.91,USD,"Aug 24, 2023","Aug 24, 2023",2026-05-15
TRANSDIGM INC 144A,Capital Goods,Fixed Income,"15,539,861.17",0.09,"15,539,861.17","14,538,000.00",893647BT3,US893647BT37,-,103.68,United States,-,USD,1.98,6.33,1.0,"Dec 01, 2031",7.13,4.42,-,5.55,2.25,5.55,USD,"Nov 28, 2023","Nov 28, 2023",2026-05-15
CLEAR CHANNEL OUTDOOR HOLDINGS INC 144A,Communications,Fixed Income,"15,531,551.40",0.09,"15,531,551.40","14,763,000.00",18453HAG1,US18453HAG11,-,103.46,United States,-,USD,2.72,6.27,1.0,"Feb 15, 2031",7.13,3.94,-,5.93,2.84,5.93,USD,"Aug 04, 2025","Aug 04, 2025",2026-05-15
AMENTUM HOLDINGS INC 144A,Technology,Fixed Income,"15,532,186.66",0.09,"15,532,186.66","14,713,000.00",02352BAA3,US02352BAA35,-,103.51,United States,-,USD,2.93,6.55,1.0,"Aug 01, 2032",7.25,4.88,-,6.03,2.79,6.03,USD,"Aug 13, 2024","Aug 13, 2024",2026-05-15
USA COMPRESSION PARTNERS LP 144A,Energy,Fixed Income,"15,518,076.17",0.09,"15,518,076.17","14,908,000.00",91740PAG3,US91740PAG37,-,102.94,United States,-,USD,1.44,5.98,1.0,"Mar 15, 2029",7.13,2.52,-,5.42,1.69,5.42,USD,"Mar 18, 2024","Mar 18, 2024",2026-05-15
CRESCENT ENERGY FINANCE LLC 144A,Energy,Fixed Income,"15,504,779.34",0.09,"15,504,779.34","14,881,000.00",45344LAE3,US45344LAE39,-,101.77,United States,-,USD,3.42,7.03,1.0,"Jan 15, 2033",7.38,5.1,-,6.73,2.66,6.73,USD,"Jun 14, 2024","Jun 14, 2024",2026-05-15
EG GLOBAL FINANCE PLC 144A,Consumer Cyclical,Fixed Income,"15,492,150.68",0.09,"15,492,150.68","13,852,000.00",28228PAC5,US28228PAC59,-,106.41,United Kingdom,-,USD,0.08,9.12,1.0,"Nov 30, 2028",12.0,2.07,-,6.28,0.07,6.28,USD,"Nov 20, 2023","Nov 20, 2023",2026-05-15
QNITY ELECTRONICS INC 144A,Basic Industry,Fixed Income,"15,456,793.86",0.09,"15,456,793.86","15,090,000.00",74743LAA8,US74743LAA89,-,101.02,United States,-,USD,4.1,5.55,1.0,"Aug 15, 2032",5.75,5.13,-,5.47,3.69,5.47,USD,"Aug 15, 2025","Aug 15, 2025",2026-05-15
ROGERS COMMUNICATIONS INC (30NC10),Communications,Fixed Income,"15,441,520.46",0.09,"15,441,520.46","14,853,000.00",775109DH1,US775109DH13,-,103.41,Canada,-,USD,6.52,6.67,1.0,"Apr 15, 2055",7.13,6.6,-,6.61,6.45,6.61,USD,"Feb 12, 2025","Feb 12, 2025",2026-05-15
GARDA WORLD SECURITY CORP 144A,Consumer Cyclical,Fixed Income,"15,435,050.86",0.09,"15,435,050.86","14,357,000.00",36485MAP4,US36485MAP41,-,103.37,Canada,-,USD,3.32,7.71,1.0,"Nov 15, 2032",8.38,4.79,-,7.27,2.89,7.27,USD,"Oct 31, 2024","Oct 31, 2024",2026-05-15
CCO HOLDINGS LLC 144A,Communications,Fixed Income,"15,417,816.68",0.09,"15,417,816.68","15,029,000.00",1248EPCT8,US1248EPCT83,-,101.11,United States,-,USD,2.36,7.09,1.0,"Mar 01, 2031",7.38,3.94,-,6.70,1.64,6.70,USD,"Feb 13, 2023","Feb 13, 2023",2026-05-15
PARAMOUNT GLOBAL,Communications,Fixed Income,"15,418,487.15",0.09,"15,418,487.15","16,292,000.00",92556HAB3,US92556HAB33,BL66P92,93.02,United States,-,USD,4.04,6.71,1.0,"Jan 15, 2031",4.95,4.0,-,6.71,4.0,6.71,USD,"Apr 01, 2020","Apr 01, 2020",2026-05-15
ROCKET COMPANIES INC 144A,Finance Companies,Fixed Income,"15,405,276.09",0.09,"15,405,276.09","14,571,000.00",77311WAD3,US77311WAD39,-,103.71,United States,-,USD,2.25,6.34,1.0,"Feb 01, 2032",7.13,4.58,-,5.63,2.41,5.63,USD,"Aug 01, 2025","Oct 01, 2025",2026-05-15
GENMAB A/S 144A,Consumer Non-Cyclical,Fixed Income,"15,357,067.18",0.09,"15,357,067.18","14,362,000.00",37230JAB8,US37230JAB89,-,103.71,Denmark,-,USD,4.15,6.62,1.0,"Dec 15, 2033",7.25,5.64,-,6.30,3.76,6.30,USD,"Dec 03, 2025","Dec 03, 2025",2026-05-15
JEFFERIES FINANCE LLC 144A,Brokerage/Asset Managers/Exchanges,Fixed Income,"15,350,281.80",0.09,"15,350,281.80","15,819,000.00",47232MAF9,US47232MAF95,-,95.81,United States,-,USD,2.08,7.03,1.0,"Aug 15, 2028",5.0,2.06,-,7.03,2.06,7.03,USD,"Aug 03, 2021","Aug 03, 2021",2026-05-15
LCM INVESTMENTS HOLDINGS II LLC 144A,Consumer Cyclical,Fixed Income,"15,348,644.44",0.09,"15,348,644.44","15,652,000.00",50190EAA2,US50190EAA29,-,97.9,United States,-,USD,2.31,5.65,1.0,"May 01, 2029",4.88,2.71,-,5.65,2.71,5.65,USD,"Apr 27, 2021","Apr 27, 2021",2026-05-15
CELANESE US HOLDINGS LLC,Basic Industry,Fixed Income,"15,337,736.34",0.09,"15,337,736.34","14,180,000.00",15089QAP9,US15089QAP90,BP2VKT4,105.75,United States,-,USD,4.8,6.24,1.0,"Jul 15, 2032",7.38,4.84,-,6.20,4.68,6.20,USD,"Jul 14, 2022","Jul 14, 2022",2026-05-15
ADVANCE AUTO PARTS INC 144A,Consumer Cyclical,Fixed Income,"15,332,662.72",0.09,"15,332,662.72","14,680,000.00",00751YAL0,US00751YAL02,-,102.36,United States,-,USD,4.11,6.95,1.0,"Aug 01, 2033",7.38,5.44,-,6.72,3.52,6.72,USD,"Aug 04, 2025","Aug 04, 2025",2026-05-15
DISH DBS CORP,Communications,Fixed Income,"15,313,925.17",0.09,"15,313,925.17","15,347,000.00",25470XBB0,US25470XBB01,-,97.08,United States,-,USD,1.88,8.9,1.0,"Jul 01, 2028",7.38,1.87,-,8.90,1.87,8.90,USD,"Jul 01, 2020","Sep 29, 2020",2026-05-15
CHS/COMMUNITY HEALTH SYSTEMS INC 144A,Consumer Non-Cyclical,Fixed Income,"15,286,100.96",0.09,"15,286,100.96","16,786,000.00",12543DBL3,US12543DBL38,-,90.35,United States,-,USD,3.39,9.13,1.0,"Apr 01, 2030",6.13,3.31,-,9.13,3.31,9.13,USD,"May 19, 2021","May 19, 2021",2026-05-15
ONEMAIN FINANCE CORP,Finance Companies,Fixed Income,"15,255,938.33",0.09,"15,255,938.33","14,600,000.00",682691AH3,US682691AH34,BMWG9P7,101.22,United States,-,USD,2.4,6.17,1.0,"May 15, 2029",6.63,2.61,-,6.09,2.21,6.09,USD,"Nov 04, 2024","Nov 04, 2024",2026-05-15
CLARIOS GLOBAL LP 144A,Consumer Cyclical,Fixed Income,"15,256,226.54",0.09,"15,256,226.54","14,805,000.00",18060TAE5,US18060TAE55,-,101.96,United States,-,USD,4.05,6.37,1.0,"Sep 15, 2032",6.75,5.06,-,6.22,3.69,6.22,USD,"Sep 10, 2025","Sep 10, 2025",2026-05-15
IRON MOUNTAIN INC 144A,Technology,Fixed Income,"15,247,690.85",0.09,"15,247,690.85","15,457,000.00",46284VAF8,US46284VAF85,BJ9TC37,97.86,United States,-,USD,2.57,5.58,1.0,"Sep 15, 2029",4.88,3.01,-,5.58,3.01,5.58,USD,"Sep 09, 2019","Sep 09, 2019",2026-05-15
SERVICE PROPERTIES TRUST 144A,Reits,Fixed Income,"15,244,232.16",0.09,"15,244,232.16","13,940,000.00",81761LAC6,US81761LAC63,-,105.09,United States,-,USD,1.47,7.48,1.0,"Nov 15, 2031",8.63,4.19,-,6.39,2.15,6.39,USD,"Nov 16, 2023","Nov 16, 2023",2026-05-15
HILTON GRAND VACATIONS BORROWER LL 144A,Consumer Cyclical,Fixed Income,"15,235,955.61",0.09,"15,235,955.61","14,818,000.00",43283QAC4,US43283QAC42,-,100.65,United States,-,USD,3.22,6.48,1.0,"Jan 15, 2032",6.63,4.58,-,6.35,2.37,6.35,USD,"Jan 17, 2024","Jan 17, 2024",2026-05-15
PG&E CORPORATION,Electric,Fixed Income,"15,203,379.51",0.09,"15,203,379.51","15,023,000.00",69331CAH1,US69331CAH16,BLCC3Z6,99.37,United States,-,USD,1.41,5.31,1.0,"Jul 01, 2028",5.0,1.96,-,5.31,1.96,5.31,USD,"Jun 23, 2020","Jun 23, 2020",2026-05-15
FTAI AVIATION INVESTORS LLC 144A,Finance Companies,Fixed Income,"15,203,733.40",0.09,"15,203,733.40","15,258,000.00",34960PAD3,US34960PAD33,-,99.46,United States,-,USD,1.31,5.79,1.0,"May 01, 2028",5.5,1.83,-,5.79,1.83,5.79,USD,"Apr 12, 2021","Apr 12, 2021",2026-05-15
GFL ENVIRONMENTAL INC 144A,Capital Goods,Fixed Income,"15,187,571.55",0.09,"15,187,571.55","14,393,000.00",36168QAQ7,US36168QAQ73,-,103.31,Canada,-,USD,2.15,5.93,1.0,"Jan 15, 2031",6.75,3.9,-,5.40,2.38,5.40,USD,"Dec 06, 2023","Dec 06, 2023",2026-05-15
ADT SECURITY CORP 144A,Consumer Cyclical,Fixed Income,"15,181,731.01",0.09,"15,181,731.01","15,639,000.00",00109LAA1,US00109LAA17,-,95.91,United States,-,USD,2.84,5.53,1.0,"Aug 01, 2029",4.13,2.92,-,5.53,2.92,5.53,USD,"Jul 29, 2021","Jul 29, 2021",2026-05-15
GRAY MEDIA INC 144A,Communications,Fixed Income,"15,123,350.82",0.09,"15,123,350.82","14,723,000.00",389375AN6,US389375AN64,-,99.56,United States,-,USD,4.03,9.72,1.0,"Jul 15, 2032",9.63,4.43,-,9.72,4.43,9.72,USD,"Jul 18, 2025","Jul 18, 2025",2026-05-15
STUDIO CITY FINANCE LTD 144A,Consumer Cyclical,Fixed Income,"15,120,350.59",0.09,"15,120,350.59","15,540,000.00",86389QAG7,US86389QAG73,-,95.66,Macau,-,USD,2.4,6.8,1.0,"Jan 15, 2029",5.0,2.41,-,6.80,2.41,6.80,USD,"Jan 14, 2021","Jan 14, 2021",2026-05-15
US ACUTE CARE SOLUTIONS LLC 144A,Consumer Non-Cyclical,Fixed Income,"15,105,068.65",0.09,"15,105,068.65","15,820,000.00",90367UAD3,US90367UAD37,-,90.66,United States,-,USD,2.47,13.64,1.0,"May 15, 2029",9.75,2.36,-,13.64,2.36,13.64,USD,"May 08, 2024","May 08, 2024",2026-05-15
NRG ENERGY INC 144A,Electric,Fixed Income,"15,095,451.99",0.09,"15,095,451.99","16,172,000.00",629377CR1,US629377CR16,-,92.46,United States,-,USD,4.12,5.45,1.0,"Feb 15, 2031",3.63,4.24,-,5.45,4.24,5.45,USD,"Dec 02, 2020","Dec 02, 2020",2026-05-15
COMMERCIAL METALS COMPANY 144A,Basic Industry,Fixed Income,"15,081,527.28",0.09,"15,081,527.28","14,729,000.00",201723AS2,US201723AS24,-,99.73,United States,-,USD,4.71,5.8,1.0,"Nov 15, 2033",5.75,5.87,-,5.80,5.87,5.80,USD,"Nov 26, 2025","Nov 26, 2025",2026-05-15
SUNOCO LP 144A,Energy,Fixed Income,"15,048,464.44",0.09,"15,048,464.44","14,481,000.00",86765KAD1,US86765KAD19,-,101.63,United States,-,USD,4.14,5.97,1.0,"Jul 01, 2033",6.25,5.58,-,5.80,3.53,5.80,USD,"Mar 31, 2025","Mar 31, 2025",2026-05-15
BLOCK INC,Technology,Fixed Income,"14,962,594.73",0.09,"14,962,594.73","16,158,000.00",852234AP8,US852234AP86,BLD7383,91.03,United States,-,USD,4.47,5.56,1.0,"Jun 01, 2031",3.5,4.45,-,5.56,4.45,5.56,USD,"May 20, 2021","May 20, 2021",2026-05-15
COMSTOCK RESOURCES INC 144A,Energy,Fixed Income,"14,959,860.28",0.09,"14,959,860.28","15,435,000.00",205768AT1,US205768AT12,-,95.0,United States,-,USD,3.07,7.45,1.0,"Jan 15, 2030",5.88,3.16,-,7.45,3.16,7.45,USD,"Jun 28, 2021","Jun 28, 2021",2026-05-15
PG&E CORPORATION,Electric,Fixed Income,"14,939,099.43",0.09,"14,939,099.43","14,706,000.00",69331CAN8,US69331CAN83,-,99.99,United States,-,USD,4.23,7.17,1.0,"Sep 15, 2056",6.85,4.29,-,6.85,4.34,6.85,USD,"Feb 19, 2026","Feb 19, 2026",2026-05-15
CELANESE US HOLDINGS LLC,Basic Industry,Fixed Income,"14,937,100.81",0.09,"14,937,100.81","14,432,000.00",15089QBA1,US15089QBA13,-,102.97,United States,-,USD,3.77,6.21,1.0,"Apr 15, 2033",6.75,5.47,-,5.89,3.4,5.89,USD,"Mar 14, 2025","Mar 14, 2025",2026-05-15
ILIAD HOLDING SAS 144A,Communications,Fixed Income,"14,883,350.26",0.09,"14,883,350.26","14,037,000.00",449691AF1,US449691AF14,-,105.37,France,-,USD,2.04,7.18,1.0,"Apr 15, 2031",8.5,3.98,-,6.45,2.56,6.45,USD,"May 14, 2024","May 14, 2024",2026-05-15
STAGWELL GLOBAL LLC 144A,Communications,Fixed Income,"14,880,648.10",0.09,"14,880,648.10","15,388,000.00",59565JAA9,US59565JAA97,BMY8TS4,95.33,United States,-,USD,2.8,7.26,1.0,"Aug 15, 2029",5.63,2.87,-,7.26,2.87,7.26,USD,"Aug 20, 2021","Aug 20, 2021",2026-05-15
PRIME SECURITY SERVICES BORROWER L 144A,Consumer Cyclical,Fixed Income,"14,870,790.75",0.09,"14,870,790.75","14,970,000.00",74166MAF3,US74166MAF32,BMFBJS2,97.95,United States,-,USD,1.24,5.03,1.0,"Aug 31, 2027",3.38,1.23,-,5.03,1.23,5.03,USD,"Aug 20, 2020","Aug 20, 2020",2026-05-15
HOWDEN UK REFINANCE PLC 144A,Insurance,Fixed Income,"14,850,284.70",0.09,"14,850,284.70","14,602,000.00",44287GAA4,US44287GAA40,-,99.93,United Kingdom,-,USD,3.17,7.26,1.0,"Feb 15, 2031",7.25,3.9,-,7.26,3.9,7.26,USD,"Feb 15, 2024","Feb 15, 2024",2026-05-15
SUNOCO LP 144A,Energy,Fixed Income,"14,845,844.91",0.09,"14,845,844.91","14,716,000.00",86765KAF6,US86765KAF66,-,99.98,United States,-,USD,3.42,5.63,1.0,"Mar 15, 2031",5.63,4.15,-,5.63,4.15,5.63,USD,"Sep 18, 2025","Sep 18, 2025",2026-05-15
ALBERTSONS COMPANIES INC 144A,Consumer Non-Cyclical,Fixed Income,"14,845,984.11",0.09,"14,845,984.11","15,043,000.00",013092AE1,US013092AE14,-,97.5,United States,-,USD,2.89,5.62,1.0,"Feb 15, 2030",4.88,3.34,-,5.62,3.34,5.62,USD,"Feb 05, 2020","Feb 05, 2020",2026-05-15
PERFORMANCE FOOD GROUP INC 144A,Consumer Non-Cyclical,Fixed Income,"14,813,588.81",0.09,"14,813,588.81","14,993,000.00",71376LAH3,US71376LAH33,-,97.49,United States,-,USD,5.26,6.03,1.0,"Mar 01, 2034",5.63,6.13,-,6.03,6.13,6.03,USD,"Feb 19, 2026","Feb 19, 2026",2026-05-15
LIFEPOINT HEALTH INC 144A,Consumer Non-Cyclical,Fixed Income,"14,813,646.06",0.09,"14,813,646.06","13,641,000.00",53219LAV1,US53219LAV18,-,106.18,United States,-,USD,0.25,8.12,1.0,"Aug 15, 2030",9.88,3.39,-,4.61,0.25,4.61,USD,"Aug 14, 2023","Aug 14, 2023",2026-05-15
UNIVISION COMMUNICATIONS INC 144A,Communications,Fixed Income,"14,793,882.07",0.09,"14,793,882.07","15,582,000.00",914906AV4,US914906AV42,-,94.79,United States,-,USD,2.69,6.46,1.0,"May 01, 2029",4.5,2.71,-,6.46,2.71,6.46,USD,"May 21, 2021","May 21, 2021",2026-05-15
NRG ENERGY INC 144A,Electric,Fixed Income,"14,791,003.77",0.09,"14,791,003.77","14,973,000.00",629377DF6,US629377DF68,-,98.54,United States,-,USD,5.31,6.11,1.0,"May 15, 2034",5.88,6.28,-,6.11,6.28,6.11,USD,"Apr 28, 2026","Apr 28, 2026",2026-05-15
ATLANTICA SUSTAINABLE INFRASTRUCTU 144A,Electric,Fixed Income,"14,755,332.33",0.09,"14,755,332.33","14,611,000.00",13005HAA8,US13005HAA86,-,99.43,Spain,-,USD,3.87,6.49,1.0,"Feb 15, 2032",6.38,4.68,-,6.49,4.68,6.49,USD,"Nov 06, 2024","Nov 06, 2024",2026-05-15
ARDAGH GROUP SA 144A,Capital Goods,Fixed Income,"14,735,244.11",0.09,"14,735,244.11","15,715,000.00",03969UAA4,US03969UAA43,-,91.0,United States,-,USD,3.87,7.89,1.0,"Dec 01, 2030",5.5,3.79,-,7.89,3.79,7.89,USD,"Nov 12, 2025","Nov 12, 2025",2026-05-15
ARAMARK SERVICES INC 144A,Consumer Cyclical,Fixed Income,"14,719,652.56",0.09,"14,719,652.56","14,537,000.00",038522AQ1,US038522AQ17,BFWVB79,99.84,United States,-,USD,0.84,5.09,1.0,"Feb 01, 2028",5.0,1.6,-,5.09,1.6,5.09,USD,"Jan 18, 2018","Jan 18, 2018",2026-05-15
COINBASE GLOBAL INC 144A,Brokerage/Asset Managers/Exchanges,Fixed Income,"14,705,886.73",0.09,"14,705,886.73","15,279,000.00",19260QAC1,US19260QAC15,-,95.86,United States,-,USD,2.23,5.25,1.0,"Oct 01, 2028",3.38,2.24,-,5.25,2.24,5.25,USD,"Sep 17, 2021","Sep 17, 2021",2026-05-15
LIGHT AND WONDER INTERNATIONAL INC 144A,Consumer Cyclical,Fixed Income,"14,688,051.61",0.09,"14,688,051.61","14,810,000.00",531968AB1,US531968AB19,-,98.45,United States,-,USD,4.86,6.52,1.0,"Oct 01, 2033",6.25,5.78,-,6.52,5.78,6.52,USD,"Sep 24, 2025","Sep 24, 2025",2026-05-15
ENDO FINANCE HOLDINGS LP 144A,Consumer Non-Cyclical,Fixed Income,"14,668,013.35",0.09,"14,668,013.35","13,719,000.00",29281RAA7,US29281RAA77,-,106.26,United States,-,USD,1.67,6.97,1.0,"Apr 15, 2031",8.5,3.99,-,5.97,0.88,5.97,USD,"Apr 23, 2024","Apr 23, 2024",2026-05-15
PACIFICORP,Electric,Fixed Income,"14,661,843.42",0.09,"14,661,843.42","14,382,000.00",695114DG0,US695114DG09,-,100.01,United States,-,USD,4.13,7.31,1.0,"Aug 15, 2056",7.13,4.19,-,7.13,4.24,7.13,USD,"Feb 05, 2026","Feb 05, 2026",2026-05-15
KEHE DISTRIBUTORS LLC 144A,Consumer Non-Cyclical,Fixed Income,"14,653,360.65",0.09,"14,653,360.65","13,714,000.00",487526AC9,US487526AC91,-,104.65,United States,-,USD,0.65,7.1,1.0,"Feb 15, 2029",9.0,2.37,-,5.57,0.71,5.57,USD,"Feb 06, 2024","Feb 06, 2024",2026-05-15
BELL TELEPHONE COMPANY (NC5.5),Communications,Fixed Income,"14,607,695.31",0.09,"14,607,695.31","14,063,830.00",0778FPAP4,US0778FPAP47,-,102.76,Canada,-,USD,3.72,6.4,1.0,"Sep 15, 2055",6.88,3.61,-,6.14,3.68,6.14,USD,"Feb 18, 2025","Feb 18, 2025",2026-05-15
PBF HOLDING COMPANY LLC 144A,Energy,Fixed Income,"14,592,591.59",0.09,"14,592,591.59","13,434,000.00",69318FAM0,US69318FAM05,-,107.03,United States,-,USD,1.46,7.72,1.0,"Mar 15, 2030",9.88,3.14,-,6.90,0.79,6.90,USD,"Mar 17, 2025","Mar 17, 2025",2026-05-15
ARDAGH METAL PACKAGING FINANCE USA 144A,Capital Goods,Fixed Income,"14,548,092.01",0.09,"14,548,092.01","15,165,000.00",03969YAB4,US03969YAB48,BNKLFF3,93.95,Luxembourg,-,USD,2.95,6.05,1.0,"Sep 01, 2029",4.0,2.96,-,6.05,2.96,6.05,USD,"Mar 12, 2021","Mar 12, 2021",2026-05-15
IRON MOUNTAIN INC 144A,Technology,Fixed Income,"14,544,403.12",0.09,"14,544,403.12","15,040,000.00",46284VAN1,US46284VAN10,-,95.6,United States,-,USD,3.8,5.56,1.0,"Feb 15, 2031",4.5,4.16,-,5.56,4.16,5.56,USD,"Aug 18, 2020","Aug 18, 2020",2026-05-15
ALLIED UNIVERSAL HOLDCO LLC 144A,Consumer Cyclical,Fixed Income,"14,525,624.25",0.09,"14,525,624.25","14,276,000.00",019576AC1,US019576AC18,-,99.05,United States,-,USD,1.83,6.35,1.0,"Jun 01, 2029",6.0,2.67,-,6.35,2.67,6.35,USD,"May 14, 2021","May 14, 2021",2026-05-15
CITGO PETROLEUM CORPORATION 144A,Owned No Guarantee,Fixed Income,"14,519,346.28",0.09,"14,519,346.28","13,718,000.00",17302XAN6,US17302XAN66,-,103.1,United States,-,USD,0.73,7.08,1.0,"Jan 15, 2029",8.38,2.31,-,5.82,0.4,5.82,USD,"Sep 20, 2023","Sep 20, 2023",2026-05-15
MADISON IAQ LLC 144A,Capital Goods,Fixed Income,"14,516,574.40",0.09,"14,516,574.40","14,219,000.00",55760LAB3,US55760LAB36,-,99.92,United States,-,USD,0.95,5.9,1.0,"Jun 30, 2029",5.88,2.76,-,5.90,2.76,5.90,USD,"Jun 21, 2021","Jun 21, 2021",2026-05-15
MATADOR RESOURCES CO 144A,Energy,Fixed Income,"14,508,006.56",0.09,"14,508,006.56","14,216,000.00",576485AG1,US576485AG13,BRT4R77,101.55,United States,-,USD,3.21,6.18,1.0,"Apr 15, 2032",6.5,4.84,-,5.91,2.62,5.91,USD,"Apr 02, 2024","Apr 02, 2024",2026-05-15
SM ENERGY CO 144A,Energy,Fixed Income,"14,490,226.14",0.09,"14,490,226.14","14,252,000.00",78454LAZ3,US78454LAZ31,-,100.49,United States,-,USD,4.94,6.54,1.0,"Apr 15, 2034",6.63,6.03,-,6.50,4.1,6.50,USD,"Mar 09, 2026","Mar 09, 2026",2026-05-15
HILTON DOMESTIC OPERATING COMPANY 144A,Consumer Cyclical,Fixed Income,"14,471,390.23",0.09,"14,471,390.23","15,290,000.00",432833AL5,US432833AL52,BNDLGZ7,94.51,United States,-,USD,4.1,5.27,1.0,"May 01, 2031",4.0,4.42,-,5.27,4.42,5.27,USD,"Dec 01, 2020","Dec 01, 2020",2026-05-15
TELENET FINANCE LUXEMBOURG NOTES S 144A,Communications,Fixed Income,"14,468,800.00",0.09,"14,468,800.00","14,400,000.00",AQ2322842,BE6300372289,BF955D8,98.67,Belgium,-,USD,1.52,6.29,1.0,"Mar 01, 2028",5.5,1.66,-,6.29,1.66,6.29,USD,"Dec 13, 2017","Dec 13, 2017",2026-05-15
CLEVELAND-CLIFFS INC 144A,Basic Industry,Fixed Income,"14,460,691.42",0.09,"14,460,691.42","14,297,000.00",185899AR2,US185899AR28,-,100.9,United States,-,USD,4.22,7.21,1.0,"May 01, 2033",7.38,5.37,-,7.11,3.38,7.11,USD,"Oct 22, 2024","Oct 22, 2024",2026-05-15
STANDARD BUILDING SOLUTIONS INC 144A,Capital Goods,Fixed Income,"14,452,366.94",0.09,"14,452,366.94","14,079,000.00",853191AA2,US853191AA25,-,101.06,United States,-,USD,3.56,6.29,1.0,"Aug 15, 2032",6.5,5.01,-,6.13,2.83,6.13,USD,"Aug 06, 2024","Aug 06, 2024",2026-05-15
XPLR INFRASTRUCTURE OPERATING PART 144A,Electric,Fixed Income,"14,387,461.84",0.09,"14,387,461.84","13,270,000.00",98380MAB1,US98380MAB19,-,107.03,United States,-,USD,2.91,7.3,1.0,"Mar 15, 2033",8.63,5.11,-,6.53,3.24,6.53,USD,"Mar 25, 2025","Mar 25, 2025",2026-05-15
MOLINA HEALTHCARE INC 144A,Insurance,Fixed Income,"14,330,856.32",0.08,"14,330,856.32","13,652,000.00",60855RAN0,US60855RAN08,-,101.85,United States,-,USD,3.18,6.04,1.0,"Feb 15, 2031",6.5,3.94,-,5.91,3.08,5.91,USD,"Nov 20, 2025","Nov 20, 2025",2026-05-15
COMMERCIAL METALS COMPANY 144A,Basic Industry,Fixed Income,"14,297,801.33",0.08,"14,297,801.33","13,930,000.00",201723AV5,US201723AV52,-,99.86,United States,-,USD,6.07,6.02,1.0,"Dec 15, 2035",6.0,7.02,-,6.02,7.02,6.02,USD,"Nov 26, 2025","Nov 26, 2025",2026-05-15
STENA INTERNATIONAL SA 144A,Transportation,Fixed Income,"14,292,402.46",0.08,"14,292,402.46","13,733,000.00",85858EAD5,US85858EAD58,-,101.7,Sweden,-,USD,2.74,6.82,1.0,"Jan 15, 2031",7.25,3.83,-,6.54,2.35,6.54,USD,"Jan 24, 2024","Jan 24, 2024",2026-05-15
GEN DIGITAL INC 144A,Technology,Fixed Income,"14,273,633.48",0.08,"14,273,633.48","14,315,000.00",668771AM0,US668771AM05,-,98.98,United States,-,USD,4.46,6.43,1.0,"Apr 01, 2033",6.25,5.47,-,6.43,5.47,6.43,USD,"Feb 28, 2025","Feb 28, 2025",2026-05-15
STANDARD BUILDING SOLUTIONS INC 144A,Capital Goods,Fixed Income,"14,274,998.12",0.08,"14,274,998.12","15,505,000.00",853496AH0,US853496AH04,BMFNDV9,90.96,United States,-,USD,4.12,5.6,1.0,"Jan 15, 2031",3.38,4.18,-,5.60,4.18,5.60,USD,"Aug 21, 2020","Aug 21, 2020",2026-05-15
ASTON MARTIN CAPITAL HOLDINGS LTD 144A,Consumer Cyclical,Fixed Income,"14,248,802.08",0.08,"14,248,802.08","16,971,000.00",04625HAJ8,US04625HAJ86,-,83.63,Jersey,-,USD,2.49,17.48,1.0,"Mar 31, 2029",10.0,2.33,-,17.48,2.33,17.48,USD,"Mar 21, 2024","Mar 21, 2024",2026-05-15
BOYD GAMING CORPORATION,Consumer Cyclical,Fixed Income,"14,234,609.01",0.08,"14,234,609.01","14,013,000.00",103304BU4,US103304BU40,-,99.44,United States,-,USD,1.16,5.13,1.0,"Dec 01, 2027",4.75,1.44,-,5.13,1.44,5.13,USD,"Jun 01, 2020","Aug 14, 2020",2026-05-15
FAIR ISAAC CORP 144A,Technology,Fixed Income,"14,199,563.68",0.08,"14,199,563.68","14,341,000.00",303250AJ3,US303250AJ38,-,98.09,United States,-,USD,5.34,6.55,1.0,"Sep 15, 2034",6.25,6.34,-,6.55,6.34,6.55,USD,"Mar 20, 2026","Mar 20, 2026",2026-05-15
STANDARD BUILDING SOLUTIONS INC 144A,Capital Goods,Fixed Income,"14,195,282.60",0.08,"14,195,282.60","14,054,000.00",853496AD9,US853496AD99,BDZ79F4,99.45,United States,-,USD,1.22,5.09,1.0,"Jan 15, 2028",4.75,1.56,-,5.09,1.56,5.09,USD,"Dec 18, 2017","Dec 18, 2017",2026-05-15
PERFORMANCE FOOD GROUP INC 144A,Consumer Non-Cyclical,Fixed Income,"14,177,399.39",0.08,"14,177,399.39","14,519,000.00",71376LAE0,US71376LAE02,-,96.44,United States,-,USD,2.7,5.47,1.0,"Aug 01, 2029",4.25,2.92,-,5.47,2.92,5.47,USD,"Jul 26, 2021","Jul 26, 2021",2026-05-15
PENNYMAC FINANCIAL SERVICES INC 144A,Finance Companies,Fixed Income,"14,178,006.93",0.08,"14,178,006.93","14,018,000.00",70932MAG2,US70932MAG24,BV8CDF0,97.74,United States,-,USD,4.21,7.35,1.0,"May 15, 2032",6.88,4.67,-,7.35,4.67,7.35,USD,"May 08, 2025","May 08, 2025",2026-05-15
CLARIVATE SCIENCE HOLDINGS CORP 144A,Technology,Fixed Income,"14,169,057.03",0.08,"14,169,057.03","15,445,000.00",18064PAD1,US18064PAD15,-,89.94,United States,-,USD,2.82,8.6,1.0,"Jul 01, 2029",4.88,2.76,-,8.60,2.76,8.60,USD,"Jun 24, 2021","Aug 19, 2021",2026-05-15
UNIVISION COMMUNICATIONS INC 144A,Communications,Fixed Income,"14,159,989.60",0.08,"14,159,989.60","13,891,000.00",914906AX0,US914906AX08,-,99.21,United States,-,USD,2.33,7.6,1.0,"Jun 30, 2030",7.38,3.41,-,7.60,3.41,7.60,USD,"Jun 24, 2022","Jun 24, 2022",2026-05-15
WYNN MACAU LTD 144A,Consumer Cyclical,Fixed Income,"14,130,181.75",0.08,"14,130,181.75","14,146,000.00",98313RAE6,US98313RAE62,-,97.78,Macau,-,USD,2.69,5.82,1.0,"Dec 15, 2029",5.13,3.16,-,5.82,3.16,5.82,USD,"Dec 17, 2019","Dec 17, 2019",2026-05-15
LIVE NATION ENTERTAINMENT INC 144A,Consumer Cyclical,Fixed Income,"14,099,391.77",0.08,"14,099,391.77","13,679,000.00",538034AV1,US538034AV10,-,99.86,United States,-,USD,0.64,6.65,1.0,"May 15, 2027",6.5,0.93,-,6.65,0.93,6.65,USD,"May 20, 2020","May 20, 2020",2026-05-15
ONEMAIN FINANCE CORP,Finance Companies,Fixed Income,"14,083,381.09",0.08,"14,083,381.09","14,303,000.00",682691AN0,US682691AN02,-,97.38,United States,-,USD,4.98,7.21,1.0,"Sep 15, 2033",6.75,5.62,-,7.21,5.62,7.21,USD,"Dec 18, 2025","Dec 18, 2025",2026-05-15
ALTICE FRANCE LUX 3 SARL 144A,Communications,Fixed Income,"14,082,649.39",0.08,"14,082,649.39","13,908,800.00",020956AA6,US020956AA67,-,97.97,Luxembourg,-,USD,3.07,10.42,1.0,"Jan 15, 2033",10.0,4.61,-,10.42,4.61,10.42,USD,"Oct 01, 2025","Oct 01, 2025",2026-05-15
HILTON DOMESTIC OPERATING COMPANY 144A,Consumer Cyclical,Fixed Income,"14,040,653.03",0.08,"14,040,653.03","13,888,000.00",432833AT8,US432833AT88,-,98.76,United States,-,USD,4.98,5.7,1.0,"Mar 31, 2034",5.5,6.17,-,5.70,6.17,5.70,USD,"Dec 10, 2025","Dec 10, 2025",2026-05-15
IRON MOUNTAIN INC 144A,Technology,Fixed Income,"14,040,962.87",0.08,"14,040,962.87","13,510,000.00",46284VAP6,US46284VAP67,-,102.22,United States,-,USD,0.57,6.11,1.0,"Feb 15, 2029",7.0,2.44,-,4.97,0.25,4.97,USD,"May 15, 2023","May 15, 2023",2026-05-15
POST HOLDINGS INC 144A,Consumer Non-Cyclical,Fixed Income,"14,022,482.21",0.08,"14,022,482.21","13,572,000.00",737446AU8,US737446AU86,-,101.79,United States,-,USD,2.93,5.88,1.0,"Feb 15, 2032",6.25,4.72,-,5.54,2.47,5.54,USD,"Feb 20, 2024","Feb 20, 2024",2026-05-15
HUMANA INC,Insurance,Fixed Income,"13,966,815.51",0.08,"13,966,815.51","14,033,000.00",444859CE0,US444859CE04,-,98.35,United States,-,USD,4.26,7.01,1.0,"Sep 15, 2056",6.63,4.32,-,7.02,4.37,7.02,USD,"Mar 09, 2026","Mar 09, 2026",2026-05-15
TRANSOCEAN INTERNATIONAL LTD 144A,Energy,Fixed Income,"13,954,105.40",0.08,"13,954,105.40","12,913,000.00",893830BY4,US893830BY45,-,103.98,United States,-,USD,1.11,6.76,1.0,"May 15, 2029",8.25,2.54,-,6.11,1.77,6.11,USD,"Apr 18, 2024","Apr 18, 2024",2026-05-15
TEVA PHARMACEUTICAL FINANCE NETHER,Consumer Non-Cyclical,Fixed Income,"13,951,707.09",0.08,"13,951,707.09","13,971,000.00",88167AAQ4,US88167AAQ40,-,99.8,Israel,-,USD,2.66,5.2,1.0,"May 09, 2029",5.13,2.74,-,5.20,2.74,5.20,USD,"Nov 09, 2021","Nov 09, 2021",2026-05-15
LCM INVESTMENTS HOLDINGS II LLC 144A,Consumer Cyclical,Fixed Income,"13,924,525.06",0.08,"13,924,525.06","13,037,000.00",50190EAC8,US50190EAC84,-,104.47,United States,-,USD,0.99,7.2,1.0,"Aug 01, 2031",8.25,4.12,-,6.03,1.13,6.03,USD,"Jul 26, 2023","Jul 26, 2023",2026-05-15
XPLR INFRASTRUCTURE OPERATING PART 144A,Electric,Fixed Income,"13,920,905.34",0.08,"13,920,905.34","12,690,000.00",98380MAA3,US98380MAA36,-,106.95,United States,-,USD,2.0,6.62,1.0,"Jan 15, 2031",8.38,3.77,-,5.95,1.23,5.95,USD,"Mar 25, 2025","Mar 25, 2025",2026-05-15
ILIAD HOLDING SAS 144A,Communications,Fixed Income,"13,914,596.13",0.08,"13,914,596.13","13,784,000.00",449691AC8,US449691AC82,-,100.4,France,-,USD,0.71,6.81,1.0,"Oct 15, 2028",7.0,2.18,-,5.99,0.41,5.99,USD,"Oct 27, 2021","Oct 27, 2021",2026-05-15
POST HOLDINGS INC 144A,Consumer Non-Cyclical,Fixed Income,"13,902,823.70",0.08,"13,902,823.70","14,684,000.00",737446AR5,US737446AR57,-,93.95,United States,-,USD,4.18,5.83,1.0,"Sep 15, 2031",4.5,4.61,-,5.83,4.61,5.83,USD,"Mar 10, 2021","Mar 10, 2021",2026-05-15
ROBLOX CORP 144A,Communications,Fixed Income,"13,872,030.45",0.08,"13,872,030.45","14,738,000.00",771049AA1,US771049AA15,-,94.0,United States,-,USD,3.46,5.58,1.0,"May 01, 2030",3.88,3.6,-,5.58,3.6,5.58,USD,"Oct 29, 2021","Oct 29, 2021",2026-05-15
ALLIANT HOLDINGS INTERMEDIATE LLC 144A,Insurance,Fixed Income,"13,841,960.28",0.08,"13,841,960.28","13,656,000.00",01883LAG8,US01883LAG86,-,100.6,United States,-,USD,3.54,6.36,1.0,"Oct 01, 2031",6.5,4.46,-,6.30,2.98,6.30,USD,"Sep 19, 2024","Sep 19, 2024",2026-05-15
ROGERS COMMUNICATIONS INC (30NC5),Communications,Fixed Income,"13,798,347.83",0.08,"13,798,347.83","13,434,000.00",775109DG3,US775109DG30,-,102.17,Canada,-,USD,3.29,6.66,1.0,"Apr 15, 2055",7.0,3.29,-,6.34,3.25,6.34,USD,"Feb 12, 2025","Feb 12, 2025",2026-05-15
COMPASS GROUP DIVERSIFIED HOLDINGS 144A,Brokerage/Asset Managers/Exchanges,Fixed Income,"13,773,419.11",0.08,"13,773,419.11","14,408,302.00",20451RAB8,US20451RAB87,BMDB423,95.18,United States,-,USD,2.62,7.1,1.0,"Apr 15, 2029",5.25,2.64,-,7.10,2.64,7.10,USD,"Mar 23, 2021","Mar 23, 2021",2026-05-15
SIX FLAGS ENTERTAINMENT CORP 144A,Consumer Cyclical,Fixed Income,"13,742,188.37",0.08,"13,742,188.37","13,451,000.00",83002YAA7,US83002YAA73,-,101.94,United States,-,USD,2.75,6.23,1.0,"May 01, 2032",6.63,4.87,-,5.57,1.82,5.57,USD,"May 02, 2024","May 02, 2024",2026-05-15
UWM HOLDINGS LLC 144A,Finance Companies,Fixed Income,"13,741,781.23",0.08,"13,741,781.23","15,035,000.00",903522AB6,US903522AB68,-,90.39,United States,-,USD,4.06,8.72,1.0,"Mar 15, 2031",6.25,3.99,-,8.72,3.99,8.72,USD,"Sep 16, 2025","Sep 16, 2025",2026-05-15
TRONOX INC 144A,Basic Industry,Fixed Income,"13,688,406.76",0.08,"13,688,406.76","16,613,000.00",897051AC2,US897051AC29,BNQPRV9,81.65,United States,-,USD,2.6,12.49,1.0,"Mar 15, 2029",4.63,2.5,-,12.49,2.5,12.49,USD,"Mar 15, 2021","Mar 15, 2021",2026-05-15
AXON ENTERPRISE INC 144A,Capital Goods,Fixed Income,"13,681,321.48",0.08,"13,681,321.48","13,281,000.00",05464CAC5,US05464CAC55,-,102.03,United States,-,USD,2.51,5.53,1.0,"Mar 15, 2030",6.13,3.36,-,5.34,2.56,5.34,USD,"Mar 11, 2025","Mar 11, 2025",2026-05-15
SOLSTICE ADVANCED MATERIALS INC 144A,Basic Industry,Fixed Income,"13,664,165.72",0.08,"13,664,165.72","13,739,000.00",83443QAA1,US83443QAA13,-,98.78,United States,-,USD,4.84,5.83,1.0,"Sep 30, 2033",5.63,5.92,-,5.83,5.92,5.83,USD,"Sep 30, 2025","Sep 30, 2025",2026-05-15
RADIOLOGY PARTNERS INC 144A,Consumer Non-Cyclical,Fixed Income,"13,628,498.44",0.08,"13,628,498.44","13,285,000.00",75041VAE4,US75041VAE48,-,99.8,United States,-,USD,4.08,8.54,1.0,"Jul 15, 2032",8.5,4.6,-,8.54,4.6,8.54,USD,"Jun 30, 2025","Jun 30, 2025",2026-05-15
RESORTS WORLD LAS VEGAS LLC 144A,Consumer Cyclical,Fixed Income,"13,611,580.42",0.08,"13,611,580.42","15,196,000.00",76120HAA5,US76120HAA59,BJJHXD8,89.23,Malaysia,-,USD,2.7,8.89,1.0,"Apr 16, 2029",4.63,2.63,-,8.89,2.63,8.89,USD,"Apr 16, 2019","Apr 16, 2019",2026-05-15
MPT OPERATING PARTNERSHIP LP,Reits,Fixed Income,"13,602,099.53",0.08,"13,602,099.53","19,122,000.00",55342UAM6,US55342UAM62,-,70.57,United States,-,USD,4.29,11.62,1.0,"Mar 15, 2031",3.5,4.14,-,11.62,4.14,11.62,USD,"Dec 04, 2020","Dec 04, 2020",2026-05-15
SM ENERGY CO 144A,Energy,Fixed Income,"13,599,600.19",0.08,"13,599,600.19","12,826,000.00",17888HAC7,US17888HAC79,-,105.74,United States,-,USD,0.78,7.1,1.0,"Nov 01, 2030",8.63,3.68,-,5.24,0.46,5.24,USD,"Oct 17, 2023","Oct 17, 2023",2026-05-15
HILTON DOMESTIC OPERATING COMPANY 144A,Consumer Cyclical,Fixed Income,"13,576,789.31",0.08,"13,576,789.31","13,204,000.00",432833AS0,US432833AS06,-,100.46,United States,-,USD,4.49,5.67,1.0,"Sep 15, 2033",5.75,5.79,-,5.63,3.7,5.63,USD,"Jul 07, 2025","Jul 07, 2025",2026-05-15
MOLINA HEALTHCARE INC 144A,Insurance,Fixed Income,"13,576,318.80",0.08,"13,576,318.80","13,540,000.00",60855RAJ9,US60855RAJ95,-,98.47,United States,-,USD,1.73,5.16,1.0,"Jun 15, 2028",4.38,1.93,-,5.16,1.93,5.16,USD,"Jun 02, 2020","Jun 02, 2020",2026-05-15
CYPRIUM CORP 144A,Consumer Cyclical,Fixed Income,"13,533,890.46",0.08,"13,533,890.46","13,487,000.00",23292NAB4,US23292NAB47,-,99.37,United States,-,USD,5.09,6.47,1.0,"Apr 15, 2034",6.38,6.08,-,6.47,6.08,6.47,USD,"Mar 18, 2026","Mar 18, 2026",2026-05-15
FORTESCUE TREASURY PTY LTD 144A,Basic Industry,Fixed Income,"13,528,311.20",0.08,"13,528,311.20","14,108,000.00",30251GBC0,US30251GBC06,-,95.38,Australia,-,USD,4.29,5.46,1.0,"Apr 01, 2031",4.38,4.3,-,5.46,4.3,5.46,USD,"Mar 25, 2021","Mar 25, 2021",2026-05-15
NRG ENERGY INC 144A,Electric,Fixed Income,"13,519,665.54",0.08,"13,519,665.54","13,256,000.00",629377CW0,US629377CW01,BSF0624,100.29,United States,-,USD,3.95,5.95,1.0,"Feb 01, 2033",6.0,5.38,-,5.91,3.04,5.91,USD,"Oct 30, 2024","Oct 30, 2024",2026-05-15
CLEARWAY ENERGY OPERATING LLC 144A,Electric,Fixed Income,"13,491,644.12",0.08,"13,491,644.12","14,352,000.00",18539UAD7,US18539UAD72,-,93.09,United States,-,USD,4.07,5.42,1.0,"Feb 15, 2031",3.75,4.23,-,5.42,4.23,5.42,USD,"Mar 09, 2021","Mar 09, 2021",2026-05-15
HILCORP ENERGY I LP 144A,Energy,Fixed Income,"13,454,814.49",0.08,"13,454,814.49","12,971,000.00",431318BG8,US431318BG88,-,101.96,United States,-,USD,5.31,6.95,1.0,"Feb 15, 2035",7.25,6.32,-,6.88,5.2,6.88,USD,"Oct 07, 2024","Oct 07, 2024",2026-05-15
FERTITTA ENTERTAINMENT LLC (NEVADA 144A,Consumer Cyclical,Fixed Income,"13,417,941.67",0.08,"13,417,941.67","13,577,000.00",31556TAA7,US31556TAA79,-,97.31,United States,-,USD,2.26,5.72,1.0,"Jan 15, 2029",4.63,2.44,-,5.72,2.44,5.72,USD,"Jan 27, 2022","Jan 27, 2022",2026-05-15
ACRISURE LLC 144A,Insurance,Fixed Income,"13,376,691.00",0.08,"13,376,691.00","13,071,000.00",00489LAK9,US00489LAK98,-,100.0,United States,-,USD,1.97,8.24,1.0,"Feb 01, 2029",8.25,2.34,-,8.24,1.54,8.24,USD,"Jan 30, 2024","Jan 30, 2024",2026-05-15
UNITED RENTALS (NORTH AMERICA) INC,Capital Goods,Fixed Income,"13,360,393.96",0.08,"13,360,393.96","14,013,000.00",911363AM1,US911363AM11,BLFGYK7,94.4,United States,-,USD,3.92,5.22,1.0,"Feb 15, 2031",3.88,4.22,-,5.22,4.22,5.22,USD,"Aug 10, 2020","Aug 10, 2020",2026-05-15
BALL CORPORATION,Capital Goods,Fixed Income,"13,358,051.17",0.08,"13,358,051.17","12,871,000.00",058498AZ9,US058498AZ97,-,101.58,United States,-,USD,1.93,5.43,1.0,"Jun 15, 2029",6.0,2.73,-,5.17,1.83,5.17,USD,"May 11, 2023","May 11, 2023",2026-05-15
ARCHES BUYER INC 144A,Consumer Cyclical,Fixed Income,"13,306,768.75",0.08,"13,306,768.75","13,420,000.00",039524AA1,US039524AA11,-,97.24,United States,-,USD,1.86,5.69,1.0,"Jun 01, 2028",4.25,1.89,-,5.69,1.89,5.69,USD,"Dec 04, 2020","Dec 04, 2020",2026-05-15
WAYFAIR LLC 144A,Consumer Cyclical,Fixed Income,"13,288,782.41",0.08,"13,288,782.41","12,954,000.00",94419NAA5,US94419NAA54,-,102.02,United States,-,USD,2.32,6.59,1.0,"Oct 31, 2029",7.25,3.02,-,6.35,2.22,6.35,USD,"Oct 08, 2024","Oct 08, 2024",2026-05-15
CLARIVATE SCIENCE HOLDINGS CORP 144A,Technology,Fixed Income,"13,283,681.87",0.08,"13,283,681.87","13,670,000.00",18064PAC3,US18064PAC32,-,95.74,United States,-,USD,2.0,6.03,1.0,"Jul 01, 2028",3.88,1.98,-,6.03,1.98,6.03,USD,"Jun 24, 2021","Aug 19, 2021",2026-05-15
GRAY MEDIA INC 144A,Communications,Fixed Income,"13,273,890.47",0.08,"13,273,890.47","17,569,000.00",389286AA3,US389286AA34,-,72.9,United States,-,USD,4.44,12.3,1.0,"Nov 15, 2031",5.38,4.27,-,12.30,4.27,12.30,USD,"Nov 09, 2021","Nov 09, 2021",2026-05-15
FTAI AVIATION INVESTORS LLC 144A,Finance Companies,Fixed Income,"13,256,470.68",0.08,"13,256,470.68","12,448,000.00",34960PAG6,US34960PAG63,-,103.62,United States,-,USD,2.71,6.27,1.0,"Jun 15, 2032",7.0,4.8,-,5.70,2.68,5.70,USD,"Jun 17, 2024","Jun 17, 2024",2026-05-15
DARLING INGREDIENTS INC 144A,Consumer Non-Cyclical,Fixed Income,"13,246,060.64",0.08,"13,246,060.64","12,834,000.00",237266AJ0,US237266AJ06,-,100.74,United States,-,USD,1.72,5.79,1.0,"Jun 15, 2030",6.0,3.5,-,5.28,1.02,5.28,USD,"Jun 09, 2022","Jun 09, 2022",2026-05-15
MILLROSE PROPERTIES INC 144A,Consumer Cyclical,Fixed Income,"13,214,072.14",0.08,"13,214,072.14","13,028,000.00",601137AB8,US601137AB81,-,100.42,United States,-,USD,4.26,6.17,1.0,"Sep 15, 2032",6.25,5.12,-,6.14,3.72,6.14,USD,"Sep 11, 2025","Sep 11, 2025",2026-05-15
IRON MOUNTAIN INC 144A,Technology,Fixed Income,"13,205,048.39",0.08,"13,205,048.39","13,115,000.00",46284VAC5,US46284VAC54,BD5WDB3,99.9,United States,-,USD,0.67,4.95,1.0,"Sep 15, 2027",4.88,1.27,-,4.95,1.27,4.95,USD,"Sep 18, 2017","Sep 18, 2017",2026-05-15
GEN DIGITAL INC 144A,Technology,Fixed Income,"13,160,963.49",0.08,"13,160,963.49","13,010,000.00",668771AK4,US668771AK49,-,100.35,United States,-,USD,0.48,6.47,1.0,"Sep 30, 2027",6.75,1.29,-,5.75,0.37,5.75,USD,"Sep 19, 2022","Sep 19, 2022",2026-05-15
LAMB WESTON HOLDINGS INC 144A,Consumer Non-Cyclical,Fixed Income,"13,150,837.18",0.08,"13,150,837.18","13,621,000.00",513272AD6,US513272AD65,-,95.37,United States,-,USD,3.13,5.52,1.0,"Jan 31, 2030",4.13,3.34,-,5.52,3.34,5.52,USD,"Nov 08, 2021","Nov 08, 2021",2026-05-15
FERRELLGAS LP 144A,Energy,Fixed Income,"13,147,649.66",0.08,"13,147,649.66","13,387,000.00",315289AC2,US315289AC26,-,97.53,United States,-,USD,2.33,6.83,1.0,"Apr 01, 2029",5.88,2.59,-,6.83,2.59,6.83,USD,"Mar 30, 2021","Mar 30, 2021",2026-05-15
CLEAR CHANNEL OUTDOOR HOLDINGS INC 144A,Communications,Fixed Income,"13,142,867.20",0.08,"13,142,867.20","12,524,000.00",18453HAF3,US18453HAF38,-,104.02,United States,-,USD,1.62,6.68,1.0,"Apr 01, 2030",7.88,3.29,-,6.03,2.14,6.03,USD,"Mar 18, 2024","Mar 18, 2024",2026-05-15
RB GLOBAL HOLDINGS INC 144A,Capital Goods,Fixed Income,"13,127,815.57",0.08,"13,127,815.57","12,498,000.00",76774LAC1,US76774LAC19,-,103.79,Canada,-,USD,1.16,6.81,1.0,"Mar 15, 2031",7.75,3.96,-,5.35,0.8,5.35,USD,"Mar 15, 2023","Mar 15, 2023",2026-05-15
CLEAR CHANNEL OUTDOOR HOLDINGS INC 144A,Communications,Fixed Income,"13,126,522.94",0.08,"13,126,522.94","12,661,000.00",18453HAD8,US18453HAD89,BNHS096,100.3,United States,-,USD,0.08,7.39,1.0,"Jun 01, 2029",7.5,2.6,-,3.70,0.08,3.70,USD,"Jun 01, 2021","Jun 01, 2021",2026-05-15
UNITED RENTALS (NORTH AMERICA) INC 144A,Capital Goods,Fixed Income,"13,122,892.36",0.08,"13,122,892.36","12,721,000.00",911365BR4,US911365BR47,-,102.17,United States,-,USD,4.71,5.77,1.0,"Mar 15, 2034",6.13,6.12,-,5.68,4.82,5.68,USD,"Mar 11, 2024","Mar 11, 2024",2026-05-15
CSC HOLDINGS LLC 144A,Communications,Fixed Income,"13,118,542.99",0.08,"13,118,542.99","21,334,000.00",126307AZ0,US126307AZ02,BJ555Z2,59.65,United States,-,USD,2.36,28.91,1.0,"Feb 01, 2029",6.5,2.1,-,28.91,2.1,28.91,USD,"Jan 31, 2019","Jan 31, 2019",2026-05-15
CYPRIUM CORP 144A,Consumer Cyclical,Fixed Income,"13,104,365.09",0.08,"13,104,365.09","12,901,000.00",23292NAA6,US23292NAA63,BVCHTS6,100.64,United States,-,USD,3.61,5.97,1.0,"Apr 15, 2031",6.13,4.16,-,5.93,3.42,5.93,USD,"Mar 18, 2026","Mar 18, 2026",2026-05-15
US FOODS INC 144A,Consumer Non-Cyclical,Fixed Income,"13,102,696.01",0.08,"13,102,696.01","13,161,000.00",90290MAD3,US90290MAD39,-,98.4,United States,-,USD,2.07,5.38,1.0,"Feb 15, 2029",4.75,2.52,-,5.38,2.52,5.38,USD,"Feb 04, 2021","Feb 04, 2021",2026-05-15
CINEMARK USA INC 144A,Consumer Cyclical,Fixed Income,"13,100,078.24",0.08,"13,100,078.24","12,959,000.00",172441BF3,US172441BF30,-,99.37,United States,-,USD,1.42,5.56,1.0,"Jul 15, 2028",5.25,1.99,-,5.56,1.99,5.56,USD,"Jun 15, 2021","Jun 15, 2021",2026-05-15
DIRECTV FINANCING LLC 144A,Communications,Fixed Income,"13,057,399.29",0.08,"13,057,399.29","12,555,000.00",25461LAB8,US25461LAB80,-,101.49,United States,-,USD,1.96,8.39,1.0,"Feb 01, 2030",8.88,3.05,-,7.92,1.53,7.92,USD,"Jan 24, 2024","Jan 24, 2024",2026-05-15
CELANESE US HOLDINGS LLC,Basic Industry,Fixed Income,"13,054,721.97",0.08,"13,054,721.97","12,151,000.00",15089QBD5,US15089QBD51,-,104.45,United States,-,USD,4.21,6.63,1.0,"Feb 15, 2034",7.38,5.73,-,6.27,3.88,6.27,USD,"Dec 17, 2025","Dec 17, 2025",2026-05-15
CROSSCOUNTRY INTERMEDIATE HOLDCO L 144A,Finance Companies,Fixed Income,"13,039,859.54",0.08,"13,039,859.54","13,197,000.00",22757VAA8,US22757VAA89,-,98.05,United States,-,USD,3.48,7.02,1.0,"Oct 01, 2030",6.5,3.72,-,7.02,3.72,7.02,USD,"Sep 30, 2025","Sep 30, 2025",2026-05-15
B&G FOODS INC 144A,Consumer Non-Cyclical,Fixed Income,"13,013,604.72",0.08,"13,013,604.72","12,982,000.00",05508WAC9,US05508WAC91,-,98.95,United States,-,USD,1.85,8.49,1.0,"Sep 15, 2028",8.0,2.06,-,8.49,2.06,8.49,USD,"Sep 26, 2023","Sep 26, 2023",2026-05-15
PETSMART LLC 144A,Consumer Cyclical,Fixed Income,"12,991,308.73",0.08,"12,991,308.73","12,803,000.00",71677KAD0,US71677KAD00,-,99.86,United States,-,USD,4.4,10.02,1.0,"Sep 15, 2033",10.0,5.03,-,10.02,5.03,10.02,USD,"Aug 18, 2025","Aug 18, 2025",2026-05-15
LBM ACQUISITION LLC 144A,Capital Goods,Fixed Income,"12,983,028.91",0.08,"12,983,028.91","15,209,000.00",52109SAB5,US52109SAB51,-,81.46,United States,-,USD,3.77,14.81,1.0,"Jun 15, 2031",9.5,3.59,-,14.81,3.59,14.81,USD,"Aug 11, 2025","Aug 11, 2025",2026-05-15
CLEVELAND-CLIFFS INC 144A,Basic Industry,Fixed Income,"12,970,516.03",0.08,"12,970,516.03","12,587,000.00",185899AS0,US185899AS01,-,101.84,United States,-,USD,3.56,7.08,1.0,"Sep 15, 2031",7.5,4.3,-,6.94,3.26,6.94,USD,"Feb 06, 2025","Feb 06, 2025",2026-05-15
MUVICO LLC 144A,Consumer Cyclical,Fixed Income,"12,934,522.89",0.08,"12,934,522.89","11,871,000.00",62844JAE8,US62844JAE82,-,105.26,United States,-,USD,1.79,6.88,1.0,"Feb 19, 2029",9.0,2.35,-,6.12,1.73,6.12,USD,"Jul 24, 2025","Jul 24, 2025",2026-05-15
CLEVELAND-CLIFFS INC 144A,Basic Industry,Fixed Income,"12,931,248.98",0.08,"12,931,248.98","12,731,000.00",185899AQ4,US185899AQ45,-,101.34,United States,-,USD,2.44,6.44,1.0,"Nov 01, 2029",6.88,3.04,-,6.28,2.24,6.28,USD,"Oct 22, 2024","Oct 22, 2024",2026-05-15
TALLGRASS ENERGY PARTNERS LP 144A,Energy,Fixed Income,"12,923,434.20",0.08,"12,923,434.20","12,309,000.00",87470LAL5,US87470LAL53,-,103.19,United States,-,USD,1.22,6.09,1.0,"Feb 15, 2029",7.38,2.43,-,5.42,0.72,5.42,USD,"Jan 23, 2024","Jan 23, 2024",2026-05-15
SYNCHRONY FINANCIAL,Banking,Fixed Income,"12,917,002.14",0.08,"12,917,002.14","12,235,000.00",87165BAU7,US87165BAU70,-,103.54,United States,-,USD,5.17,6.59,1.0,"Feb 02, 2033",7.25,5.19,-,6.57,5.03,6.57,USD,"Feb 02, 2023","Feb 02, 2023",2026-05-15
SUNOCO LP 144A,Energy,Fixed Income,"12,892,367.05",0.08,"12,892,367.05","12,893,000.00",86765KAG4,US86765KAG40,-,99.05,United States,-,USD,4.89,6.03,1.0,"Mar 15, 2034",5.88,6.14,-,6.03,6.14,6.03,USD,"Sep 18, 2025","Sep 18, 2025",2026-05-15
PBF HOLDING COMPANY LLC,Energy,Fixed Income,"12,854,656.22",0.08,"12,854,656.22","12,683,000.00",69318FAJ7,US69318FAJ75,-,99.89,United States,-,USD,0.76,6.06,1.0,"Feb 15, 2028",6.0,1.62,-,6.06,1.62,6.06,USD,"Aug 15, 2020","Nov 24, 2020",2026-05-15
AMERICAN AXLE & MANUFACTURING INC 144A,Consumer Cyclical,Fixed Income,"12,817,007.87",0.08,"12,817,007.87","12,689,000.00",02406PBC3,US02406PBC32,-,100.51,United States,-,USD,4.33,6.28,1.0,"Oct 15, 2032",6.38,5.18,-,6.24,3.79,6.24,USD,"Oct 03, 2025","Oct 03, 2025",2026-05-15
WBI OPERATING LLC 144A,Energy,Fixed Income,"12,813,689.21",0.08,"12,813,689.21","12,633,000.00",92944BAA9,US92944BAA98,-,100.94,United States,-,USD,3.2,6.0,1.0,"Oct 15, 2030",6.25,3.8,-,5.94,3.03,5.94,USD,"Oct 06, 2025","Oct 06, 2025",2026-05-15
TELUS CORPORATION (NC10.25),Communications,Fixed Income,"12,804,932.80",0.08,"12,804,932.80","12,339,000.00",87971MCM3,US87971MCM38,-,103.23,Canada,-,USD,6.76,6.67,1.0,"Oct 15, 2055",7.0,6.91,-,6.53,6.7,6.53,USD,"Jun 27, 2025","Jun 27, 2025",2026-05-15
ALTICE FINANCING SA 144A,Communications,Fixed Income,"12,787,767.36",0.08,"12,787,767.36","16,994,000.00",02154CAF0,US02154CAF05,BKP87R4,73.61,Luxembourg,-,USD,1.56,25.29,1.0,"Jan 15, 2028",5.0,1.41,-,25.29,1.41,25.29,USD,"Jan 22, 2020","Jan 22, 2020",2026-05-15
HLF FINANCING SARL LLC 144A,Consumer Non-Cyclical,Fixed Income,"12,747,471.32",0.08,"12,747,471.32","12,549,000.00",40390DAE5,US40390DAE58,-,101.28,United States,-,USD,4.61,7.51,1.0,"May 01, 2033",7.75,5.31,-,7.44,4.06,7.44,USD,"Apr 29, 2026","Apr 29, 2026",2026-05-15
PENNYMAC FINANCIAL SERVICES INC 144A,Finance Companies,Fixed Income,"12,745,651.23",0.08,"12,745,651.23","12,915,000.00",70932MAF4,US70932MAF41,-,97.01,United States,-,USD,4.56,7.44,1.0,"Feb 15, 2033",6.88,5.21,-,7.44,5.21,7.44,USD,"Feb 06, 2025","Feb 06, 2025",2026-05-15
AMERICAN AIRLINES INC 144A,Transportation,Fixed Income,"12,702,079.16",0.08,"12,702,079.16","12,334,000.00",023771T32,US023771T329,-,101.21,United States,-,USD,0.8,6.5,1.0,"Feb 15, 2028",7.25,1.6,-,5.57,0.72,5.57,USD,"Feb 15, 2023","Feb 15, 2023",2026-05-15
BUILDERS FIRSTSOURCE INC 144A,Capital Goods,Fixed Income,"12,692,000.16",0.08,"12,692,000.16","12,199,000.00",12008RAT4,US12008RAT41,-,100.7,United States,-,USD,5.49,6.64,1.0,"May 15, 2035",6.75,6.46,-,6.61,4.72,6.61,USD,"May 08, 2025","May 08, 2025",2026-05-15
GENESIS ENERGY LP 144A,Energy,Fixed Income,"12,673,595.93",0.08,"12,673,595.93","12,456,000.00",37185LAS1,US37185LAS16,-,100.45,United States,-,USD,4.87,6.67,1.0,"Mar 15, 2034",6.75,5.94,-,6.64,4.03,6.64,USD,"Mar 04, 2026","Mar 04, 2026",2026-05-15
AES CORPORATION (THE),Electric,Fixed Income,"12,649,507.15",0.07,"12,649,507.15","12,117,000.00",00130HCK9,US00130HCK95,-,101.9,United States,-,USD,2.95,7.24,1.0,"Jan 15, 2055",7.6,3.0,-,6.97,2.9,6.97,USD,"May 21, 2024","May 21, 2024",2026-05-15
OLYMPUS WATER US HOLDING CORP 144A,Basic Industry,Fixed Income,"12,638,626.96",0.07,"12,638,626.96","12,398,000.00",681639AD2,US681639AD27,-,101.09,United States,-,USD,3.25,6.99,1.0,"Jun 15, 2031",7.25,4.17,-,6.85,2.71,6.85,USD,"Jun 21, 2024","Jun 21, 2024",2026-05-15
ENERGY TRANSFER LP,Energy,Fixed Income,"12,619,458.14",0.07,"12,619,458.14","11,511,000.00",29273VAX8,US29273VAX82,BRF20T8,105.67,United States,-,USD,2.4,7.61,1.0,"May 15, 2054",8.0,2.43,-,5.75,2.37,5.75,USD,"Jan 25, 2024","Jan 25, 2024",2026-05-15
OPEN TEXT INC 144A,Technology,Fixed Income,"12,608,690.36",0.07,"12,608,690.36","13,703,000.00",683720AA4,US683720AA42,-,91.01,Canada,-,USD,3.39,6.88,1.0,"Feb 15, 2030",4.13,3.35,-,6.88,3.35,6.88,USD,"Feb 18, 2020","Feb 18, 2020",2026-05-15
XPLR INFRASTRUCTURE OPERATING PART 144A,Electric,Fixed Income,"12,579,773.98",0.07,"12,579,773.98","11,924,000.00",98379YAA0,US98379YAA01,-,104.9,United States,-,USD,4.39,6.93,1.0,"Apr 15, 2034",7.75,5.88,-,6.57,4.05,6.57,USD,"Nov 21, 2025","Nov 21, 2025",2026-05-15
NRG ENERGY INC 144A,Electric,Fixed Income,"12,578,791.07",0.07,"12,578,791.07","12,694,000.00",629377DG4,US629377DG42,-,98.84,United States,-,USD,6.53,6.28,1.0,"May 15, 2036",6.13,7.36,-,6.28,7.36,6.28,USD,"Apr 28, 2026","Apr 28, 2026",2026-05-15
UWM HOLDINGS LLC 144A,Finance Companies,Fixed Income,"12,529,266.40",0.07,"12,529,266.40","13,044,000.00",903522AA8,US903522AA85,-,94.18,United States,-,USD,3.16,8.48,1.0,"Feb 01, 2030",6.63,3.15,-,8.48,3.15,8.48,USD,"Dec 10, 2024","Dec 10, 2024",2026-05-15
ARCHROCK SERVICES LP 144A,Energy,Fixed Income,"12,520,765.58",0.07,"12,520,765.58","12,292,000.00",03958CAA7,US03958CAA71,-,99.99,United States,-,USD,4.85,6.0,1.0,"Feb 01, 2034",6.0,6.0,-,6.00,3.98,6.00,USD,"Jan 21, 2026","Jan 21, 2026",2026-05-15
PENNYMAC FINANCIAL SERVICES INC 144A,Finance Companies,Fixed Income,"12,509,668.13",0.07,"12,509,668.13","11,726,000.00",70932MAD9,US70932MAD92,-,103.45,United States,-,USD,2.06,6.77,1.0,"Dec 15, 2029",7.88,3.01,-,6.41,2.25,6.41,USD,"Dec 11, 2023","Dec 11, 2023",2026-05-15
PILGRIMS PRIDE CORP,Consumer Non-Cyclical,Fixed Income,"12,488,719.99",0.07,"12,488,719.99","12,973,000.00",72147KAJ7,US72147KAJ79,-,95.94,United States,-,USD,3.88,5.2,1.0,"Apr 15, 2031",4.25,4.35,-,5.20,4.35,5.20,USD,"Oct 15, 2022","Feb 15, 2023",2026-05-15
TRANSOCEAN INTERNATIONAL LTD 144A,Energy,Fixed Income,"12,474,305.46",0.07,"12,474,305.46","11,362,000.00",893830BZ1,US893830BZ10,-,105.59,United States,-,USD,2.02,7.15,1.0,"May 15, 2031",8.5,3.9,-,6.43,2.54,6.43,USD,"Apr 18, 2024","Apr 18, 2024",2026-05-15
NOVA CHEMICALS CORP 144A,Owned No Guarantee,Fixed Income,"12,458,933.14",0.07,"12,458,933.14","12,149,000.00",66977WAR0,US66977WAR07,BYZQ6H9,100.19,Canada,-,USD,0.89,5.06,1.0,"Jun 01, 2027",5.25,0.99,-,5.01,0.76,5.01,USD,"Jun 09, 2017","Jun 09, 2017",2026-05-15
OPEN TEXT CORP 144A,Technology,Fixed Income,"12,441,264.82",0.07,"12,441,264.82","12,762,000.00",683715AC0,US683715AC05,-,96.54,Canada,-,USD,1.67,5.98,1.0,"Feb 15, 2028",3.88,1.65,-,5.98,1.65,5.98,USD,"Feb 18, 2020","Feb 18, 2020",2026-05-15
ALBERTSONS COMPANIES INC 144A,Consumer Non-Cyclical,Fixed Income,"12,437,446.33",0.07,"12,437,446.33","12,118,000.00",01309QAA6,US01309QAA67,-,101.05,United States,-,USD,0.83,5.86,1.0,"Feb 15, 2028",6.5,1.62,-,5.06,0.72,5.06,USD,"Feb 13, 2023","Feb 13, 2023",2026-05-15
NRG ENERGY INC 144A,Electric,Fixed Income,"12,428,205.05",0.07,"12,428,205.05","12,214,000.00",629377CY6,US629377CY66,-,99.87,United States,-,USD,1.07,5.79,1.0,"Jul 15, 2029",5.75,2.81,-,5.79,2.81,5.79,USD,"Jul 15, 2024","Oct 30, 2024",2026-05-15
NISSAN MOTOR CO LTD 144A,Consumer Cyclical,Fixed Income,"12,425,044.76",0.07,"12,425,044.76","11,684,000.00",654922AC7,US654922AC70,-,103.85,Japan,-,USD,4.78,6.97,1.0,"Jul 17, 2032",7.75,4.77,-,6.96,4.66,6.96,USD,"Jul 17, 2025","Jul 17, 2025",2026-05-15
ROCKET SOFTWARE INC 144A,Technology,Fixed Income,"12,422,839.01",0.07,"12,422,839.01","12,424,000.00",77314EAB4,US77314EAB48,-,99.69,United States,-,USD,1.65,9.14,1.0,"Nov 28, 2028",9.0,2.22,-,9.14,2.22,9.14,USD,"May 01, 2024","May 01, 2024",2026-05-15
ICAHN ENTERPRISES LP 144A,Financial Other,Fixed Income,"12,402,517.02",0.07,"12,402,517.02","11,847,000.00",451102CK1,US451102CK14,-,99.74,United States,-,USD,2.7,10.09,1.0,"Nov 15, 2029",10.0,2.76,-,10.09,2.76,10.09,USD,"Nov 20, 2024","Nov 20, 2024",2026-05-15
CELANESE US HOLDINGS LLC,Basic Industry,Fixed Income,"12,376,638.01",0.07,"12,376,638.01","11,543,000.00",15089QAN4,US15089QAN43,-,104.82,United States,-,USD,2.68,5.65,1.0,"Jul 15, 2029",7.33,2.75,-,5.56,2.62,5.56,USD,"Jul 14, 2022","Jul 14, 2022",2026-05-15
MAGNERA CORP 144A,Basic Industry,Fixed Income,"12,375,107.28",0.07,"12,375,107.28","12,930,000.00",55939AAA5,US55939AAA51,-,95.14,United States,-,USD,4.19,8.37,1.0,"Nov 15, 2031",7.25,4.4,-,8.37,4.4,8.37,USD,"Oct 25, 2024","Oct 25, 2024",2026-05-15
ALPHA GENERATION LLC 144A,Electric,Fixed Income,"12,363,952.72",0.07,"12,363,952.72","12,212,000.00",02073LAC5,US02073LAC54,-,99.2,United States,-,USD,4.8,6.38,1.0,"Jan 15, 2034",6.25,5.89,-,6.38,5.89,6.38,USD,"Oct 08, 2025","Oct 08, 2025",2026-05-15
SUNOCO LP 144A,Energy,Fixed Income,"12,335,600.51",0.07,"12,335,600.51","12,740,000.00",86765KAK5,US86765KAK51,2N59HH7,96.67,United States,-,USD,3.07,5.57,1.0,"May 01, 2030",4.63,3.56,-,5.57,3.56,5.57,USD,"Nov 01, 2025","Nov 05, 2025",2026-05-15
NEWELL BRANDS INC,Consumer Non-Cyclical,Fixed Income,"12,335,606.12",0.07,"12,335,606.12","12,063,000.00",651229BF2,US651229BF23,-,99.11,United States,-,USD,3.34,6.63,1.0,"May 15, 2030",6.38,3.37,-,6.63,3.37,6.63,USD,"Nov 13, 2024","Nov 13, 2024",2026-05-15
NOVELIS CORP 144A,Basic Industry,Fixed Income,"12,327,893.55",0.07,"12,327,893.55","11,783,000.00",670001AL0,US670001AL04,-,102.66,United States,-,USD,2.3,6.06,1.0,"Jan 30, 2030",6.88,3.19,-,5.80,2.41,5.80,USD,"Jan 13, 2025","Jan 13, 2025",2026-05-15
ONEMAIN FINANCE CORP,Finance Companies,Fixed Income,"12,325,961.71",0.07,"12,325,961.71","12,121,000.00",682691AK6,US682691AK62,-,100.54,United States,-,USD,4.12,7.01,1.0,"Sep 15, 2032",7.13,4.98,-,6.97,3.46,6.97,USD,"Jun 11, 2025","Jun 11, 2025",2026-05-15
HILTON DOMESTIC OPERATING COMPANY 144A,Consumer Cyclical,Fixed Income,"12,319,260.44",0.07,"12,319,260.44","12,100,000.00",432833AR2,US432833AR23,-,100.87,United States,-,USD,4.07,5.72,1.0,"Mar 15, 2033",5.88,5.53,-,5.62,3.37,5.62,USD,"Sep 09, 2024","Sep 09, 2024",2026-05-15
GOODYEAR TIRE & RUBBER COMPANY (TH,Consumer Cyclical,Fixed Income,"12,311,194.67",0.07,"12,311,194.67","12,846,000.00",382550BN0,US382550BN08,-,94.2,United States,-,USD,2.85,7.07,1.0,"Jul 15, 2029",5.0,2.82,-,7.07,2.82,7.07,USD,"Jan 15, 2022","Apr 27, 2022",2026-05-15
HESS MIDSTREAM OPERATIONS LP 144A,Energy,Fixed Income,"12,288,914.56",0.07,"12,288,914.56","12,031,000.00",428102AH0,US428102AH01,-,100.97,United States,-,USD,1.61,5.3,1.0,"Mar 01, 2028",5.88,1.67,-,5.30,1.67,5.30,USD,"Feb 12, 2025","Feb 12, 2025",2026-05-15
CLOUD SOFTWARE GROUP INC 144A,Technology,Fixed Income,"12,283,655.52",0.07,"12,283,655.52","13,473,000.00",18912UAG7,US18912UAG76,-,89.55,United States,-,USD,5.35,8.59,1.0,"Aug 15, 2033",6.63,5.45,-,8.59,5.45,8.59,USD,"Aug 14, 2025","Aug 14, 2025",2026-05-15
MOHEGAN TRIBAL GAMING AUTHORITY 144A,Consumer Cyclical,Fixed Income,"12,263,302.35",0.07,"12,263,302.35","11,760,000.00",60832QAA8,US60832QAA85,-,103.64,United States,-,USD,2.45,7.17,1.0,"Apr 15, 2030",8.25,3.3,-,6.85,2.56,6.85,USD,"Apr 10, 2025","Apr 10, 2025",2026-05-15
VISTAJET MALTA FINANCE PLC 144A,Transportation,Fixed Income,"12,233,264.41",0.07,"12,233,264.41","12,931,000.00",92840JAB5,US92840JAB52,-,92.8,Switzerland,-,USD,3.19,8.68,1.0,"Feb 01, 2030",6.38,3.15,-,8.68,3.15,8.68,USD,"Jan 31, 2022","Jan 31, 2022",2026-05-15
ENTEGRIS INC 144A,Technology,Fixed Income,"12,233,910.91",0.07,"12,233,910.91","11,800,000.00",29365BAB9,US29365BAB99,-,101.23,United States,-,USD,1.94,5.61,1.0,"Jun 15, 2030",5.95,3.51,-,5.32,1.9,5.32,USD,"Jun 30, 2022","Jun 30, 2022",2026-05-15
IQVIA INC 144A,Consumer Non-Cyclical,Fixed Income,"12,222,692.40",0.07,"12,222,692.40","11,941,000.00",46266TAA6,US46266TAA60,BK62T46,99.89,United States,-,USD,0.6,5.12,1.0,"May 15, 2027",5.0,0.95,-,5.12,0.95,5.12,USD,"May 10, 2019","May 10, 2019",2026-05-15
ALCOA NEDERLAND HOLDING BV 144A,Basic Industry,Fixed Income,"12,179,287.25",0.07,"12,179,287.25","11,558,000.00",013822AH4,US013822AH42,-,104.23,United States,-,USD,2.07,6.1,1.0,"Mar 15, 2031",7.13,4.03,-,5.49,2.53,5.49,USD,"Mar 21, 2024","Mar 21, 2024",2026-05-15
CLEARWAY ENERGY OPERATING LLC 144A,Electric,Fixed Income,"12,178,757.89",0.07,"12,178,757.89","12,197,000.00",18539UAC9,US18539UAC99,-,99.08,United States,-,USD,1.44,5.27,1.0,"Mar 15, 2028",4.75,1.72,-,5.27,1.72,5.27,USD,"Dec 11, 2019","Dec 11, 2019",2026-05-15
SUNOCO LP 144A,Energy,Fixed Income,"12,169,183.38",0.07,"12,169,183.38","12,478,000.00",86765KAJ8,US86765KAJ88,-,97.0,United States,-,USD,2.71,5.48,1.0,"Oct 01, 2029",4.5,3.07,-,5.48,3.07,5.48,USD,"Oct 01, 2025","Nov 05, 2025",2026-05-15
SUNOCO LP / SUNOCO FINANCE CORP,Energy,Fixed Income,"12,157,497.57",0.07,"12,157,497.57","12,124,000.00",86765LAT4,US86765LAT44,BL545C0,98.05,United States,-,USD,2.29,5.21,1.0,"May 15, 2029",4.5,2.71,-,5.21,2.71,5.21,USD,"May 15, 2021","Jul 06, 2021",2026-05-15
HERC HOLDINGS INC 144A,Capital Goods,Fixed Income,"12,107,973.59",0.07,"12,107,973.59","11,496,000.00",42704LAE4,US42704LAE48,-,102.6,United States,-,USD,1.71,5.69,1.0,"Jun 15, 2029",6.63,2.7,-,5.29,1.89,5.29,USD,"Jun 07, 2024","Jun 07, 2024",2026-05-15
SM ENERGY CO 144A,Energy,Fixed Income,"12,093,666.72",0.07,"12,093,666.72","10,529,000.00",17888HAD5,US17888HAD52,-,110.9,United States,-,USD,2.53,7.6,1.0,"Jun 15, 2033",9.63,5.02,-,6.17,1.83,6.17,USD,"Jun 03, 2025","Jun 03, 2025",2026-05-15
MICHAELS COMPANIES INC 144A,Consumer Cyclical,Fixed Income,"12,090,303.27",0.07,"12,090,303.27","12,574,000.00",59408QAA4,US59408QAA40,-,94.08,United States,-,USD,4.83,12.18,1.0,"Mar 15, 2034",11.0,4.96,-,12.18,4.96,12.18,USD,"Mar 05, 2026","Mar 05, 2026",2026-05-15
VIRGIN MEDIA SECURED FINANCE PLC 144A,Communications,Fixed Income,"12,079,488.96",0.07,"12,079,488.96","13,467,000.00",92769XAR6,US92769XAR61,-,88.6,United Kingdom,-,USD,3.77,7.69,1.0,"Aug 15, 2030",4.5,3.71,-,7.69,3.71,7.69,USD,"Jun 29, 2020","Jun 29, 2020",2026-05-15
ION PLATFORM FINANCE US INC 144A,Technology,Fixed Income,"12,080,253.11",0.07,"12,080,253.11","12,739,000.00",46206AAB8,US46206AAB89,-,91.32,United States,-,USD,2.55,13.04,1.0,"May 30, 2029",9.5,2.44,-,13.04,2.44,13.04,USD,"May 30, 2025","Oct 07, 2025",2026-05-15
ONEMAIN FINANCE CORP,Finance Companies,Fixed Income,"12,076,756.20",0.07,"12,076,756.20","11,431,000.00",682691AF7,US682691AF77,-,101.94,United States,-,USD,2.95,7.03,1.0,"May 15, 2031",7.5,3.98,-,6.78,2.57,6.78,USD,"May 22, 2024","May 22, 2024",2026-05-15
PILGRIMS PRIDE CORP,Consumer Non-Cyclical,Fixed Income,"12,072,503.78",0.07,"12,072,503.78","11,380,000.00",72147KAK4,US72147KAK43,-,103.79,United States,-,USD,5.56,5.6,1.0,"Jul 01, 2033",6.25,5.61,-,5.58,5.45,5.58,USD,"Apr 19, 2023","Apr 19, 2023",2026-05-15
ILIAD HOLDING SAS 144A,Communications,Fixed Income,"12,070,668.38",0.07,"12,070,668.38","11,828,000.00",449691AG9,US449691AG96,-,101.51,France,-,USD,3.63,6.69,1.0,"Apr 15, 2032",7.0,4.77,-,6.52,3.09,6.52,USD,"Dec 03, 2024","Dec 03, 2024",2026-05-15
GRAY MEDIA INC 144A,Communications,Fixed Income,"12,071,034.13",0.07,"12,071,034.13","11,849,000.00",389375AP1,US389375AP13,-,100.1,United States,-,USD,4.48,7.23,1.0,"Aug 15, 2033",7.25,5.47,-,7.22,3.55,7.22,USD,"Jul 25, 2025","Jul 25, 2025",2026-05-15
HUNTSMAN INTERNATIONAL LLC,Basic Industry,Fixed Income,"12,059,923.09",0.07,"12,059,923.09","12,554,000.00",44701QBE1,US44701QBE17,BJLTYV7,95.91,United States,-,USD,2.72,6.02,1.0,"May 01, 2029",4.5,2.72,-,6.02,2.72,6.02,USD,"Mar 13, 2019","Mar 13, 2019",2026-05-15
NGL ENERGY OPERATING LLC 144A,Energy,Fixed Income,"12,037,620.32",0.07,"12,037,620.32","11,399,000.00",62922LAC2,US62922LAC28,-,103.62,United States,-,USD,1.14,6.73,1.0,"Feb 15, 2029",8.13,2.41,-,5.89,0.72,5.89,USD,"Feb 02, 2024","Feb 02, 2024",2026-05-15
SIX FLAGS ENTERTAINMENT CORP 144A,Consumer Cyclical,Fixed Income,"12,037,906.02",0.07,"12,037,906.02","11,782,000.00",83001AAD4,US83001AAD46,-,98.59,United States,-,USD,3.09,7.59,1.0,"May 15, 2031",7.25,3.98,-,7.59,3.98,7.59,USD,"May 03, 2023","May 03, 2023",2026-05-15
LIFEPOINT HEALTH INC 144A,Consumer Non-Cyclical,Fixed Income,"12,030,509.80",0.07,"12,030,509.80","11,228,000.00",53219LAX7,US53219LAX73,-,102.65,United States,-,USD,3.1,9.41,1.0,"Jun 01, 2032",10.0,4.3,-,8.98,2.48,8.98,USD,"May 17, 2024","May 17, 2024",2026-05-15
NRG ENERGY INC 144A,Electric,Fixed Income,"12,027,938.37",0.07,"12,027,938.37","11,854,000.00",629377CH3,US629377CH34,BK5NCB8,99.31,United States,-,USD,2.01,5.49,1.0,"Jun 15, 2029",5.25,2.75,-,5.49,2.75,5.49,USD,"May 14, 2019","May 14, 2019",2026-05-15
USA COMPRESSION PARTNERS LP 144A,Energy,Fixed Income,"12,028,736.18",0.07,"12,028,736.18","11,833,000.00",91740PAH1,US91740PAH10,-,100.92,United States,-,USD,4.51,6.09,1.0,"Oct 01, 2033",6.25,5.81,-,6.00,3.75,6.00,USD,"Sep 24, 2025","Sep 24, 2025",2026-05-15
YUM! BRANDS INC.,Consumer Cyclical,Fixed Income,"12,020,511.22",0.07,"12,020,511.22","12,485,000.00",988498AP6,US988498AP63,-,95.74,United States,-,USD,4.32,5.5,1.0,"Jan 31, 2032",4.63,4.91,-,5.50,4.91,5.50,USD,"Apr 01, 2021","Apr 01, 2021",2026-05-15
PARAMOUNT GLOBAL,Communications,Fixed Income,"12,019,992.64",0.07,"12,019,992.64","13,696,000.00",92556HAD9,US92556HAD98,-,85.73,United States,-,USD,5.08,7.16,1.0,"May 19, 2032",4.2,5.01,-,7.16,5.01,7.16,USD,"May 19, 2020","May 19, 2020",2026-05-15
FREEDOM MORTGAGE HOLDINGS LLC 144A,Finance Companies,Fixed Income,"12,020,187.54",0.07,"12,020,187.54","12,462,000.00",35641AAE8,US35641AAE82,-,96.23,United States,-,USD,3.99,7.81,1.0,"May 01, 2031",6.88,4.11,-,7.81,4.11,7.81,USD,"Dec 08, 2025","Dec 08, 2025",2026-05-15
TKC HOLDINGS LLC 144A,Consumer Cyclical,Fixed Income,"12,013,789.61",0.07,"12,013,789.61","11,185,000.00",87256YAG8,US87256YAG89,-,104.54,United States,-,USD,3.11,10.74,1.0,"Feb 15, 2031",12.0,3.5,-,10.49,2.91,10.49,USD,"Feb 17, 2026","Feb 17, 2026",2026-05-15
HARVEST MIDSTREAM I LP 144A,Energy,Fixed Income,"12,008,648.70",0.07,"12,008,648.70","11,684,000.00",417558AA1,US417558AA18,BMF3RK6,101.28,United States,-,USD,0.3,6.88,1.0,"Sep 01, 2028",7.5,2.06,-,3.15,0.3,3.15,USD,"Aug 10, 2020","Aug 10, 2020",2026-05-15
MCGRAW-HILL EDUCATION INC 144A,Communications,Fixed Income,"11,990,716.23",0.07,"11,990,716.23","11,865,000.00",57767XAA8,US57767XAA81,-,99.43,United States,-,USD,1.37,6.02,1.0,"Aug 01, 2028",5.75,2.02,-,6.02,2.02,6.02,USD,"Jul 30, 2021","Jul 30, 2021",2026-05-15
FAIR ISAAC CORP 144A,Technology,Fixed Income,"11,984,581.72",0.07,"11,984,581.72","12,067,000.00",303250AF1,US303250AF16,BKV3193,97.67,United States,-,USD,1.86,5.19,1.0,"Jun 15, 2028",4.0,1.94,-,5.19,1.94,5.19,USD,"Dec 06, 2019","Dec 06, 2019",2026-05-15
ZF NORTH AMERICA CAPITAL INC 144A,Consumer Cyclical,Fixed Income,"11,954,093.27",0.07,"11,954,093.27","12,000,000.00",98877DAF2,US98877DAF24,-,99.24,Germany,-,USD,3.42,6.97,1.0,"Apr 23, 2030",6.75,3.4,-,6.97,3.4,6.97,USD,"Apr 23, 2024","Apr 23, 2024",2026-05-15
ONEMAIN FINANCE CORP,Finance Companies,Fixed Income,"11,951,723.92",0.07,"11,951,723.92","11,880,000.00",85172FAR0,US85172FAR01,BKTMHD8,97.95,United States,-,USD,2.98,6.03,1.0,"Nov 15, 2029",5.38,3.06,-,6.03,3.06,6.03,USD,"Nov 07, 2019","Nov 07, 2019",2026-05-15
MOLINA HEALTHCARE INC 144A,Insurance,Fixed Income,"11,928,067.24",0.07,"11,928,067.24","11,702,000.00",60855RAM2,US60855RAM25,-,99.88,United States,-,USD,4.15,6.27,1.0,"Jan 15, 2033",6.25,5.28,-,6.27,5.28,6.27,USD,"Nov 18, 2024","Nov 18, 2024",2026-05-15
HILTON GRAND VACATIONS BORROWER LL 144A,Consumer Cyclical,Fixed Income,"11,915,116.57",0.07,"11,915,116.57","12,065,000.00",43284MAA6,US43284MAA62,-,96.51,United States,-,USD,2.55,6.27,1.0,"Jun 01, 2029",5.0,2.71,-,6.27,2.71,6.27,USD,"Jun 04, 2021","Jun 04, 2021",2026-05-15
VODAFONE GROUP PLC,Communications,Fixed Income,"11,894,034.81",0.07,"11,894,034.81","12,538,000.00",92857WBW9,US92857WBW91,-,93.04,United Kingdom,-,USD,4.29,6.69,1.0,"Jun 04, 2081",4.13,4.27,-,5.78,4.25,5.78,USD,"Jun 04, 2021","Jun 04, 2021",2026-05-15
BATH & BODY WORKS INC 144A,Consumer Cyclical,Fixed Income,"11,885,262.51",0.07,"11,885,262.51","11,675,000.00",501797AW4,US501797AW48,BMH1559,101.03,United States,-,USD,2.37,6.35,1.0,"Oct 01, 2030",6.63,3.73,-,6.15,2.16,6.15,USD,"Sep 30, 2020","Sep 30, 2020",2026-05-15
FS KKR CAPITAL CORP,Finance Companies,Fixed Income,"11,878,486.79",0.07,"11,878,486.79","12,005,000.00",302635AP2,US302635AP20,-,96.94,United States,-,USD,3.2,7.08,1.0,"Jan 15, 2030",6.13,3.16,-,7.08,3.16,7.08,USD,"Nov 20, 2024","Nov 20, 2024",2026-05-15
EDGEWELL PERSONAL CARE CO 144A,Consumer Non-Cyclical,Fixed Income,"11,873,753.38",0.07,"11,873,753.38","11,650,000.00",28035QAA0,US28035QAA04,-,99.45,United States,-,USD,1.32,5.79,1.0,"Jun 01, 2028",5.5,1.87,-,5.79,1.87,5.79,USD,"May 22, 2020","May 22, 2020",2026-05-15
GFL ENVIRONMENTAL INC 144A,Capital Goods,Fixed Income,"11,846,599.57",0.07,"11,846,599.57","11,985,000.00",36168QAL8,US36168QAL86,-,97.71,Canada,-,USD,1.98,5.04,1.0,"Aug 01, 2028",4.0,2.09,-,5.04,2.09,5.04,USD,"Nov 23, 2020","Nov 23, 2020",2026-05-15
RAKUTEN GROUP INC 144A,Consumer Cyclical,Fixed Income,"11,816,313.07",0.07,"11,816,313.07","12,407,000.00",75102WAB4,US75102WAB46,BP2FD31,94.87,Japan,-,USD,4.09,8.55,1.0,"Dec 31, 2079",6.25,4.01,-,7.51,4.14,7.51,USD,"Apr 22, 2021","Apr 22, 2021",2026-05-15
WAYFAIR LLC 144A,Consumer Cyclical,Fixed Income,"11,817,294.77",0.07,"11,817,294.77","11,301,000.00",94419NAB3,US94419NAB38,-,103.32,United States,-,USD,2.82,6.85,1.0,"Sep 15, 2030",7.75,3.61,-,6.62,2.88,6.62,USD,"Mar 13, 2025","Mar 13, 2025",2026-05-15
OLYMPUS WATER US HOLDING CORP 144A,Basic Industry,Fixed Income,"11,809,225.49",0.07,"11,809,225.49","12,114,000.00",681639AA8,US681639AA87,-,96.99,United States,-,USD,2.15,5.62,1.0,"Oct 01, 2028",4.25,2.22,-,5.62,2.22,5.62,USD,"Oct 01, 2021","Oct 01, 2021",2026-05-15
MELCO RESORTS FINANCE LTD 144A,Consumer Cyclical,Fixed Income,"11,806,530.37",0.07,"11,806,530.37","11,655,000.00",58547DAE9,US58547DAE94,-,99.51,Macau,-,USD,1.3,5.99,1.0,"Jul 21, 2028",5.75,1.99,-,5.99,1.99,5.99,USD,"Jul 21, 2020","Jul 21, 2020",2026-05-15
FORTESCUE TREASURY PTY LTD 144A,Basic Industry,Fixed Income,"11,772,133.01",0.07,"11,772,133.01","11,357,000.00",30251GBE6,US30251GBE61,-,103.18,Australia,-,USD,4.86,5.49,1.0,"Apr 15, 2032",6.13,4.91,-,5.47,4.74,5.47,USD,"Apr 11, 2022","Apr 11, 2022",2026-05-15
MGM RESORTS INTERNATIONAL,Consumer Cyclical,Fixed Income,"11,767,681.86",0.07,"11,767,681.86","11,489,000.00",552953CK5,US552953CK50,-,101.44,United States,-,USD,2.25,5.64,1.0,"Sep 15, 2029",6.13,2.96,-,5.46,2.14,5.46,USD,"Sep 17, 2024","Sep 17, 2024",2026-05-15
OPEN TEXT CORP 144A,Technology,Fixed Income,"11,766,335.79",0.07,"11,766,335.79","12,725,000.00",683715AD8,US683715AD87,-,90.72,Canada,-,USD,3.21,6.86,1.0,"Dec 01, 2029",3.88,3.17,-,6.86,3.17,6.86,USD,"Nov 24, 2021","Nov 24, 2021",2026-05-15
IHEARTCOMMUNICATIONS INC 144A,Communications,Fixed Income,"11,766,718.91",0.07,"11,766,718.91","11,659,606.00",45174HBJ5,US45174HBJ59,-,98.33,United States,-,USD,2.32,9.78,1.0,"May 01, 2029",9.13,2.47,-,9.78,2.47,9.78,USD,"Dec 20, 2024","Dec 20, 2024",2026-05-15
WYNN RESORTS FINANCE LLC 144A,Consumer Cyclical,Fixed Income,"11,757,981.22",0.07,"11,757,981.22","11,785,000.00",983133AA7,US983133AA70,BKPQND6,99.17,United States,-,USD,3.0,5.39,1.0,"Oct 01, 2029",5.13,3.05,-,5.39,3.05,5.39,USD,"Sep 20, 2019","Sep 20, 2019",2026-05-15
CLEVELAND-CLIFFS INC 144A,Basic Industry,Fixed Income,"11,748,985.12",0.07,"11,748,985.12","11,760,000.00",185899AN1,US185899AN14,-,99.38,United States,-,USD,2.65,6.93,1.0,"Apr 15, 2030",6.75,3.38,-,6.93,3.38,6.93,USD,"Apr 14, 2023","Apr 14, 2023",2026-05-15
PARK INTERMEDIATE HOLDINGS LLC 144A,Reits,Fixed Income,"11,717,598.22",0.07,"11,717,598.22","11,662,000.00",70052LAB9,US70052LAB99,BMGWP75,99.79,United States,-,USD,1.03,5.97,1.0,"Oct 01, 2028",5.88,2.18,-,5.97,2.18,5.97,USD,"Sep 18, 2020","Sep 18, 2020",2026-05-15
PILGRIMS PRIDE CORP,Consumer Non-Cyclical,Fixed Income,"11,710,953.66",0.07,"11,710,953.66","12,797,000.00",72147KAH1,US72147KAH14,-,90.81,United States,-,USD,4.91,5.36,1.0,"Mar 01, 2032",3.5,5.09,-,5.36,5.09,5.36,USD,"Sep 01, 2022","Feb 15, 2023",2026-05-15
ONEMAIN FINANCE CORP,Finance Companies,Fixed Income,"11,682,397.39",0.07,"11,682,397.39","11,276,000.00",85172FAQ2,US85172FAQ28,BK62TX5,101.43,United States,-,USD,1.21,5.71,1.0,"Jan 15, 2028",6.63,1.54,-,5.34,1.1,5.34,USD,"May 09, 2019","May 09, 2019",2026-05-15
CHORD ENERGY CORP 144A,Energy,Fixed Income,"11,671,108.05",0.07,"11,671,108.05","11,238,000.00",674215AN8,US674215AN89,-,102.77,United States,-,USD,3.72,6.24,1.0,"Mar 15, 2033",6.75,5.38,-,5.93,3.32,5.93,USD,"Mar 13, 2025","Mar 13, 2025",2026-05-15
WESCO DISTRIBUTION INC 144A,Capital Goods,Fixed Income,"11,672,233.30",0.07,"11,672,233.30","11,203,000.00",95081QAR5,US95081QAR56,-,103.12,United States,-,USD,2.58,5.98,1.0,"Mar 15, 2032",6.63,4.76,-,5.42,2.54,5.42,USD,"Mar 07, 2024","Mar 07, 2024",2026-05-15
MPT OPERATING PARTNERSHIP LP,Reits,Fixed Income,"11,672,493.55",0.07,"11,672,493.55","14,153,000.00",55342UAJ3,US55342UAJ34,BJVN8K6,81.16,United States,-,USD,2.9,11.83,1.0,"Aug 01, 2029",4.63,2.79,-,11.83,2.79,11.83,USD,"Jul 26, 2019","Jul 26, 2019",2026-05-15
AVANTOR FUNDING INC 144A,Consumer Non-Cyclical,Fixed Income,"11,647,948.08",0.07,"11,647,948.08","12,333,000.00",05352TAB5,US05352TAB52,-,94.32,United States,-,USD,3.11,5.7,1.0,"Nov 01, 2029",3.88,3.18,-,5.70,3.18,5.70,USD,"Oct 26, 2021","Oct 26, 2021",2026-05-15
ONEMAIN FINANCE CORP,Finance Companies,Fixed Income,"11,646,700.46",0.07,"11,646,700.46","11,104,000.00",682691AE0,US682691AE03,-,103.62,United States,-,USD,2.06,6.78,1.0,"Mar 15, 2030",7.88,3.25,-,6.34,2.29,6.34,USD,"Dec 13, 2023","Dec 13, 2023",2026-05-15
ONEMAIN FINANCE CORP,Finance Companies,Fixed Income,"11,647,114.94",0.07,"11,647,114.94","11,404,000.00",682691AL4,US682691AL46,-,99.1,United States,-,USD,3.29,6.38,1.0,"May 15, 2030",6.13,3.39,-,6.38,3.39,6.38,USD,"Aug 12, 2025","Aug 12, 2025",2026-05-15
WESCO DISTRIBUTION INC 144A,Capital Goods,Fixed Income,"11,632,113.44",0.07,"11,632,113.44","11,588,000.00",95081QAU8,US95081QAU85,-,99.22,United States,-,USD,5.14,5.62,1.0,"Apr 15, 2034",5.5,6.27,-,5.62,6.27,5.62,USD,"Feb 27, 2026","Feb 27, 2026",2026-05-15
GENESIS ENERGY LP,Energy,Fixed Income,"11,628,713.82",0.07,"11,628,713.82","10,755,000.00",37185LAQ5,US37185LAQ59,-,104.23,United States,-,USD,2.53,7.0,1.0,"May 15, 2032",7.88,4.59,-,6.31,2.56,6.31,USD,"May 09, 2024","May 09, 2024",2026-05-15
GARDA WORLD SECURITY CORP 144A,Consumer Cyclical,Fixed Income,"11,617,699.73",0.07,"11,617,699.73","11,068,000.00",36485MAQ2,US36485MAQ24,-,101.79,Canada,-,USD,3.11,6.05,1.0,"Jan 15, 2031",6.5,3.87,-,5.93,3.01,5.93,USD,"Nov 17, 2025","Nov 17, 2025",2026-05-15
ROCKET MORTGAGE LLC 144A,Finance Companies,Fixed Income,"11,616,617.55",0.07,"11,616,617.55","12,903,000.00",77313LAB9,US77313LAB99,BP6QRV6,89.72,United States,-,USD,5.91,5.72,1.0,"Oct 15, 2033",4.0,6.23,-,5.72,6.23,5.72,USD,"Oct 05, 2021","Oct 05, 2021",2026-05-15
TELUS CORP (NC5.25),Communications,Fixed Income,"11,610,855.96",0.07,"11,610,855.96","11,297,000.00",87971MCQ4,US87971MCQ42,-,100.05,Canada,-,USD,4.03,6.67,1.0,"Jun 09, 2056",6.38,4.11,-,6.36,4.16,6.36,USD,"Dec 09, 2025","Dec 09, 2025",2026-05-15
VIRGIN MEDIA FINANCE PLC 144A,Communications,Fixed Income,"11,605,167.28",0.07,"11,605,167.28","13,457,000.00",92769VAJ8,US92769VAJ89,-,84.6,United Kingdom,-,USD,3.64,9.56,1.0,"Jul 15, 2030",5.0,3.54,-,9.56,3.54,9.56,USD,"Jun 11, 2020","Jun 11, 2020",2026-05-15
WYNN RESORTS FINANCE LLC 144A,Consumer Cyclical,Fixed Income,"11,595,636.72",0.07,"11,595,636.72","11,458,000.00",983133AD1,US983133AD10,-,100.19,United States,-,USD,3.96,6.21,1.0,"Mar 15, 2033",6.25,5.45,-,6.18,2.95,6.18,USD,"Sep 20, 2024","Sep 20, 2024",2026-05-15
MELCO RESORTS FINANCE LTD 144A,Consumer Cyclical,Fixed Income,"11,542,176.77",0.07,"11,542,176.77","11,172,000.00",58547DAH2,US58547DAH26,-,102.76,Macau,-,USD,2.98,7.05,1.0,"Apr 17, 2032",7.63,4.7,-,6.57,2.58,6.57,USD,"Apr 17, 2024","Apr 17, 2024",2026-05-15
OSAIC HOLDINGS INC 144A,Brokerage/Asset Managers/Exchanges,Fixed Income,"11,523,540.93",0.07,"11,523,540.93","11,103,000.00",00791GAC1,US00791GAC15,-,101.52,United States,-,USD,4.22,7.72,1.0,"Aug 01, 2033",8.0,5.31,-,7.57,3.46,7.57,USD,"Aug 01, 2025","Aug 01, 2025",2026-05-15
WESCO DISTRIBUTION INC 144A,Capital Goods,Fixed Income,"11,521,298.08",0.07,"11,521,298.08","11,093,000.00",95081QAS3,US95081QAS30,-,102.83,United States,-,USD,3.68,5.86,1.0,"Mar 15, 2033",6.38,5.45,-,5.54,3.35,5.54,USD,"Mar 06, 2025","Mar 06, 2025",2026-05-15
GO DADDY OPERATING COMPANY LLC 144A,Technology,Fixed Income,"11,512,532.82",0.07,"11,512,532.82","12,205,000.00",38016LAC9,US38016LAC90,BL6LVP5,93.63,United States,-,USD,2.6,6.0,1.0,"Mar 01, 2029",3.5,2.59,-,6.00,2.59,6.00,USD,"Feb 25, 2021","Feb 25, 2021",2026-05-15
FERRELLGAS LP 144A,Energy,Fixed Income,"11,511,188.32",0.07,"11,511,188.32","10,511,000.00",315292AU6,US315292AU60,-,104.48,United States,-,USD,2.9,8.07,1.0,"Jan 15, 2031",9.25,3.6,-,7.81,2.95,7.81,USD,"Oct 27, 2025","Oct 27, 2025",2026-05-15
VMED O2 UK FINANCING I PLC 144A,Communications,Fixed Income,"11,509,024.81",0.07,"11,509,024.81","12,938,000.00",92858RAE0,US92858RAE09,-,88.43,United Kingdom,-,USD,5.16,9.1,1.0,"Jan 15, 2033",6.75,5.13,-,9.10,5.13,9.10,USD,"Oct 15, 2025","Oct 15, 2025",2026-05-15
YUM! BRANDS INC.,Consumer Cyclical,Fixed Income,"11,477,890.86",0.07,"11,477,890.86","11,441,000.00",988498AR2,US988498AR20,-,99.7,United States,-,USD,3.71,5.43,1.0,"Apr 01, 2032",5.38,4.95,-,5.43,4.95,5.43,USD,"Apr 01, 2022","Apr 01, 2022",2026-05-15
INEOS FINANCE PLC 144A,Basic Industry,Fixed Income,"11,449,505.55",0.07,"11,449,505.55","11,435,000.00",44984WAJ6,US44984WAJ62,-,99.54,Luxembourg,-,USD,2.25,7.67,1.0,"Apr 15, 2029",7.5,2.56,-,7.67,2.56,7.67,USD,"Feb 07, 2024","Feb 07, 2024",2026-05-15
PACIFICORP,Electric,Fixed Income,"11,443,835.50",0.07,"11,443,835.50","11,118,000.00",695114DF2,US695114DF26,-,101.74,United States,-,USD,3.5,7.27,1.0,"Sep 15, 2055",7.38,3.55,-,6.88,3.45,6.88,USD,"Mar 20, 2025","Mar 20, 2025",2026-05-15
HOWARD MIDSTREAM ENERGY PARTNERS L 144A,Energy,Fixed Income,"11,443,885.87",0.07,"11,443,885.87","11,108,000.00",442722AD6,US442722AD63,-,100.85,United States,-,USD,4.71,6.48,1.0,"Jan 15, 2034",6.63,5.83,-,6.41,3.93,6.41,USD,"Aug 08, 2025","Aug 08, 2025",2026-05-15
NORTHERN OIL AND GAS INC 144A,Energy,Fixed Income,"11,438,863.21",0.07,"11,438,863.21","11,101,000.00",665531AL3,US665531AL37,-,102.43,United States,-,USD,4.32,7.44,1.0,"Oct 15, 2033",7.88,5.54,-,7.22,3.67,7.22,USD,"Oct 01, 2025","Oct 01, 2025",2026-05-15
SEAGATE DATA STORAGE TECHNOLOGY PT 144A,Technology,Fixed Income,"11,436,709.49",0.07,"11,436,709.49","9,926,000.00",81180LAR6,US81180LAR69,-,110.89,United States,-,USD,1.63,7.49,1.0,"Dec 01, 2032",9.63,4.73,-,5.24,1.39,5.24,USD,"Jun 01, 2025","Jun 30, 2025",2026-05-15
MATADOR RESOURCES CO 144A,Energy,Fixed Income,"11,437,653.08",0.07,"11,437,653.08","11,314,000.00",576485AJ5,US576485AJ51,-,99.96,United States,-,USD,5.03,6.0,1.0,"Apr 15, 2034",6.0,6.17,-,6.00,6.17,6.00,USD,"Mar 05, 2026","Mar 05, 2026",2026-05-15
CALIFORNIA RESOURCES CORP 144A,Energy,Fixed Income,"11,434,922.17",0.07,"11,434,922.17","10,838,000.00",13057QAL1,US13057QAL14,-,101.33,United States,-,USD,4.52,6.77,1.0,"Jan 15, 2034",7.0,5.65,-,6.66,3.79,6.66,USD,"Oct 08, 2025","Oct 08, 2025",2026-05-15
WAYFAIR LLC 144A,Consumer Cyclical,Fixed Income,"11,428,402.53",0.07,"11,428,402.53","11,065,000.00",94419NAC1,US94419NAC11,-,99.8,United States,-,USD,4.34,6.79,1.0,"Nov 15, 2032",6.75,5.02,-,6.79,5.02,6.79,USD,"Nov 07, 2025","Nov 07, 2025",2026-05-15
ONEMAIN FINANCE CORP,Finance Companies,Fixed Income,"11,417,568.89",0.07,"11,417,568.89","11,668,000.00",682691AM2,US682691AM29,-,96.81,United States,-,USD,4.81,7.1,1.0,"Mar 15, 2033",6.5,5.36,-,7.10,5.36,7.10,USD,"Sep 17, 2025","Sep 17, 2025",2026-05-15
AXON ENTERPRISE INC 144A,Capital Goods,Fixed Income,"11,399,504.31",0.07,"11,399,504.31","11,036,000.00",05464CAD3,US05464CAD39,-,102.29,United States,-,USD,3.8,5.84,1.0,"Mar 15, 2033",6.25,5.47,-,5.58,3.35,5.58,USD,"Mar 11, 2025","Mar 11, 2025",2026-05-15
RITHM CAPITAL CORP 144A,Reits,Fixed Income,"11,389,839.42",0.07,"11,389,839.42","11,288,000.00",64828TAB8,US64828TAB89,-,99.97,United States,-,USD,2.15,8.01,1.0,"Apr 01, 2029",8.0,2.51,-,8.01,2.51,8.01,USD,"Mar 19, 2024","Mar 19, 2024",2026-05-15
VIASAT INC 144A,Communications,Fixed Income,"11,377,417.38",0.07,"11,377,417.38","10,889,000.00",92552VAR1,US92552VAR15,-,101.09,United States,-,USD,2.56,7.24,1.0,"May 30, 2031",7.5,4.01,-,6.92,1.81,6.92,USD,"Sep 28, 2023","Sep 28, 2023",2026-05-15
YUM! BRANDS INC.,Consumer Cyclical,Fixed Income,"11,373,379.01",0.07,"11,373,379.01","12,189,000.00",988498AN1,US988498AN16,BN7S9F5,92.72,United States,-,USD,4.33,5.35,1.0,"Mar 15, 2031",3.63,4.32,-,5.35,4.32,5.35,USD,"Sep 25, 2020","Sep 25, 2020",2026-05-15
CLARIOS US FINANCE COMPANY INC 144A,Consumer Cyclical,Fixed Income,"11,366,031.01",0.07,"11,366,031.01","10,809,000.00",18060TAC9,US18060TAC99,-,101.82,United States,-,USD,0.34,5.78,1.0,"May 15, 2028",6.75,1.8,-,4.88,0.94,4.88,USD,"May 04, 2023","May 04, 2023",2026-05-15
CLEAR CHANNEL OUTDOOR HOLDINGS INC 144A,Communications,Fixed Income,"11,361,768.76",0.07,"11,361,768.76","10,727,000.00",18453HAH9,US18453HAH93,-,104.71,United States,-,USD,3.76,6.63,1.0,"Mar 15, 2033",7.5,5.27,-,6.24,3.64,6.24,USD,"Aug 04, 2025","Aug 04, 2025",2026-05-15
CHEMOURS COMPANY 144A,Basic Industry,Fixed Income,"11,350,657.90",0.07,"11,350,657.90","10,998,000.00",163851AL2,US163851AL27,-,101.87,United States,-,USD,4.65,7.55,1.0,"Mar 15, 2034",7.88,5.72,-,7.40,3.93,7.40,USD,"Mar 12, 2026","Mar 12, 2026",2026-05-15
PARK RIVER HOLDINGS INC 144A,Capital Goods,Fixed Income,"11,349,940.12",0.07,"11,349,940.12","11,308,000.00",70082LAC1,US70082LAC19,-,99.08,United States,-,USD,3.51,8.23,1.0,"Mar 15, 2031",8.0,3.89,-,8.23,3.89,8.23,USD,"Oct 01, 2025","Oct 01, 2025",2026-05-15
ALBERTSONS COMPANIES INC 144A,Consumer Non-Cyclical,Fixed Income,"11,337,772.66",0.07,"11,337,772.66","11,171,000.00",01309QAC2,US01309QAC24,-,98.7,United States,-,USD,3.6,5.81,1.0,"Mar 31, 2031",5.5,4.1,-,5.81,4.1,5.81,USD,"Nov 10, 2025","Nov 10, 2025",2026-05-15
ADIENT GLOBAL HOLDINGS LTD 144A,Consumer Cyclical,Fixed Income,"11,337,780.70",0.07,"11,337,780.70","10,852,000.00",00687YAD7,US00687YAD76,-,102.64,United States,-,USD,3.68,7.0,1.0,"Feb 15, 2033",7.5,5.17,-,6.69,3.19,6.69,USD,"Feb 03, 2025","Feb 03, 2025",2026-05-15
BAUSCH HEALTH COMPANIES INC 144A,Consumer Non-Cyclical,Fixed Income,"11,321,040.59",0.07,"11,321,040.59","10,682,000.00",071734AQ0,US071734AQ04,-,104.67,Canada,-,USD,2.11,8.77,1.0,"Sep 30, 2028",11.0,2.05,-,8.77,2.05,8.77,USD,"Sep 30, 2022","Sep 30, 2022",2026-05-15
CCO HOLDINGS LLC 144A,Communications,Fixed Income,"11,310,226.06",0.07,"11,310,226.06","11,301,000.00",1248EPBT9,US1248EPBT92,BYM4WW3,99.91,United States,-,USD,0.57,5.22,1.0,"May 01, 2027",5.13,0.93,-,5.22,0.93,5.22,USD,"Feb 06, 2017","Feb 06, 2017",2026-05-15
DISCOVERY COMMUNICATIONS LLC,Communications,Fixed Income,"11,287,156.36",0.07,"11,287,156.36","11,798,000.00",25470DCC1,US25470DCC11,-,93.88,United States,-,USD,3.59,5.34,1.0,"May 15, 2030",3.63,3.59,-,5.34,3.59,5.34,USD,"May 15, 2025","Jun 30, 2025",2026-05-15
ENERGIZER HOLDINGS INC 144A,Consumer Non-Cyclical,Fixed Income,"11,277,095.24",0.07,"11,277,095.24","11,700,000.00",29272WAD1,US29272WAD11,BMD3QC3,95.86,United States,-,USD,2.57,5.96,1.0,"Mar 31, 2029",4.38,2.64,-,5.96,2.64,5.96,USD,"Sep 30, 2020","Sep 30, 2020",2026-05-15
MGM RESORTS INTERNATIONAL,Consumer Cyclical,Fixed Income,"11,264,060.96",0.07,"11,264,060.96","11,338,000.00",552953CH2,US552953CH22,BMXWF12,98.98,United States,-,USD,2.2,5.2,1.0,"Oct 15, 2028",4.75,2.25,-,5.20,2.25,5.20,USD,"Oct 13, 2020","Oct 13, 2020",2026-05-15
METHANEX CORPORATION,Basic Industry,Fixed Income,"11,259,754.11",0.07,"11,259,754.11","11,039,000.00",59151KAL2,US59151KAL26,-,99.84,Canada,-,USD,3.11,5.3,1.0,"Dec 15, 2029",5.25,3.16,-,5.30,3.16,5.30,USD,"Sep 12, 2019","Sep 12, 2019",2026-05-15
WESCO DISTRIBUTION INC 144A,Capital Goods,Fixed Income,"11,218,165.12",0.07,"11,218,165.12","10,875,000.00",95081QAQ7,US95081QAQ73,-,102.13,United States,-,USD,1.63,5.55,1.0,"Mar 15, 2029",6.38,2.55,-,5.14,1.71,5.14,USD,"Mar 07, 2024","Mar 07, 2024",2026-05-15
HILTON DOMESTIC OPERATING COMPANY,Consumer Cyclical,Fixed Income,"11,207,847.55",0.07,"11,207,847.55","11,134,000.00",432833AF8,US432833AF84,BKRRN37,99.07,United States,-,USD,2.45,5.16,1.0,"Jan 15, 2030",4.88,3.27,-,5.16,3.27,5.16,USD,"Jun 20, 2019","Nov 08, 2019",2026-05-15
CHORD ENERGY CORP 144A,Energy,Fixed Income,"11,185,221.20",0.07,"11,185,221.20","10,950,000.00",674215AQ1,US674215AQ11,-,101.45,United States,-,USD,3.07,5.62,1.0,"Oct 01, 2030",6.0,3.79,-,5.52,3.01,5.52,USD,"Sep 30, 2025","Sep 30, 2025",2026-05-15
MATADOR RESOURCES CO 144A,Energy,Fixed Income,"11,184,831.14",0.07,"11,184,831.14","11,017,000.00",576485AH9,US576485AH95,-,101.04,United States,-,USD,4.14,6.06,1.0,"Apr 15, 2033",6.25,5.54,-,5.95,3.42,5.95,USD,"Sep 25, 2024","Sep 25, 2024",2026-05-15
TALLGRASS ENERGY PARTNERS LP 144A,Energy,Fixed Income,"11,182,287.53",0.07,"11,182,287.53","10,866,000.00",87470LAM3,US87470LAM37,-,101.82,United States,-,USD,4.72,6.45,1.0,"Mar 15, 2034",6.75,5.97,-,6.30,4.04,6.30,USD,"Sep 08, 2025","Sep 08, 2025",2026-05-15
VIKING CRUISES LTD 144A,Consumer Cyclical,Fixed Income,"11,169,215.42",0.07,"11,169,215.42","10,339,000.00",92676XAG2,US92676XAG25,-,105.04,United States,-,USD,0.5,7.91,1.0,"Jul 15, 2031",9.13,3.99,-,5.89,0.17,5.89,USD,"Jun 30, 2023","Jun 30, 2023",2026-05-15
EW SCRIPPS CO 144A,Communications,Fixed Income,"11,157,918.64",0.07,"11,157,918.64","11,159,000.00",811054AH8,US811054AH89,-,97.58,United States,-,USD,3.22,10.59,1.0,"Aug 15, 2030",9.88,3.31,-,10.59,3.31,10.59,USD,"Aug 06, 2025","Aug 06, 2025",2026-05-15
XPLR INFRASTRUCTURE OPERATING PART 144A,Electric,Fixed Income,"11,148,009.39",0.07,"11,148,009.39","10,499,000.00",65342QAM4,US65342QAM42,-,103.81,United States,-,USD,2.22,5.69,1.0,"Jan 15, 2029",7.25,2.36,-,5.55,2.15,5.55,USD,"Dec 15, 2023","Dec 15, 2023",2026-05-15
ALLISON TRANSMISSION INC 144A,Consumer Cyclical,Fixed Income,"11,141,416.19",0.07,"11,141,416.19","11,787,000.00",019736AG2,US019736AG29,BMX50K5,93.45,United States,-,USD,4.0,5.34,1.0,"Jan 30, 2031",3.75,4.19,-,5.34,4.19,5.34,USD,"Nov 19, 2020","Nov 19, 2020",2026-05-15
LIFEPOINT HEALTH INC 144A,Consumer Non-Cyclical,Fixed Income,"11,140,058.41",0.07,"11,140,058.41","10,357,000.00",53219LAY5,US53219LAY56,-,105.51,United States,-,USD,2.99,7.18,1.0,"Feb 15, 2032",8.38,4.47,-,6.69,3.15,6.69,USD,"Jan 29, 2025","Jan 29, 2025",2026-05-15
NCL CORPORATION LTD 144A,Consumer Cyclical,Fixed Income,"11,135,265.58",0.07,"11,135,265.58","11,760,000.00",62886HBZ3,US62886HBZ38,-,93.68,United States,-,USD,5.27,7.38,1.0,"Sep 15, 2033",6.25,5.67,-,7.38,5.67,7.38,USD,"Sep 17, 2025","Sep 17, 2025",2026-05-15
JONES DESLAURIERS INSURANCE MANAGE 144A,Insurance,Fixed Income,"11,126,124.03",0.07,"11,126,124.03","10,767,000.00",48020RAB1,US48020RAB15,-,101.97,Canada,-,USD,1.99,7.89,1.0,"Mar 15, 2030",8.5,3.19,-,7.33,1.66,7.33,USD,"Mar 16, 2023","Mar 16, 2023",2026-05-15
QNITY ELECTRONICS INC 144A,Basic Industry,Fixed Income,"11,119,523.36",0.07,"11,119,523.36","10,721,000.00",74743LAB6,US74743LAB62,-,102.19,United States,-,USD,4.17,5.87,1.0,"Aug 15, 2033",6.25,5.71,-,5.66,3.65,5.66,USD,"Aug 15, 2025","Aug 15, 2025",2026-05-15
TEREX CORPORATION 144A,Capital Goods,Fixed Income,"11,107,176.92",0.07,"11,107,176.92","10,911,000.00",880779BB8,US880779BB83,-,101.31,United States,-,USD,3.67,6.0,1.0,"Oct 15, 2032",6.25,5.21,-,5.82,3.03,5.82,USD,"Oct 08, 2024","Oct 08, 2024",2026-05-15
CLEAR CHANNEL OUTDOOR HOLDINGS INC 144A,Communications,Fixed Income,"11,086,559.03",0.07,"11,086,559.03","10,967,000.00",18453HAC0,US18453HAC07,BM9NG16,100.49,United States,-,USD,0.08,7.47,1.0,"Apr 15, 2028",7.75,1.75,-,1.68,0.08,1.68,USD,"Feb 17, 2021","Feb 17, 2021",2026-05-15
VMED O2 UK FINANCING I PLC 144A,Communications,Fixed Income,"11,085,372.25",0.07,"11,085,372.25","11,641,000.00",92858RAD2,US92858RAD26,-,94.62,United Kingdom,-,USD,4.28,8.94,1.0,"Apr 15, 2032",7.75,4.59,-,8.94,4.59,8.94,USD,"Apr 03, 2024","Apr 03, 2024",2026-05-15
SUNOCO LP,Energy,Fixed Income,"11,071,482.71",0.07,"11,071,482.71","11,402,000.00",86765LAZ0,US86765LAZ04,-,96.94,United States,-,USD,3.02,5.37,1.0,"Apr 30, 2030",4.5,3.57,-,5.37,3.57,5.37,USD,"Apr 30, 2022","Jul 15, 2022",2026-05-15
BALL CORPORATION,Capital Goods,Fixed Income,"11,060,184.62",0.07,"11,060,184.62","12,194,000.00",058498AX4,US058498AX40,-,90.2,United States,-,USD,4.79,5.25,1.0,"Sep 15, 2031",3.13,4.78,-,5.25,4.78,5.25,USD,"Sep 14, 2021","Sep 14, 2021",2026-05-15
GFL ENVIRONMENTAL INC 144A,Capital Goods,Fixed Income,"11,040,722.71",0.07,"11,040,722.71","10,980,000.00",36168QAN4,US36168QAN43,-,98.6,Canada,-,USD,2.09,5.25,1.0,"Jun 15, 2029",4.75,2.78,-,5.25,2.78,5.25,USD,"Jun 08, 2021","Jun 08, 2021",2026-05-15
ATLAS LUXCO 4 SARL 144A,Consumer Cyclical,Fixed Income,"11,041,280.25",0.07,"11,041,280.25","11,011,000.00",049362AA4,US049362AA49,-,98.19,United States,-,USD,1.75,5.57,1.0,"Jun 01, 2028",4.63,1.89,-,5.57,1.89,5.57,USD,"May 14, 2021","May 14, 2021",2026-05-15
ONEMAIN FINANCE CORP,Finance Companies,Fixed Income,"11,032,972.53",0.07,"11,032,972.53","10,582,000.00",682691AG5,US682691AG50,-,100.74,United States,-,USD,3.42,6.96,1.0,"Nov 15, 2031",7.13,4.34,-,6.87,2.77,6.87,USD,"Aug 19, 2024","Aug 19, 2024",2026-05-15
ASBURY AUTOMOTIVE GROUP INC. 144A,Consumer Cyclical,Fixed Income,"11,029,628.28",0.07,"11,029,628.28","11,101,000.00",043436AW4,US043436AW48,-,97.07,United States,-,USD,2.7,5.56,1.0,"Nov 15, 2029",4.63,3.11,-,5.56,3.11,5.56,USD,"Nov 19, 2021","Nov 19, 2021",2026-05-15
PERRIGO FINANCE UNLIMITED CO,Consumer Non-Cyclical,Fixed Income,"11,027,790.09",0.07,"11,027,790.09","11,484,000.00",71429MAD7,US71429MAD74,-,95.3,United States,-,USD,4.62,7.05,1.0,"Sep 30, 2032",6.13,5.13,-,7.05,5.13,7.05,USD,"Sep 17, 2024","Sep 17, 2024",2026-05-15
DISH DBS CORP 144A,Communications,Fixed Income,"11,002,888.26",0.07,"11,002,888.26","10,800,000.00",25470XBE4,US25470XBE40,BNRLYV5,99.52,United States,-,USD,0.53,6.15,1.0,"Dec 01, 2026",5.25,0.52,-,6.15,0.52,6.15,USD,"Nov 26, 2021","Nov 26, 2021",2026-05-15
TRANSDIGM INC,Capital Goods,Fixed Income,"11,003,423.45",0.07,"11,003,423.45","11,118,000.00",893647BQ9,US893647BQ97,-,98.81,United States,-,USD,1.98,5.31,1.0,"May 01, 2029",4.88,2.72,-,5.31,2.72,5.31,USD,"Apr 21, 2021","Sep 20, 2021",2026-05-15
ENERGY TRANSFER LP (NC10.5),Energy,Fixed Income,"10,982,685.86",0.07,"10,982,685.86","10,642,000.00",29273VBH2,US29273VBH24,-,101.55,United States,-,USD,6.91,6.56,1.0,"Feb 15, 2056",6.75,7.05,-,6.53,6.85,6.53,USD,"Aug 25, 2025","Aug 25, 2025",2026-05-15
ALTICE FRANCE SA (FRANCE) 144A,Communications,Fixed Income,"10,973,622.72",0.07,"10,973,622.72","11,154,170.00",02090DAB4,US02090DAB47,-,97.85,France,-,USD,2.81,7.45,1.0,"Oct 15, 2030",6.88,3.72,-,7.45,3.72,7.45,USD,"Oct 01, 2025","Oct 01, 2025",2026-05-15
SM ENERGY CO 144A,Energy,Fixed Income,"10,971,143.49",0.07,"10,971,143.49","10,512,000.00",78454LAY6,US78454LAY65,-,102.38,United States,-,USD,3.24,6.52,1.0,"Aug 01, 2032",7.0,4.91,-,6.17,2.8,6.17,USD,"Jul 25, 2024","Jul 25, 2024",2026-05-15
SERVICE CORPORATION INTERNATIONAL,Consumer Cyclical,Fixed Income,"10,968,442.23",0.06,"10,968,442.23","11,708,000.00",817565CF9,US817565CF96,-,92.86,United States,-,USD,3.75,5.27,1.0,"Aug 15, 2030",3.38,3.85,-,5.27,3.85,5.27,USD,"Aug 10, 2020","Aug 10, 2020",2026-05-15
KODIAK GAS SERVICES LLC 144A,Energy,Fixed Income,"10,952,242.24",0.06,"10,952,242.24","10,627,000.00",50012LAD6,US50012LAD64,-,102.3,United States,-,USD,4.29,6.11,1.0,"Oct 01, 2033",6.5,5.78,-,5.89,3.75,5.89,USD,"Sep 05, 2025","Sep 05, 2025",2026-05-15
TENET HEALTHCARE CORP 144A,Consumer Non-Cyclical,Fixed Income,"10,949,558.67",0.06,"10,949,558.67","10,528,000.00",88033GDV9,US88033GDV95,-,101.09,United States,-,USD,4.49,5.82,1.0,"Nov 15, 2033",6.0,5.82,-,5.72,3.8,5.72,USD,"Nov 18, 2025","Nov 18, 2025",2026-05-15
RHP HOTEL PROPERTIES LP 144A,Reits,Fixed Income,"10,948,463.74",0.06,"10,948,463.74","10,944,000.00",74984CAA6,US74984CAA62,-,99.05,United States,-,USD,5.1,5.9,1.0,"Mar 15, 2034",5.75,6.17,-,5.90,6.17,5.90,USD,"Mar 11, 2026","Mar 11, 2026",2026-05-15
W R GRACE HOLDINGS LLC 144A,Basic Industry,Fixed Income,"10,945,911.62",0.06,"10,945,911.62","10,797,000.00",92943GAF8,US92943GAF81,-,99.76,United States,-,USD,4.26,6.67,1.0,"Aug 15, 2032",6.63,4.97,-,6.67,4.97,6.67,USD,"Aug 19, 2025","Aug 19, 2025",2026-05-15
CVS HEALTH CORP NC10,Consumer Non-Cyclical,Fixed Income,"10,946,957.71",0.06,"10,946,957.71","10,262,000.00",126650EG1,US126650EG12,-,103.81,United States,-,USD,6.22,6.4,1.0,"Dec 10, 2054",6.75,6.35,-,6.16,6.17,6.16,USD,"Dec 10, 2024","Dec 10, 2024",2026-05-15
MINERAL RESOURCES LTD 144A,Basic Industry,Fixed Income,"10,939,194.01",0.06,"10,939,194.01","10,426,000.00",603051AE3,US603051AE37,-,103.84,Australia,-,USD,0.38,7.45,1.0,"Oct 01, 2028",9.25,2.1,-,5.01,0.37,5.01,USD,"Oct 03, 2023","Oct 03, 2023",2026-05-15
NISSAN MOTOR ACCEPTANCE COMPANY LL MTN 144A,Consumer Cyclical,Fixed Income,"10,933,615.17",0.06,"10,933,615.17","10,544,000.00",65480CAF2,US65480CAF23,BNQQSJ7,102.56,United States,-,USD,2.09,5.86,1.0,"Sep 15, 2028",7.05,2.11,-,5.82,2.04,5.82,USD,"Sep 15, 2023","Sep 15, 2023",2026-05-15
BLK CSH FND TREASURY SL AGENCY,Cash and/or Derivatives,Money Market,"10,920,000.11",0.06,"10,920,000.11","10,920,000.00",066922477,US0669224778,6922477,1.0,United States,-,USD,0.1,3.48,1.0,-,3.63,0.12,-,3.48,0.12,3.48,USD,-,"Feb 04, 2009",2026-05-15
LIVE NATION ENTERTAINMENT INC 144A,Consumer Cyclical,Fixed Income,"10,917,332.59",0.06,"10,917,332.59","10,943,000.00",538034AR0,US538034AR08,BJK69Q9,99.4,United States,-,USD,1.15,5.19,1.0,"Oct 15, 2027",4.75,1.35,-,5.19,1.35,5.19,USD,"Oct 17, 2019","Oct 17, 2019",2026-05-15
PARK INTERMEDIATE HOLDINGS LLC 144A,Reits,Fixed Income,"10,910,367.22",0.06,"10,910,367.22","10,972,000.00",70052LAC7,US70052LAC72,BM9SJS9,97.03,United States,-,USD,2.45,5.97,1.0,"May 15, 2029",4.88,2.68,-,5.97,2.68,5.97,USD,"May 14, 2021","May 14, 2021",2026-05-15
TERRAFORM POWER OPERATING LLC 144A,Electric,Fixed Income,"10,910,409.45",0.06,"10,910,409.45","10,863,000.00",88104LAE3,US88104LAE39,BD2BVC0,99.01,United States,-,USD,1.52,5.61,1.0,"Jan 31, 2028",5.0,1.6,-,5.61,1.6,5.61,USD,"Dec 12, 2017","Dec 12, 2017",2026-05-15
ARETEC ESCROW ISSUER 2 INC 144A,Brokerage/Asset Managers/Exchanges,Fixed Income,"10,900,655.38",0.06,"10,900,655.38","10,046,000.00",04020JAA4,US04020JAA43,-,106.06,United States,-,USD,0.26,8.27,1.0,"Aug 15, 2030",10.0,3.37,-,5.38,0.25,5.38,USD,"Nov 02, 2023","Nov 02, 2023",2026-05-15
BRIGHTSTAR LOTTERY PLC 144A,Consumer Cyclical,Fixed Income,"10,887,213.67",0.06,"10,887,213.67","10,746,000.00",460599AE3,US460599AE31,-,99.59,United States,-,USD,1.32,5.41,1.0,"Jan 15, 2029",5.25,2.42,-,5.41,2.42,5.41,USD,"Jun 19, 2020","Jun 19, 2020",2026-05-15
TALOS PRODUCTION INC 144A,Energy,Fixed Income,"10,878,464.21",0.06,"10,878,464.21","10,187,000.00",87485LAD6,US87485LAD64,-,104.24,United States,-,USD,0.95,7.25,1.0,"Feb 01, 2029",9.0,2.33,-,5.97,0.68,5.97,USD,"Feb 07, 2024","Feb 07, 2024",2026-05-15
CELANESE US HOLDINGS LLC,Basic Industry,Fixed Income,"10,878,608.97",0.06,"10,878,608.97","10,103,000.00",15089QAW4,US15089QAW42,-,104.29,United States,-,USD,2.18,5.01,1.0,"Nov 15, 2028",6.85,2.22,-,4.95,2.15,4.95,USD,"Aug 24, 2023","Aug 24, 2023",2026-05-15
ENCOMPASS HEALTH CORP,Consumer Non-Cyclical,Fixed Income,"10,833,747.37",0.06,"10,833,747.37","10,881,000.00",29261AAB6,US29261AAB61,-,98.22,United States,-,USD,2.71,5.28,1.0,"Feb 01, 2030",4.75,3.32,-,5.28,3.32,5.28,USD,"Sep 18, 2019","Sep 18, 2019",2026-05-15
MATCH GROUP HOLDINGS II LLC 144A,Consumer Cyclical,Fixed Income,"10,830,678.02",0.06,"10,830,678.02","10,958,000.00",57667JAC6,US57667JAC62,-,97.85,United States,-,USD,4.9,6.5,1.0,"Sep 15, 2033",6.13,5.76,-,6.50,5.76,6.50,USD,"Aug 20, 2025","Aug 20, 2025",2026-05-15
ARCHROCK PARTNERS LP 144A,Energy,Fixed Income,"10,822,220.22",0.06,"10,822,220.22","10,398,000.00",03959KAD2,US03959KAD28,-,102.75,United States,-,USD,3.2,6.09,1.0,"Sep 01, 2032",6.63,5.05,-,5.69,2.9,5.69,USD,"Aug 26, 2024","Aug 26, 2024",2026-05-15
BOMBARDIER INC 144A,Capital Goods,Fixed Income,"10,807,199.25",0.06,"10,807,199.25","10,081,000.00",097751CC3,US097751CC35,-,104.05,Canada,-,USD,2.51,6.19,1.0,"Jun 01, 2032",7.0,4.76,-,5.54,2.65,5.54,USD,"Jun 05, 2024","Jun 05, 2024",2026-05-15
TELUS CORPORATION (NC5.25),Communications,Fixed Income,"10,805,884.56",0.06,"10,805,884.56","10,628,000.00",87971MCL5,US87971MCL54,-,101.16,Canada,-,USD,3.62,6.72,1.0,"Oct 15, 2055",6.63,3.69,-,6.31,3.58,6.31,USD,"Jun 27, 2025","Jun 27, 2025",2026-05-15
IRON MOUNTAIN INC 144A,Technology,Fixed Income,"10,802,939.23",0.06,"10,802,939.23","10,730,000.00",46284VAE1,US46284VAE11,BD3MND7,99.83,United States,-,USD,0.86,5.34,1.0,"Mar 15, 2028",5.25,1.72,-,5.34,1.72,5.34,USD,"Dec 27, 2017","Dec 27, 2017",2026-05-15
SOMNIGROUP INTERNATIONAL INC 144A,Consumer Non-Cyclical,Fixed Income,"10,803,266.49",0.06,"10,803,266.49","11,718,000.00",88023UAJ0,US88023UAJ07,BNQN3J3,91.89,United States,-,USD,4.6,5.63,1.0,"Oct 15, 2031",3.88,4.77,-,5.63,4.77,5.63,USD,"Sep 24, 2021","Sep 24, 2021",2026-05-15
ZAYO GROUP HOLDINGS INC 144A,Communications,Fixed Income,"10,773,327.56",0.06,"10,773,327.56","10,757,975.00",98919VAD7,US98919VAD73,-,99.29,United States,-,USD,1.64,9.26,1.0,"Sep 09, 2030",7.13,3.58,-,9.26,3.58,9.26,USD,"Sep 26, 2025","Sep 26, 2025",2026-05-15
SM ENERGY CO 144A,Energy,Fixed Income,"10,771,422.10",0.06,"10,771,422.10","10,312,000.00",78454LAX8,US78454LAX82,-,102.54,United States,-,USD,1.87,5.87,1.0,"Aug 01, 2029",6.75,2.81,-,5.51,2.01,5.51,USD,"Jul 25, 2024","Jul 25, 2024",2026-05-15
MITER BRANDS ACQUISITION HOLDCO IN 144A,Capital Goods,Fixed Income,"10,736,364.52",0.06,"10,736,364.52","10,872,000.00",60672JAA7,US60672JAA79,-,97.96,United States,-,USD,3.93,7.18,1.0,"Apr 01, 2032",6.75,4.73,-,7.18,4.73,7.18,USD,"Mar 28, 2024","Mar 28, 2024",2026-05-15
SERVICE CORPORATION INTERNATIONAL,Consumer Cyclical,Fixed Income,"10,722,376.87",0.06,"10,722,376.87","10,625,000.00",817565CH5,US817565CH52,-,100.47,United States,-,USD,3.84,5.66,1.0,"Oct 15, 2032",5.75,5.29,-,5.60,3.06,5.60,USD,"Sep 17, 2024","Sep 17, 2024",2026-05-15
TALLGRASS ENERGY PARTNERS LP 144A,Energy,Fixed Income,"10,716,688.26",0.06,"10,716,688.26","10,431,000.00",87470LAJ0,US87470LAJ08,-,100.52,United States,-,USD,2.66,5.87,1.0,"Dec 31, 2030",6.0,3.91,-,5.78,2.35,5.78,USD,"Dec 22, 2020","Dec 22, 2020",2026-05-15
BOMBARDIER INC 144A,Capital Goods,Fixed Income,"10,715,062.16",0.06,"10,715,062.16","10,030,000.00",097751CD1,US097751CD18,-,104.06,Canada,-,USD,3.64,6.04,1.0,"Jun 15, 2033",6.75,5.47,-,5.62,3.46,5.62,USD,"May 29, 2025","May 29, 2025",2026-05-15
SUNOCO LP 144A,Energy,Fixed Income,"10,708,096.94",0.06,"10,708,096.94","10,218,000.00",86765KAC3,US86765KAC36,-,104.55,United States,-,USD,2.3,6.32,1.0,"May 01, 2032",7.25,4.81,-,5.56,2.65,5.56,USD,"Apr 30, 2024","Apr 30, 2024",2026-05-15
SOMNIGROUP INTERNATIONAL INC 144A,Consumer Non-Cyclical,Fixed Income,"10,692,690.15",0.06,"10,692,690.15","11,093,000.00",88023UAH4,US88023UAH41,BNNLLH4,96.08,United States,-,USD,2.6,5.47,1.0,"Apr 15, 2029",4.0,2.7,-,5.47,2.7,5.47,USD,"Mar 25, 2021","Mar 25, 2021",2026-05-15
LITHIA MOTORS INC 144A,Consumer Cyclical,Fixed Income,"10,682,892.50",0.06,"10,682,892.50","11,003,000.00",536797AG8,US536797AG85,-,95.35,United States,-,USD,2.7,5.55,1.0,"Jun 01, 2029",3.88,2.77,-,5.55,2.77,5.55,USD,"May 27, 2021","May 27, 2021",2026-05-15
MOLINA HEALTHCARE INC 144A,Insurance,Fixed Income,"10,666,939.21",0.06,"10,666,939.21","11,582,000.00",60855RAL4,US60855RAL42,-,90.18,United States,-,USD,5.14,5.84,1.0,"May 15, 2032",3.88,5.12,-,5.84,5.12,5.84,USD,"Nov 16, 2021","Nov 16, 2021",2026-05-15
ONEMAIN FINANCE CORP,Finance Companies,Fixed Income,"10,631,037.11",0.06,"10,631,037.11","11,518,000.00",682691AA8,US682691AA80,-,91.65,United States,-,USD,3.84,6.22,1.0,"Sep 15, 2030",4.0,3.86,-,6.22,3.86,6.22,USD,"Dec 17, 2020","Dec 17, 2020",2026-05-15
VENTURE GLOBAL CALCASIEU PASS LLC 144A,Energy,Fixed Income,"10,624,518.27",0.06,"10,624,518.27","10,542,000.00",92328MAF0,US92328MAF05,-,100.45,United States,-,USD,7.34,5.94,1.0,"May 01, 2036",6.0,7.41,-,5.94,7.13,5.94,USD,"Apr 23, 2026","Apr 23, 2026",2026-05-15
DELEK LOGISTICS PARTNERS LP 144A,Energy,Fixed Income,"10,622,617.86",0.06,"10,622,617.86","10,090,000.00",24665FAE2,US24665FAE25,-,102.55,United States,-,USD,3.98,6.91,1.0,"Jun 30, 2033",7.38,5.36,-,6.65,3.44,6.65,USD,"Jun 30, 2025","Jun 30, 2025",2026-05-15
FTAI AVIATION INVESTORS LLC 144A,Finance Companies,Fixed Income,"10,592,750.25",0.06,"10,592,750.25","10,191,000.00",34960PAF8,US34960PAF80,-,103.71,United States,-,USD,2.46,6.12,1.0,"May 01, 2031",7.0,4.16,-,5.62,2.65,5.62,USD,"Apr 11, 2024","Apr 11, 2024",2026-05-15
ENCOMPASS HEALTH CORP,Consumer Non-Cyclical,Fixed Income,"10,582,378.09",0.06,"10,582,378.09","10,526,000.00",29261AAA8,US29261AAA88,BK73CG1,99.26,United States,-,USD,1.33,4.95,1.0,"Feb 01, 2028",4.5,1.61,-,4.95,1.61,4.95,USD,"Sep 18, 2019","Sep 18, 2019",2026-05-15
NOVELIS CORP 144A,Basic Industry,Fixed Income,"10,553,091.03",0.06,"10,553,091.03","10,349,000.00",670001AN6,US670001AN69,-,100.41,United States,-,USD,4.46,6.3,1.0,"Aug 15, 2033",6.38,5.66,-,6.26,3.63,6.26,USD,"Aug 18, 2025","Aug 18, 2025",2026-05-15
ENERGEAN ISRAEL FINANCE LTD,Energy,Fixed Income,"10,522,026.82",0.06,"10,522,026.82","9,837,000.00",29290WAA5,IL0011971442,BMY3GR7,105.95,Israel,-,USD,4.27,7.44,1.0,"Sep 30, 2033",8.5,5.43,-,6.90,3.61,6.90,USD,"Jul 11, 2023","Jul 11, 2023",2026-05-15
BOYD GAMING CORPORATION 144A,Consumer Cyclical,Fixed Income,"10,516,485.04",0.06,"10,516,485.04","10,843,000.00",103304BV2,US103304BV23,-,96.22,United States,-,USD,3.91,5.61,1.0,"Jun 15, 2031",4.75,4.41,-,5.61,4.41,5.61,USD,"Jun 08, 2021","Jun 08, 2021",2026-05-15
TALLGRASS ENERGY PARTNERS LP 144A,Energy,Fixed Income,"10,481,204.47",0.06,"10,481,204.47","10,298,000.00",87470LAD3,US87470LAD38,BYWJVR6,99.98,United States,-,USD,0.55,5.51,1.0,"Jan 15, 2028",5.5,1.55,-,5.51,1.55,5.51,USD,"Sep 15, 2017","Sep 15, 2017",2026-05-15
CREDIT ACCEPTANCE CORPORATION 144A,Financial Other,Fixed Income,"10,473,056.88",0.06,"10,473,056.88","9,686,000.00",225310AQ4,US225310AQ40,-,104.32,United States,-,USD,0.67,7.38,1.0,"Dec 15, 2028",9.25,2.2,-,5.59,0.55,5.59,USD,"Dec 19, 2023","Dec 19, 2023",2026-05-15
COINBASE GLOBAL INC 144A,Brokerage/Asset Managers/Exchanges,Fixed Income,"10,474,343.64",0.06,"10,474,343.64","11,835,000.00",19260QAD9,US19260QAD97,-,88.08,United States,-,USD,4.72,6.27,1.0,"Oct 01, 2031",3.63,4.73,-,6.27,4.73,6.27,USD,"Sep 17, 2021","Sep 17, 2021",2026-05-15
SERVICE CORPORATION INTERNATIONAL,Consumer Cyclical,Fixed Income,"10,461,467.17",0.06,"10,461,467.17","10,906,000.00",817565CG7,US817565CG79,-,93.95,United States,-,USD,4.09,5.4,1.0,"May 15, 2031",4.0,4.36,-,5.40,4.36,5.40,USD,"May 24, 2021","May 24, 2021",2026-05-15
TRIVIUM PACKAGING FINANCE BV 144A,Capital Goods,Fixed Income,"10,462,174.16",0.06,"10,462,174.16","9,162,000.00",89686QAC0,US89686QAC06,-,110.18,Netherlands,-,USD,1.55,9.49,1.0,"Jan 15, 2031",12.25,3.45,-,8.04,1.05,8.04,USD,"May 28, 2025","May 28, 2025",2026-05-15
CSC HOLDINGS LLC 144A,Communications,Fixed Income,"10,443,820.50",0.06,"10,443,820.50","17,964,000.00",126307BH9,US126307BH94,-,55.91,United States,-,USD,4.43,17.21,1.0,"Nov 15, 2031",4.5,4.16,-,17.21,4.16,17.21,USD,"May 13, 2021","May 13, 2021",2026-05-15
BRIGHTSTAR LOTTERY PLC 144A,Consumer Cyclical,Fixed Income,"10,440,899.11",0.06,"10,440,899.11","10,484,000.00",108922AA3,US108922AA38,-,97.22,United States,-,USD,4.52,6.26,1.0,"Jan 15, 2033",5.75,5.32,-,6.26,5.32,6.26,USD,"Dec 15, 2025","Dec 15, 2025",2026-05-15
SS&C TECHNOLOGIES INC 144A,Technology,Fixed Income,"10,424,651.70",0.06,"10,424,651.70","10,014,000.00",78466CAD8,US78466CAD83,-,101.17,United States,-,USD,3.35,6.26,1.0,"Jun 01, 2032",6.5,4.81,-,6.07,2.66,6.07,USD,"May 09, 2024","May 09, 2024",2026-05-15
SOTHEBYS 144A,Consumer Cyclical,Fixed Income,"10,414,388.67",0.06,"10,414,388.67","10,772,000.00",835898AJ6,US835898AJ60,-,96.24,United States,-,USD,3.86,9.22,1.0,"Apr 15, 2031",8.25,3.92,-,9.22,3.92,9.22,USD,"Apr 24, 2026","Apr 24, 2026",2026-05-15
ARCOSA INC 144A,Industrial Other,Fixed Income,"10,415,351.26",0.06,"10,415,351.26","9,932,000.00",039653AC4,US039653AC46,-,103.19,United States,-,USD,3.04,6.25,1.0,"Aug 15, 2032",6.88,4.97,-,5.78,2.85,5.78,USD,"Aug 26, 2024","Aug 26, 2024",2026-05-15
ROCKET MORTGAGE LLC 144A,Finance Companies,Fixed Income,"10,407,722.39",0.06,"10,407,722.39","10,787,000.00",74841CAA9,US74841CAA99,BN7NDB4,95.76,United States,-,USD,2.53,5.27,1.0,"Mar 01, 2029",3.63,2.6,-,5.27,2.6,5.27,USD,"Sep 14, 2020","Sep 14, 2020",2026-05-15
NABORS INDUSTRIES INC 144A,Energy,Fixed Income,"10,405,474.69",0.06,"10,405,474.69","9,590,000.00",62957HAR6,US62957HAR66,-,104.63,United States,-,USD,3.74,6.73,1.0,"Nov 15, 2032",7.63,4.93,-,6.43,3.66,6.43,USD,"Nov 10, 2025","Nov 10, 2025",2026-05-15
1011778 BC UNLIMITED LIABILITY CO 144A,Consumer Cyclical,Fixed Income,"10,399,036.43",0.06,"10,399,036.43","10,301,000.00",68245XAJ8,US68245XAJ81,-,98.79,Canada,-,USD,1.45,5.14,1.0,"Jan 15, 2028",4.38,1.55,-,5.14,1.55,5.14,USD,"Nov 19, 2019","Nov 19, 2019",2026-05-15
NAVIENT CORP,Finance Companies,Fixed Income,"10,398,124.91",0.06,"10,398,124.91","10,780,000.00",63938CAM0,US63938CAM01,-,95.57,United States,-,USD,2.54,7.25,1.0,"Mar 15, 2029",5.5,2.55,-,7.25,2.55,7.25,USD,"Nov 04, 2021","Nov 04, 2021",2026-05-15
GROUP 1 AUTOMOTIVE INC 144A,Consumer Cyclical,Fixed Income,"10,395,226.96",0.06,"10,395,226.96","10,600,000.00",398905AN9,US398905AN98,BMD7LD1,97.09,United States,-,USD,2.04,5.38,1.0,"Aug 15, 2028",4.0,2.1,-,5.38,2.1,5.38,USD,"Aug 17, 2020","Aug 17, 2020",2026-05-15
PERRIGO FINANCE UNLIMITED CO,Consumer Non-Cyclical,Fixed Income,"10,388,475.13",0.06,"10,388,475.13","10,673,000.00",71429MAC9,US71429MAC91,-,95.22,United States,-,USD,3.55,6.5,1.0,"Jun 15, 2030",5.15,3.53,-,6.50,3.53,6.50,USD,"Jun 19, 2020","Jun 19, 2020",2026-05-15
CLEAN HARBORS INC 144A,Capital Goods,Fixed Income,"10,388,978.49",0.06,"10,388,978.49","10,285,000.00",184496AR8,US184496AR85,-,100.56,United States,-,USD,4.63,5.66,1.0,"Oct 15, 2033",5.75,5.95,-,5.60,3.84,5.60,USD,"Oct 09, 2025","Oct 09, 2025",2026-05-15
AVIS BUDGET CAR RENTAL LLC 144A,Transportation,Fixed Income,"10,363,427.57",0.06,"10,363,427.57","9,845,000.00",053773BJ5,US053773BJ51,-,102.56,United States,-,USD,1.55,7.43,1.0,"Jan 15, 2030",8.25,3.05,-,6.60,1.51,6.60,USD,"Sep 13, 2024","Sep 13, 2024",2026-05-15
AVIENT CORP 144A,Basic Industry,Fixed Income,"10,352,787.77",0.06,"10,352,787.77","9,963,000.00",05368VAA4,US05368VAA44,-,101.89,United States,-,USD,1.07,6.6,1.0,"Aug 01, 2030",7.13,3.53,-,5.48,1.14,5.48,USD,"Aug 10, 2022","Aug 10, 2022",2026-05-15
METHANEX CORPORATION,Basic Industry,Fixed Income,"10,344,101.96",0.06,"10,344,101.96","10,319,000.00",59151KAM0,US59151KAM09,BN13TV2,99.84,Canada,-,USD,1.19,5.24,1.0,"Oct 15, 2027",5.13,1.35,-,5.24,1.35,5.24,USD,"Sep 22, 2020","Sep 22, 2020",2026-05-15
MOHEGAN TRIBAL GAMING AUTHORITY 144A,Consumer Cyclical,Fixed Income,"10,312,540.14",0.06,"10,312,540.14","9,426,000.00",60832QAB6,US60832QAB68,-,108.48,United States,-,USD,1.6,9.66,1.0,"Apr 15, 2031",11.88,3.7,-,8.43,0.86,8.43,USD,"Apr 10, 2025","Apr 10, 2025",2026-05-15
ROCKET COMPANIES INC 144A,Finance Companies,Fixed Income,"10,300,655.88",0.06,"10,300,655.88","9,920,000.00",77311WAC5,US77311WAC55,-,102.0,United States,-,USD,2.03,5.81,1.0,"Aug 01, 2029",6.5,2.82,-,5.53,2.01,5.53,USD,"Aug 01, 2025","Oct 01, 2025",2026-05-15
PENNYMAC FINANCIAL SERVICES INC 144A,Finance Companies,Fixed Income,"10,274,028.30",0.06,"10,274,028.30","9,879,000.00",70932MAE7,US70932MAE75,-,100.48,United States,-,USD,2.82,7.0,1.0,"Nov 15, 2030",7.13,3.67,-,6.91,2.18,6.91,USD,"May 23, 2024","May 23, 2024",2026-05-15
CELANESE US HOLDINGS LLC,Basic Industry,Fixed Income,"10,258,614.23",0.06,"10,258,614.23","9,971,000.00",15089QAZ7,US15089QAZ72,-,102.38,United States,-,USD,2.55,5.81,1.0,"Apr 15, 2030",6.5,3.41,-,5.60,2.63,5.60,USD,"Mar 14, 2025","Mar 14, 2025",2026-05-15
CHEMOURS COMPANY 144A,Basic Industry,Fixed Income,"10,259,236.44",0.06,"10,259,236.44","9,744,000.00",163851AJ7,US163851AJ70,-,102.66,United States,-,USD,3.6,7.48,1.0,"Jan 15, 2033",8.0,5.0,-,7.16,3.07,7.16,USD,"Nov 27, 2024","Nov 27, 2024",2026-05-15
CROWN AMERICAS LLC,Capital Goods,Fixed Income,"10,213,318.04",0.06,"10,213,318.04","9,908,000.00",22819CAA6,US22819CAA62,BW47S62,100.44,United States,-,USD,4.26,5.8,1.0,"Jun 01, 2033",5.88,5.56,-,5.75,3.47,5.75,USD,"Dec 01, 2025","Mar 04, 2026",2026-05-15
BRANDYWINE OPERATING PARTNERSHIP L,Reits,Fixed Income,"10,207,477.75",0.06,"10,207,477.75","9,651,000.00",105340AS2,US105340AS20,-,105.0,United States,-,USD,2.52,6.95,1.0,"Apr 12, 2029",8.88,2.53,-,6.90,2.47,6.90,USD,"Apr 12, 2024","Apr 12, 2024",2026-05-15
ANTERO MIDSTREAM PARTNERS LP 144A,Energy,Fixed Income,"10,192,240.54",0.06,"10,192,240.54","10,199,000.00",03690AAM8,US03690AAM80,-,99.49,United States,-,USD,4.75,5.84,1.0,"Oct 15, 2033",5.75,5.94,-,5.84,5.94,5.84,USD,"Sep 22, 2025","Sep 22, 2025",2026-05-15
STARWOOD PROPERTY TRUST INC 144A,Reits,Fixed Income,"10,190,840.11",0.06,"10,190,840.11","9,767,000.00",85571BBB0,US85571BBB09,-,103.49,United States,-,USD,2.26,5.91,1.0,"Apr 01, 2029",7.25,2.56,-,5.66,2.16,5.66,USD,"Mar 27, 2024","Mar 27, 2024",2026-05-15
BUILDERS FIRSTSOURCE INC 144A,Capital Goods,Fixed Income,"10,186,179.01",0.06,"10,186,179.01","9,892,000.00",12008RAR8,US12008RAR84,-,100.35,United States,-,USD,3.67,6.3,1.0,"Jun 15, 2032",6.38,4.86,-,6.27,3.46,6.27,USD,"Jun 15, 2022","Jun 15, 2022",2026-05-15
AMWINS GROUP INC 144A,Insurance,Fixed Income,"10,171,031.61",0.06,"10,171,031.61","10,412,000.00",031921AB5,US031921AB57,-,95.88,United States,-,USD,2.69,6.34,1.0,"Jun 30, 2029",4.88,2.79,-,6.34,2.79,6.34,USD,"Jul 19, 2021","Jul 19, 2021",2026-05-15
BOMBARDIER INC 144A,Capital Goods,Fixed Income,"10,169,638.72",0.06,"10,169,638.72","9,223,000.00",097751CA7,US097751CA78,-,105.94,Canada,-,USD,0.8,7.18,1.0,"Nov 15, 2030",8.75,3.56,-,5.34,0.47,5.34,USD,"Nov 17, 2023","Nov 17, 2023",2026-05-15
BOMBARDIER INC 144A,Capital Goods,Fixed Income,"10,166,694.25",0.06,"10,166,694.25","9,440,000.00",097751CB5,US097751CB51,-,105.04,Canada,-,USD,2.17,6.09,1.0,"Jul 01, 2031",7.25,4.17,-,5.47,2.72,5.47,USD,"Apr 04, 2024","Apr 04, 2024",2026-05-15
NABORS INDUSTRIES INC 144A,Energy,Fixed Income,"10,165,225.20",0.06,"10,165,225.20","9,451,000.00",62957HAP0,US62957HAP01,-,104.95,United States,-,USD,0.08,7.57,1.0,"Jan 31, 2030",9.13,3.05,-,4.06,0.08,4.06,USD,"Nov 20, 2023","Nov 20, 2023",2026-05-15
GEO GROUP INC,Consumer Cyclical,Fixed Income,"10,159,957.75",0.06,"10,159,957.75","9,391,000.00",36162JAH9,US36162JAH95,-,107.39,United States,-,USD,1.64,8.38,1.0,"Apr 15, 2031",10.25,3.83,-,7.28,0.87,7.28,USD,"Apr 18, 2024","Jul 23, 2024",2026-05-15
HILTON DOMESTIC OPERATING COMPANY 144A,Consumer Cyclical,Fixed Income,"10,152,414.29",0.06,"10,152,414.29","10,527,000.00",432833AJ0,US432833AJ07,-,96.32,United States,-,USD,2.61,5.1,1.0,"May 01, 2029",3.75,2.76,-,5.10,2.76,5.10,USD,"Dec 01, 2020","Dec 01, 2020",2026-05-15
RADIOLOGY PARTNERS INC 144A,Consumer Non-Cyclical,Fixed Income,"10,129,108.76",0.06,"10,129,108.76","10,864,583.00",75041VAC8,US75041VAC81,-,90.42,United States,-,USD,3.04,13.2,1.0,"Feb 15, 2030",9.9,2.91,-,13.20,2.91,13.20,USD,"Feb 22, 2024","Feb 22, 2024",2026-05-15
MCGRAW-HILL EDUCATION INC 144A,Communications,Fixed Income,"10,123,146.69",0.06,"10,123,146.69","9,894,000.00",57767XAB6,US57767XAB64,BN72CG9,100.05,United States,-,USD,0.78,7.98,1.0,"Aug 01, 2029",8.0,2.73,-,7.60,0.21,7.60,USD,"Jul 30, 2021","Jul 30, 2021",2026-05-15
SUNOCO LP 144A,Energy,Fixed Income,"10,106,064.21",0.06,"10,106,064.21","9,791,000.00",86765KAB5,US86765KAB52,-,102.98,United States,-,USD,1.55,5.89,1.0,"May 01, 2029",7.0,2.65,-,5.38,1.82,5.38,USD,"Apr 30, 2024","Apr 30, 2024",2026-05-15
BALL CORPORATION,Capital Goods,Fixed Income,"10,104,458.00",0.06,"10,104,458.00","9,912,000.00",058498BA3,US058498BA38,-,99.92,United States,-,USD,5.83,5.51,1.0,"Sep 15, 2033",5.5,5.85,-,5.51,5.85,5.51,USD,"Aug 14, 2025","Aug 14, 2025",2026-05-15
GENESIS ENERGY LP,Energy,Fixed Income,"10,103,036.63",0.06,"10,103,036.63","9,268,000.00",37185LAR3,US37185LAR33,-,105.05,United States,-,USD,3.39,7.07,1.0,"May 15, 2033",8.0,5.16,-,6.55,3.28,6.55,USD,"Dec 19, 2024","Dec 19, 2024",2026-05-15
NISSAN MOTOR ACCEPTANCE COMPANY LL MTN 144A,Consumer Cyclical,Fixed Income,"10,100,829.28",0.06,"10,100,829.28","10,073,000.00",65480CAK1,US65480CAK18,-,99.59,United States,-,USD,2.18,5.81,1.0,"Sep 29, 2028",5.63,2.18,-,5.81,2.18,5.81,USD,"Sep 29, 2025","Sep 29, 2025",2026-05-15
1011778 BC UNLIMITED LIABILITY CO 144A,Consumer Cyclical,Fixed Income,"10,078,329.95",0.06,"10,078,329.95","10,406,000.00",68245XAP4,US68245XAP42,-,96.0,Canada,-,USD,2.49,5.07,1.0,"Feb 15, 2029",3.5,2.56,-,5.07,2.56,5.07,USD,"Nov 09, 2020","Nov 09, 2020",2026-05-15
LCPR SENIOR SECURED FINANCING DAC 144A,Communications,Fixed Income,"10,072,046.86",0.06,"10,072,046.86","14,681,000.00",50201DAA1,US50201DAA19,-,68.08,United States,-,USD,1.34,37.72,1.0,"Oct 15, 2027",6.75,1.15,-,37.72,1.15,37.72,USD,"Oct 25, 2019","Oct 25, 2019",2026-05-15
GEO GROUP INC,Consumer Cyclical,Fixed Income,"10,035,125.95",0.06,"10,035,125.95","9,559,000.00",36162JAG1,US36162JAG13,-,104.31,United States,-,USD,0.72,6.97,1.0,"Apr 15, 2029",8.63,2.55,-,6.05,0.88,6.05,USD,"Apr 18, 2024","Jul 23, 2024",2026-05-15
METHANEX US OPERATIONS INC 144A,Basic Industry,Fixed Income,"10,026,784.78",0.06,"10,026,784.78","9,650,000.00",59151LAA4,US59151LAA44,-,102.9,Canada,-,USD,4.67,5.66,1.0,"Mar 15, 2032",6.25,4.81,-,5.61,4.46,5.61,USD,"Nov 22, 2024","Nov 22, 2024",2026-05-15
MGM RESORTS INTERNATIONAL,Consumer Cyclical,Fixed Income,"10,015,777.99",0.06,"10,015,777.99","9,812,000.00",552953CJ8,US552953CJ87,-,101.57,United States,-,USD,3.2,6.18,1.0,"Apr 15, 2032",6.5,4.84,-,5.90,2.62,5.90,USD,"Apr 09, 2024","Apr 09, 2024",2026-05-15
ARSENAL AIC PARENT LLC 144A,Basic Industry,Fixed Income,"10,011,470.08",0.06,"10,011,470.08","9,475,000.00",04288BAB6,US04288BAB62,-,104.73,United States,-,USD,1.1,6.73,1.0,"Oct 01, 2030",8.0,3.64,-,5.77,0.37,5.77,USD,"Aug 10, 2023","Aug 10, 2023",2026-05-15
UNITI SERVICES LLC 144A,Communications,Fixed Income,"10,000,164.73",0.06,"10,000,164.73","10,067,000.00",91327AAB8,US91327AAB89,-,97.37,United States,-,USD,2.68,6.82,1.0,"Jan 15, 2030",6.0,3.17,-,6.82,3.17,6.82,USD,"Oct 13, 2021","Oct 13, 2021",2026-05-15
WBI OPERATING LLC 144A,Energy,Fixed Income,"9,992,425.36",0.06,"9,992,425.36","9,864,000.00",92944BAB7,US92944BAB71,-,100.8,United States,-,USD,4.58,6.36,1.0,"Oct 15, 2033",6.5,5.8,-,6.29,3.78,6.29,USD,"Oct 06, 2025","Oct 06, 2025",2026-05-15
CVR ENERGY INC 144A,Energy,Fixed Income,"9,990,659.22",0.06,"9,990,659.22","9,667,000.00",12662PAH1,US12662PAH10,-,101.45,United States,-,USD,2.9,7.13,1.0,"Feb 15, 2031",7.5,3.88,-,6.91,2.41,6.91,USD,"Feb 12, 2026","Feb 12, 2026",2026-05-15
BURFORD CAPITAL GLOBAL FINANCE LLC 144A,Financial Other,Fixed Income,"9,991,284.44",0.06,"9,991,284.44","10,270,000.00",12116LAE9,US12116LAE92,-,93.89,United States,-,USD,3.7,10.83,1.0,"Jul 01, 2031",9.25,3.82,-,10.83,3.82,10.83,USD,"Jun 26, 2023","Jun 26, 2023",2026-05-15
AVIENT CORP 144A,Basic Industry,Fixed Income,"9,984,791.07",0.06,"9,984,791.07","9,832,000.00",05368VAB2,US05368VAB27,-,101.34,United States,-,USD,3.38,5.96,1.0,"Nov 01, 2031",6.25,4.57,-,5.80,2.94,5.80,USD,"Sep 19, 2024","Sep 19, 2024",2026-05-15
TELUS CORP (NC10.25),Communications,Fixed Income,"9,980,798.93",0.06,"9,980,798.93","9,784,000.00",87971MCR2,US87971MCR25,-,99.18,Canada,-,USD,6.99,6.69,1.0,"Jun 09, 2056",6.63,7.13,-,6.74,7.05,6.74,USD,"Dec 09, 2025","Dec 09, 2025",2026-05-15
MOLINA HEALTHCARE INC 144A,Insurance,Fixed Income,"9,973,771.90",0.06,"9,973,771.90","10,529,000.00",60855RAK6,US60855RAK68,BMYKTN5,92.81,United States,-,USD,3.98,5.71,1.0,"Nov 15, 2030",3.88,3.96,-,5.71,3.96,5.71,USD,"Nov 17, 2020","Nov 17, 2020",2026-05-15
EUSHI FINANCE INC,Electric,Fixed Income,"9,969,568.28",0.06,"9,969,568.28","9,975,000.00",29882DAC7,US29882DAC74,-,99.22,United States,-,USD,3.98,6.57,1.0,"Apr 01, 2056",6.25,4.06,-,6.45,4.12,6.45,USD,"Oct 03, 2025","Oct 03, 2025",2026-05-15
CENTENE CORPORATION,Insurance,Fixed Income,"9,940,163.23",0.06,"9,940,163.23","11,395,000.00",15135BAZ4,US15135BAZ40,BM8DBR8,86.49,United States,-,USD,4.74,5.65,1.0,"Aug 01, 2031",2.63,4.71,-,5.65,4.71,5.65,USD,"Aug 12, 2021","Aug 12, 2021",2026-05-15
SENSATA TECHNOLOGIES INC 144A,Capital Goods,Fixed Income,"9,929,381.95",0.06,"9,929,381.95","10,574,000.00",81728UAB0,US81728UAB08,-,92.99,United States,-,USD,4.04,5.44,1.0,"Feb 15, 2031",3.75,4.23,-,5.44,4.23,5.44,USD,"Aug 17, 2020","Aug 17, 2020",2026-05-15
CSC HOLDINGS LLC 144A,Communications,Fixed Income,"9,919,295.44",0.06,"9,919,295.44","12,749,000.00",126307BM8,US126307BM89,-,72.24,United States,-,USD,1.66,30.81,1.0,"May 15, 2028",11.25,1.46,-,30.81,1.46,30.81,USD,"Apr 25, 2023","Apr 25, 2023",2026-05-15
GLOBAL AUTO HOLDINGS PLC 144A,Consumer Cyclical,Fixed Income,"9,907,944.76",0.06,"9,907,944.76","9,419,000.00",00033YAA4,US00033YAA47,-,102.38,United Kingdom,-,USD,2.29,10.6,1.0,"Aug 15, 2029",11.5,2.6,-,10.39,2.08,10.39,USD,"Nov 29, 2024","Nov 29, 2024",2026-05-15
SERVICE CORPORATION INTERNATIONAL,Consumer Cyclical,Fixed Income,"9,886,251.72",0.06,"9,886,251.72","9,681,000.00",817565CE2,US817565CE22,BK62T02,99.81,United States,-,USD,1.79,5.19,1.0,"Jun 01, 2029",5.13,2.73,-,5.19,2.73,5.19,USD,"May 21, 2019","May 21, 2019",2026-05-15
TRANSOCEAN INTERNATIONAL LTD 144A,Energy,Fixed Income,"9,879,683.45",0.06,"9,879,683.45","9,290,750.00",893830BX6,US893830BX61,-,104.2,United States,-,USD,0.85,7.01,1.0,"Feb 15, 2030",8.75,2.35,-,5.50,0.68,5.50,USD,"Jan 31, 2023","Jan 31, 2023",2026-05-15
ZAYO GROUP HOLDINGS INC 144A,Communications,Fixed Income,"9,826,441.33",0.06,"9,826,441.33","9,795,116.00",98919VAC9,US98919VAC90,BW5Z0B4,99.63,United States,-,USD,0.94,7.8,1.0,"Mar 09, 2030",5.75,3.27,-,7.80,3.27,7.80,USD,"Sep 26, 2025","Sep 26, 2025",2026-05-15
TEVA PHARMACEUTICAL FINANCE NETHER,Consumer Non-Cyclical,Fixed Income,"9,810,548.07",0.06,"9,810,548.07","9,368,000.00",881937AA4,US881937AA41,-,102.14,Israel,-,USD,3.8,5.22,1.0,"Dec 01, 2030",5.75,3.87,-,5.19,3.68,5.19,USD,"May 28, 2025","May 28, 2025",2026-05-15
GRAY MEDIA INC 144A,Communications,Fixed Income,"9,805,636.09",0.06,"9,805,636.09","12,974,000.00",389375AL0,US389375AL09,BMXWF01,75.21,United States,-,USD,3.87,12.16,1.0,"Oct 15, 2030",4.75,3.72,-,12.16,3.72,12.16,USD,"Oct 19, 2020","Oct 19, 2020",2026-05-15
ION PLATFORM FINANCE US INC 144A,Technology,Fixed Income,"9,785,501.30",0.06,"9,785,501.30","10,492,000.00",46206AAD4,US46206AAD46,-,90.03,United States,-,USD,2.52,12.9,1.0,"May 01, 2029",8.75,2.41,-,12.90,2.41,12.90,USD,"May 01, 2025","Oct 07, 2025",2026-05-15
BOMBARDIER INC 144A,Capital Goods,Fixed Income,"9,778,468.66",0.06,"9,778,468.66","9,228,000.00",097751BZ3,US097751BZ39,-,103.84,Canada,-,USD,0.02,1.97,1.0,"Feb 01, 2029",7.5,0.02,-,1.97,0.02,1.97,USD,"Jan 20, 2023","Jan 20, 2023",2026-05-15
ASBURY AUTOMOTIVE GROUP INC. 144A,Consumer Cyclical,Fixed Income,"9,768,183.12",0.06,"9,768,183.12","9,949,000.00",043436AX2,US043436AX21,-,95.71,United States,-,USD,4.26,5.89,1.0,"Feb 15, 2032",5.0,4.78,-,5.89,4.78,5.89,USD,"Nov 19, 2021","Nov 19, 2021",2026-05-15
CHURCHILL DOWNS INCORPORATED 144A,Consumer Cyclical,Fixed Income,"9,760,872.25",0.06,"9,760,872.25","9,701,000.00",171484AE8,US171484AE81,BD3MMN0,99.06,United States,-,USD,1.38,5.34,1.0,"Jan 15, 2028",4.75,1.56,-,5.34,1.56,5.34,USD,"Dec 27, 2017","Dec 27, 2017",2026-05-15
IHEARTCOMMUNICATIONS INC 144A,Communications,Fixed Income,"9,757,488.70",0.06,"9,757,488.70","10,196,100.00",45174HBM8,US45174HBM88,-,93.8,United States,-,USD,3.41,9.55,1.0,"Aug 15, 2030",7.75,3.45,-,9.55,3.45,9.55,USD,"Dec 20, 2024","Dec 20, 2024",2026-05-15
NCR VOYIX CORP 144A,Technology,Fixed Income,"9,714,275.97",0.06,"9,714,275.97","9,855,000.00",62886EAY4,US62886EAY41,-,97.99,United States,-,USD,2.0,5.91,1.0,"Oct 01, 2028",5.0,2.2,-,5.91,2.2,5.91,USD,"Aug 20, 2020","Aug 20, 2020",2026-05-15
ALLIANT HOLDINGS INTERMEDIATE LLC 144A,Insurance,Fixed Income,"9,706,119.92",0.06,"9,706,119.92","9,822,000.00",01883LAH6,US01883LAH69,-,97.96,United States,-,USD,4.22,7.78,1.0,"Oct 01, 2032",7.38,4.95,-,7.78,4.95,7.78,USD,"Sep 19, 2024","Sep 19, 2024",2026-05-15
SCIH SALT HOLDINGS INC 144A,Basic Industry,Fixed Income,"9,699,910.14",0.06,"9,699,910.14","9,737,000.00",78433BAB4,US78433BAB45,-,99.4,United States,-,USD,1.6,6.85,1.0,"May 01, 2029",6.63,2.64,-,6.85,2.64,6.85,USD,"Apr 27, 2021","Apr 27, 2021",2026-05-15
KODIAK GAS SERVICES LLC 144A,Energy,Fixed Income,"9,693,341.07",0.06,"9,693,341.07","9,287,000.00",50012LAE4,US50012LAE48,-,103.59,United States,-,USD,5.65,6.24,1.0,"Oct 01, 2035",6.75,6.88,-,6.06,5.07,6.06,USD,"Sep 05, 2025","Sep 05, 2025",2026-05-15
BAUSCH HEALTH COMPANIES INC 144A,Consumer Non-Cyclical,Fixed Income,"9,689,571.39",0.06,"9,689,571.39","10,085,000.00",071734AN7,US071734AN72,-,93.89,United States,-,USD,1.89,8.17,1.0,"Jun 01, 2028",4.88,1.85,-,8.17,1.85,8.17,USD,"Jun 08, 2021","Jun 08, 2021",2026-05-15
NRG ENERGY INC,Electric,Fixed Income,"9,672,968.79",0.06,"9,672,968.79","9,483,000.00",629377CE0,US629377CE03,BF5J772,100.12,United States,-,USD,0.04,5.67,1.0,"Jan 15, 2028",5.75,1.55,-,2.85,0.04,2.85,USD,"Jul 15, 2018","Oct 30, 2018",2026-05-15
CRESCENT ENERGY FINANCE LLC 144A,Energy,Fixed Income,"9,672,702.82",0.06,"9,672,702.82","8,965,000.00",45344LAG8,US45344LAG86,-,105.15,United States,-,USD,3.69,7.48,1.0,"Jan 15, 2034",8.38,5.51,-,6.93,3.41,6.93,USD,"Jul 08, 2025","Jul 08, 2025",2026-05-15
SK INVICTUS INTERMEDIATE II SARL 144A,Basic Industry,Fixed Income,"9,659,199.77",0.06,"9,659,199.77","9,840,000.00",29977LAA9,US29977LAA98,-,97.98,Luxembourg,-,USD,2.5,5.65,1.0,"Oct 30, 2029",5.0,3.13,-,5.65,3.13,5.65,USD,"Oct 22, 2021","Oct 22, 2021",2026-05-15
AMWINS GROUP INC 144A,Insurance,Fixed Income,"9,637,154.16",0.06,"9,637,154.16","9,404,000.00",031921AC3,US031921AC31,-,100.92,United States,-,USD,1.87,6.0,1.0,"Feb 15, 2029",6.38,2.46,-,5.81,1.62,5.81,USD,"Feb 15, 2024","Feb 15, 2024",2026-05-15
FREEDOM MORTGAGE HOLDINGS LLC 144A,Finance Companies,Fixed Income,"9,629,710.20",0.06,"9,629,710.20","8,910,000.00",35641AAB4,US35641AAB44,-,103.57,United States,-,USD,2.68,8.24,1.0,"May 15, 2031",9.13,3.82,-,7.77,2.49,7.77,USD,"May 10, 2024","May 10, 2024",2026-05-15
GENESIS ENERGY LP,Energy,Fixed Income,"9,625,705.68",0.06,"9,625,705.68","9,033,000.00",37185LAP7,US37185LAP76,-,103.86,United States,-,USD,0.9,6.64,1.0,"Jan 15, 2029",8.25,2.32,-,5.37,0.64,5.37,USD,"Dec 07, 2023","Dec 07, 2023",2026-05-15
ANYWHERE REAL ESTATE GROUP LLC 144A,Consumer Cyclical,Fixed Income,"9,577,705.06",0.06,"9,577,705.06","9,472,200.00",75606DAS0,US75606DAS09,-,100.57,United States,-,USD,1.61,6.83,1.0,"Apr 15, 2030",7.0,3.37,-,6.35,0.88,6.35,USD,"Aug 24, 2023","Aug 24, 2023",2026-05-15
HOWARD HUGHES CORP 144A,Financial Other,Fixed Income,"9,572,073.61",0.06,"9,572,073.61","10,104,000.00",44267DAF4,US44267DAF42,-,93.5,United States,-,USD,3.9,5.98,1.0,"Feb 01, 2031",4.38,4.12,-,5.98,4.12,5.98,USD,"Feb 02, 2021","Feb 02, 2021",2026-05-15
ALLIANT HOLDINGS INTERMEDIATE LLC 144A,Insurance,Fixed Income,"9,557,077.21",0.06,"9,557,077.21","9,644,000.00",01883LAB9,US01883LAB99,BMXWDZ2,98.77,United States,-,USD,1.31,5.16,1.0,"Oct 15, 2027",4.25,1.36,-,5.16,1.36,5.16,USD,"Oct 15, 2020","Oct 15, 2020",2026-05-15
ANTERO MIDSTREAM PARTNERS LP 144A,Energy,Fixed Income,"9,555,018.80",0.06,"9,555,018.80","9,386,000.00",03690AAN6,US03690AAN63,BW9HVV3,99.56,United States,-,USD,4.97,5.82,1.0,"Jul 01, 2034",5.75,6.28,-,5.82,6.28,5.82,USD,"Dec 23, 2025","Dec 23, 2025",2026-05-15
MATTAMY GROUP CORP 144A,Consumer Cyclical,Fixed Income,"9,543,614.76",0.06,"9,543,614.76","9,911,000.00",57701RAM4,US57701RAM43,BLBQF97,95.37,Canada,-,USD,3.2,6.0,1.0,"Mar 01, 2030",4.63,3.39,-,6.00,3.39,6.00,USD,"Mar 05, 2020","Mar 05, 2020",2026-05-15
GAP INC 144A,Consumer Cyclical,Fixed Income,"9,536,895.15",0.06,"9,536,895.15","10,452,000.00",364760AQ1,US364760AQ18,-,90.79,United States,-,USD,4.62,5.89,1.0,"Oct 01, 2031",3.88,4.72,-,5.89,4.72,5.89,USD,"Sep 27, 2021","Sep 27, 2021",2026-05-15
NCL CORPORATION LTD 144A,Consumer Cyclical,Fixed Income,"9,519,151.20",0.06,"9,519,151.20","9,005,000.00",62886HBG5,US62886HBG56,-,103.81,United States,-,USD,2.29,6.22,1.0,"Feb 15, 2029",7.75,2.42,-,6.08,2.22,6.08,USD,"Feb 18, 2022","Feb 18, 2022",2026-05-15
CNX RESOURCES CORP 144A,Energy,Fixed Income,"9,490,469.29",0.06,"9,490,469.29","9,055,000.00",12653CAL2,US12653CAL28,-,103.36,United States,-,USD,2.53,6.54,1.0,"Mar 01, 2032",7.25,4.64,-,5.93,2.48,5.93,USD,"Feb 23, 2024","Feb 23, 2024",2026-05-15
TERRAFORM POWER OPERATING LLC 144A,Electric,Fixed Income,"9,488,668.60",0.06,"9,488,668.60","9,663,000.00",88104LAG8,US88104LAG86,-,96.64,United States,-,USD,2.95,5.78,1.0,"Jan 15, 2030",4.75,3.26,-,5.78,3.26,5.78,USD,"Oct 16, 2019","Oct 16, 2019",2026-05-15
OLIN CORP,Basic Industry,Fixed Income,"9,481,800.13",0.06,"9,481,800.13","9,445,000.00",680665AL0,US680665AL00,BKFH1M4,98.8,United States,-,USD,2.24,6.04,1.0,"Aug 01, 2029",5.63,2.85,-,6.04,2.85,6.04,USD,"Jul 16, 2019","Jul 16, 2019",2026-05-15
ACRISURE LLC 144A,Insurance,Fixed Income,"9,449,624.68",0.06,"9,449,624.68","9,817,000.00",00489LAF0,US00489LAF04,-,95.22,United States,-,USD,2.51,6.16,1.0,"Feb 15, 2029",4.25,2.52,-,6.16,2.52,6.16,USD,"Feb 16, 2021","Feb 16, 2021",2026-05-15
PRIMO WATER HOLDINGS INC 144A,Consumer Non-Cyclical,Fixed Income,"9,424,295.92",0.06,"9,424,295.92","9,623,000.00",74168RAB9,US74168RAB96,-,97.78,United States,-,USD,2.35,5.19,1.0,"Apr 30, 2029",4.38,2.73,-,5.19,2.73,5.19,USD,"Feb 12, 2025","Feb 12, 2025",2026-05-15
IRON MOUNTAIN INFORMATION MANAGEME 144A,Technology,Fixed Income,"9,401,597.98",0.06,"9,401,597.98","9,542,000.00",46285MAA8,US46285MAA80,-,96.06,United States,-,USD,4.49,5.77,1.0,"Jul 15, 2032",5.0,5.08,-,5.77,5.08,5.77,USD,"Dec 28, 2021","Dec 28, 2021",2026-05-15
VF CORPORATION,Consumer Cyclical,Fixed Income,"9,386,674.01",0.06,"9,386,674.01","10,339,000.00",918204BC1,US918204BC10,BMW55R8,90.62,United States,-,USD,3.65,5.63,1.0,"Apr 23, 2030",2.95,3.63,-,5.63,3.63,5.63,USD,"Apr 23, 2020","Apr 23, 2020",2026-05-15
NOVA CHEMICALS CORP 144A,Owned No Guarantee,Fixed Income,"9,384,699.02",0.06,"9,384,699.02","8,711,000.00",66977WAU3,US66977WAU36,-,105.53,Canada,-,USD,0.25,7.28,1.0,"Feb 15, 2030",9.0,3.11,-,4.60,0.25,4.60,USD,"Feb 12, 2024","Feb 12, 2024",2026-05-15
PRA GROUP INC 144A,Financial Other,Fixed Income,"9,379,744.57",0.06,"9,379,744.57","8,972,000.00",69354NAF3,US69354NAF33,-,102.0,United States,-,USD,2.12,8.23,1.0,"Jan 31, 2030",8.88,3.05,-,7.80,1.8,7.80,USD,"May 20, 2024","May 20, 2024",2026-05-15
WYNDHAM HOTELS & RESORTS INC 144A,Consumer Cyclical,Fixed Income,"9,375,793.89",0.06,"9,375,793.89","9,421,000.00",98311AAE5,US98311AAE55,-,98.33,United States,-,USD,4.82,5.92,1.0,"Mar 01, 2033",5.63,5.5,-,5.92,5.5,5.92,USD,"Feb 27, 2026","Feb 27, 2026",2026-05-15
FREEDOM MORTGAGE HOLDINGS LLC 144A,Finance Companies,Fixed Income,"9,363,399.87",0.06,"9,363,399.87","9,173,000.00",35641AAC2,US35641AAC27,-,101.1,United States,-,USD,3.84,8.13,1.0,"Apr 01, 2032",8.38,4.54,-,8.04,3.24,8.04,USD,"Feb 07, 2025","Feb 07, 2025",2026-05-15
CUSHMAN & WAKEFIELD US BORROWER LL 144A,Consumer Cyclical,Fixed Income,"9,356,156.47",0.06,"9,356,156.47","9,044,000.00",23166MAA1,US23166MAA18,-,100.11,United States,-,USD,0.08,6.69,1.0,"May 15, 2028",6.75,1.79,-,5.38,0.08,5.38,USD,"May 22, 2020","May 22, 2020",2026-05-15
CHOBANI LLC 144A,Consumer Non-Cyclical,Fixed Income,"9,341,401.86",0.06,"9,341,401.86","9,160,000.00",17027NAD4,US17027NAD49,-,101.57,United States,-,USD,4.86,6.12,1.0,"Apr 15, 2034",6.38,6.14,-,6.00,4.17,6.00,USD,"Apr 20, 2026","Apr 20, 2026",2026-05-15
ADAPTHEALTH LLC 144A,Consumer Non-Cyclical,Fixed Income,"9,330,616.06",0.06,"9,330,616.06","9,544,000.00",00653VAE1,US00653VAE11,-,96.74,United States,-,USD,2.93,6.1,1.0,"Mar 01, 2030",5.13,3.36,-,6.10,3.36,6.10,USD,"Aug 19, 2021","Aug 19, 2021",2026-05-15
UNITED RENTALS (NORTH AMERICA) INC,Capital Goods,Fixed Income,"9,321,976.85",0.06,"9,321,976.85","9,630,000.00",911365BN3,US911365BN33,-,95.49,United States,-,USD,3.36,5.22,1.0,"Jul 15, 2030",4.0,3.73,-,5.22,3.73,5.22,USD,"Feb 25, 2020","Feb 25, 2020",2026-05-15
STONEX ESCROW ISSUER LLC 144A,Brokerage/Asset Managers/Exchanges,Fixed Income,"9,320,650.19",0.06,"9,320,650.19","8,833,000.00",86189AAA7,US86189AAA79,-,103.27,United States,-,USD,3.69,6.23,1.0,"Jul 15, 2032",6.88,4.89,-,5.98,3.52,5.98,USD,"Jul 08, 2025","Jul 08, 2025",2026-05-15
AVIS BUDGET CAR RENTAL LLC 144A,Transportation,Fixed Income,"9,304,447.33",0.06,"9,304,447.33","8,928,000.00",053773BK2,US053773BK25,-,100.77,United States,-,USD,3.91,8.21,1.0,"Jun 15, 2032",8.38,4.55,-,8.15,3.3,8.15,USD,"May 19, 2025","May 19, 2025",2026-05-15
RHP HOTEL PROPERTIES LP 144A,Reits,Fixed Income,"9,302,098.92",0.06,"9,302,098.92","8,834,000.00",749571AL9,US749571AL97,-,102.63,United States,-,USD,3.91,6.04,1.0,"Jun 15, 2033",6.5,5.5,-,5.77,3.47,5.77,USD,"Jun 04, 2025","Jun 04, 2025",2026-05-15
GAP INC 144A,Consumer Cyclical,Fixed Income,"9,301,298.15",0.06,"9,301,298.15","9,883,000.00",364760AP3,US364760AP35,-,93.69,United States,-,USD,3.08,5.7,1.0,"Oct 01, 2029",3.63,3.11,-,5.70,3.11,5.70,USD,"Sep 27, 2021","Sep 27, 2021",2026-05-15
ARDAGH METAL PACKAGING FINANCE USA 144A,Capital Goods,Fixed Income,"9,287,094.96",0.06,"9,287,094.96","8,992,000.00",03969YAD0,US03969YAD04,-,100.47,United States,-,USD,3.35,6.13,1.0,"Jan 30, 2031",6.25,3.92,-,6.11,3.05,6.11,USD,"Dec 01, 2025","Dec 01, 2025",2026-05-15
ZF NORTH AMERICA CAPITAL INC 144A,Consumer Cyclical,Fixed Income,"9,268,773.38",0.05,"9,268,773.38","9,026,000.00",98877DAD7,US98877DAD75,-,102.14,Germany,-,USD,1.73,5.68,1.0,"Apr 14, 2028",6.88,1.77,-,5.63,1.7,5.63,USD,"Apr 14, 2023","Apr 14, 2023",2026-05-15
CALUMET SPECIALTY PRODUCTS PARTNER 144A,Energy,Fixed Income,"9,264,368.71",0.05,"9,264,368.71","8,503,000.00",131477BA8,US131477BA87,-,105.68,United States,-,USD,2.89,8.27,1.0,"Feb 15, 2031",9.75,3.68,-,7.96,3.04,7.96,USD,"Jan 12, 2026","Jan 12, 2026",2026-05-15
FS KKR CAPITAL CORP,Finance Companies,Fixed Income,"9,261,959.10",0.05,"9,261,959.10","9,128,000.00",302635AN7,US302635AN71,-,99.79,United States,-,USD,2.84,6.94,1.0,"Aug 15, 2029",6.88,2.83,-,6.94,2.83,6.94,USD,"Jun 06, 2024","Jun 06, 2024",2026-05-15
NOVELIS CORP 144A,Basic Industry,Fixed Income,"9,260,990.44",0.05,"9,260,990.44","10,103,000.00",670001AH9,US670001AH91,-,90.72,United States,-,USD,4.51,5.96,1.0,"Aug 15, 2031",3.88,4.59,-,5.96,4.59,5.96,USD,"Aug 11, 2021","Aug 11, 2021",2026-05-15
CHS/COMMUNITY HEALTH SYSTEMS INC 144A,Consumer Non-Cyclical,Fixed Income,"9,232,684.22",0.05,"9,232,684.22","9,812,000.00",12543DBK5,US12543DBK54,-,92.93,United States,-,USD,4.0,6.5,1.0,"Feb 15, 2031",4.75,4.11,-,6.50,4.11,6.50,USD,"Feb 09, 2021","Feb 09, 2021",2026-05-15
PENNYMAC FINANCIAL SERVICES INC 144A,Finance Companies,Fixed Income,"9,214,620.07",0.05,"9,214,620.07","9,592,000.00",70932MAB3,US70932MAB37,-,95.03,United States,-,USD,2.52,6.24,1.0,"Feb 15, 2029",4.25,2.52,-,6.24,2.52,6.24,USD,"Feb 11, 2021","Feb 11, 2021",2026-05-15
ALBERTSONS COMPANIES INC 144A,Consumer Non-Cyclical,Fixed Income,"9,180,076.46",0.05,"9,180,076.46","9,074,000.00",01309QAB4,US01309QAB41,-,100.16,United States,-,USD,4.22,6.22,1.0,"Mar 15, 2033",6.25,5.45,-,6.21,3.32,6.21,USD,"Mar 11, 2025","Mar 11, 2025",2026-05-15
ZF NORTH AMERICA CAPITAL INC 144A,Consumer Cyclical,Fixed Income,"9,180,998.67",0.05,"9,180,998.67","9,293,000.00",98877DAG0,US98877DAG07,-,98.41,Germany,-,USD,4.81,7.21,1.0,"Apr 23, 2032",6.88,4.78,-,7.21,4.78,7.21,USD,"Apr 23, 2024","Apr 23, 2024",2026-05-15
WHIRLPOOL CORPORATION,Consumer Non-Cyclical,Fixed Income,"9,177,181.89",0.05,"9,177,181.89","9,551,000.00",963320AW6,US963320AW61,BHNH7R2,95.07,United States,-,USD,2.56,6.72,1.0,"Feb 26, 2029",4.75,2.53,-,6.72,2.53,6.72,USD,"Feb 26, 2019","Feb 26, 2019",2026-05-15
MARRIOTT OWNERSHIP RESORTS INC 144A,Consumer Cyclical,Fixed Income,"9,175,902.03",0.05,"9,175,902.03","9,441,000.00",57164PAK2,US57164PAK21,-,96.43,United States,-,USD,5.06,7.13,1.0,"Oct 01, 2033",6.5,5.7,-,7.13,5.7,7.13,USD,"Sep 18, 2025","Sep 18, 2025",2026-05-15
IHEARTCOMMUNICATIONS INC 144A,Communications,Fixed Income,"9,173,463.93",0.05,"9,173,463.93","10,110,605.00",45174HBL0,US45174HBL06,-,90.37,United States,-,USD,3.2,14.13,1.0,"May 01, 2030",10.88,3.06,-,14.13,3.06,14.13,USD,"Dec 20, 2024","Dec 20, 2024",2026-05-15
PENN ENTERTAINMENT INC 144A,Consumer Cyclical,Fixed Income,"9,168,912.20",0.05,"9,168,912.20","9,173,000.00",707569AY5,US707569AY52,-,98.89,United States,-,USD,3.75,7.02,1.0,"Apr 01, 2031",6.75,4.05,-,7.02,4.05,7.02,USD,"Mar 16, 2026","Mar 16, 2026",2026-05-15
CLEARWAY ENERGY OPERATING LLC 144A,Electric,Fixed Income,"9,166,198.63",0.05,"9,166,198.63","9,127,000.00",18539UAG0,US18539UAG04,-,98.51,United States,-,USD,5.01,5.99,1.0,"Jan 15, 2034",5.75,6.0,-,5.99,6.0,5.99,USD,"Jan 13, 2026","Jan 13, 2026",2026-05-15
STAPLES INC 144A,Consumer Cyclical,Fixed Income,"9,148,406.40",0.05,"9,148,406.40","11,515,936.00",855030AS1,US855030AS17,-,75.26,United States,-,USD,2.74,23.06,1.0,"Jan 15, 2030",12.75,2.5,-,23.06,2.5,23.06,USD,"Jun 12, 2024","Jun 12, 2024",2026-05-15
WHIRLPOOL CORPORATION,Consumer Non-Cyclical,Fixed Income,"9,140,768.76",0.05,"9,140,768.76","9,406,000.00",963320BD7,US963320BD71,-,94.66,United States,-,USD,3.49,7.67,1.0,"Jun 15, 2030",6.13,3.44,-,7.67,3.44,7.67,USD,"Jun 11, 2025","Jun 11, 2025",2026-05-15
OLIN CORP 144A,Basic Industry,Fixed Income,"9,138,560.99",0.05,"9,138,560.99","9,191,000.00",680665AN6,US680665AN65,-,98.66,United States,-,USD,4.48,6.87,1.0,"Apr 01, 2033",6.63,5.4,-,6.87,5.4,6.87,USD,"Mar 14, 2025","Mar 14, 2025",2026-05-15
YUM! BRANDS INC. 144A,Consumer Cyclical,Fixed Income,"9,119,203.43",0.05,"9,119,203.43","9,103,000.00",988498AL5,US988498AL59,BJDSXL5,98.62,United States,-,USD,3.23,5.17,1.0,"Jan 15, 2030",4.75,3.27,-,5.17,3.27,5.17,USD,"Sep 11, 2019","Sep 11, 2019",2026-05-15
VAIL RESORTS INC 144A,Consumer Cyclical,Fixed Income,"9,117,090.67",0.05,"9,117,090.67","8,688,000.00",91879QAP4,US91879QAP46,-,101.72,United States,-,USD,3.15,6.15,1.0,"May 15, 2032",6.5,4.77,-,5.87,2.62,5.87,USD,"May 08, 2024","May 08, 2024",2026-05-15
STATION CASINOS LLC 144A,Consumer Cyclical,Fixed Income,"9,112,694.03",0.05,"9,112,694.03","9,166,000.00",857691AG4,US857691AG41,-,98.32,United States,-,USD,1.58,5.51,1.0,"Feb 15, 2028",4.5,1.64,-,5.51,1.64,5.51,USD,"Feb 07, 2020","Feb 07, 2020",2026-05-15
HOWARD HUGHES CORP 144A,Financial Other,Fixed Income,"9,110,705.11",0.05,"9,110,705.11","9,350,000.00",44267DAE7,US44267DAE76,BMDJ427,96.27,United States,-,USD,2.42,5.62,1.0,"Feb 01, 2029",4.13,2.5,-,5.62,2.5,5.62,USD,"Feb 02, 2021","Feb 02, 2021",2026-05-15
HILCORP ENERGY I LP/HILCORP FINANC 144A,Energy,Fixed Income,"9,107,939.46",0.05,"9,107,939.46","9,047,000.00",431318AS3,US431318AS36,BG4THM5,100.46,United States,-,USD,0.76,6.04,1.0,"Nov 01, 2028",6.25,2.25,-,5.22,0.46,5.22,USD,"Oct 16, 2018","Oct 16, 2018",2026-05-15
RIVERS ENTERPRISE BORROWER LLC 144A,Consumer Cyclical,Fixed Income,"9,108,641.09",0.05,"9,108,641.09","8,781,000.00",76883NAA9,US76883NAA90,-,101.85,United States,-,USD,3.77,6.28,1.0,"Feb 01, 2033",6.63,5.28,-,6.06,3.2,6.06,USD,"Feb 06, 2025","Feb 06, 2025",2026-05-15
RB GLOBAL HOLDINGS INC 144A,Capital Goods,Fixed Income,"9,103,121.19",0.05,"9,103,121.19","8,872,000.00",76774LAB3,US76774LAB36,-,101.52,Canada,-,USD,0.85,5.86,1.0,"Mar 15, 2028",6.75,1.69,-,4.87,0.8,4.87,USD,"Mar 15, 2023","Mar 15, 2023",2026-05-15
NISSAN MOTOR ACCEPTANCE COMPANY LL 144A,Consumer Cyclical,Fixed Income,"9,090,905.85",0.05,"9,090,905.85","9,528,000.00",654740BT5,US654740BT54,BL656M9,94.92,United States,-,USD,1.75,5.72,1.0,"Mar 09, 2028",2.75,1.73,-,5.72,1.73,5.72,USD,"Mar 09, 2021","Mar 09, 2021",2026-05-15
WESCO DISTRIBUTION INC 144A,Capital Goods,Fixed Income,"9,086,217.44",0.05,"9,086,217.44","9,027,000.00",95081QAT1,US95081QAT13,-,99.55,United States,-,USD,3.71,5.35,1.0,"Apr 15, 2031",5.25,4.24,-,5.35,4.24,5.35,USD,"Feb 27, 2026","Feb 27, 2026",2026-05-15
OWENS-BROCKWAY GLASS CONTAINER INC 144A,Capital Goods,Fixed Income,"9,068,781.32",0.05,"9,068,781.32","9,057,000.00",69073TAU7,US69073TAU79,-,96.55,United States,-,USD,3.45,8.1,1.0,"May 15, 2031",7.25,3.96,-,8.10,3.96,8.10,USD,"May 25, 2023","May 25, 2023",2026-05-15
TEAM HEALTH HOLDINGS INC 144A,Consumer Non-Cyclical,Fixed Income,"9,064,421.34",0.05,"9,064,421.34","8,863,853.00",87817AAB3,US87817AAB35,-,102.01,United States,-,USD,1.16,7.96,1.0,"Jun 30, 2028",9.0,1.91,-,7.13,1.06,7.13,USD,"Nov 03, 2023","Nov 03, 2023",2026-05-15
CALIFORNIA RESOURCES CORP 144A,Energy,Fixed Income,"9,062,153.51",0.05,"9,062,153.51","8,418,000.00",13057QAK3,US13057QAK31,-,104.26,United States,-,USD,0.62,6.7,1.0,"Jun 15, 2029",8.25,2.62,-,6.00,1.0,6.00,USD,"Jun 05, 2024","Jun 05, 2024",2026-05-15
HESS MIDSTREAM OPERATIONS LP 144A,Energy,Fixed Income,"9,046,165.59",0.05,"9,046,165.59","9,247,000.00",428102AE7,US428102AE79,-,96.79,United States,-,USD,2.93,5.2,1.0,"Feb 15, 2030",4.25,3.38,-,5.20,3.38,5.20,USD,"Aug 05, 2021","Aug 05, 2021",2026-05-15
STARWOOD PROPERTY TRUST INC 144A,Reits,Fixed Income,"9,040,189.42",0.05,"9,040,189.42","8,771,000.00",85571BBG9,US85571BBG95,-,99.73,United States,-,USD,3.81,5.81,1.0,"Jan 15, 2031",5.75,3.92,-,5.81,3.92,5.81,USD,"Oct 14, 2025","Oct 14, 2025",2026-05-15
HERC HOLDINGS INC 144A,Capital Goods,Fixed Income,"8,982,795.82",0.05,"8,982,795.82","8,924,000.00",42704LAH7,US42704LAH78,BVLJ7W3,99.73,United States,-,USD,3.65,5.81,1.0,"Mar 15, 2031",5.75,4.13,-,5.81,4.13,5.81,USD,"Dec 16, 2025","Dec 16, 2025",2026-05-15
MCGRAW-HILL EDUCATION INC 144A,Communications,Fixed Income,"8,979,705.56",0.05,"8,979,705.56","8,650,000.00",58064LAA2,US58064LAA26,-,102.34,United States,-,USD,3.15,6.84,1.0,"Sep 01, 2031",7.38,4.29,-,6.57,2.86,6.57,USD,"Aug 06, 2024","Aug 06, 2024",2026-05-15
AXALTA COATING SYSTEMS LLC 144A,Basic Industry,Fixed Income,"8,972,494.93",0.05,"8,972,494.93","9,352,000.00",05453GAC9,US05453GAC96,BMWS414,95.12,United States,-,USD,2.54,5.3,1.0,"Feb 15, 2029",3.38,2.56,-,5.30,2.56,5.30,USD,"Nov 24, 2020","Nov 24, 2020",2026-05-15
MPH ACQUISITION HOLDINGS LLC 144A,Consumer Non-Cyclical,Fixed Income,"8,963,584.74",0.05,"8,963,584.74","10,502,754.00",553283AG7,US553283AG73,-,83.7,United States,-,USD,3.92,10.26,1.0,"Dec 31, 2030",5.75,3.8,-,10.26,3.8,10.26,USD,"Jan 30, 2025","Jan 30, 2025",2026-05-15
LITHIA MOTORS INC 144A,Consumer Cyclical,Fixed Income,"8,961,293.45",0.05,"8,961,293.45","8,964,000.00",536797AJ2,US536797AJ25,-,99.33,United States,-,USD,3.37,5.67,1.0,"Oct 01, 2030",5.5,3.82,-,5.67,3.82,5.67,USD,"Sep 10, 2025","Sep 10, 2025",2026-05-15
AMERICAN AXLE & MANUFACTURING INC,Consumer Cyclical,Fixed Income,"8,951,517.06",0.05,"8,951,517.06","9,151,000.00",02406PBB5,US02406PBB58,-,97.24,United States,-,USD,2.65,5.91,1.0,"Oct 01, 2029",5.0,3.04,-,5.91,3.04,5.91,USD,"Aug 19, 2021","Aug 19, 2021",2026-05-15
BUCKEYE PARTNERS LP 144A,Energy,Fixed Income,"8,927,538.89",0.05,"8,927,538.89","8,461,000.00",118230AV3,US118230AV39,-,102.99,United States,-,USD,1.59,5.81,1.0,"Jul 01, 2029",6.88,2.73,-,5.37,1.92,5.37,USD,"Jun 25, 2024","Jun 25, 2024",2026-05-15
ONEMAIN FINANCE CORP,Finance Companies,Fixed Income,"8,927,927.91",0.05,"8,927,927.91","8,915,000.00",682691AJ9,US682691AJ99,-,99.06,United States,-,USD,4.07,6.95,1.0,"Mar 15, 2032",6.75,4.7,-,6.95,4.7,6.95,USD,"Mar 13, 2025","Mar 13, 2025",2026-05-15
LAMAR MEDIA CORP,Communications,Fixed Income,"8,928,607.20",0.05,"8,928,607.20","9,014,000.00",513075BR1,US513075BR18,-,97.82,United States,-,USD,1.63,5.06,1.0,"Feb 15, 2028",3.75,1.65,-,5.06,1.65,5.06,USD,"Jul 15, 2020","Oct 15, 2020",2026-05-15
GRAPHIC PACKAGING INTERNATIONAL LL 144A,Basic Industry,Fixed Income,"8,922,923.15",0.05,"8,922,923.15","8,683,000.00",38869AAE7,US38869AAE73,-,100.67,United States,-,USD,3.58,6.24,1.0,"Jul 15, 2032",6.38,4.94,-,6.13,2.78,6.13,USD,"May 13, 2024","May 13, 2024",2026-05-15
PRIMO WATER HOLDINGS INC/TRITON WA 144A,Consumer Non-Cyclical,Fixed Income,"8,911,268.05",0.05,"8,911,268.05","8,834,000.00",74168RAC7,US74168RAC79,-,100.15,United States,-,USD,0.08,6.19,1.0,"Apr 01, 2029",6.25,2.59,-,4.41,0.08,4.41,USD,"Feb 12, 2025","Feb 12, 2025",2026-05-15
KEHE DISTRIBUTORS LLC 144A,Consumer Non-Cyclical,Fixed Income,"8,895,342.68",0.05,"8,895,342.68","8,759,000.00",487930AA7,US487930AA77,-,101.28,United States,-,USD,4.64,6.89,1.0,"Apr 30, 2033",7.13,5.42,-,6.82,4.12,6.82,USD,"Apr 29, 2026","Apr 29, 2026",2026-05-15
PENNYMAC FINANCIAL SERVICES INC 144A,Finance Companies,Fixed Income,"8,894,632.21",0.05,"8,894,632.21","9,138,000.00",70932MAH0,US70932MAH07,-,95.69,United States,-,USD,5.16,7.49,1.0,"Feb 15, 2034",6.75,5.8,-,7.49,5.8,7.49,USD,"Aug 12, 2025","Aug 12, 2025",2026-05-15
KFC HOLDING CO/PIZZA HUT HOLDINGS 144A,Consumer Cyclical,Fixed Income,"8,886,142.91",0.05,"8,886,142.91","8,713,000.00",48250NAC9,US48250NAC92,BDFZC60,99.85,United States,-,USD,0.66,4.9,1.0,"Jun 01, 2027",4.75,0.99,-,4.90,0.99,4.90,USD,"Jun 15, 2017","Jun 15, 2017",2026-05-15
HESS MIDSTREAM OPERATIONS LP 144A,Energy,Fixed Income,"8,878,736.86",0.05,"8,878,736.86","8,737,000.00",428104AA1,US428104AA14,BKVHZF9,99.51,United States,-,USD,1.28,5.37,1.0,"Jun 15, 2028",5.13,1.92,-,5.37,1.92,5.37,USD,"Dec 10, 2019","Dec 10, 2019",2026-05-15
RR DONNELLEY & SONS CO 144A,Communications,Fixed Income,"8,873,045.06",0.05,"8,873,045.06","8,374,000.00",257867BK6,US257867BK60,-,102.88,United States,-,USD,2.04,9.8,1.0,"Aug 01, 2029",10.88,2.6,-,9.39,1.89,9.39,USD,"Aug 08, 2024","Aug 08, 2024",2026-05-15
TOPBUILD CORP 144A,Industrial Other,Fixed Income,"8,867,502.22",0.05,"8,867,502.22","8,447,000.00",89055FAD5,US89055FAD50,-,101.4,United States,-,USD,4.4,5.4,1.0,"Jan 31, 2034",5.63,6.0,-,5.26,3.72,5.26,USD,"Sep 25, 2025","Sep 25, 2025",2026-05-15
HILCORP ENERGY I LP 144A,Energy,Fixed Income,"8,834,474.29",0.05,"8,834,474.29","8,206,000.00",431318BC7,US431318BC74,-,107.38,United States,-,USD,3.57,7.08,1.0,"Nov 01, 2033",8.38,5.56,-,6.67,2.21,6.67,USD,"Nov 08, 2023","Nov 08, 2023",2026-05-15
ENERGIZER HOLDINGS INC 144A,Consumer Non-Cyclical,Fixed Income,"8,833,366.22",0.05,"8,833,366.22","8,799,000.00",29272WAC3,US29272WAC38,BLB2XY6,98.44,United States,-,USD,1.73,5.55,1.0,"Jun 15, 2028",4.75,1.92,-,5.55,1.92,5.55,USD,"Jul 01, 2020","Jul 01, 2020",2026-05-15
UNITED WHOLESALE MORTGAGE LLC 144A,Finance Companies,Fixed Income,"8,819,904.94",0.05,"8,819,904.94","9,368,000.00",913229AA8,US913229AA80,BNG46T7,93.72,United States,-,USD,2.66,7.95,1.0,"Apr 15, 2029",5.5,2.62,-,7.95,2.62,7.95,USD,"Apr 07, 2021","Apr 07, 2021",2026-05-15
NEWELL BRANDS INC,Consumer Non-Cyclical,Fixed Income,"8,820,310.08",0.05,"8,820,310.08","8,732,000.00",651229BE5,US651229BE57,-,97.74,United States,-,USD,4.73,7.09,1.0,"May 15, 2032",6.63,4.71,-,7.09,4.71,7.09,USD,"Nov 13, 2024","Nov 13, 2024",2026-05-15
ANTERO MIDSTREAM PARTNERS LP 144A,Energy,Fixed Income,"8,815,082.31",0.05,"8,815,082.31","8,636,000.00",03690AAH9,US03690AAH95,-,99.86,United States,-,USD,0.98,5.42,1.0,"Jun 15, 2029",5.38,2.75,-,5.42,2.75,5.42,USD,"Jun 08, 2021","Jun 08, 2021",2026-05-15
FTAI AVIATION INVESTORS LLC 144A,Finance Companies,Fixed Income,"8,789,224.93",0.05,"8,789,224.93","8,778,000.00",34960PAH4,US34960PAH47,-,99.67,United States,-,USD,4.17,5.93,1.0,"Apr 15, 2033",5.88,5.59,-,5.93,5.59,5.93,USD,"Oct 09, 2024","Oct 09, 2024",2026-05-15
ONEMAIN FINANCE CORP,Finance Companies,Fixed Income,"8,784,007.12",0.05,"8,784,007.12","9,039,000.00",682691AC4,US682691AC47,-,96.55,United States,-,USD,2.15,5.46,1.0,"Sep 15, 2028",3.88,2.18,-,5.46,2.18,5.46,USD,"Aug 11, 2021","Aug 11, 2021",2026-05-15
CHEMOURS COMPANY 144A,Basic Industry,Fixed Income,"8,779,965.29",0.05,"8,779,965.29","8,593,000.00",163851AF5,US163851AF58,-,99.33,United States,-,USD,1.62,5.94,1.0,"Nov 15, 2028",5.75,2.27,-,5.94,2.27,5.94,USD,"Nov 27, 2020","Nov 27, 2020",2026-05-15
ICAHN ENTERPRISES LP / ICAHN ENTER,Financial Other,Fixed Income,"8,768,017.34",0.05,"8,768,017.34","8,855,000.00",451102CJ4,US451102CJ41,-,95.32,United States,-,USD,3.26,10.43,1.0,"Jun 15, 2030",9.0,3.2,-,10.43,3.2,10.43,USD,"May 28, 2024","May 28, 2024",2026-05-15
ALLY FINANCIAL INC,Banking,Fixed Income,"8,765,206.50",0.05,"8,765,206.50","8,421,000.00",02005NBS8,US02005NBS80,-,102.43,United States,-,USD,5.29,6.25,1.0,"Feb 14, 2033",6.7,5.31,-,6.24,5.15,6.24,USD,"Feb 13, 2023","Feb 13, 2023",2026-05-15
HILCORP ENERGY I LP 144A,Energy,Fixed Income,"8,746,181.89",0.05,"8,746,181.89","8,721,000.00",431318AV6,US431318AV64,-,98.59,United States,-,USD,3.25,6.35,1.0,"Feb 01, 2031",6.0,3.98,-,6.35,3.98,6.35,USD,"Jan 22, 2021","Jan 22, 2021",2026-05-15
TAYLOR MORRISON COMMUNITIES INC 144A,Consumer Cyclical,Fixed Income,"8,730,448.62",0.05,"8,730,448.62","8,417,000.00",87724RAK8,US87724RAK86,-,100.8,United States,-,USD,5.12,5.6,1.0,"Nov 15, 2032",5.75,5.22,-,5.59,4.88,5.59,USD,"Nov 10, 2025","Nov 10, 2025",2026-05-15
SOUTH BOW CANADIAN INFRASTRUCTURE,Energy,Fixed Income,"8,720,624.71",0.05,"8,720,624.71","8,077,000.00",836720AJ1,US836720AJ13,-,106.47,Canada,-,USD,6.02,7.1,1.0,"Mar 01, 2055",7.5,6.45,-,6.50,6.24,6.50,USD,"Mar 01, 2025","Aug 06, 2025",2026-05-15
ALLY FINANCIAL INC,Banking,Fixed Income,"8,675,657.18",0.05,"8,675,657.18","8,630,000.00",02005NBY5,US02005NBY58,-,98.39,United States,-,USD,6.29,6.81,1.0,"Jan 17, 2040",6.65,6.37,-,6.90,6.35,6.90,USD,"Dec 05, 2024","Dec 05, 2024",2026-05-15
OUTFRONT MEDIA CAPITAL LLC 144A,Communications,Fixed Income,"8,654,109.32",0.05,"8,654,109.32","8,558,000.00",69007TAB0,US69007TAB08,BK6WVJ5,99.9,United States,-,USD,0.64,5.08,1.0,"Aug 15, 2027",5.0,1.19,-,5.08,1.19,5.08,USD,"Jun 14, 2019","Jun 14, 2019",2026-05-15
OPEN TEXT INC 144A,Technology,Fixed Income,"8,652,644.89",0.05,"8,652,644.89","9,773,000.00",683720AC0,US683720AC08,-,86.68,Canada,-,USD,4.73,7.07,1.0,"Dec 01, 2031",4.13,4.7,-,7.07,4.7,7.07,USD,"Nov 24, 2021","Nov 24, 2021",2026-05-15
GARDA WORLD SECURITY CORP 144A,Consumer Cyclical,Fixed Income,"8,646,803.43",0.05,"8,646,803.43","8,233,000.00",36485MAN9,US36485MAN92,-,102.69,Canada,-,USD,3.24,7.69,1.0,"Aug 01, 2032",8.25,4.72,-,7.29,2.73,7.29,USD,"Jul 25, 2024","Jul 25, 2024",2026-05-15
MINERAL RESOURCES LTD 144A,Basic Industry,Fixed Income,"8,638,245.09",0.05,"8,638,245.09","8,348,000.00",603051AD5,US603051AD53,-,103.19,Australia,-,USD,0.08,7.55,1.0,"May 01, 2030",8.5,3.32,-,3.91,0.08,3.91,USD,"May 02, 2022","May 02, 2022",2026-05-15
ENCORE CAPITAL GROUP INC 144A,Financial Other,Fixed Income,"8,623,095.42",0.05,"8,623,095.42","7,808,000.00",292554AR3,US292554AR36,-,106.24,United States,-,USD,1.71,6.7,1.0,"May 15, 2030",8.5,3.25,-,6.16,1.76,6.16,USD,"May 21, 2024","May 21, 2024",2026-05-15
TALOS PRODUCTION INC 144A,Energy,Fixed Income,"8,611,657.86",0.05,"8,611,657.86","7,898,000.00",87485LAE4,US87485LAE48,-,106.38,United States,-,USD,1.37,7.73,1.0,"Feb 01, 2031",9.38,3.71,-,6.58,0.67,6.58,USD,"Feb 07, 2024","Feb 07, 2024",2026-05-15
FXI HOLDINGS INC 144A,Capital Goods,Fixed Income,"8,594,895.38",0.05,"8,594,895.38","9,637,904.00",36120RAG4,US36120RAG48,2N90691,83.92,United States,-,USD,3.31,16.16,1.0,"Nov 15, 2030",11.0,3.12,-,16.16,3.12,16.16,USD,"Nov 21, 2025","Nov 21, 2025",2026-05-15
SUBURBAN PROPANE PARTNERS L.P/SUBU 144A,Energy,Fixed Income,"8,578,045.68",0.05,"8,578,045.68","8,806,000.00",864486AL9,US864486AL98,-,95.16,United States,-,USD,3.95,6.13,1.0,"Jun 01, 2031",5.0,4.27,-,6.13,4.27,6.13,USD,"May 24, 2021","May 24, 2021",2026-05-15
WYNN MACAU LTD 144A,Consumer Cyclical,Fixed Income,"8,576,966.47",0.05,"8,576,966.47","8,545,000.00",98313RAD8,US98313RAD89,BFB5MD5,99.73,Macau,-,USD,0.9,5.7,1.0,"Oct 01, 2027",5.5,1.31,-,5.70,1.31,5.70,USD,"Sep 20, 2017","Sep 20, 2017",2026-05-15
CDK STEERCO COOP 8 2029,Technology,Fixed Income,"8,573,838.67",0.05,"8,573,838.67","12,198,000.00",-,-,-,67.0,United States,-,USD,2.55,23.63,1.0,"Jun 15, 2029",8.0,2.32,-,23.63,2.32,23.63,USD,"Aug 09, 2023","Aug 09, 2023",2026-05-15
PBF HOLDING COMPANY LLC 144A,Energy,Fixed Income,"8,568,773.66",0.05,"8,568,773.66","8,279,000.00",69318FAL2,US69318FAL22,-,102.23,United States,-,USD,2.38,7.26,1.0,"Sep 15, 2030",7.88,3.59,-,6.82,2.09,6.82,USD,"Aug 21, 2023","Aug 21, 2023",2026-05-15
IRON MOUNTAIN INC 144A,Technology,Fixed Income,"8,566,658.41",0.05,"8,566,658.41","8,508,000.00",46284VAL5,US46284VAL53,-,98.85,United States,-,USD,3.79,5.85,1.0,"Jul 15, 2032",5.63,5.05,-,5.85,5.05,5.85,USD,"Jun 22, 2020","Jun 22, 2020",2026-05-15
ORGANON & CO 144A,Consumer Non-Cyclical,Fixed Income,"8,555,170.17",0.05,"8,555,170.17","7,848,000.00",68622FAA9,US68622FAA93,-,105.67,United States,-,USD,4.24,5.85,1.0,"May 15, 2034",6.75,6.0,-,5.62,4.78,5.62,USD,"May 17, 2024","May 17, 2024",2026-05-15
CHS/COMMUNITY HEALTH SYSTEMS INC 144A,Consumer Non-Cyclical,Fixed Income,"8,552,107.82",0.05,"8,552,107.82","8,440,000.00",12543DBH2,US12543DBH26,-,99.36,United States,-,USD,1.54,6.26,1.0,"Jan 15, 2029",6.0,2.39,-,6.26,2.39,6.26,USD,"Dec 28, 2020","Dec 28, 2020",2026-05-15
HESS MIDSTREAM OPERATIONS LP 144A,Energy,Fixed Income,"8,541,181.50",0.05,"8,541,181.50","8,130,000.00",428102AG2,US428102AG28,-,102.13,United States,-,USD,1.84,5.73,1.0,"Jun 01, 2029",6.5,2.66,-,5.39,1.85,5.39,USD,"May 16, 2024","May 16, 2024",2026-05-15
CSC HOLDINGS LLC 144A,Communications,Fixed Income,"8,537,378.25",0.05,"8,537,378.25","28,452,000.00",126307BD8,US126307BD80,BM9M1M9,27.93,United States,-,USD,3.36,40.52,1.0,"Dec 01, 2030",4.63,2.85,-,40.52,2.85,40.52,USD,"Jun 16, 2020","Jun 16, 2020",2026-05-15
HOWARD HUGHES CORP 144A,Financial Other,Fixed Income,"8,524,698.46",0.05,"8,524,698.46","8,636,000.00",44267DAH0,US44267DAH08,-,97.25,United States,-,USD,5.09,6.58,1.0,"Mar 01, 2034",6.13,6.0,-,6.58,6.0,6.58,USD,"Feb 17, 2026","Feb 17, 2026",2026-05-15
PARK INTERMEDIATE HOLDINGS LLC 144A,Reits,Fixed Income,"8,523,202.02",0.05,"8,523,202.02","8,181,000.00",70052LAD5,US70052LAD55,-,102.2,United States,-,USD,2.12,6.32,1.0,"Feb 01, 2030",7.0,3.18,-,5.92,2.0,5.92,USD,"May 16, 2024","May 16, 2024",2026-05-15
PERIMETER HOLDINGS LLC 144A,Basic Industry,Fixed Income,"8,517,511.87",0.05,"8,517,511.87","8,378,000.00",71384AAA2,US71384AAA25,-,99.39,United States,-,USD,4.45,6.35,1.0,"Jan 15, 2034",6.25,5.88,-,6.35,5.88,6.35,USD,"Jan 02, 2026","Jan 02, 2026",2026-05-15
WHIRLPOOL CORPORATION,Consumer Non-Cyclical,Fixed Income,"8,512,014.39",0.05,"8,512,014.39","9,141,000.00",963320BE5,US963320BE54,-,90.45,United States,-,USD,5.41,8.31,1.0,"Jun 15, 2033",6.5,5.33,-,8.31,5.33,8.31,USD,"Jun 11, 2025","Jun 11, 2025",2026-05-15
FMC CORPORATION,Basic Industry,Fixed Income,"8,491,633.61",0.05,"8,491,633.61","12,609,000.00",302491AZ8,US302491AZ88,-,67.06,United States,-,USD,3.4,12.8,1.0,"Nov 01, 2055",8.45,3.24,-,20.49,3.3,20.49,USD,"May 27, 2025","May 27, 2025",2026-05-15
UNITED RENTALS (NORTH AMERICA) INC,Capital Goods,Fixed Income,"8,468,775.80",0.05,"8,468,775.80","9,062,000.00",911365BP8,US911365BP80,-,92.22,United States,-,USD,4.68,5.36,1.0,"Jan 15, 2032",3.75,4.94,-,5.36,4.94,5.36,USD,"Aug 13, 2021","Aug 13, 2021",2026-05-15
EQUIPMENTSHARECOM INC 144A,Capital Goods,Fixed Income,"8,463,262.81",0.05,"8,463,262.81","7,709,000.00",29450YAB5,US29450YAB56,-,105.52,United States,-,USD,2.16,7.47,1.0,"May 15, 2032",8.63,4.49,-,6.57,2.53,6.57,USD,"Apr 16, 2024","Apr 16, 2024",2026-05-15
CSC HOLDINGS LLC 144A,Communications,Fixed Income,"8,451,460.88",0.05,"8,451,460.88","28,003,000.00",126307BA4,US126307BA42,BKFH0Y9,28.3,United States,-,USD,2.78,50.0,1.0,"Jan 15, 2030",5.75,2.26,-,50.00,2.26,50.00,USD,"Jul 10, 2019","Jul 10, 2019",2026-05-15
TRAVEL + LEISURE CO 144A,Consumer Cyclical,Fixed Income,"8,443,988.98",0.05,"8,443,988.98","8,627,000.00",894164AA0,US894164AA06,-,95.85,United States,-,USD,3.16,5.81,1.0,"Dec 01, 2029",4.5,3.15,-,5.81,3.15,5.81,USD,"Nov 18, 2021","Nov 18, 2021",2026-05-15
UNITED RENTALS (NORTH AMERICA) INC,Capital Goods,Fixed Income,"8,427,536.88",0.05,"8,427,536.88","8,291,000.00",911365BL7,US911365BL76,BJX8NT3,99.93,United States,-,USD,2.17,5.27,1.0,"Jan 15, 2030",5.25,3.25,-,5.27,3.25,5.27,USD,"May 10, 2019","May 10, 2019",2026-05-15
CREDIT ACCEPTANCE CORPORATION 144A,Financial Other,Fixed Income,"8,426,430.54",0.05,"8,426,430.54","8,374,000.00",225310AS0,US225310AS06,-,99.56,United States,-,USD,2.95,6.75,1.0,"Mar 15, 2030",6.63,3.3,-,6.75,3.3,6.75,USD,"Feb 28, 2025","Feb 28, 2025",2026-05-15
CDK STEERCO COOP 7.25 2029,Technology,Fixed Income,"8,420,060.44",0.05,"8,420,060.44","12,032,000.00",-,-,-,67.0,United States,-,USD,2.59,22.66,1.0,"Jun 15, 2029",7.25,2.37,-,22.66,2.37,22.66,USD,"Jun 16, 2022","Jun 16, 2022",2026-05-15
ROCKIES EXPRESS PIPELINE LLC 144A,Energy,Fixed Income,"8,396,763.62",0.05,"8,396,763.62","8,340,000.00",77340RAR8,US77340RAR84,BH3TYZ5,99.06,United States,-,USD,2.8,5.27,1.0,"Jul 15, 2029",4.95,2.85,-,5.27,2.85,5.27,USD,"Apr 12, 2019","Apr 12, 2019",2026-05-15
ORGANON & CO 144A,Consumer Non-Cyclical,Fixed Income,"8,377,773.95",0.05,"8,377,773.95","7,532,000.00",68622FAB7,US68622FAB76,-,107.33,United States,-,USD,3.98,6.68,1.0,"May 15, 2034",7.88,5.76,-,6.36,3.31,6.36,USD,"May 17, 2024","May 17, 2024",2026-05-15
HERC HOLDINGS INC 144A,Capital Goods,Fixed Income,"8,369,599.25",0.05,"8,369,599.25","8,400,000.00",42704LAK0,US42704LAK08,BVLJ7S9,98.67,United States,-,USD,5.13,6.22,1.0,"Mar 15, 2034",6.0,6.11,-,6.22,6.11,6.22,USD,"Dec 16, 2025","Dec 16, 2025",2026-05-15
AMERIGAS PARTNERS LP 144A,Energy,Fixed Income,"8,351,429.17",0.05,"8,351,429.17","7,483,000.00",030981AP9,US030981AP92,-,107.33,United States,-,USD,1.61,7.37,1.0,"Jun 01, 2030",9.5,3.23,-,6.60,0.96,6.60,USD,"May 30, 2025","May 30, 2025",2026-05-15
ROCKET SOFTWARE INC 144A,Technology,Fixed Income,"8,348,666.61",0.05,"8,348,666.61","9,065,000.00",77314EAA6,US77314EAA64,-,90.51,United States,-,USD,2.47,10.55,1.0,"Feb 15, 2029",6.5,2.39,-,10.55,2.39,10.55,USD,"Feb 02, 2021","Feb 02, 2021",2026-05-15
TAYLOR MORRISON COMMUNITIES INC 144A,Consumer Cyclical,Fixed Income,"8,345,812.47",0.05,"8,345,812.47","8,285,000.00",87724RAJ1,US87724RAJ14,-,99.28,United States,-,USD,3.56,5.32,1.0,"Aug 01, 2030",5.13,3.69,-,5.32,3.69,5.32,USD,"Jul 22, 2020","Jul 22, 2020",2026-05-15
TEVA PHARMACEUTICAL FINANCE NETHER,Consumer Non-Cyclical,Fixed Income,"8,320,996.58",0.05,"8,320,996.58","7,826,000.00",88167AAT8,US88167AAT88,-,103.62,Israel,-,USD,5.2,5.34,1.0,"Dec 01, 2032",6.0,5.25,-,5.32,5.09,5.32,USD,"May 28, 2025","May 28, 2025",2026-05-15
BUILDERS FIRSTSOURCE INC 144A,Capital Goods,Fixed Income,"8,319,250.75",0.05,"8,319,250.75","8,454,000.00",12008RAN7,US12008RAN70,-,97.41,United States,-,USD,2.92,5.77,1.0,"Mar 01, 2030",5.0,3.37,-,5.77,3.37,5.77,USD,"Feb 11, 2020","Feb 11, 2020",2026-05-15
GLOBAL AUTO HOLDINGS PLC 144A,Consumer Cyclical,Fixed Income,"8,300,503.43",0.05,"8,300,503.43","8,425,000.00",00033GAA3,US00033GAA31,-,95.78,United Kingdom,-,USD,2.3,10.21,1.0,"Jan 15, 2029",8.38,2.26,-,10.21,2.26,10.21,USD,"Jan 22, 2024","Jan 22, 2024",2026-05-15
KENNEDY-WILSON INC,Financial Other,Fixed Income,"8,292,922.31",0.05,"8,292,922.31","8,222,000.00",489399AL9,US489399AL90,-,99.91,United States,-,USD,0.85,4.78,1.0,"Mar 01, 2029",4.75,2.57,-,4.78,2.57,4.78,USD,"Feb 11, 2021","Feb 11, 2021",2026-05-15
RIVERS ENTERPRISE LENDER LLC 144A,Consumer Cyclical,Fixed Income,"8,288,602.23",0.05,"8,288,602.23","8,127,000.00",76884GAA3,US76884GAA31,-,101.5,United States,-,USD,3.11,5.86,1.0,"Oct 15, 2030",6.25,3.81,-,5.76,3.03,5.76,USD,"Oct 08, 2025","Oct 08, 2025",2026-05-15
SUNOCO LP 144A,Energy,Fixed Income,"8,286,667.20",0.05,"8,286,667.20","8,350,000.00",86765KAN9,US86765KAN90,-,98.24,United States,-,USD,5.32,5.9,1.0,"Jul 15, 2034",5.63,6.39,-,5.90,6.39,5.90,USD,"Mar 09, 2026","Mar 09, 2026",2026-05-15
ICAHN ENTERPRISES LP,Financial Other,Fixed Income,"8,263,701.68",0.05,"8,263,701.68","8,079,000.00",451102CF2,US451102CF29,-,99.09,United States,-,USD,2.25,10.14,1.0,"Jan 15, 2029",9.75,2.23,-,10.14,2.23,10.14,USD,"Jul 15, 2024","Oct 17, 2024",2026-05-15
BROOKFIELD RESIDENTIAL PROPERTIES 144A,Consumer Cyclical,Fixed Income,"8,253,582.63",0.05,"8,253,582.63","8,164,000.00",11283YAB6,US11283YAB65,BKVJXG2,100.09,Canada,-,USD,0.08,6.17,1.0,"Sep 15, 2027",6.25,1.26,-,5.08,0.08,5.08,USD,"Sep 23, 2019","Sep 23, 2019",2026-05-15
MPH ACQUISITION HOLDINGS LLC 144A,Consumer Non-Cyclical,Fixed Income,"8,254,330.72",0.05,"8,254,330.72","8,517,362.00",553283AF9,US553283AF90,-,95.05,United States,-,USD,3.77,7.79,1.0,"Dec 31, 2030",6.5,3.83,-,7.79,3.83,7.79,USD,"Jan 30, 2025","Jan 30, 2025",2026-05-15
HA SUSTAINABLE INFRASTRUCTURE CAPI,Financial Other,Fixed Income,"8,240,200.71",0.05,"8,240,200.71","7,488,000.00",41068XAG5,US41068XAG51,-,106.2,United States,-,USD,3.88,7.74,1.0,"Jun 01, 2056",8.0,3.93,-,6.48,3.83,6.48,USD,"Nov 20, 2025","Nov 20, 2025",2026-05-15
VAIL RESORTS INC 144A,Consumer Cyclical,Fixed Income,"8,232,358.72",0.05,"8,232,358.72","8,074,000.00",91879QAQ2,US91879QAQ29,-,100.12,United States,-,USD,3.08,5.59,1.0,"Jul 15, 2030",5.63,3.61,-,5.58,2.82,5.58,USD,"Jul 02, 2025","Jul 02, 2025",2026-05-15
XPO INC 144A,Transportation,Fixed Income,"8,214,382.24",0.05,"8,214,382.24","7,769,000.00",983793AK6,US983793AK61,-,103.71,United States,-,USD,2.24,6.34,1.0,"Feb 01, 2032",7.13,4.58,-,5.63,2.41,5.63,USD,"Dec 13, 2023","Dec 13, 2023",2026-05-15
JANE STREET GROUP LLC 144A,Brokerage/Asset Managers/Exchanges,Fixed Income,"8,204,682.96",0.05,"8,204,682.96","8,221,000.00",47077WAA6,US47077WAA62,-,97.58,United States,-,USD,2.59,5.27,1.0,"Nov 15, 2029",4.5,3.12,-,5.27,3.12,5.27,USD,"Nov 09, 2021","Nov 09, 2021",2026-05-15
STATION CASINOS LLC 144A,Consumer Cyclical,Fixed Income,"8,195,642.09",0.05,"8,195,642.09","8,018,000.00",857691AJ8,US857691AJ89,-,101.15,United States,-,USD,3.25,6.38,1.0,"Mar 15, 2032",6.63,4.74,-,6.17,2.53,6.17,USD,"Mar 14, 2024","Mar 14, 2024",2026-05-15
HOWARD MIDSTREAM ENERGY PARTNERS L 144A,Energy,Fixed Income,"8,195,904.41",0.05,"8,195,904.41","7,721,000.00",442722AC8,US442722AC80,-,103.73,United States,-,USD,2.82,6.63,1.0,"Jul 15, 2032",7.38,4.82,-,6.06,2.75,6.06,USD,"Jun 17, 2024","Jun 17, 2024",2026-05-15
LBM ACQUISITION LLC 144A,Capital Goods,Fixed Income,"8,191,043.90",0.05,"8,191,043.90","13,224,000.00",05552BAA4,US05552BAA44,-,59.89,United States,-,USD,2.33,28.73,1.0,"Jan 15, 2029",6.25,2.07,-,28.73,2.07,28.73,USD,"Dec 18, 2020","Dec 18, 2020",2026-05-15
STONEX GROUP INC 144A,Brokerage/Asset Managers/Exchanges,Fixed Income,"8,184,881.91",0.05,"8,184,881.91","7,661,000.00",861896AA6,US861896AA67,-,105.26,United States,-,USD,1.73,6.58,1.0,"Mar 01, 2031",7.88,3.92,-,5.80,1.65,5.80,USD,"Mar 01, 2024","Mar 01, 2024",2026-05-15
ARSENAL AIC PARENT LLC 144A,Basic Industry,Fixed Income,"8,182,279.27",0.05,"8,182,279.27","7,489,000.00",04288BAC4,US04288BAC46,-,107.92,United States,-,USD,0.38,9.58,1.0,"Oct 01, 2031",11.5,3.97,-,5.36,0.37,5.36,USD,"Aug 18, 2023","Aug 18, 2023",2026-05-15
PILGRIMS PRIDE CORP,Consumer Non-Cyclical,Fixed Income,"8,169,286.78",0.05,"8,169,286.78","7,344,000.00",72147KAL2,US72147KAL26,-,107.84,United States,-,USD,5.95,5.64,1.0,"May 15, 2034",6.88,6.0,-,5.62,5.85,5.62,USD,"Oct 12, 2023","Oct 12, 2023",2026-05-15
ANTERO MIDSTREAM PARTNERS LP 144A,Energy,Fixed Income,"8,166,916.35",0.05,"8,166,916.35","7,823,000.00",03690AAK2,US03690AAK25,-,102.52,United States,-,USD,2.66,6.09,1.0,"Feb 01, 2032",6.63,4.64,-,5.61,2.42,5.61,USD,"Jan 16, 2024","Jan 16, 2024",2026-05-15
HLF FINANCING SARL LLC 144A,Consumer Non-Cyclical,Fixed Income,"8,156,207.71",0.05,"8,156,207.71","8,571,000.00",40390DAC9,US40390DAC92,-,92.97,United States,-,USD,2.73,7.5,1.0,"Jun 01, 2029",4.88,2.7,-,7.50,2.7,7.50,USD,"May 20, 2021","May 20, 2021",2026-05-15
ARCHES BUYER INC 144A,Consumer Cyclical,Fixed Income,"8,151,967.85",0.05,"8,151,967.85","8,142,000.00",039524AB9,US039524AB93,-,97.37,United States,-,USD,2.13,7.27,1.0,"Dec 01, 2028",6.13,2.25,-,7.27,2.25,7.27,USD,"Dec 04, 2020","Dec 04, 2020",2026-05-15
ACADIA HEALTHCARE CO INC 144A,Consumer Non-Cyclical,Fixed Income,"8,148,242.02",0.05,"8,148,242.02","7,803,000.00",00404AAQ2,US00404AAQ22,-,103.24,United States,-,USD,3.66,6.77,1.0,"Mar 15, 2033",7.38,5.28,-,6.41,3.28,6.41,USD,"Mar 10, 2025","Mar 10, 2025",2026-05-15
SNAP INC 144A,Communications,Fixed Income,"8,137,698.21",0.05,"8,137,698.21","8,275,000.00",83304AAM8,US83304AAM80,-,97.23,United States,-,USD,5.07,7.34,1.0,"Mar 15, 2034",6.88,5.88,-,7.34,5.88,7.34,USD,"Aug 12, 2025","Aug 12, 2025",2026-05-15
CNX RESOURCES CORP 144A,Energy,Fixed Income,"8,135,274.08",0.05,"8,135,274.08","8,142,000.00",12653CAM0,US12653CAM01,-,98.66,United States,-,USD,5.1,6.09,1.0,"Mar 01, 2034",5.88,6.09,-,6.09,6.09,6.09,USD,"Feb 26, 2026","Feb 26, 2026",2026-05-15
DISCOVERY COMMUNICATIONS LLC,Communications,Fixed Income,"8,123,724.85",0.05,"8,123,724.85","8,169,000.00",25470DCA5,US25470DCA54,BV6FZ55,97.41,United States,-,USD,2.69,5.07,1.0,"May 15, 2029",4.13,2.73,-,5.07,2.73,5.07,USD,"May 15, 2025","Jun 30, 2025",2026-05-15
SERVICE PROPERTIES TRUST,Reits,Fixed Income,"8,113,017.10",0.05,"8,113,017.10","7,600,000.00",81761LAE2,US81761LAE20,-,102.76,United States,-,USD,3.11,8.29,1.0,"Jun 15, 2032",8.88,4.49,-,7.85,2.57,7.85,USD,"Jun 03, 2024","Jun 03, 2024",2026-05-15
ASCENT RESOURCES UTICA HOLDINGS LL 144A,Energy,Fixed Income,"8,102,045.38",0.05,"8,102,045.38","7,852,000.00",04364VAX1,US04364VAX10,-,102.67,United States,-,USD,3.36,6.12,1.0,"Oct 15, 2032",6.63,5.17,-,5.75,3.02,5.75,USD,"Oct 15, 2024","Oct 15, 2024",2026-05-15
ANYWHERE REAL ESTATE GROUP LLC 144A,Consumer Cyclical,Fixed Income,"8,093,994.99",0.05,"8,093,994.99","8,103,000.00",75606DAL5,US75606DAL55,-,98.0,United States,-,USD,2.11,6.57,1.0,"Jan 15, 2029",5.75,2.39,-,6.57,2.39,6.57,USD,"Jan 11, 2021","Jan 11, 2021",2026-05-15
GO DADDY OPERATING COMPANY LLC 144A,Technology,Fixed Income,"8,086,114.76",0.05,"8,086,114.76","7,923,000.00",38016LAA3,US38016LAA35,BJLPZ45,99.7,United States,-,USD,0.97,5.45,1.0,"Dec 01, 2027",5.25,1.44,-,5.45,1.44,5.45,USD,"Jun 04, 2019","Jun 04, 2019",2026-05-15
AVIS BUDGET CAR RENTAL LLC 144A,Transportation,Fixed Income,"8,079,962.76",0.05,"8,079,962.76","8,191,000.00",053773BF3,US053773BF30,-,97.57,United States,-,USD,2.27,6.33,1.0,"Mar 01, 2029",5.38,2.53,-,6.33,2.53,6.33,USD,"Mar 01, 2021","Mar 01, 2021",2026-05-15
CROSSCOUNTRY INTERMEDIATE HOLDCO L 144A,Finance Companies,Fixed Income,"8,078,853.73",0.05,"8,078,853.73","8,158,000.00",22757VAB6,US22757VAB62,-,95.8,United States,-,USD,4.69,7.57,1.0,"Dec 01, 2032",6.75,5.01,-,7.57,5.01,7.57,USD,"Nov 21, 2025","Nov 21, 2025",2026-05-15
FTAI AVIATION INVESTORS LLC 144A,Finance Companies,Fixed Income,"8,076,545.61",0.05,"8,076,545.61","7,421,000.00",34960PAE1,US34960PAE16,-,105.29,United States,-,USD,1.06,6.51,1.0,"Dec 01, 2030",7.88,3.68,-,5.14,0.52,5.14,USD,"Nov 21, 2023","Nov 21, 2023",2026-05-15
CENTURY COMMUNITIES INC 144A,Consumer Cyclical,Fixed Income,"8,058,465.65",0.05,"8,058,465.65","8,050,000.00",156504AN2,US156504AN20,-,99.04,United States,-,USD,4.72,6.79,1.0,"Sep 15, 2033",6.63,5.67,-,6.79,5.67,6.79,USD,"Sep 17, 2025","Sep 17, 2025",2026-05-15
WRANGLER HOLDCO CORP 144A,Capital Goods,Fixed Income,"8,054,027.10",0.05,"8,054,027.10","7,785,000.00",37441QAA9,US37441QAA94,-,102.68,Canada,-,USD,2.82,6.07,1.0,"Apr 01, 2032",6.63,4.8,-,5.60,2.58,5.60,USD,"Jun 17, 2024","Jun 17, 2024",2026-05-15
KENNEDY-WILSON INC,Financial Other,Fixed Income,"8,050,580.62",0.05,"8,050,580.62","7,903,000.00",489399AM7,US489399AM73,BMVHFK8,100.87,United States,-,USD,2.57,4.79,1.0,"Mar 01, 2031",5.0,4.19,-,4.66,2.56,4.66,USD,"Feb 11, 2021","Feb 11, 2021",2026-05-15
ENFRAGEN ENERGIA SUR SA 144A,Electric,Fixed Income,"8,044,276.97",0.05,"8,044,276.97","8,558,644.00",29280LAA1,US29280LAA17,-,93.35,Colombia,-,USD,3.84,7.13,1.0,"Dec 30, 2030",5.38,4.01,-,7.13,4.01,7.13,USD,"Dec 17, 2020","Dec 17, 2020",2026-05-15
CATURUS ENERGY LLC 144A,Energy,Fixed Income,"8,029,388.33",0.05,"8,029,388.33","8,035,000.00",149482AA9,US149482AA91,-,99.61,United States,-,USD,3.79,7.22,1.0,"May 15, 2031",7.13,4.13,-,7.22,4.13,7.22,USD,"Apr 27, 2026","Apr 27, 2026",2026-05-15
SENSATA TECHNOLOGIES BV 144A,Capital Goods,Fixed Income,"8,028,186.42",0.05,"8,028,186.42","8,297,000.00",81725WAK9,US81725WAK99,-,96.45,United States,-,USD,2.56,5.33,1.0,"Apr 15, 2029",4.0,2.7,-,5.33,2.7,5.33,USD,"Mar 29, 2021","Mar 29, 2021",2026-05-15
FORVIA SE 144A,Consumer Cyclical,Fixed Income,"8,018,970.24",0.05,"8,018,970.24","7,912,000.00",31209DAC9,US31209DAC92,-,100.26,France,-,USD,4.56,6.7,1.0,"Sep 15, 2033",6.75,5.66,-,6.68,3.67,6.68,USD,"Sep 23, 2025","Sep 23, 2025",2026-05-15
TEREX CORPORATION 144A,Capital Goods,Fixed Income,"8,009,304.68",0.05,"8,009,304.68","7,897,000.00",880779BA0,US880779BA01,-,98.95,United States,-,USD,1.88,5.38,1.0,"May 15, 2029",5.0,2.69,-,5.38,2.69,5.38,USD,"Apr 01, 2021","Apr 01, 2021",2026-05-15
STARWOOD PROPERTY TRUST INC 144A,Reits,Fixed Income,"8,002,349.23",0.05,"8,002,349.23","7,672,000.00",85571BBD6,US85571BBD64,-,101.92,United States,-,USD,3.33,5.97,1.0,"Jul 01, 2030",6.5,3.51,-,5.90,3.13,5.90,USD,"Dec 27, 2024","Dec 27, 2024",2026-05-15
CELANESE US HOLDINGS LLC,Basic Industry,Fixed Income,"7,979,122.27",0.05,"7,979,122.27","7,499,000.00",15089QBC7,US15089QBC78,-,103.56,United States,-,USD,3.03,6.12,1.0,"Feb 15, 2031",7.0,3.91,-,5.92,3.2,5.92,USD,"Dec 17, 2025","Dec 17, 2025",2026-05-15
XPLR INFRASTRUCTURE OPERATING PART 144A,Electric,Fixed Income,"7,977,460.37",0.05,"7,977,460.37","7,978,000.00",65342QAB8,US65342QAB86,BZ6CT29,99.27,United States,-,USD,1.25,5.07,1.0,"Sep 15, 2027",4.5,1.27,-,5.07,1.27,5.07,USD,"Sep 25, 2017","Sep 25, 2017",2026-05-15
TRANSDIGM INC 144A,Capital Goods,Fixed Income,"7,974,838.74",0.05,"7,974,838.74","7,673,000.00",893647BZ9,US893647BZ96,-,102.15,United States,-,USD,4.3,5.9,1.0,"Jan 31, 2034",6.25,5.97,-,5.68,3.67,5.68,USD,"Aug 19, 2025","Aug 19, 2025",2026-05-15
GETTY IMAGES INC 144A,Communications,Fixed Income,"7,962,100.65",0.05,"7,962,100.65","9,445,000.00",374276AR4,US374276AR47,-,78.41,United States,-,USD,3.27,17.64,1.0,"Nov 15, 2030",10.5,3.06,-,17.64,3.06,17.64,USD,"Oct 21, 2025","Oct 21, 2025",2026-05-15
NORTHERN OIL AND GAS INC 144A,Energy,Fixed Income,"7,954,377.99",0.05,"7,954,377.99","7,376,000.00",665530AB7,US665530AB71,-,104.24,United States,-,USD,1.32,7.72,1.0,"Jun 15, 2031",8.75,3.94,-,6.54,1.83,6.54,USD,"May 15, 2023","May 15, 2023",2026-05-15
CHEMOURS COMPANY 144A,Basic Industry,Fixed Income,"7,948,542.21",0.05,"7,948,542.21","8,091,000.00",163851AH1,US163851AH15,-,95.95,United States,-,USD,2.89,5.92,1.0,"Nov 15, 2029",4.63,3.1,-,5.92,3.1,5.92,USD,"Aug 18, 2021","Aug 18, 2021",2026-05-15
ZF NORTH AMERICA CAPITAL INC 144A,Consumer Cyclical,Fixed Income,"7,944,326.79",0.05,"7,944,326.79","7,879,000.00",98877DAE5,US98877DAE58,-,100.26,Germany,-,USD,3.35,7.05,1.0,"Apr 14, 2030",7.13,3.35,-,7.05,3.35,7.05,USD,"Apr 14, 2023","Apr 14, 2023",2026-05-15
KENNEDY-WILSON INC,Financial Other,Fixed Income,"7,938,063.25",0.05,"7,938,063.25","7,809,000.00",489399AN5,US489399AN56,-,100.7,United States,-,USD,0.3,4.54,1.0,"Feb 01, 2030",4.75,3.34,-,2.37,0.3,2.37,USD,"Aug 23, 2021","Aug 23, 2021",2026-05-15
LGI HOMES INC 144A,Consumer Cyclical,Fixed Income,"7,934,889.41",0.05,"7,934,889.41","7,436,000.00",50187TAH9,US50187TAH95,-,103.11,United States,-,USD,1.17,7.4,1.0,"Dec 15, 2028",8.75,2.22,-,6.65,1.42,6.65,USD,"Nov 21, 2023","Nov 21, 2023",2026-05-15
B&G FOODS INC,Consumer Non-Cyclical,Fixed Income,"7,926,728.21",0.05,"7,926,728.21","8,097,000.00",05508WAB1,US05508WAB19,BKKF792,97.05,United States,-,USD,1.28,7.6,1.0,"Sep 15, 2027",5.25,1.25,-,7.60,1.25,7.60,USD,"Sep 26, 2019","Sep 26, 2019",2026-05-15
NAVIENT CORP,Finance Companies,Fixed Income,"7,923,166.72",0.05,"7,923,166.72","8,110,000.00",63938CAQ1,US63938CAQ15,-,94.46,United States,-,USD,4.57,9.08,1.0,"Jun 15, 2032",7.88,4.55,-,9.08,4.55,9.08,USD,"May 19, 2025","May 19, 2025",2026-05-15
MINERAL RESOURCES LTD 144A,Basic Industry,Fixed Income,"7,921,720.13",0.05,"7,921,720.13","7,576,000.00",603051AF0,US603051AF02,-,103.75,Australia,-,USD,3.17,6.1,1.0,"Apr 01, 2031",7.0,4.08,-,5.90,3.35,5.90,USD,"Oct 01, 2025","Oct 01, 2025",2026-05-15
NABORS INDUSTRIES INC 144A,Energy,Fixed Income,"7,919,074.32",0.05,"7,919,074.32","7,386,000.00",62957HAQ8,US62957HAQ83,-,105.05,United States,-,USD,2.59,7.68,1.0,"Aug 15, 2031",8.88,4.1,-,7.10,2.75,7.10,USD,"Jul 22, 2024","Jul 22, 2024",2026-05-15
UNITED RENTALS (NORTH AMERICA) INC,Capital Goods,Fixed Income,"7,910,629.27",0.05,"7,910,629.27","7,875,000.00",911365BM5,US911365BM59,-,98.54,United States,-,USD,1.42,4.9,1.0,"Nov 15, 2027",3.88,1.41,-,4.90,1.41,4.90,USD,"Nov 04, 2019","Nov 04, 2019",2026-05-15
AMERICAN BUILDERS & CONTRACTORS SU 144A,Capital Goods,Fixed Income,"7,901,605.66",0.05,"7,901,605.66","7,940,000.00",024747AF4,US024747AF43,BKML055,98.21,United States,-,USD,1.54,5.13,1.0,"Jan 15, 2028",4.0,1.57,-,5.13,1.57,5.13,USD,"Oct 31, 2019","Oct 31, 2019",2026-05-15
FREEDOM MORTGAGE CORP 144A,Finance Companies,Fixed Income,"7,898,770.00",0.05,"7,898,770.00","7,202,000.00",35640YAL1,US35640YAL11,-,108.25,United States,-,USD,0.38,9.88,1.0,"Oct 01, 2030",12.25,3.35,-,6.13,0.37,6.13,USD,"Sep 28, 2023","Sep 28, 2023",2026-05-15
MURPHY OIL CORPORATION,Energy,Fixed Income,"7,896,735.88",0.05,"7,896,735.88","7,703,000.00",626717AQ5,US626717AQ55,-,100.53,United States,-,USD,4.78,6.41,1.0,"Feb 15, 2034",6.5,5.91,-,6.36,3.96,6.36,USD,"Jan 23, 2026","Jan 23, 2026",2026-05-15
CLYDESDALE ACQUISITION HOLDINGS IN 144A,Capital Goods,Fixed Income,"7,894,145.49",0.05,"7,894,145.49","8,003,000.00",18972EAA3,US18972EAA38,-,98.12,United States,-,USD,2.23,7.35,1.0,"Apr 15, 2029",6.63,2.59,-,7.35,2.59,7.35,USD,"Apr 13, 2022","Apr 13, 2022",2026-05-15
FREEDOM MORTGAGE HOLDINGS LLC 144A,Finance Companies,Fixed Income,"7,880,053.04",0.05,"7,880,053.04","8,075,000.00",35641AAD0,US35641AAD00,-,96.67,United States,-,USD,4.62,8.52,1.0,"Apr 01, 2033",7.88,5.15,-,8.52,5.15,8.52,USD,"Aug 20, 2025","Aug 20, 2025",2026-05-15
RITHM CAPITAL CORP 144A,Reits,Fixed Income,"7,846,070.46",0.05,"7,846,070.46","7,760,000.00",64828TAC6,US64828TAC62,-,98.49,United States,-,USD,3.2,8.43,1.0,"Jul 15, 2030",8.0,3.39,-,8.43,3.39,8.43,USD,"Jun 20, 2025","Jun 20, 2025",2026-05-15
TRAVEL + LEISURE CO 144A,Consumer Cyclical,Fixed Income,"7,837,695.08",0.05,"7,837,695.08","7,865,000.00",894164AD4,US894164AD45,-,99.65,United States,-,USD,3.84,6.3,1.0,"Jun 01, 2031",6.25,4.28,-,6.30,4.28,6.30,USD,"May 20, 2026","May 20, 2026",2026-05-15
CHURCHILL DOWNS INCORPORATED 144A,Consumer Cyclical,Fixed Income,"7,832,187.34",0.05,"7,832,187.34","7,653,000.00",171484AJ7,US171484AJ78,-,102.12,United States,-,USD,2.17,6.25,1.0,"May 01, 2031",6.75,4.17,-,5.60,1.82,5.60,USD,"Apr 25, 2023","Apr 25, 2023",2026-05-15
FIRSTCASH INC 144A,Finance Companies,Fixed Income,"7,829,267.72",0.05,"7,829,267.72","7,706,000.00",31944TAA8,US31944TAA88,-,99.54,United States,-,USD,1.83,5.77,1.0,"Jan 01, 2030",5.63,3.18,-,5.77,3.18,5.77,USD,"Dec 13, 2021","Dec 13, 2021",2026-05-15
TEVA PHARMACEUTICAL FINANCE NETHER,Consumer Non-Cyclical,Fixed Income,"7,827,904.90",0.05,"7,827,904.90","6,870,000.00",88167AAR2,US88167AAR23,-,112.63,Israel,-,USD,4.22,5.37,1.0,"Sep 15, 2031",8.13,4.33,-,5.26,4.16,5.26,USD,"Mar 09, 2023","Mar 09, 2023",2026-05-15
CLYDESDALE ACQUISITION HOLDINGS IN 144A,Capital Goods,Fixed Income,"7,801,762.62",0.05,"7,801,762.62","7,811,000.00",18972EAC9,US18972EAC93,-,97.63,United States,-,USD,2.84,7.62,1.0,"Jan 15, 2030",6.88,3.11,-,7.62,3.11,7.62,USD,"Aug 01, 2024","Aug 01, 2024",2026-05-15
LITHIA MOTORS INC 144A,Consumer Cyclical,Fixed Income,"7,788,657.34",0.05,"7,788,657.34","8,098,000.00",536797AF0,US536797AF03,-,94.75,United States,-,USD,3.79,5.67,1.0,"Jan 15, 2031",4.38,4.09,-,5.67,4.09,5.67,USD,"Oct 09, 2020","Oct 09, 2020",2026-05-15
ENCORE CAPITAL GROUP INC 144A,Financial Other,Fixed Income,"7,783,650.42",0.05,"7,783,650.42","7,800,000.00",292554AT9,US292554AT91,-,99.79,United States,-,USD,4.16,6.63,1.0,"Jun 01, 2032",6.63,4.93,-,6.63,4.93,6.63,USD,"May 22, 2026","May 22, 2026",2026-05-15
GEN DIGITAL INC 144A,Technology,Fixed Income,"7,782,598.45",0.05,"7,782,598.45","7,616,000.00",668771AL2,US668771AL22,-,101.34,United States,-,USD,1.8,6.76,1.0,"Sep 30, 2030",7.13,3.69,-,6.09,1.29,6.09,USD,"Sep 19, 2022","Sep 19, 2022",2026-05-15
CSC HOLDINGS LLC 144A,Communications,Fixed Income,"7,761,481.96",0.05,"7,761,481.96","13,344,000.00",126307BB2,US126307BB25,BM9LYP0,56.31,United States,-,USD,3.84,18.84,1.0,"Dec 01, 2030",4.13,3.58,-,18.84,3.58,18.84,USD,"Jun 16, 2020","Jun 16, 2020",2026-05-15
CSC HOLDINGS LLC 144A,Communications,Fixed Income,"7,750,970.50",0.05,"7,750,970.50","11,380,000.00",126307AS6,US126307AS68,BF2BQ30,66.59,United States,-,USD,1.59,32.15,1.0,"Feb 01, 2028",5.38,1.39,-,32.15,1.39,32.15,USD,"Jan 29, 2018","Jan 29, 2018",2026-05-15
HILTON DOMESTIC OPERATING COMPANY 144A,Consumer Cyclical,Fixed Income,"7,748,476.89",0.05,"7,748,476.89","7,620,000.00",432833AP6,US432833AP66,BS2FMH9,101.0,United States,-,USD,1.97,5.49,1.0,"Apr 01, 2029",5.88,2.61,-,5.31,1.75,5.31,USD,"Mar 26, 2024","Mar 26, 2024",2026-05-15
NEWELL BRANDS INC,Consumer Non-Cyclical,Fixed Income,"7,720,213.50",0.05,"7,720,213.50","7,630,000.00",651229BD7,US651229BD74,-,100.11,United States,-,USD,2.89,6.58,1.0,"Sep 15, 2029",6.63,2.92,-,6.58,2.92,6.58,USD,"Sep 14, 2022","Sep 14, 2022",2026-05-15
MINERAL RESOURCES LTD 144A,Basic Industry,Fixed Income,"7,718,122.03",0.05,"7,718,122.03","7,746,000.00",603051AG8,US603051AG84,-,99.41,Australia,-,USD,4.35,6.12,1.0,"May 01, 2032",6.0,4.94,-,6.12,4.94,6.12,USD,"Apr 29, 2026","Apr 29, 2026",2026-05-15
PENNYMAC FINANCIAL SERVICES INC 144A,Finance Companies,Fixed Income,"7,715,930.50",0.05,"7,715,930.50","8,061,000.00",70932MAC1,US70932MAC10,-,94.79,United States,-,USD,4.17,6.93,1.0,"Sep 15, 2031",5.75,4.45,-,6.93,4.45,6.93,USD,"Sep 16, 2021","Sep 16, 2021",2026-05-15
MATCH GROUP HOLDINGS II LLC 144A,Consumer Cyclical,Fixed Income,"7,713,853.14",0.05,"7,713,853.14","7,672,000.00",57665RAN6,US57665RAN61,-,98.46,United States,-,USD,1.71,5.43,1.0,"Jun 01, 2028",4.63,1.89,-,5.43,1.89,5.43,USD,"May 19, 2020","May 19, 2020",2026-05-15
FORTESCUE TREASURY PTY LTD 144A,Basic Industry,Fixed Income,"7,676,740.79",0.05,"7,676,740.79","7,668,000.00",30251GBA4,US30251GBA40,BK5GTT4,99.39,Australia,-,USD,1.24,4.97,1.0,"Sep 15, 2027",4.5,1.27,-,4.97,1.27,4.97,USD,"Sep 16, 2019","Sep 16, 2019",2026-05-15
FIBERCOP SPA 144A,Communications,Fixed Income,"7,672,171.43",0.05,"7,672,171.43","7,374,000.00",683879AH3,US683879AH36,BSMVY37,100.63,Italy,-,USD,7.56,7.64,1.0,"Jun 04, 2038",7.72,7.52,-,7.64,7.42,7.64,USD,"Jul 01, 2024","Jul 01, 2024",2026-05-15
GOODYEAR TIRE & RUBBER COMPANY (TH,Consumer Cyclical,Fixed Income,"7,668,431.35",0.05,"7,668,431.35","8,672,000.00",382550BR1,US382550BR12,-,86.71,United States,-,USD,4.36,8.47,1.0,"Jul 15, 2031",5.25,4.28,-,8.47,4.28,8.47,USD,"Jan 15, 2022","Apr 27, 2022",2026-05-15
DENTSPLY SIRONA INC,Consumer Non-Cyclical,Fixed Income,"7,665,805.46",0.05,"7,665,805.46","7,510,000.00",24906PAB5,US24906PAB58,-,100.65,United States,-,USD,3.43,8.4,1.0,"Sep 12, 2055",8.38,3.44,-,8.18,3.36,8.18,USD,"Jun 12, 2025","Jun 12, 2025",2026-05-15
ACRISURE LLC 144A,Insurance,Fixed Income,"7,658,302.68",0.05,"7,658,302.68","7,560,000.00",004961AA6,US004961AA64,-,98.83,United States,-,USD,4.24,6.99,1.0,"Jul 01, 2032",6.75,4.82,-,6.99,4.82,6.99,USD,"Jun 20, 2025","Jun 20, 2025",2026-05-15
ION PLATFORM FINANCE US INC 144A,Technology,Fixed Income,"7,658,424.45",0.05,"7,658,424.45","8,189,000.00",46206AAF9,US46206AAF93,-,90.2,United States,-,USD,2.69,12.81,1.0,"Aug 01, 2029",9.0,2.58,-,12.81,2.58,12.81,USD,"Aug 01, 2025","Oct 07, 2025",2026-05-15
STARWOOD PROPERTY TRUST INC 144A,Reits,Fixed Income,"7,640,627.99",0.05,"7,640,627.99","7,425,000.00",85571BBE4,US85571BBE48,-,102.4,United States,-,USD,3.62,5.87,1.0,"Oct 15, 2030",6.5,3.79,-,5.81,3.42,5.81,USD,"Apr 08, 2025","Apr 08, 2025",2026-05-15
CLEAN HARBORS INC 144A,Capital Goods,Fixed Income,"7,635,115.88",0.05,"7,635,115.88","7,377,000.00",184496AQ0,US184496AQ03,-,101.69,United States,-,USD,1.96,5.96,1.0,"Feb 01, 2031",6.38,3.96,-,5.32,1.58,5.32,USD,"Jan 24, 2023","Jan 24, 2023",2026-05-15
BAUSCH HEALTH COMPANIES INC 144A,Consumer Non-Cyclical,Fixed Income,"7,631,552.92",0.05,"7,631,552.92","10,189,000.00",071734AK3,US071734AK34,-,73.37,United States,-,USD,2.45,19.11,1.0,"Feb 15, 2029",6.25,2.27,-,19.11,2.27,19.11,USD,"May 26, 2020","May 26, 2020",2026-05-15
GFL ENVIRONMENTAL INC 144A,Capital Goods,Fixed Income,"7,631,832.36",0.05,"7,631,832.36","7,758,000.00",36168QAP9,US36168QAP90,-,97.3,Canada,-,USD,2.57,5.28,1.0,"Aug 15, 2029",4.38,2.96,-,5.28,2.96,5.28,USD,"Aug 10, 2021","Aug 10, 2021",2026-05-15
WILLIAMS SCOTSMAN INC 144A,Industrial Other,Fixed Income,"7,625,833.42",0.05,"7,625,833.42","7,244,000.00",96949VAM5,US96949VAM54,-,102.55,United States,-,USD,1.74,5.71,1.0,"Jun 15, 2029",6.63,2.7,-,5.32,1.89,5.32,USD,"Jun 28, 2024","Jun 28, 2024",2026-05-15
STANDARD BUILDING SOLUTIONS INC 144A,Capital Goods,Fixed Income,"7,608,196.46",0.05,"7,608,196.46","7,746,000.00",853192AA0,US853192AA08,-,97.27,United States,-,USD,5.3,6.32,1.0,"Mar 15, 2034",5.88,6.12,-,6.32,6.12,6.32,USD,"Dec 08, 2025","Dec 08, 2025",2026-05-15
STARWOOD PROPERTY TRUST INC 144A,Reits,Fixed Income,"7,598,962.01",0.05,"7,598,962.01","7,595,000.00",85571BBF1,US85571BBF13,-,99.64,United States,-,USD,2.17,5.41,1.0,"Oct 15, 2028",5.25,2.24,-,5.41,2.24,5.41,USD,"Oct 06, 2025","Oct 06, 2025",2026-05-15
HILCORP ENERGY I LP 144A,Energy,Fixed Income,"7,587,014.25",0.04,"7,587,014.25","7,461,000.00",431318AU8,US431318AU81,-,100.06,United States,-,USD,1.39,5.72,1.0,"Feb 01, 2029",5.75,2.44,-,5.65,0.68,5.65,USD,"Jan 22, 2021","Jan 22, 2021",2026-05-15
SIX FLAGS ENTERTAINMENT CORP,Consumer Cyclical,Fixed Income,"7,584,760.58",0.04,"7,584,760.58","7,744,000.00",150190AE6,US150190AE64,BL9Y7L9,96.22,United States,-,USD,2.67,6.59,1.0,"Jul 15, 2029",5.25,2.82,-,6.59,2.82,6.59,USD,"Jan 15, 2020","Jul 06, 2020",2026-05-15
MINERAL RESOURCES LTD 144A,Basic Industry,Fixed Income,"7,548,205.04",0.04,"7,548,205.04","7,611,000.00",603051AH6,US603051AH67,-,98.93,Australia,-,USD,5.21,6.42,1.0,"May 01, 2034",6.25,6.17,-,6.42,6.17,6.42,USD,"Apr 29, 2026","Apr 29, 2026",2026-05-15
GGAM FINANCE LIMITED 144A,Finance Companies,Fixed Income,"7,541,443.85",0.04,"7,541,443.85","7,025,000.00",36170JAA4,US36170JAA43,-,104.06,Ireland,-,USD,1.47,5.9,1.0,"Jun 15, 2028",8.0,1.85,-,5.30,1.44,5.30,USD,"Jun 08, 2023","Jun 08, 2023",2026-05-15
HILCORP ENERGY I LP 144A,Energy,Fixed Income,"7,532,679.87",0.04,"7,532,679.87","7,535,000.00",431318AY0,US431318AY04,-,99.5,United States,-,USD,2.55,6.14,1.0,"Apr 15, 2030",6.0,3.43,-,6.14,3.43,6.14,USD,"Apr 08, 2022","Apr 08, 2022",2026-05-15
BLUE RACER MIDSTREAM LLC 144A,Energy,Fixed Income,"7,517,778.74",0.04,"7,517,778.74","7,071,000.00",095796AK4,US095796AK46,-,103.94,United States,-,USD,2.74,6.46,1.0,"Jul 15, 2032",7.25,4.84,-,5.87,2.75,5.87,USD,"May 28, 2024","May 28, 2024",2026-05-15
NCL FINANCE LTD 144A,Consumer Cyclical,Fixed Income,"7,514,799.26",0.04,"7,514,799.26","7,356,000.00",62888HAA7,US62888HAA77,-,101.17,United States,-,USD,1.72,5.44,1.0,"Mar 15, 2028",6.13,1.71,-,5.44,1.71,5.44,USD,"Mar 03, 2021","Mar 03, 2021",2026-05-15
MATTAMY GROUP CORP 144A,Consumer Cyclical,Fixed Income,"7,504,393.43",0.04,"7,504,393.43","7,717,000.00",57701RAQ5,US57701RAQ56,-,94.81,Canada,-,USD,5.28,6.89,1.0,"Dec 15, 2033",6.0,5.81,-,6.89,5.81,6.89,USD,"Dec 17, 2025","Dec 17, 2025",2026-05-15
LAMB WESTON HOLDINGS INC 144A,Consumer Non-Cyclical,Fixed Income,"7,502,047.42",0.04,"7,502,047.42","7,914,000.00",513272AE4,US513272AE49,-,93.54,United States,-,USD,4.59,5.71,1.0,"Jan 31, 2032",4.38,4.89,-,5.71,4.89,5.71,USD,"Nov 08, 2021","Nov 08, 2021",2026-05-15
RAKUTEN GROUP INC 144A,Consumer Cyclical,Fixed Income,"7,499,806.65",0.04,"7,499,806.65","7,086,000.00",75102WAM0,US75102WAM01,-,102.5,Japan,-,USD,2.92,8.31,1.0,"Dec 31, 2079",8.13,2.83,-,7.32,2.98,7.32,USD,"Dec 13, 2024","Dec 13, 2024",2026-05-15
SUNOCO LP 144A,Energy,Fixed Income,"7,494,935.61",0.04,"7,494,935.61","7,498,000.00",86765KAM1,US86765KAM18,-,99.0,United States,-,USD,3.86,5.6,1.0,"Jul 15, 2031",5.38,4.41,-,5.60,4.41,5.60,USD,"Mar 09, 2026","Mar 09, 2026",2026-05-15
W R GRACE HOLDINGS LLC 144A,Basic Industry,Fixed Income,"7,493,583.30",0.04,"7,493,583.30","7,348,000.00",92943GAH4,US92943GAH48,-,99.96,United States,-,USD,4.66,7.0,1.0,"Aug 01, 2033",7.0,5.48,-,7.00,5.48,7.00,USD,"Jan 29, 2026","Jan 29, 2026",2026-05-15
GLOBAL AUTO HOLDINGS PLC 144A,Consumer Cyclical,Fixed Income,"7,485,381.65",0.04,"7,485,381.65","7,799,000.00",00033GAB1,US00033GAB14,-,93.11,United Kingdom,-,USD,4.08,10.38,1.0,"Jan 15, 2032",8.75,4.19,-,10.38,4.19,10.38,USD,"Jan 22, 2024","Jan 22, 2024",2026-05-15
MACYS RETAIL HOLDINGS LLC 144A,Consumer Cyclical,Fixed Income,"7,483,705.64",0.04,"7,483,705.64","7,085,000.00",55617LAS1,US55617LAS16,-,103.54,United States,-,USD,3.91,6.75,1.0,"Aug 01, 2033",7.38,5.46,-,6.40,3.52,6.40,USD,"Jul 29, 2025","Jul 29, 2025",2026-05-15
RHP HOTEL PROPERTIES LP 144A,Reits,Fixed Income,"7,483,890.90",0.04,"7,483,890.90","7,542,000.00",749571AG0,US749571AG03,-,98.13,United States,-,USD,2.16,5.24,1.0,"Feb 15, 2029",4.5,2.53,-,5.24,2.53,5.24,USD,"Feb 17, 2021","Feb 17, 2021",2026-05-15
MADISON IAQ LLC 144A,Capital Goods,Fixed Income,"7,473,770.56",0.04,"7,473,770.56","7,458,000.00",55760LAA5,US55760LAA52,BM9PWZ8,98.69,United States,-,USD,1.7,4.78,1.0,"Jun 30, 2028",4.13,1.98,-,4.78,1.98,4.78,USD,"Jun 21, 2021","Jun 21, 2021",2026-05-15
AVIS BUDGET CAR RENTAL LLC 144A,Transportation,Fixed Income,"7,470,604.39",0.04,"7,470,604.39","7,585,000.00",053773BG1,US053773BG13,-,97.94,United States,-,USD,1.72,5.92,1.0,"Apr 01, 2028",4.75,1.76,-,5.92,1.76,5.92,USD,"Mar 23, 2021","Mar 23, 2021",2026-05-15
LIGHT AND WONDER INTERNATIONAL INC 144A,Consumer Cyclical,Fixed Income,"7,447,253.35",0.04,"7,447,253.35","7,030,000.00",531968AA3,US531968AA36,-,104.44,United States,-,USD,0.77,6.49,1.0,"Sep 01, 2031",7.5,4.29,-,4.92,0.29,4.92,USD,"Aug 23, 2023","Aug 23, 2023",2026-05-15
DIVERSIFIED HEALTHCARE TRUST,Reits,Fixed Income,"7,442,248.25",0.04,"7,442,248.25","7,565,000.00",81721MAM1,US81721MAM10,BFMGS84,97.22,United States,-,USD,1.65,6.45,1.0,"Feb 15, 2028",4.75,1.63,-,6.45,1.63,6.45,USD,"Feb 12, 2018","Feb 12, 2018",2026-05-15
BAUSCH HEALTH COMPANIES INC 144A,Consumer Non-Cyclical,Fixed Income,"7,440,140.38",0.04,"7,440,140.38","11,324,000.00",071734AJ6,US071734AJ60,BKPNQC7,64.2,United States,-,USD,3.2,19.14,1.0,"Jan 30, 2030",5.25,2.98,-,19.14,2.98,19.14,USD,"Dec 30, 2019","Dec 30, 2019",2026-05-15
CHARLES RIVER LABORATORIES INTERNA 144A,Consumer Non-Cyclical,Fixed Income,"7,433,746.82",0.04,"7,433,746.82","7,568,000.00",159864AE7,US159864AE78,BK59DC4,98.08,United States,-,USD,1.76,5.29,1.0,"May 01, 2028",4.25,1.86,-,5.29,1.86,5.29,USD,"Oct 23, 2019","Oct 23, 2019",2026-05-15
CQP HOLDCO LP 144A,Energy,Fixed Income,"7,428,251.03",0.04,"7,428,251.03","6,806,000.00",12657NAB6,US12657NAB64,BNDQW43,106.06,United States,-,USD,3.79,6.48,1.0,"Dec 15, 2033",7.5,5.63,-,6.20,4.43,6.20,USD,"Dec 14, 2023","Dec 15, 2023",2026-05-15
NAVIENT CORP,Finance Companies,Fixed Income,"7,426,436.15",0.04,"7,426,436.15","6,863,000.00",63938CAP3,US63938CAP32,-,106.36,United States,-,USD,2.13,9.81,1.0,"Mar 15, 2031",11.5,3.64,-,8.91,2.37,8.91,USD,"Nov 03, 2023","Nov 03, 2023",2026-05-15
GOODYEAR TIRE & RUBBER COMPANY (TH,Consumer Cyclical,Fixed Income,"7,419,080.59",0.04,"7,419,080.59","7,519,000.00",382550BS9,US382550BS94,-,96.5,United States,-,USD,3.37,7.62,1.0,"Jul 15, 2030",6.63,3.49,-,7.62,3.49,7.62,USD,"Jun 03, 2025","Jun 03, 2025",2026-05-15
CHOBANI LLC 144A,Consumer Non-Cyclical,Fixed Income,"7,416,080.60",0.04,"7,416,080.60","6,994,000.00",17027NAC6,US17027NAC65,-,103.24,United States,-,USD,1.01,6.46,1.0,"Jul 01, 2029",7.63,2.69,-,5.34,0.6,5.34,USD,"Jan 24, 2024","Jan 24, 2024",2026-05-15
LAMB WESTON HOLDINGS INC 144A,Consumer Non-Cyclical,Fixed Income,"7,414,565.42",0.04,"7,414,565.42","7,279,000.00",513272AC8,US513272AC82,BLB4P57,99.45,United States,-,USD,1.68,5.17,1.0,"May 15, 2028",4.88,1.84,-,5.17,1.84,5.17,USD,"May 12, 2020","May 12, 2020",2026-05-15
FIBERCOP SPA 144A,Communications,Fixed Income,"7,405,008.61",0.04,"7,405,008.61","7,171,000.00",683879AB6,US683879AB65,BSMVWT9,100.11,Italy,-,USD,5.71,6.36,1.0,"Nov 15, 2033",6.38,5.71,-,6.36,5.71,6.36,USD,"Jul 01, 2024","Jul 01, 2024",2026-05-15
CENTURY COMMUNITIES INC 144A,Consumer Cyclical,Fixed Income,"7,388,496.63",0.04,"7,388,496.63","7,750,000.00",156504AM4,US156504AM47,-,94.39,United States,-,USD,2.97,5.79,1.0,"Aug 15, 2029",3.88,2.97,-,5.79,2.97,5.79,USD,"Aug 23, 2021","Aug 23, 2021",2026-05-15
ICAHN ENTERPRISES LP,Financial Other,Fixed Income,"7,384,877.59",0.04,"7,384,877.59","8,431,000.00",451102CC9,US451102CC97,-,86.35,United States,-,USD,2.5,10.25,1.0,"Feb 01, 2029",4.38,2.42,-,10.25,2.42,10.25,USD,"Jan 19, 2021","Jul 02, 2021",2026-05-15
NAVIENT CORP,Finance Companies,Fixed Income,"7,385,394.64",0.04,"7,385,394.64","7,017,000.00",63938CAN8,US63938CAN83,-,102.44,United States,-,USD,3.11,8.66,1.0,"Jul 25, 2030",9.38,3.34,-,8.54,2.83,8.54,USD,"May 04, 2023","May 04, 2023",2026-05-15
WILLIAMS SCOTSMAN INC 144A,Industrial Other,Fixed Income,"7,373,495.77",0.04,"7,373,495.77","7,137,000.00",96949VAN3,US96949VAN38,-,102.8,United States,-,USD,2.4,5.82,1.0,"Apr 15, 2030",6.63,3.41,-,5.55,2.56,5.55,USD,"Mar 26, 2025","Mar 26, 2025",2026-05-15
HUDSON PACIFIC PROPERTIES LP,Reits,Fixed Income,"7,365,180.11",0.04,"7,365,180.11","7,763,000.00",44409MAB2,US44409MAB28,-,94.33,United States,-,USD,2.65,6.85,1.0,"Apr 01, 2029",4.65,2.62,-,6.85,2.62,6.85,USD,"Feb 27, 2019","Feb 27, 2019",2026-05-15
GOEASY LTD 144A,Finance Companies,Fixed Income,"7,364,087.08",0.04,"7,364,087.08","7,822,000.00",380355AJ6,US380355AJ63,-,91.35,Canada,-,USD,2.7,10.95,1.0,"Jul 01, 2029",7.63,2.61,-,10.95,2.61,10.95,USD,"Feb 23, 2024","Feb 23, 2024",2026-05-15
LAMAR MEDIA CORP,Communications,Fixed Income,"7,361,544.78",0.04,"7,361,544.78","7,556,000.00",513075BT7,US513075BT73,BNG4385,95.78,United States,-,USD,3.13,5.25,1.0,"Feb 15, 2030",4.0,3.37,-,5.25,3.37,5.25,USD,"Jun 15, 2020","Oct 15, 2020",2026-05-15
