Name,Sector,Asset Class,Market Value,Weight (%),Notional Value,Par Value,CUSIP,ISIN,SEDOL,Price,Location,Exchange,Currency,Duration,YTM (%),FX Rate,Maturity,Coupon (%),Mod. Duration,Yield to Call (%),Yield to Worst (%),Real Duration,Real YTM (%),Market Currency,Accrual Date,Effective Date,date_of_pull
BLK CSH FND TREASURY SL AGENCY,Cash and/or Derivatives,Money Market,"309,070,000.23",1.06,"309,070,000.23","309,070,000.00",066922477,US0669224778,6922477,1.0,United States,-,USD,0.1,3.48,1.0,-,3.64,0.12,-,3.48,0.12,3.48,USD,-,"Feb 04, 2009",2026-05-14
ANHEUSER-BUSCH COMPANIES LLC,Consumer Non-Cyclical,Fixed Income,"62,300,136.15",0.21,"62,300,136.15","67,651,000.00",03522AAJ9,US03522AAJ97,BJXS2M9,90.72,Belgium,-,USD,11.73,5.69,1.0,"Feb 01, 2046",4.9,11.96,-,5.69,11.96,5.69,USD,"Feb 01, 2019","May 13, 2019",2026-05-14
AMAZON.COM INC,Consumer Cyclical,Fixed Income,"50,220,857.03",0.17,"50,220,857.03","50,708,000.00",023135DF0,US023135DF00,-,98.24,United States,-,USD,7.61,5.1,1.0,"Mar 13, 2036",4.88,7.65,-,5.1,7.65,5.1,USD,"Mar 13, 2026","Mar 13, 2026",2026-05-14
CVS HEALTH CORP,Consumer Non-Cyclical,Fixed Income,"49,596,553.16",0.17,"49,596,553.16","56,759,000.00",126650CZ1,US126650CZ11,BF4JKH4,86.72,United States,-,USD,12.1,6.16,1.0,"Mar 25, 2048",5.05,12.35,-,6.16,12.35,6.16,USD,"Mar 09, 2018","Mar 09, 2018",2026-05-14
T-MOBILE USA INC,Communications,Fixed Income,"48,648,672.63",0.17,"48,648,672.63","49,950,000.00",87264ABF1,US87264ABF12,BN0ZLW4,97.1,United States,-,USD,3.54,4.69,1.0,"Apr 15, 2030",3.88,3.58,-,4.69,3.58,4.69,USD,"Apr 15, 2021","May 21, 2021",2026-05-14
META PLATFORMS INC,Communications,Fixed Income,"46,422,734.54",0.16,"46,422,734.54","46,573,000.00",30303MAD4,US30303MAD48,BSLN7J1,97.12,United States,-,USD,7.28,5.26,1.0,"Nov 15, 2035",4.88,7.3,-,5.26,7.3,5.26,USD,"Nov 03, 2025","Nov 03, 2025",2026-05-14
GOLDMAN SACHS GROUP INC/THE,Banking,Fixed Income,"44,711,619.74",0.15,"44,711,619.74","40,779,000.00",38141GFD1,US38141GFD16,B283338,108.87,United States,-,USD,8.01,5.68,1.0,"Oct 01, 2037",6.75,7.99,-,5.68,7.99,5.68,USD,"Oct 03, 2007","Oct 03, 2007",2026-05-14
META PLATFORMS INC,Communications,Fixed Income,"44,603,163.52",0.15,"44,603,163.52","47,686,000.00",30303MAE2,US30303MAE21,-,90.58,United States,-,USD,12.85,6.33,1.0,"Nov 15, 2055",5.63,13.15,-,6.33,13.15,6.33,USD,"Nov 03, 2025","Nov 03, 2025",2026-05-14
PFIZER INVESTMENT ENTERPRISES PTE,Consumer Non-Cyclical,Fixed Income,"43,058,695.14",0.15,"43,058,695.14","45,129,000.00",716973AG7,US716973AG71,BQ66T84,92.87,United States,-,USD,13.1,5.83,1.0,"May 19, 2053",5.3,13.42,-,5.83,13.42,5.83,USD,"May 19, 2023","May 19, 2023",2026-05-14
BOEING CO,Capital Goods,Fixed Income,"39,761,003.64",0.14,"39,761,003.64","40,597,000.00",097023CW3,US097023CW33,BM8R6R5,97.76,United States,-,USD,12.41,5.98,1.0,"May 01, 2050",5.8,12.7,-,5.98,12.7,5.98,USD,"May 04, 2020","May 04, 2020",2026-05-14
BANK OF AMERICA CORP MTN,Banking,Fixed Income,"39,593,590.25",0.14,"39,593,590.25","38,169,000.00",06051GMA4,US06051GMA49,BRBCSG5,102.08,United States,-,USD,6.04,5.15,1.0,"Jan 23, 2035",5.47,6.14,-,5.14,6.14,5.14,USD,"Jan 23, 2024","Jan 23, 2024",2026-05-14
AMAZON.COM INC,Consumer Cyclical,Fixed Income,"38,923,523.75",0.13,"38,923,523.75","39,162,000.00",023135DH6,US023135DH65,-,98.44,United States,-,USD,13.52,5.91,1.0,"Mar 13, 2056",5.8,13.86,-,5.91,13.86,5.91,USD,"Mar 13, 2026","Mar 13, 2026",2026-05-14
ANHEUSER-BUSCH COMPANIES LLC,Consumer Non-Cyclical,Fixed Income,"38,043,863.40",0.13,"38,043,863.40","38,579,000.00",03522AAH3,US03522AAH32,BK5XW52,97.29,Belgium,-,USD,7.51,5.05,1.0,"Feb 01, 2036",4.7,7.59,-,5.05,7.59,5.05,USD,"Feb 01, 2019","May 13, 2019",2026-05-14
CVS HEALTH CORP,Consumer Non-Cyclical,Fixed Income,"37,932,810.97",0.13,"37,932,810.97","40,524,000.00",126650CY4,US126650CY46,BF4JK96,92.98,United States,-,USD,8.71,5.6,1.0,"Mar 25, 2038",4.78,8.77,-,5.6,8.77,5.6,USD,"Mar 09, 2018","Mar 09, 2018",2026-05-14
AT&T INC,Communications,Fixed Income,"37,005,469.18",0.13,"37,005,469.18","56,423,000.00",00206RKJ0,US00206RKJ04,BNTFQF3,65.03,United States,-,USD,14.42,6.16,1.0,"Sep 15, 2053",3.5,14.71,-,6.16,14.71,6.16,USD,"Mar 15, 2021","Sep 03, 2021",2026-05-14
ORACLE CORPORATION,Technology,Fixed Income,"36,985,769.65",0.13,"36,985,769.65","38,673,000.00",68389XEB7,US68389XEB73,-,93.81,United States,-,USD,11.85,7.21,1.0,"Feb 04, 2056",6.7,12.1,-,7.21,12.1,7.21,USD,"Feb 04, 2026","Feb 04, 2026",2026-05-14
AT&T INC,Communications,Fixed Income,"36,630,640.33",0.13,"36,630,640.33","56,243,000.00",00206RLJ9,US00206RLJ94,BNSLTY2,64.57,United States,-,USD,14.69,6.18,1.0,"Sep 15, 2055",3.55,15.0,-,6.18,15.0,6.18,USD,"Mar 15, 2021","Sep 03, 2021",2026-05-14
BANK OF AMERICA CORP MTN,Banking,Fixed Income,"36,560,487.48",0.12,"36,560,487.48","36,696,000.00",060505GR9,US060505GR98,-,98.29,United States,-,USD,7.34,5.24,1.0,"Feb 06, 2037",5.04,7.49,-,5.24,7.49,5.24,USD,"Feb 06, 2026","Feb 06, 2026",2026-05-14
BANK OF AMERICA CORP MTN,Banking,Fixed Income,"36,535,451.83",0.12,"36,535,451.83","35,860,000.00",06051GKY4,US06051GKY43,BPNYGN8,100.35,United States,-,USD,5.13,5.05,1.0,"Jul 22, 2033",5.01,5.19,-,4.95,5.19,4.95,USD,"Jul 22, 2022","Jul 22, 2022",2026-05-14
AMAZON.COM INC,Consumer Cyclical,Fixed Income,"36,530,062.60",0.12,"36,530,062.60","36,748,000.00",023135DD5,US023135DD51,-,98.71,United States,-,USD,4.28,4.55,1.0,"Mar 13, 2031",4.25,4.29,-,4.55,4.29,4.55,USD,"Mar 13, 2026","Mar 13, 2026",2026-05-14
BANK OF AMERICA CORP MTN,Banking,Fixed Income,"35,876,981.91",0.12,"35,876,981.91","35,280,000.00",06051GLH0,US06051GLH01,BMDLR57,101.44,United States,-,USD,5.68,5.09,1.0,"Apr 25, 2034",5.29,5.76,-,5.04,5.76,5.04,USD,"Apr 25, 2023","Apr 25, 2023",2026-05-14
ORACLE CORPORATION,Technology,Fixed Income,"35,481,281.67",0.12,"35,481,281.67","36,105,000.00",68389XDZ5,US68389XDZ50,-,96.72,United States,-,USD,7.23,6.15,1.0,"Feb 04, 2036",5.7,7.22,-,6.15,7.22,6.15,USD,"Feb 04, 2026","Feb 04, 2026",2026-05-14
WELLS FARGO & COMPANY MTN,Banking,Fixed Income,"35,461,277.84",0.12,"35,461,277.84","39,741,000.00",95000U2M4,US95000U2M49,BMFVFL7,88.7,United States,-,USD,12.05,5.95,1.0,"Apr 04, 2051",5.01,13.13,-,5.9,13.09,5.9,USD,"Mar 30, 2020","Mar 30, 2020",2026-05-14
GOLDMAN SACHS GROUP INC/THE,Banking,Fixed Income,"35,445,317.90",0.12,"35,445,317.90","35,738,000.00",38145GAS9,US38145GAS93,-,97.62,United States,-,USD,7.26,5.35,1.0,"Jan 21, 2037",5.07,7.43,-,5.35,7.43,5.35,USD,"Jan 21, 2026","Jan 21, 2026",2026-05-14
JPMORGAN CHASE & CO,Banking,Fixed Income,"35,285,226.37",0.12,"35,285,226.37","33,855,000.00",46647PDR4,US46647PDR47,BRBH8L5,101.83,United States,-,USD,5.63,5.09,1.0,"Jun 01, 2034",5.35,5.7,-,5.04,5.7,5.04,USD,"Jun 01, 2023","Jun 01, 2023",2026-05-14
PFIZER INVESTMENT ENTERPRISES PTE,Consumer Non-Cyclical,Fixed Income,"35,198,579.01",0.12,"35,198,579.01","34,645,000.00",716973AE2,US716973AE24,BQ66T62,99.31,United States,-,USD,5.72,4.87,1.0,"May 19, 2033",4.75,5.77,-,4.87,5.77,4.87,USD,"May 19, 2023","May 19, 2023",2026-05-14
ABBVIE INC,Consumer Non-Cyclical,Fixed Income,"34,806,988.93",0.12,"34,806,988.93","35,703,000.00",00287YBX6,US00287YBX67,BMCF8B3,95.97,United States,-,USD,3.21,4.45,1.0,"Nov 21, 2029",3.2,3.23,-,4.45,3.23,4.45,USD,"May 21, 2020","Nov 17, 2020",2026-05-14
WELLS FARGO & COMPANY (FXD-FRN) MTN,Banking,Fixed Income,"34,412,300.25",0.12,"34,412,300.25","34,790,000.00",95000U4E0,US95000U4E05,-,97.41,United States,-,USD,7.32,5.24,1.0,"Jan 23, 2037",4.96,7.47,-,5.24,7.47,5.24,USD,"Jan 23, 2026","Jan 23, 2026",2026-05-14
AMGEN INC,Consumer Non-Cyclical,Fixed Income,"33,170,358.65",0.11,"33,170,358.65","32,167,000.00",031162DR8,US031162DR88,BMTY608,102.1,United States,-,USD,5.56,4.88,1.0,"Mar 02, 2033",5.25,5.63,-,4.87,5.45,4.87,USD,"Mar 02, 2023","Mar 02, 2023",2026-05-14
GOLDMAN SACHS GROUP INC/THE,Banking,Fixed Income,"32,915,129.67",0.11,"32,915,129.67","36,910,000.00",38141GYJ7,US38141GYJ74,BNW0354,88.44,United States,-,USD,4.7,4.92,1.0,"Jul 21, 2032",2.38,4.73,-,4.92,4.74,4.92,USD,"Jul 21, 2021","Jul 21, 2021",2026-05-14
ABBVIE INC,Consumer Non-Cyclical,Fixed Income,"32,769,683.86",0.11,"32,769,683.86","39,461,000.00",00287YCB3,US00287YCB39,BJDRSH3,81.02,United States,-,USD,13.07,5.73,1.0,"Nov 21, 2049",4.25,13.35,-,5.73,13.35,5.73,USD,"May 21, 2020","Nov 17, 2020",2026-05-14
BANK OF AMERICA CORP MTN,Banking,Fixed Income,"32,202,551.66",0.11,"32,202,551.66","40,904,000.00",06051GJA8,US06051GJA85,BLD6SH4,78.14,United States,-,USD,12.63,5.81,1.0,"Mar 20, 2051",4.08,13.78,-,5.78,13.75,5.78,USD,"Mar 20, 2020","Mar 20, 2020",2026-05-14
BANK OF AMERICA CORP MTN,Banking,Fixed Income,"32,029,813.59",0.11,"32,029,813.59","35,271,000.00",06051GJT7,US06051GJT76,BN2R5L5,90.66,United States,-,USD,4.51,4.85,1.0,"Apr 22, 2032",2.69,4.53,-,4.83,4.53,4.83,USD,"Apr 22, 2021","Apr 22, 2021",2026-05-14
BOEING CO,Capital Goods,Fixed Income,"31,507,599.54",0.11,"31,507,599.54","31,019,000.00",097023CY9,US097023CY98,-,101.42,United States,-,USD,3.46,4.75,1.0,"May 01, 2030",5.15,3.55,-,4.73,3.35,4.73,USD,"May 04, 2020","May 04, 2020",2026-05-14
SALESFORCE INC,Technology,Fixed Income,"31,404,900.65",0.11,"31,404,900.65","31,255,000.00",79466LAU8,US79466LAU89,-,99.57,United States,-,USD,7.41,5.62,1.0,"Mar 15, 2036",5.55,7.43,-,5.62,7.43,5.62,USD,"Mar 13, 2026","Mar 13, 2026",2026-05-14
MORGAN STANLEY MTN,Banking,Fixed Income,"31,362,709.84",0.11,"31,362,709.84","31,426,000.00",61747YGB5,US61747YGB56,-,99.03,United States,-,USD,4.21,4.93,1.0,"Mar 12, 2032",4.71,4.24,-,4.93,4.24,4.93,USD,"Mar 13, 2026","Mar 13, 2026",2026-05-14
WELLS FARGO & COMPANY MTN,Banking,Fixed Income,"31,342,323.09",0.11,"31,342,323.09","31,038,000.00",95000U3B7,US95000U3B74,BN101G2,99.52,United States,-,USD,5.14,5.08,1.0,"Jul 25, 2033",4.9,5.21,-,4.99,5.22,4.99,USD,"Jul 25, 2022","Jul 25, 2022",2026-05-14
META PLATFORMS INC,Communications,Fixed Income,"31,149,892.74",0.11,"31,149,892.74","32,712,000.00",30303M8X3,US30303M8X35,-,92.34,United States,-,USD,10.98,6.18,1.0,"Nov 15, 2045",5.5,11.17,-,6.18,11.17,6.18,USD,"Nov 03, 2025","Nov 03, 2025",2026-05-14
ORACLE CORPORATION,Technology,Fixed Income,"31,117,683.72",0.11,"31,117,683.72","31,334,000.00",68389XDX0,US68389XDX03,-,97.96,United States,-,USD,4.11,5.44,1.0,"Feb 04, 2031",4.95,4.1,-,5.44,4.1,5.44,USD,"Feb 04, 2026","Feb 04, 2026",2026-05-14
AT&T INC,Communications,Fixed Income,"30,875,937.52",0.11,"30,875,937.52","47,692,000.00",00206RLV2,US00206RLV23,BNYDH60,64.16,United States,-,USD,15.06,6.21,1.0,"Sep 15, 2059",3.65,15.41,-,6.21,15.41,6.21,USD,"Mar 15, 2021","Sep 03, 2021",2026-05-14
META PLATFORMS INC,Communications,Fixed Income,"30,751,999.63",0.11,"30,751,999.63","33,214,000.00",30303M8Y1,US30303M8Y18,-,89.57,United States,-,USD,13.6,6.49,1.0,"Nov 15, 2065",5.75,13.96,-,6.49,13.96,6.49,USD,"Nov 03, 2025","Nov 03, 2025",2026-05-14
GOLDMAN SACHS GROUP INC (FXD-FRN),Banking,Fixed Income,"30,561,279.89",0.1,"30,561,279.89","30,614,000.00",38145GAR1,US38145GAR11,-,98.44,United States,-,USD,4.1,4.85,1.0,"Jan 21, 2032",4.52,4.12,-,4.85,4.12,4.85,USD,"Jan 21, 2026","Jan 21, 2026",2026-05-14
BANK OF AMERICA CORP (FXD-FRN) MTN,Banking,Fixed Income,"30,298,003.87",0.1,"30,298,003.87","30,388,000.00",06051GNA3,US06051GNA30,-,99.46,United States,-,USD,4.34,4.8,1.0,"Apr 23, 2032",4.7,4.35,-,4.8,4.35,4.8,USD,"Apr 23, 2026","Apr 23, 2026",2026-05-14
AT&T INC,Communications,Fixed Income,"30,075,938.53",0.1,"30,075,938.53","43,887,000.00",00206RMN9,US00206RMN97,BNYDPS8,66.83,United States,-,USD,14.49,6.21,1.0,"Dec 01, 2057",3.8,14.81,-,6.21,14.81,6.21,USD,"Jun 01, 2021","Sep 03, 2021",2026-05-14
ABBVIE INC,Consumer Non-Cyclical,Fixed Income,"30,041,090.82",0.1,"30,041,090.82","33,620,000.00",00287YCA5,US00287YCA55,BJDRSG2,87.43,United States,-,USD,9.73,5.37,1.0,"Nov 21, 2039",4.05,9.81,-,5.37,9.81,5.37,USD,"May 21, 2020","Nov 17, 2020",2026-05-14
AMGEN INC,Consumer Non-Cyclical,Fixed Income,"29,875,923.45",0.1,"29,875,923.45","30,679,000.00",031162DT4,US031162DT45,BMTY5X4,96.28,United States,-,USD,13.01,5.93,1.0,"Mar 02, 2053",5.65,13.33,-,5.93,13.33,5.93,USD,"Mar 02, 2023","Mar 02, 2023",2026-05-14
ABBOTT LABORATORIES,Consumer Non-Cyclical,Fixed Income,"29,815,331.03",0.1,"29,815,331.03","30,554,000.00",002824BU3,US002824BU37,-,96.77,United States,-,USD,7.68,5.07,1.0,"Mar 15, 2036",4.65,7.71,-,5.07,7.71,5.07,USD,"Mar 09, 2026","Mar 09, 2026",2026-05-14
ALPHABET INC,Technology,Fixed Income,"29,746,161.95",0.1,"29,746,161.95","30,410,000.00",02079KBA4,US02079KBA43,-,95.0,United States,-,USD,13.46,5.81,1.0,"Nov 15, 2055",5.45,13.81,-,5.81,13.81,5.81,USD,"Nov 06, 2025","Nov 06, 2025",2026-05-14
WELLS FARGO & COMPANY MTN,Banking,Fixed Income,"29,727,796.88",0.1,"29,727,796.88","28,523,000.00",95000U3F8,US95000U3F88,BNFZXQ7,102.57,United States,-,USD,5.71,5.17,1.0,"Jul 25, 2034",5.56,5.81,-,5.12,5.81,5.12,USD,"Jul 25, 2023","Jul 25, 2023",2026-05-14
JPMORGAN CHASE & CO MTN,Banking,Fixed Income,"29,726,403.99",0.1,"29,726,403.99","29,896,000.00",46647PFM3,US46647PFM32,-,99.19,United States,-,USD,4.34,4.78,1.0,"Apr 23, 2032",4.62,4.36,-,4.78,4.36,4.78,USD,"Apr 23, 2026","Apr 23, 2026",2026-05-14
GOLDMAN SACHS GROUP INC/THE,Banking,Fixed Income,"29,628,112.30",0.1,"29,628,112.30","32,461,000.00",38141GZM9,US38141GZM94,BN95VC5,90.6,United States,-,USD,5.09,5.02,1.0,"Feb 24, 2033",3.1,5.14,-,5.01,5.14,5.01,USD,"Jan 24, 2022","Jan 24, 2022",2026-05-14
AMAZON.COM INC,Consumer Cyclical,Fixed Income,"29,484,182.76",0.1,"29,484,182.76","29,703,000.00",023135DE3,US023135DE35,-,98.52,United States,-,USD,5.73,4.81,1.0,"Mar 13, 2033",4.55,5.76,-,4.81,5.76,4.81,USD,"Mar 13, 2026","Mar 13, 2026",2026-05-14
JPMORGAN CHASE & CO,Banking,Fixed Income,"29,477,012.81",0.1,"29,477,012.81","29,030,000.00",46647PDH6,US46647PDH64,BN101H3,100.08,United States,-,USD,5.15,5.0,1.0,"Jul 25, 2033",4.91,5.22,-,4.9,5.22,4.9,USD,"Jul 25, 2022","Jul 25, 2022",2026-05-14
SALESFORCE INC,Technology,Fixed Income,"29,438,712.24",0.1,"29,438,712.24","29,336,000.00",79466LAS3,US79466LAS34,-,99.55,United States,-,USD,4.61,5.02,1.0,"Sep 15, 2031",4.9,4.61,-,5.02,4.61,5.02,USD,"Mar 13, 2026","Mar 13, 2026",2026-05-14
BANK OF AMERICA CORP MTN,Banking,Fixed Income,"29,357,974.27",0.1,"29,357,974.27","27,776,000.00",06051GLU1,US06051GLU12,BNNJDR2,104.77,United States,-,USD,5.82,5.12,1.0,"Sep 15, 2034",5.87,5.9,-,5.08,5.9,5.08,USD,"Sep 15, 2023","Sep 15, 2023",2026-05-14
MORGAN STANLEY MTN,Banking,Fixed Income,"29,277,901.22",0.1,"29,277,901.22","29,531,000.00",61748UAT9,US61748UAT97,-,97.73,United States,-,USD,7.28,5.34,1.0,"Jan 30, 2037",5.07,7.45,-,5.34,7.45,5.34,USD,"Feb 02, 2026","Feb 02, 2026",2026-05-14
VERIZON COMMUNICATIONS INC,Communications,Fixed Income,"29,209,632.25",0.1,"29,209,632.25","33,329,000.00",92343VGN8,US92343VGN82,BMV8VC5,87.27,United States,-,USD,5.32,4.89,1.0,"Mar 15, 2032",2.36,5.31,-,4.89,5.31,4.89,USD,"Mar 15, 2022","Apr 28, 2022",2026-05-14
DEUTSCHE TELEKOM INTERNATIONAL FIN,Communications,Fixed Income,"29,063,486.01",0.1,"29,063,486.01","24,656,000.00",25156PAC7,US25156PAC77,4081788,114.3,Germany,-,USD,3.4,4.85,1.0,"Jun 15, 2030",8.75,3.38,-,4.85,3.38,4.85,USD,"Jul 06, 2000","Jul 06, 2000",2026-05-14
MICROSOFT CORPORATION,Technology,Fixed Income,"28,931,743.01",0.1,"28,931,743.01","45,445,000.00",594918CE2,US594918CE21,BMFPJG2,63.22,United States,-,USD,15.22,5.64,1.0,"Mar 17, 2052",2.92,15.51,-,5.64,15.51,5.64,USD,"Mar 17, 2021","Mar 17, 2021",2026-05-14
META PLATFORMS INC,Communications,Fixed Income,"28,771,335.17",0.1,"28,771,335.17","28,581,000.00",30303MAC6,US30303MAC64,-,98.25,United States,-,USD,5.4,4.92,1.0,"Nov 15, 2032",4.6,5.42,-,4.92,5.42,4.92,USD,"Nov 03, 2025","Nov 03, 2025",2026-05-14
ALPHABET INC,Technology,Fixed Income,"28,659,124.03",0.1,"28,659,124.03","28,904,000.00",02079KBP1,US02079KBP12,-,97.76,United States,-,USD,13.61,5.81,1.0,"Feb 15, 2056",5.65,13.96,-,5.81,13.96,5.81,USD,"Feb 13, 2026","Feb 13, 2026",2026-05-14
ORACLE CORPORATION,Technology,Fixed Income,"28,439,213.27",0.1,"28,439,213.27","30,037,000.00",68389XDM4,US68389XDM48,-,94.02,United States,-,USD,7.21,6.04,1.0,"Sep 26, 2035",5.2,7.2,-,6.04,7.2,6.04,USD,"Sep 26, 2025","Sep 26, 2025",2026-05-14
ALPHABET INC,Technology,Fixed Income,"28,347,574.10",0.1,"28,347,574.10","28,282,000.00",02079KAY3,US02079KAY38,-,97.8,United States,-,USD,7.34,4.99,1.0,"Nov 15, 2035",4.7,7.38,-,4.99,7.38,4.99,USD,"Nov 06, 2025","Nov 06, 2025",2026-05-14
ANHEUSER-BUSCH INBEV WORLDWIDE INC,Consumer Non-Cyclical,Fixed Income,"28,339,856.49",0.1,"28,339,856.49","28,444,000.00",03523TBV9,US03523TBV98,BJ520Z8,97.95,Belgium,-,USD,12.21,5.71,1.0,"Jan 23, 2049",5.55,12.5,-,5.71,12.5,5.71,USD,"Jan 23, 2019","Jan 23, 2019",2026-05-14
GOLDMAN SACHS GROUP INC/THE,Banking,Fixed Income,"28,314,172.66",0.1,"28,314,172.66","28,321,000.00",38141GF25,US38141GF251,-,99.66,United States,-,USD,5.68,5.15,1.0,"Apr 20, 2034",5.09,5.76,-,5.15,5.76,5.15,USD,"Apr 20, 2026","Apr 20, 2026",2026-05-14
SALESFORCE INC,Technology,Fixed Income,"28,010,173.35",0.1,"28,010,173.35","27,932,000.00",79466LAW4,US79466LAW46,-,99.21,United States,-,USD,12.54,6.61,1.0,"Mar 15, 2056",6.55,12.84,-,6.61,12.84,6.61,USD,"Mar 13, 2026","Mar 13, 2026",2026-05-14
ABBOTT LABORATORIES,Consumer Non-Cyclical,Fixed Income,"27,867,537.65",0.1,"27,867,537.65","28,570,000.00",002824BW9,US002824BW92,-,96.58,United States,-,USD,13.82,5.74,1.0,"Mar 15, 2056",5.5,14.18,-,5.74,14.18,5.74,USD,"Mar 09, 2026","Mar 09, 2026",2026-05-14
META PLATFORMS INC,Communications,Fixed Income,"27,835,517.46",0.1,"27,835,517.46","27,656,000.00",30303MAB8,US30303MAB81,-,98.44,United States,-,USD,3.96,4.59,1.0,"Nov 15, 2030",4.2,3.97,-,4.59,3.97,4.59,USD,"Nov 03, 2025","Nov 03, 2025",2026-05-14
PFIZER INVESTMENT ENTERPRISES PTE,Consumer Non-Cyclical,Fixed Income,"27,573,815.70",0.09,"27,573,815.70","29,489,000.00",716973AH5,US716973AH54,BQ66TB7,90.94,United States,-,USD,14.36,5.95,1.0,"May 19, 2063",5.34,14.75,-,5.95,14.75,5.95,USD,"May 19, 2023","May 19, 2023",2026-05-14
META PLATFORMS INC,Communications,Fixed Income,"27,466,724.66",0.09,"27,466,724.66","27,590,000.00",30303MAF9,US30303MAF95,-,99.45,United States,-,USD,4.41,4.67,1.0,"May 15, 2031",4.55,4.43,-,4.67,4.43,4.67,USD,"May 04, 2026","May 04, 2026",2026-05-14
BANK OF AMERICA CORP MTN,Banking,Fixed Income,"27,443,556.80",0.09,"27,443,556.80","27,871,000.00",06051GKQ1,US06051GKQ19,BM92KT9,98.28,United States,-,USD,5.09,4.98,1.0,"Apr 27, 2033",4.57,5.14,-,4.91,5.14,4.91,USD,"Apr 27, 2022","Apr 27, 2022",2026-05-14
WELLS FARGO & COMPANY MTN,Banking,Fixed Income,"27,329,064.80",0.09,"27,329,064.80","26,842,000.00",95000U3D3,US95000U3D31,BJJRN16,101.54,United States,-,USD,5.65,5.18,1.0,"Apr 24, 2034",5.39,5.74,-,5.12,5.74,5.12,USD,"Apr 24, 2023","Apr 24, 2023",2026-05-14
JPMORGAN CHASE & CO,Banking,Fixed Income,"27,190,208.61",0.09,"27,190,208.61","29,759,000.00",46647PCU8,US46647PCU84,BLGSH92,90.49,United States,-,USD,5.06,4.89,1.0,"Jan 25, 2033",2.96,5.09,-,4.89,5.09,4.89,USD,"Jan 25, 2022","Jan 25, 2022",2026-05-14
MORGAN STANLEY MTN,Banking,Fixed Income,"27,185,509.09",0.09,"27,185,509.09","27,236,000.00",61748UAX0,US61748UAX00,-,99.45,United States,-,USD,7.41,5.37,1.0,"Apr 10, 2037",5.3,7.59,-,5.37,7.59,5.37,USD,"Apr 17, 2026","Apr 17, 2026",2026-05-14
WELLS FARGO & COMPANY MTN,Banking,Fixed Income,"26,994,277.64",0.09,"26,994,277.64","29,154,000.00",95000U2U6,US95000U2U64,BLD7GV7,91.94,United States,-,USD,5.08,4.99,1.0,"Mar 02, 2033",3.35,5.13,-,4.96,5.13,4.96,USD,"Mar 02, 2022","Mar 02, 2022",2026-05-14
BANK OF AMERICA CORP MTN,Banking,Fixed Income,"26,935,598.43",0.09,"26,935,598.43","36,948,000.00",06051GJE0,US06051GJE08,BMYXXT8,71.84,United States,-,USD,10.33,5.59,1.0,"Jun 19, 2041",2.68,10.86,-,5.59,10.86,5.59,USD,"Jun 19, 2020","Jun 19, 2020",2026-05-14
JPMORGAN CHASE & CO,Banking,Fixed Income,"26,826,256.36",0.09,"26,826,256.36","26,075,000.00",46647PEX0,US46647PEX06,-,102.57,United States,-,USD,6.86,5.22,1.0,"Apr 22, 2036",5.57,6.99,-,5.21,6.99,5.21,USD,"Apr 22, 2025","Apr 22, 2025",2026-05-14
JPMORGAN CHASE & CO,Banking,Fixed Income,"26,775,276.53",0.09,"26,775,276.53","25,986,000.00",46647PEC6,US46647PEC68,BQWR431,101.42,United States,-,USD,6.07,5.13,1.0,"Jan 23, 2035",5.34,6.17,-,5.11,6.17,5.11,USD,"Jan 23, 2024","Jan 23, 2024",2026-05-14
MORGAN STANLEY (FXD-FRN) MTN,Banking,Fixed Income,"26,739,408.19",0.09,"26,739,408.19","27,226,000.00",61748UAM4,US61748UAM45,-,97.97,United States,-,USD,3.96,4.85,1.0,"Oct 22, 2031",4.36,3.98,-,4.85,3.98,4.85,USD,"Oct 22, 2025","Oct 22, 2025",2026-05-14
ALPHABET INC,Technology,Fixed Income,"26,731,268.59",0.09,"26,731,268.59","26,877,000.00",02079KBM8,US02079KBM80,-,98.27,United States,-,USD,7.57,5.03,1.0,"Feb 15, 2036",4.8,7.6,-,5.03,7.6,5.03,USD,"Feb 13, 2026","Feb 13, 2026",2026-05-14
META PLATFORMS INC,Communications,Fixed Income,"26,671,378.23",0.09,"26,671,378.23","26,850,000.00",30303MAG7,US30303MAG78,-,99.23,United States,-,USD,5.84,5.01,1.0,"May 15, 2033",4.88,5.86,-,5.01,5.86,5.01,USD,"May 04, 2026","May 04, 2026",2026-05-14
BANK OF AMERICA CORP,Banking,Fixed Income,"26,644,540.14",0.09,"26,644,540.14","29,904,000.00",06051GKA6,US06051GKA66,BNZKS67,88.39,United States,-,USD,4.72,4.85,1.0,"Jul 21, 2032",2.3,4.75,-,4.85,4.75,4.85,USD,"Jul 21, 2021","Jul 21, 2021",2026-05-14
AT&T INC,Communications,Fixed Income,"26,525,442.96",0.09,"26,525,442.96","31,005,000.00",00206RMM1,US00206RMM15,-,84.41,United States,-,USD,6.6,5.06,1.0,"Dec 01, 2033",2.55,6.59,-,5.06,6.59,5.06,USD,"Jun 01, 2021","Sep 03, 2021",2026-05-14
APPLE INC,Technology,Fixed Income,"26,484,971.03",0.09,"26,484,971.03","29,274,000.00",037833BX7,US037833BX70,BYN2GF7,89.45,United States,-,USD,12.0,5.53,1.0,"Feb 23, 2046",4.65,12.24,-,5.53,12.24,5.53,USD,"Feb 23, 2016","Feb 23, 2016",2026-05-14
HSBC HOLDINGS PLC,Banking,Fixed Income,"26,477,455.17",0.09,"26,477,455.17","26,574,000.00",404280FM6,US404280FM61,-,98.73,United Kingdom,-,USD,7.3,5.46,1.0,"Mar 10, 2037",5.28,7.5,-,5.46,7.5,5.46,USD,"Mar 10, 2026","Mar 10, 2026",2026-05-14
AERCAP IRELAND CAPITAL DAC,Finance Companies,Fixed Income,"26,398,625.04",0.09,"26,398,625.04","28,608,000.00",00774MAX3,US00774MAX39,BNVW1V3,91.34,Ireland,-,USD,5.05,5.08,1.0,"Jan 30, 2032",3.3,5.05,-,5.08,5.05,5.08,USD,"Oct 29, 2021","Oct 29, 2021",2026-05-14
MICROSOFT CORPORATION,Technology,Fixed Income,"26,190,162.35",0.09,"26,190,162.35","43,403,000.00",594918CC6,US594918CC64,BM9DJ73,59.21,United States,-,USD,15.05,5.65,1.0,"Jun 01, 2050",2.52,15.31,-,5.65,15.31,5.65,USD,"Jun 01, 2020","Jun 01, 2020",2026-05-14
MORGAN STANLEY MTN,Banking,Fixed Income,"26,097,035.15",0.09,"26,097,035.15","27,841,000.00",6174468L6,US6174468L62,BH3T5Q3,92.91,United States,-,USD,3.42,4.81,1.0,"Jan 22, 2031",2.7,3.42,-,4.81,3.42,4.81,USD,"Jan 22, 2020","Jan 22, 2020",2026-05-14
AMAZON.COM INC,Consumer Cyclical,Fixed Income,"26,037,602.20",0.09,"26,037,602.20","26,190,000.00",023135CV6,US023135CV68,-,97.2,United States,-,USD,7.38,5.02,1.0,"Nov 20, 2035",4.65,7.41,-,5.02,7.41,5.02,USD,"Nov 20, 2025","Nov 20, 2025",2026-05-14
HONEYWELL AEROSPACE INC 144A,Capital Goods,Fixed Income,"26,032,975.74",0.09,"26,032,975.74","26,140,000.00",43849RAJ4,US43849RAJ41,-,98.7,United States,-,USD,13.64,5.82,1.0,"Mar 16, 2056",5.73,13.99,-,5.82,13.99,5.82,USD,"Mar 16, 2026","Mar 16, 2026",2026-05-14
HONEYWELL AEROSPACE INC 144A,Capital Goods,Fixed Income,"25,925,558.94",0.09,"25,925,558.94","26,096,000.00",43849RAG0,US43849RAG02,-,98.58,United States,-,USD,7.6,5.14,1.0,"Mar 16, 2036",4.95,7.64,-,5.14,7.64,5.14,USD,"Mar 16, 2026","Mar 16, 2026",2026-05-14
CITIGROUP INC,Banking,Fixed Income,"25,815,636.22",0.09,"25,815,636.22","25,988,000.00",172967MP3,US172967MP39,BMH3V24,98.82,United States,-,USD,3.48,5.27,1.0,"Mar 31, 2031",4.41,3.5,-,4.75,3.51,4.75,USD,"Mar 31, 2020","Mar 31, 2020",2026-05-14
JPMORGAN CHASE & CO,Banking,Fixed Income,"25,751,462.90",0.09,"25,751,462.90","26,498,000.00",46647PFE1,US46647PFE16,-,96.92,United States,-,USD,7.31,5.2,1.0,"Oct 22, 2036",4.81,7.45,-,5.2,7.45,5.2,USD,"Oct 22, 2025","Oct 22, 2025",2026-05-14
GOLDMAN SACHS GROUP INC/THE,Banking,Fixed Income,"25,612,606.20",0.09,"25,612,606.20","25,982,000.00",38141GB78,US38141GB789,BSF0602,98.31,United States,-,USD,6.65,5.25,1.0,"Oct 23, 2035",5.02,6.78,-,5.25,6.78,5.25,USD,"Oct 23, 2024","Oct 23, 2024",2026-05-14
GOLDMAN SACHS GROUP INC/THE,Banking,Fixed Income,"25,514,413.82",0.09,"25,514,413.82","28,330,000.00",38141GYB4,US38141GYB49,-,89.92,United States,-,USD,4.51,4.93,1.0,"Apr 22, 2032",2.62,4.53,-,4.93,4.53,4.93,USD,"Apr 22, 2021","Apr 22, 2021",2026-05-14
JPMORGAN CHASE & CO MTN,Banking,Fixed Income,"25,422,533.13",0.09,"25,422,533.13","25,559,000.00",46647PFP6,US46647PFP62,-,99.19,United States,-,USD,7.52,5.23,1.0,"Apr 23, 2037",5.15,7.68,-,5.23,7.68,5.23,USD,"Apr 23, 2026","Apr 23, 2026",2026-05-14
JPMORGAN CHASE & CO,Banking,Fixed Income,"25,315,869.44",0.09,"25,315,869.44","24,677,000.00",46647PEK8,US46647PEK84,BSWWSY9,100.97,United States,-,USD,6.53,5.14,1.0,"Jul 22, 2035",5.29,6.49,-,5.14,6.49,5.14,USD,"Jul 22, 2024","Jul 22, 2024",2026-05-14
MORGAN STANLEY MTN,Banking,Fixed Income,"25,301,007.47",0.09,"25,301,007.47","24,707,000.00",61747YFT7,US61747YFT73,BRC15R1,100.73,United States,-,USD,6.35,5.21,1.0,"Jul 19, 2035",5.32,6.47,-,5.21,6.47,5.21,USD,"Jul 19, 2024","Jul 19, 2024",2026-05-14
JPMORGAN CHASE & CO,Banking,Fixed Income,"25,051,439.17",0.09,"25,051,439.17","26,594,000.00",46647PBE5,US46647PBE51,BK5W969,93.99,United States,-,USD,3.19,4.76,1.0,"Oct 15, 2030",2.74,3.2,-,4.66,3.21,4.66,USD,"Sep 12, 2019","Sep 12, 2019",2026-05-14
WELLS FARGO & COMPANY MTN,Banking,Fixed Income,"24,588,802.02",0.08,"24,588,802.02","24,142,000.00",95000U3W1,US95000U3W12,-,101.58,United States,-,USD,3.52,4.79,1.0,"Apr 23, 2031",5.15,3.53,-,4.71,3.53,4.71,USD,"Apr 23, 2025","Apr 23, 2025",2026-05-14
JPMORGAN CHASE & CO,Banking,Fixed Income,"24,428,958.32",0.08,"24,428,958.32","23,513,000.00",46647PEW2,US46647PEW23,-,102.24,United States,-,USD,6.66,5.16,1.0,"Jan 24, 2036",5.5,6.77,-,5.16,6.77,5.16,USD,"Jan 24, 2025","Jan 24, 2025",2026-05-14
BOEING CO,Capital Goods,Fixed Income,"24,381,716.24",0.08,"24,381,716.24","24,962,000.00",097023CX1,US097023CX16,BM8R6Q4,97.49,United States,-,USD,13.94,6.11,1.0,"May 01, 2060",5.93,14.3,-,6.11,14.3,6.11,USD,"May 04, 2020","May 04, 2020",2026-05-14
BANK OF AMERICA CORP MTN,Banking,Fixed Income,"24,373,276.27",0.08,"24,373,276.27","23,484,000.00",06051GMM8,US06051GMM86,-,102.13,United States,-,USD,6.65,5.18,1.0,"Jan 24, 2036",5.51,6.76,-,5.18,6.76,5.18,USD,"Jan 24, 2025","Jan 24, 2025",2026-05-14
JPMORGAN CHASE & CO,Banking,Fixed Income,"24,356,953.99",0.08,"24,356,953.99","24,657,000.00",46647PFJ0,US46647PFJ03,-,97.29,United States,-,USD,7.34,5.22,1.0,"Jan 22, 2037",4.9,7.49,-,5.22,7.49,5.22,USD,"Jan 22, 2026","Jan 22, 2026",2026-05-14
WELLS FARGO & COMPANY MTN,Banking,Fixed Income,"24,309,096.49",0.08,"24,309,096.49","25,755,000.00",95000U2G7,US95000U2G70,-,94.29,United States,-,USD,3.23,4.71,1.0,"Oct 30, 2030",2.88,3.24,-,4.68,3.24,4.68,USD,"Oct 31, 2019","Oct 31, 2019",2026-05-14
GOLDMAN SACHS GROUP INC/THE,Banking,Fixed Income,"24,253,020.48",0.08,"24,253,020.48","24,881,000.00",38145GAT7,US38145GAT76,-,95.77,United States,-,USD,10.78,5.88,1.0,"Jan 21, 2047",5.54,11.51,-,5.88,11.5,5.88,USD,"Jan 21, 2026","Jan 21, 2026",2026-05-14
MORGAN STANLEY MTN,Banking,Fixed Income,"24,164,997.08",0.08,"24,164,997.08","23,878,000.00",61747YFE0,US61747YFE05,BMDLPL9,100.9,United States,-,USD,5.67,5.14,1.0,"Apr 21, 2034",5.25,5.75,-,5.09,5.75,5.09,USD,"Apr 21, 2023","Apr 21, 2023",2026-05-14
GOLDMAN SACHS GROUP INC/THE,Banking,Fixed Income,"23,851,046.09",0.08,"23,851,046.09","24,550,000.00",38141GD43,US38141GD439,-,96.86,United States,-,USD,7.24,5.34,1.0,"Oct 21, 2036",4.94,7.4,-,5.34,7.4,5.34,USD,"Oct 21, 2025","Oct 21, 2025",2026-05-14
WELLS FARGO & COMPANY,Banking,Fixed Income,"23,834,150.53",0.08,"23,834,150.53","21,968,000.00",95000U3H4,US95000U3H45,BLB0XT5,108.15,United States,-,USD,5.83,5.21,1.0,"Oct 23, 2034",6.49,5.92,-,5.16,5.91,5.16,USD,"Oct 23, 2023","Oct 23, 2023",2026-05-14
COMCAST CORPORATION,Communications,Fixed Income,"23,820,758.22",0.08,"23,820,758.22","43,274,000.00",20030NDU2,US20030NDU28,BQ7XJ28,54.96,United States,-,USD,15.55,6.27,1.0,"Nov 01, 2056",2.94,15.86,-,6.27,15.86,6.27,USD,"May 01, 2022","Jun 06, 2022",2026-05-14
VERIZON COMMUNICATIONS INC,Communications,Fixed Income,"23,796,281.54",0.08,"23,796,281.54","26,119,000.00",92343VGJ7,US92343VGJ70,BKY5H43,90.75,United States,-,USD,4.46,4.7,1.0,"Mar 21, 2031",2.55,4.46,-,4.7,4.46,4.7,USD,"Mar 22, 2021","Mar 22, 2021",2026-05-14
MORGAN STANLEY MTN,Banking,Fixed Income,"23,747,261.09",0.08,"23,747,261.09","22,818,000.00",61748UAF9,US61748UAF93,-,102.3,United States,-,USD,6.6,5.24,1.0,"Jan 18, 2036",5.59,6.73,-,5.24,6.73,5.24,USD,"Jan 21, 2025","Jan 21, 2025",2026-05-14
VERIZON COMMUNICATIONS INC,Communications,Fixed Income,"23,707,927.12",0.08,"23,707,927.12","30,713,000.00",92343VGK4,US92343VGK44,BNGDVZ5,76.72,United States,-,USD,10.81,5.75,1.0,"Mar 22, 2041",3.4,10.88,-,5.75,10.88,5.75,USD,"Mar 22, 2021","Mar 22, 2021",2026-05-14
CVS HEALTH CORP,Consumer Non-Cyclical,Fixed Income,"23,526,722.49",0.08,"23,526,722.49","26,014,000.00",126650CN8,US126650CN80,BYPFC45,88.84,United States,-,USD,11.24,6.12,1.0,"Jul 20, 2045",5.13,11.43,-,6.12,11.43,6.12,USD,"Jul 20, 2015","Jul 20, 2015",2026-05-14
ORACLE CORPORATION,Technology,Fixed Income,"23,482,307.86",0.08,"23,482,307.86","23,670,000.00",68389XDY8,US68389XDY85,-,97.75,United States,-,USD,5.66,5.74,1.0,"May 04, 2033",5.35,5.66,-,5.74,5.66,5.74,USD,"Feb 04, 2026","Feb 04, 2026",2026-05-14
MORGAN STANLEY MTN,Banking,Fixed Income,"23,403,512.80",0.08,"23,403,512.80","23,077,000.00",61747YGC3,US61747YGC30,-,100.45,United States,-,USD,10.83,5.85,1.0,"Mar 13, 2047",5.9,11.52,-,5.85,11.51,5.85,USD,"Mar 13, 2026","Mar 13, 2026",2026-05-14
CHARTER COMMUNICATIONS OPERATING L,Communications,Fixed Income,"23,355,503.34",0.08,"23,355,503.34","25,545,000.00",161175BA1,US161175BA14,BYQ7R23,91.09,United States,-,USD,10.36,7.35,1.0,"Oct 23, 2045",6.48,10.49,-,7.35,10.49,7.35,USD,"Oct 23, 2016","Dec 01, 2016",2026-05-14
GOLDMAN SACHS GROUP INC/THE,Banking,Fixed Income,"23,269,910.94",0.08,"23,269,910.94","22,794,000.00",38141GB37,US38141GB375,BRC1656,100.47,United States,-,USD,6.35,5.27,1.0,"Jul 23, 2035",5.33,6.48,-,5.27,6.47,5.27,USD,"Jul 23, 2024","Jul 23, 2024",2026-05-14
JPMORGAN CHASE & CO,Banking,Fixed Income,"23,267,941.73",0.08,"23,267,941.73","25,728,000.00",46647PCC8,US46647PCC86,BKVKP92,90.29,United States,-,USD,4.57,4.82,1.0,"Apr 22, 2032",2.58,4.54,-,4.81,4.54,4.81,USD,"Apr 22, 2021","Apr 22, 2021",2026-05-14
HOME DEPOT INC,Consumer Cyclical,Fixed Income,"23,241,057.65",0.08,"23,241,057.65","21,429,000.00",437076AS1,US437076AS19,B1L80H6,106.07,United States,-,USD,7.75,5.12,1.0,"Dec 16, 2036",5.88,7.74,-,5.12,7.74,5.12,USD,"Dec 19, 2006","Dec 19, 2006",2026-05-14
JPMORGAN CHASE & CO,Banking,Fixed Income,"23,195,237.99",0.08,"23,195,237.99","22,224,000.00",46647PEH5,US46647PEH55,-,104.05,United States,-,USD,6.24,5.14,1.0,"Apr 22, 2035",5.77,6.34,-,5.14,6.34,5.14,USD,"Apr 22, 2024","Apr 22, 2024",2026-05-14
AMGEN INC,Consumer Non-Cyclical,Fixed Income,"23,167,779.40",0.08,"23,167,779.40","26,916,000.00",031162CF5,US031162CF59,BDRVZ12,84.17,United States,-,USD,13.09,5.88,1.0,"Jun 15, 2051",4.66,13.39,-,5.88,13.39,5.88,USD,"Dec 15, 2016","Jan 10, 2017",2026-05-14
VERIZON COMMUNICATIONS INC,Communications,Fixed Income,"23,160,376.25",0.08,"23,160,376.25","23,253,000.00",92343VHJ6,US92343VHJ61,-,96.86,United States,-,USD,13.01,6.11,1.0,"Nov 30, 2055",5.88,13.33,-,6.11,13.33,6.11,USD,"Nov 24, 2025","Nov 24, 2025",2026-05-14
CITIGROUP INC,Banking,Fixed Income,"23,153,240.18",0.08,"23,153,240.18","24,898,000.00",172967MS7,US172967MS77,BMWJ0T7,91.86,United States,-,USD,3.7,4.99,1.0,"Jun 03, 2031",2.57,3.73,-,4.8,3.73,4.8,USD,"Jun 03, 2020","Jun 03, 2020",2026-05-14
JPMORGAN CHASE & CO,Banking,Fixed Income,"23,132,719.14",0.08,"23,132,719.14","20,394,000.00",46625HHF0,US46625HHF01,B39F3N0,110.28,United States,-,USD,8.27,5.24,1.0,"May 15, 2038",6.4,8.28,-,5.24,8.28,5.24,USD,"May 22, 2008","May 22, 2008",2026-05-14
BRISTOL-MYERS SQUIBB CO,Consumer Non-Cyclical,Fixed Income,"22,993,162.54",0.08,"22,993,162.54","28,570,000.00",110122CR7,US110122CR72,BMW2G98,80.29,United States,-,USD,13.29,5.8,1.0,"Oct 26, 2049",4.25,13.58,-,5.8,13.58,5.8,USD,"Apr 26, 2020","Jul 15, 2020",2026-05-14
MORGAN STANLEY (FXD-FRN) MTN,Banking,Fixed Income,"22,955,437.04",0.08,"22,955,437.04","21,373,000.00",61747YEY7,US61747YEY77,-,106.98,United States,-,USD,5.19,5.18,1.0,"Oct 18, 2033",6.34,5.27,-,5.06,5.27,5.06,USD,"Oct 18, 2022","Oct 18, 2022",2026-05-14
ABBVIE INC,Consumer Non-Cyclical,Fixed Income,"22,932,609.58",0.08,"22,932,609.58","23,261,000.00",00287YAR0,US00287YAR09,BXC32C3,96.36,United States,-,USD,7.03,5.01,1.0,"May 14, 2035",4.5,7.12,-,5.01,7.12,5.01,USD,"May 14, 2015","May 14, 2015",2026-05-14
AMAZON.COM INC,Consumer Cyclical,Fixed Income,"22,878,438.72",0.08,"22,878,438.72","23,031,000.00",023135DJ2,US023135DJ22,-,98.36,United States,-,USD,14.47,6.06,1.0,"Mar 13, 2066",5.95,14.87,-,6.06,14.87,6.06,USD,"Mar 13, 2026","Mar 13, 2026",2026-05-14
BRITISH TELECOMMUNICATIONS PLC,Communications,Fixed Income,"22,813,836.41",0.08,"22,813,836.41","18,540,000.00",111021AE1,US111021AE12,B23XQ67,119.12,United Kingdom,-,USD,3.7,4.92,1.0,"Dec 15, 2030",9.63,3.68,-,4.92,3.68,4.92,USD,"Dec 12, 2000","Dec 12, 2000",2026-05-14
GOLDMAN SACHS GROUP INC/THE,Banking,Fixed Income,"22,742,353.02",0.08,"22,742,353.02","22,057,000.00",38141GC44,US38141GC449,-,101.51,United States,-,USD,6.62,5.3,1.0,"Jan 28, 2036",5.54,6.76,-,5.3,6.76,5.3,USD,"Jan 28, 2025","Jan 28, 2025",2026-05-14
BROADCOM INC,Technology,Fixed Income,"22,668,816.67",0.08,"22,668,816.67","28,226,000.00",11135FCV1,US11135FCV13,2N1CFV0,79.47,United States,-,USD,10.7,5.57,1.0,"Feb 15, 2041",3.5,10.77,-,5.57,10.77,5.57,USD,"Aug 15, 2025","Oct 17, 2025",2026-05-14
MORGAN STANLEY MTN,Banking,Fixed Income,"22,657,498.23",0.08,"22,657,498.23","21,721,000.00",61747YFR1,US61747YFR18,-,103.94,United States,-,USD,6.21,5.22,1.0,"Apr 19, 2035",5.83,6.31,-,5.22,6.31,5.22,USD,"Apr 19, 2024","Apr 19, 2024",2026-05-14
BANK OF AMERICA CORP MTN,Banking,Fixed Income,"22,590,627.63",0.08,"22,590,627.63","24,773,000.00",06051GKK4,US06051GKK49,BM96PS5,90.38,United States,-,USD,5.07,4.93,1.0,"Feb 04, 2033",2.97,5.11,-,4.92,5.11,4.92,USD,"Feb 04, 2022","Feb 04, 2022",2026-05-14
MORGAN STANLEY MTN,Banking,Fixed Income,"22,535,325.43",0.08,"22,535,325.43","21,840,000.00",61747YGA7,US61747YGA73,-,102.79,United States,-,USD,6.82,5.28,1.0,"Apr 17, 2036",5.66,6.95,-,5.27,6.95,5.27,USD,"Apr 17, 2025","Apr 17, 2025",2026-05-14
BANK OF AMERICA CORP MTN,Banking,Fixed Income,"22,523,566.86",0.08,"22,523,566.86","24,201,000.00",06051GHZ5,US06051GHZ54,-,92.45,United States,-,USD,3.5,4.7,1.0,"Feb 13, 2031",2.5,3.49,-,4.7,3.49,4.7,USD,"Feb 13, 2020","Feb 13, 2020",2026-05-14
ABBOTT LABORATORIES,Consumer Non-Cyclical,Fixed Income,"22,485,539.59",0.08,"22,485,539.59","23,185,000.00",002824BV1,US002824BV10,-,96.15,United States,-,USD,8.78,5.19,1.0,"Mar 15, 2038",4.75,8.82,-,5.19,8.82,5.19,USD,"Mar 09, 2026","Mar 09, 2026",2026-05-14
AMAZON.COM INC,Consumer Cyclical,Fixed Income,"22,404,890.71",0.08,"22,404,890.71","22,571,000.00",023135DK9,US023135DK94,-,98.27,United States,-,USD,14.9,6.16,1.0,"Mar 13, 2076",6.05,15.32,-,6.16,15.32,6.16,USD,"Mar 13, 2026","Mar 13, 2026",2026-05-14
ASTRAZENECA PLC,Consumer Non-Cyclical,Fixed Income,"22,296,575.48",0.08,"22,296,575.48","19,876,000.00",046353AD0,US046353AD01,B7FFL50,111.16,United Kingdom,-,USD,8.11,5.14,1.0,"Sep 15, 2037",6.45,8.11,-,5.14,8.11,5.14,USD,"Sep 12, 2007","Sep 12, 2007",2026-05-14
CITIGROUP INC,Banking,Fixed Income,"22,252,365.40",0.08,"22,252,365.40","22,249,000.00",172967QH7,US172967QH76,-,99.14,United States,-,USD,7.1,5.28,1.0,"Sep 11, 2036",5.17,7.25,-,5.28,7.25,5.28,USD,"Sep 11, 2025","Sep 11, 2025",2026-05-14
VERIZON COMMUNICATIONS INC,Communications,Fixed Income,"22,241,771.34",0.08,"22,241,771.34","31,889,000.00",92343VGB4,US92343VGB45,BNGDW29,69.25,United States,-,USD,14.06,5.93,1.0,"Mar 22, 2051",3.55,14.34,-,5.93,14.34,5.93,USD,"Mar 22, 2021","Mar 22, 2021",2026-05-14
BOEING CO,Capital Goods,Fixed Income,"22,172,171.01",0.08,"22,172,171.01","21,909,000.00",097023CV5,US097023CV59,BM8XFQ5,101.03,United States,-,USD,9.44,5.6,1.0,"May 01, 2040",5.71,9.55,-,5.6,9.32,5.6,USD,"May 04, 2020","May 04, 2020",2026-05-14
JPMORGAN CHASE & CO,Banking,Fixed Income,"22,170,309.53",0.08,"22,170,309.53","27,643,000.00",46647PAL0,US46647PAL04,BD0G1Q1,78.25,United States,-,USD,12.05,5.72,1.0,"Nov 15, 2048",3.96,13.31,-,5.72,13.31,5.72,USD,"Nov 10, 2017","Nov 10, 2017",2026-05-14
WELLS FARGO & COMPANY MTN,Banking,Fixed Income,"22,091,372.39",0.08,"22,091,372.39","21,514,000.00",95000U3V3,US95000U3V39,-,102.39,United States,-,USD,6.84,5.28,1.0,"Apr 23, 2036",5.61,6.98,-,5.27,6.98,5.27,USD,"Apr 23, 2025","Apr 23, 2025",2026-05-14
PFIZER INC,Consumer Non-Cyclical,Fixed Income,"22,085,607.69",0.08,"22,085,607.69","18,770,000.00",717081CY7,US717081CY74,B65HZL3,116.52,United States,-,USD,8.59,5.4,1.0,"Mar 15, 2039",7.2,8.61,-,5.4,8.61,5.4,USD,"Mar 24, 2009","Mar 24, 2009",2026-05-14
JPMORGAN CHASE & CO,Banking,Fixed Income,"22,038,013.35",0.08,"22,038,013.35","20,483,000.00",46647PDY9,US46647PDY97,BLB0WL0,107.26,United States,-,USD,5.87,5.11,1.0,"Oct 23, 2034",6.25,5.95,-,5.07,5.95,5.07,USD,"Oct 23, 2023","Oct 23, 2023",2026-05-14
WELLS FARGO & COMPANY MTN,Banking,Fixed Income,"22,009,425.60",0.08,"22,009,425.60","21,265,000.00",95000U3K7,US95000U3K73,BQWR464,101.84,United States,-,USD,6.02,5.23,1.0,"Jan 23, 2035",5.5,6.13,-,5.21,6.13,5.21,USD,"Jan 23, 2024","Jan 23, 2024",2026-05-14
RAYTHEON TECHNOLOGIES CORPORATION,Capital Goods,Fixed Income,"21,990,156.94",0.08,"21,990,156.94","24,258,000.00",913017BT5,US913017BT50,B8J6DZ0,88.64,United States,-,USD,10.66,5.58,1.0,"Jun 01, 2042",4.5,10.73,-,5.58,10.73,5.58,USD,"Jun 01, 2012","Jun 01, 2012",2026-05-14
ORANGE SA,Communications,Fixed Income,"21,980,397.39",0.08,"21,980,397.39","18,463,000.00",35177PAL1,US35177PAL13,7310155,117.28,France,-,USD,3.94,4.91,1.0,"Mar 01, 2031",8.5,3.92,-,4.91,3.92,4.91,USD,"Sep 01, 2001","Feb 11, 2002",2026-05-14
MORGAN STANLEY (FXD-FRN) MTN,Banking,Fixed Income,"21,873,175.69",0.07,"21,873,175.69","21,953,000.00",61748UAS1,US61748UAS15,-,98.24,United States,-,USD,4.09,4.88,1.0,"Jan 16, 2032",4.49,4.1,-,4.88,4.1,4.88,USD,"Jan 20, 2026","Jan 20, 2026",2026-05-14
BROADCOM INC,Technology,Fixed Income,"21,861,645.46",0.07,"21,861,645.46","23,924,000.00",11135FCQ2,US11135FCQ28,BW5T4Z8,90.79,United States,-,USD,4.39,4.63,1.0,"Feb 15, 2031",2.45,4.38,-,4.63,4.38,4.63,USD,"Aug 15, 2025","Oct 21, 2025",2026-05-14
HSBC HOLDINGS PLC,Banking,Fixed Income,"21,858,810.14",0.07,"21,858,810.14","21,510,000.00",404280CF4,US404280CF48,-,101.04,United Kingdom,-,USD,3.5,4.65,1.0,"Mar 31, 2030",4.95,3.48,-,4.65,3.48,4.65,USD,"Mar 31, 2020","Mar 31, 2020",2026-05-14
ALPHABET INC,Technology,Fixed Income,"21,816,943.58",0.07,"21,816,943.58","21,914,000.00",02079KBK2,US02079KBK25,-,98.54,United States,-,USD,4.23,4.44,1.0,"Feb 15, 2031",4.1,4.23,-,4.44,4.23,4.44,USD,"Feb 13, 2026","Feb 13, 2026",2026-05-14
GLAXOSMITHKLINE CAPITAL INC,Consumer Non-Cyclical,Fixed Income,"21,784,701.39",0.07,"21,784,701.39","19,223,000.00",377372AE7,US377372AE71,B2RDM21,110.19,United Kingdom,-,USD,8.28,5.22,1.0,"May 15, 2038",6.38,8.29,-,5.22,8.29,5.22,USD,"May 13, 2008","May 13, 2008",2026-05-14
ABBVIE INC,Consumer Non-Cyclical,Fixed Income,"21,784,986.58",0.07,"21,784,986.58","22,701,000.00",00287YDW6,US00287YDW66,BQC4XR9,95.11,United States,-,USD,13.51,5.75,1.0,"Mar 15, 2054",5.4,13.85,-,5.75,13.85,5.75,USD,"Feb 26, 2024","Feb 26, 2024",2026-05-14
MORGAN STANLEY MTN,Banking,Fixed Income,"21,778,899.44",0.07,"21,778,899.44","24,618,000.00",61747YED3,US61747YED31,BNZKG63,87.78,United States,-,USD,4.73,4.92,1.0,"Jul 21, 2032",2.24,4.75,-,4.92,4.75,4.92,USD,"Jul 20, 2021","Jul 20, 2021",2026-05-14
JPMORGAN CHASE & CO,Banking,Fixed Income,"21,768,724.14",0.07,"21,768,724.14","21,765,000.00",46647PBJ4,US46647PBJ49,BLC8C68,99.42,United States,-,USD,3.45,5.18,1.0,"Mar 24, 2031",4.49,3.48,-,4.66,3.49,4.66,USD,"Mar 24, 2020","Mar 24, 2020",2026-05-14
WELLS FARGO & COMPANY FX-FRN MTN,Banking,Fixed Income,"21,763,544.82",0.07,"21,763,544.82","26,142,000.00",95000U2Z5,US95000U2Z51,BP6P605,83.03,United States,-,USD,12.62,5.89,1.0,"Apr 25, 2053",4.61,13.88,-,5.89,13.87,5.89,USD,"Apr 25, 2022","Apr 25, 2022",2026-05-14
GOLDMAN SACHS GROUP INC (FXD-FRN),Banking,Fixed Income,"21,581,687.39",0.07,"21,581,687.39","21,952,000.00",38141GD35,US38141GD355,-,98.06,United States,-,USD,3.95,4.84,1.0,"Oct 21, 2031",4.37,3.97,-,4.84,3.97,4.84,USD,"Oct 21, 2025","Oct 21, 2025",2026-05-14
MORGAN STANLEY MTN,Banking,Fixed Income,"21,510,652.91",0.07,"21,510,652.91","22,156,000.00",61748UAN2,US61748UAN28,-,96.82,United States,-,USD,7.26,5.3,1.0,"Oct 22, 2036",4.89,7.42,-,5.3,7.42,5.3,USD,"Oct 22, 2025","Oct 22, 2025",2026-05-14
WELLS FARGO & COMPANY MTN,Banking,Fixed Income,"21,485,592.46",0.07,"21,485,592.46","23,017,000.00",95000U2J1,US95000U2J10,BK8ZYZ9,92.7,United States,-,USD,3.46,4.76,1.0,"Feb 11, 2031",2.57,3.48,-,4.72,3.48,4.72,USD,"Feb 11, 2020","Feb 11, 2020",2026-05-14
PACIFIC GAS AND ELECTRIC COMPANY,Electric,Fixed Income,"21,478,148.66",0.07,"21,478,148.66","21,419,000.00",694308JM0,US694308JM04,BMTC6J1,98.62,United States,-,USD,3.53,4.92,1.0,"Jul 01, 2030",4.55,3.66,-,4.92,3.66,4.92,USD,"Jul 02, 2020","Jul 01, 2020",2026-05-14
HSBC HOLDINGS PLC,Banking,Fixed Income,"21,347,744.27",0.07,"21,347,744.27","20,769,000.00",404280DH9,US404280DH94,-,101.42,United Kingdom,-,USD,5.13,5.29,1.0,"Aug 11, 2033",5.4,5.19,-,5.13,5.19,5.13,USD,"Aug 11, 2022","Aug 11, 2022",2026-05-14
ABBVIE INC,Consumer Non-Cyclical,Fixed Income,"21,322,463.62",0.07,"21,322,463.62","20,910,000.00",00287YDU0,US00287YDU01,-,101.17,United States,-,USD,6.32,4.87,1.0,"Mar 15, 2034",5.05,6.38,-,4.86,6.21,4.86,USD,"Feb 26, 2024","Feb 26, 2024",2026-05-14
CITIGROUP INC,Banking,Fixed Income,"21,293,664.52",0.07,"21,293,664.52","22,727,000.00",172967ML2,US172967ML25,-,92.93,United States,-,USD,3.47,4.77,1.0,"Jan 29, 2031",2.67,3.44,-,4.76,3.44,4.76,USD,"Jan 29, 2020","Jan 29, 2020",2026-05-14
ORACLE CORPORATION,Technology,Fixed Income,"21,268,560.80",0.07,"21,268,560.80","24,851,000.00",68389XDR3,US68389XDR35,-,84.82,United States,-,USD,12.2,7.2,1.0,"Sep 26, 2055",5.95,12.46,-,7.2,12.46,7.2,USD,"Sep 26, 2025","Sep 26, 2025",2026-05-14
MORGAN STANLEY MTN,Banking,Fixed Income,"21,220,172.87",0.07,"21,220,172.87","24,277,000.00",6174468U6,US6174468U61,BN7CG34,86.97,United States,-,USD,4.46,4.87,1.0,"Feb 13, 2032",1.79,4.43,-,4.87,4.43,4.87,USD,"Nov 13, 2020","Nov 13, 2020",2026-05-14
ABBOTT LABORATORIES,Consumer Non-Cyclical,Fixed Income,"21,215,210.42",0.07,"21,215,210.42","21,551,000.00",002824BS8,US002824BS80,-,97.74,United States,-,USD,4.31,4.52,1.0,"Mar 15, 2031",4.0,4.32,-,4.52,4.32,4.52,USD,"Mar 09, 2026","Mar 09, 2026",2026-05-14
ALPHABET INC,Technology,Fixed Income,"21,154,082.30",0.07,"21,154,082.30","21,354,000.00",02079KBL0,US02079KBL08,-,97.98,United States,-,USD,5.69,4.75,1.0,"Feb 15, 2033",4.4,5.71,-,4.75,5.71,4.75,USD,"Feb 13, 2026","Feb 13, 2026",2026-05-14
GOLDMAN SACHS GROUP INC/THE,Banking,Fixed Income,"21,133,619.98",0.07,"21,133,619.98","21,225,000.00",38141GC51,US38141GC514,-,97.91,United States,-,USD,12.53,5.88,1.0,"Jan 28, 2056",5.73,13.63,-,5.88,13.62,5.88,USD,"Jan 28, 2025","Jan 28, 2025",2026-05-14
BANK OF AMERICA CORP (FXD-FLT) MTN,Banking,Fixed Income,"21,121,027.10",0.07,"21,121,027.10","20,466,000.00",06051GML0,US06051GML04,-,101.65,United States,-,USD,3.28,4.67,1.0,"Jan 24, 2031",5.16,3.29,-,4.67,3.29,4.67,USD,"Jan 24, 2025","Jan 24, 2025",2026-05-14
GOLDMAN SACHS GROUP INC/THE,Banking,Fixed Income,"20,942,466.75",0.07,"20,942,466.75","21,066,000.00",38141GB86,US38141GB862,-,96.74,United States,-,USD,10.41,5.83,1.0,"Nov 19, 2045",5.56,11.03,-,5.83,11.03,5.83,USD,"Nov 19, 2024","Nov 19, 2024",2026-05-14
PFIZER INVESTMENT ENTERPRISES PTE,Consumer Non-Cyclical,Fixed Income,"20,936,597.50",0.07,"20,936,597.50","21,672,000.00",716973AF9,US716973AF98,BQ66T73,94.15,United States,-,USD,10.63,5.65,1.0,"May 19, 2043",5.11,10.79,-,5.65,10.79,5.65,USD,"May 19, 2023","May 19, 2023",2026-05-14
META PLATFORMS INC,Communications,Fixed Income,"20,919,937.94",0.07,"20,919,937.94","21,868,000.00",30303M8H8,US30303M8H84,BMGK052,94.73,United States,-,USD,5.39,4.83,1.0,"Aug 15, 2032",3.85,5.42,-,4.83,5.42,4.83,USD,"Aug 09, 2022","Dec 28, 2022",2026-05-14
BANK OF AMERICA CORP MTN,Banking,Fixed Income,"20,858,666.10",0.07,"20,858,666.10","23,377,000.00",06051GKD0,US06051GKD06,-,89.07,United States,-,USD,4.92,4.88,1.0,"Oct 20, 2032",2.57,4.95,-,4.88,4.96,4.88,USD,"Oct 20, 2021","Oct 20, 2021",2026-05-14
META PLATFORMS INC,Communications,Fixed Income,"20,844,814.52",0.07,"20,844,814.52","21,037,000.00",30303M8U9,US30303M8U95,BT3NFJ2,97.94,United States,-,USD,6.62,5.06,1.0,"Aug 15, 2034",4.75,6.66,-,5.06,6.66,5.06,USD,"Aug 09, 2024","Aug 09, 2024",2026-05-14
BROADCOM INC,Technology,Fixed Income,"20,830,230.94",0.07,"20,830,230.94","21,192,000.00",11135FCY5,US11135FCY51,BV8CPD2,97.13,United States,-,USD,7.56,5.18,1.0,"Feb 15, 2036",4.8,7.59,-,5.18,7.59,5.18,USD,"Sep 29, 2025","Sep 29, 2025",2026-05-14
NOVARTIS CAPITAL CORP,Consumer Non-Cyclical,Fixed Income,"20,808,195.58",0.07,"20,808,195.58","20,827,000.00",66989HBJ6,US66989HBJ68,-,99.17,Switzerland,-,USD,7.63,5.01,1.0,"Mar 18, 2036",4.9,7.67,-,5.01,7.67,5.01,USD,"Mar 18, 2026","Mar 18, 2026",2026-05-14
JPMORGAN CHASE & CO (FXD-FRN),Banking,Fixed Income,"20,727,957.39",0.07,"20,727,957.39","20,827,000.00",46647PFG6,US46647PFG63,-,98.2,United States,-,USD,4.13,4.74,1.0,"Jan 22, 2032",4.35,4.14,-,4.74,4.14,4.74,USD,"Jan 22, 2026","Jan 22, 2026",2026-05-14
AMAZON.COM INC,Consumer Cyclical,Fixed Income,"20,675,734.59",0.07,"20,675,734.59","21,437,000.00",023135CW4,US023135CW42,-,93.84,United States,-,USD,13.41,5.89,1.0,"Nov 20, 2055",5.45,13.75,-,5.89,13.75,5.89,USD,"Nov 20, 2025","Nov 20, 2025",2026-05-14
VISA INC,Technology,Fixed Income,"20,639,061.36",0.07,"20,639,061.36","23,653,000.00",92826CAF9,US92826CAF95,BYPHFN1,85.49,United States,-,USD,12.04,5.52,1.0,"Dec 14, 2045",4.3,12.27,-,5.52,12.27,5.52,USD,"Dec 14, 2015","Dec 14, 2015",2026-05-14
MORGAN STANLEY MTN,Banking,Fixed Income,"20,602,254.69",0.07,"20,602,254.69","20,610,000.00",61747YFU4,US61747YFU47,BSF0594,99.65,United States,-,USD,3.12,4.77,1.0,"Oct 18, 2030",4.65,3.13,-,4.76,3.13,4.76,USD,"Oct 18, 2024","Oct 18, 2024",2026-05-14
WELLS FARGO & COMPANY MTN,Banking,Fixed Income,"20,499,842.63",0.07,"20,499,842.63","27,105,000.00",95000U2Q5,US95000U2Q52,-,75.53,United States,-,USD,10.16,5.65,1.0,"Apr 30, 2041",3.07,10.69,-,5.62,10.68,5.62,USD,"Apr 30, 2020","Apr 30, 2020",2026-05-14
GOLDMAN SACHS GROUP INC/THE,Banking,Fixed Income,"20,494,327.57",0.07,"20,494,327.57","20,132,000.00",38141GC93,US38141GC936,-,101.52,United States,-,USD,3.51,4.88,1.0,"Apr 23, 2031",5.22,3.52,-,4.79,3.53,4.79,USD,"Apr 23, 2025","Apr 23, 2025",2026-05-14
META PLATFORMS INC,Communications,Fixed Income,"20,462,866.26",0.07,"20,462,866.26","22,978,000.00",30303M8V7,US30303M8V78,BT3NPB4,87.75,United States,-,USD,13.0,6.34,1.0,"Aug 15, 2054",5.4,13.29,-,6.34,13.29,6.34,USD,"Aug 09, 2024","Aug 09, 2024",2026-05-14
ORACLE CORPORATION,Technology,Fixed Income,"20,270,318.97",0.07,"20,270,318.97","20,846,000.00",68389XDH5,US68389XDH52,-,96.67,United States,-,USD,3.9,5.31,1.0,"Sep 26, 2030",4.45,3.89,-,5.31,3.89,5.31,USD,"Sep 26, 2025","Sep 26, 2025",2026-05-14
MORGAN STANLEY MTN,Banking,Fixed Income,"20,220,313.90",0.07,"20,220,313.90","20,574,000.00",61747YFV2,US61747YFV20,-,95.63,United States,-,USD,12.53,5.83,1.0,"Nov 19, 2055",5.52,13.6,-,5.83,13.6,5.83,USD,"Nov 20, 2024","Nov 20, 2024",2026-05-14
CITIGROUP INC,Banking,Fixed Income,"20,183,820.46",0.07,"20,183,820.46","19,426,000.00",172967PL9,US172967PL97,BRDZWR1,101.62,United States,-,USD,6.24,5.17,1.0,"Jun 11, 2035",5.45,6.35,-,5.17,6.35,5.17,USD,"Jun 11, 2024","Jun 11, 2024",2026-05-14
MORGAN STANLEY PRIVATE BANK NA,Banking,Fixed Income,"20,162,050.92",0.07,"20,162,050.92","19,943,000.00",61776NVG5,US61776NVG59,-,99.6,United States,-,USD,3.69,4.82,1.0,"Jul 18, 2031",4.73,3.7,-,4.82,3.7,4.82,USD,"Jul 21, 2025","Jul 21, 2025",2026-05-14
GOLDMAN SACHS GROUP INC/THE,Banking,Fixed Income,"20,136,563.21",0.07,"20,136,563.21","22,594,000.00",38141GYN8,US38141GYN86,-,88.97,United States,-,USD,4.91,4.98,1.0,"Oct 21, 2032",2.65,4.94,-,4.98,4.95,4.98,USD,"Oct 21, 2021","Oct 21, 2021",2026-05-14
BOEING CO,Capital Goods,Fixed Income,"20,106,508.96",0.07,"20,106,508.96","18,039,000.00",097023DT9,US097023DT94,BRRG861,111.25,United States,-,USD,12.77,6.02,1.0,"May 01, 2054",6.86,13.1,-,6.02,13.01,6.02,USD,"Nov 01, 2024","Dec 17, 2024",2026-05-14
BANK OF AMERICA CORP MTN,Banking,Fixed Income,"20,103,713.50",0.07,"20,103,713.50","21,754,000.00",06051GJB6,US06051GJB68,-,92.32,United States,-,USD,3.7,4.94,1.0,"Apr 29, 2031",2.59,3.69,-,4.74,3.69,4.74,USD,"Apr 29, 2020","Apr 29, 2020",2026-05-14
AMAZON.COM INC,Consumer Cyclical,Fixed Income,"20,018,627.24",0.07,"20,018,627.24","22,205,000.00",023135BF2,US023135BF28,BF199R0,89.29,United States,-,USD,8.73,5.14,1.0,"Aug 22, 2037",3.88,8.79,-,5.14,8.79,5.14,USD,"Feb 22, 2018","Jun 06, 2018",2026-05-14
ORACLE CORPORATION,Technology,Fixed Income,"20,008,087.09",0.07,"20,008,087.09","32,599,000.00",68389XBX2,US68389XBX21,BMD7RQ6,60.97,United States,-,USD,13.04,6.98,1.0,"Apr 01, 2050",3.6,13.24,-,6.98,13.24,6.98,USD,"Apr 01, 2020","Apr 01, 2020",2026-05-14
CITIGROUP INC,Banking,Fixed Income,"19,992,366.71",0.07,"19,992,366.71","21,860,000.00",17327CAQ6,US17327CAQ69,BLGSHB4,90.55,United States,-,USD,5.03,5.0,1.0,"Jan 25, 2033",3.06,5.07,-,5.0,5.07,5.0,USD,"Jan 25, 2022","Jan 25, 2022",2026-05-14
JPMORGAN CHASE & CO,Banking,Fixed Income,"19,980,037.43",0.07,"19,980,037.43","20,185,000.00",46647PER3,US46647PER38,BS55CQ5,98.71,United States,-,USD,6.69,5.12,1.0,"Oct 22, 2035",4.95,6.8,-,5.12,6.8,5.12,USD,"Oct 22, 2024","Oct 22, 2024",2026-05-14
MORGAN STANLEY,Banking,Fixed Income,"19,928,960.02",0.07,"19,928,960.02","20,682,000.00",6174468P7,US6174468P76,-,95.95,United States,-,USD,3.52,5.15,1.0,"Apr 01, 2031",3.62,3.55,-,4.78,3.55,4.78,USD,"Mar 31, 2020","Mar 31, 2020",2026-05-14
ABBOTT LABORATORIES,Consumer Non-Cyclical,Fixed Income,"19,920,244.79",0.07,"19,920,244.79","21,395,000.00",002824BH2,US002824BH26,BYQHX58,90.9,United States,-,USD,11.88,5.65,1.0,"Nov 30, 2046",4.9,12.14,-,5.65,12.14,5.65,USD,"Nov 22, 2016","Nov 22, 2016",2026-05-14
HSBC HOLDINGS PLC,Banking,Fixed Income,"19,917,611.97",0.07,"19,917,611.97","18,620,000.00",404280DW6,US404280DW61,BPH14Q4,105.86,United Kingdom,-,USD,9.87,5.8,1.0,"Mar 09, 2044",6.33,10.37,-,5.78,10.36,5.78,USD,"Mar 09, 2023","Mar 09, 2023",2026-05-14
ORACLE CORPORATION,Technology,Fixed Income,"19,880,051.67",0.07,"19,880,051.67","21,546,000.00",68389XBV6,US68389XBV64,BMD7RW2,91.93,United States,-,USD,3.6,5.27,1.0,"Apr 01, 2030",2.95,3.58,-,5.27,3.58,5.27,USD,"Apr 01, 2020","Apr 01, 2020",2026-05-14
SALESFORCE INC,Technology,Fixed Income,"19,832,319.12",0.07,"19,832,319.12","19,724,000.00",79466LAT1,US79466LAT17,-,99.7,United States,-,USD,5.63,5.27,1.0,"Mar 15, 2033",5.2,5.64,-,5.27,5.64,5.27,USD,"Mar 13, 2026","Mar 13, 2026",2026-05-14
BROADCOM INC 144A,Technology,Fixed Income,"19,828,562.06",0.07,"19,828,562.06","22,928,000.00",11135FBP5,US11135FBP53,-,84.94,United States,-,USD,7.82,5.16,1.0,"Nov 15, 2035",3.14,7.82,-,5.16,7.82,5.16,USD,"Sep 30, 2021","Sep 30, 2021",2026-05-14
CIGNA GROUP,Consumer Non-Cyclical,Fixed Income,"19,797,998.25",0.07,"19,797,998.25","22,264,000.00",125523AK6,US125523AK66,BKPHS34,86.92,United States,-,USD,12.3,5.96,1.0,"Dec 15, 2048",4.9,12.56,-,5.96,12.56,5.96,USD,"Jun 15, 2019","Aug 27, 2019",2026-05-14
AMGEN INC,Consumer Non-Cyclical,Fixed Income,"19,745,110.31",0.07,"19,745,110.31","19,787,000.00",031162DS6,US031162DS61,BMTY5V2,98.7,United States,-,USD,10.48,5.72,1.0,"Mar 02, 2043",5.6,10.64,-,5.72,10.64,5.72,USD,"Mar 02, 2023","Mar 02, 2023",2026-05-14
CITIGROUP INC,Banking,Fixed Income,"19,742,186.83",0.07,"19,742,186.83","21,963,000.00",172967MY4,US172967MY46,BKPBQW1,89.81,United States,-,USD,4.55,4.88,1.0,"May 01, 2032",2.56,4.56,-,4.88,4.56,4.88,USD,"May 04, 2021","May 04, 2021",2026-05-14
JPMORGAN CHASE & CO,Banking,Fixed Income,"19,728,740.77",0.07,"19,728,740.77","19,125,000.00",46647PEV4,US46647PEV40,BP09ZH3,101.61,United States,-,USD,3.29,4.64,1.0,"Jan 24, 2031",5.14,3.29,-,4.64,3.29,4.64,USD,"Jan 24, 2025","Jan 24, 2025",2026-05-14
MORGAN STANLEY MTN,Banking,Fixed Income,"19,687,791.20",0.07,"19,687,791.20","22,230,000.00",61747YEH4,US61747YEH45,BNKDZF9,88.41,United States,-,USD,4.93,4.95,1.0,"Oct 20, 2032",2.51,4.96,-,4.95,4.96,4.95,USD,"Oct 19, 2021","Oct 19, 2021",2026-05-14
COMCAST CORPORATION,Communications,Fixed Income,"19,688,738.13",0.07,"19,688,738.13","34,163,000.00",20030NDS7,US20030NDS71,BQ7XHB3,57.54,United States,-,USD,14.76,6.23,1.0,"Nov 01, 2051",2.89,15.01,-,6.23,15.01,6.23,USD,"May 01, 2022","Jun 06, 2022",2026-05-14
GOLDMAN SACHS GROUP INC (FXD-FRN),Banking,Fixed Income,"19,617,887.17",0.07,"19,617,887.17","19,060,000.00",38141GC36,US38141GC365,-,101.42,United States,-,USD,3.28,4.77,1.0,"Jan 28, 2031",5.21,3.3,-,4.77,3.3,4.77,USD,"Jan 28, 2025","Jan 28, 2025",2026-05-14
AT&T INC,Communications,Fixed Income,"19,497,466.90",0.07,"19,497,466.90","18,890,000.00",00206RMT6,US00206RMT67,-,101.91,United States,-,USD,6.17,5.1,1.0,"Feb 15, 2034",5.4,6.22,-,5.09,6.05,5.09,USD,"Jun 02, 2023","Jun 02, 2023",2026-05-14
UNITEDHEALTH GROUP INC,Insurance,Fixed Income,"19,416,737.17",0.07,"19,416,737.17","19,846,000.00",91324PFL1,US91324PFL13,BPDY7Z7,96.01,United States,-,USD,13.19,5.92,1.0,"Jul 15, 2054",5.63,13.51,-,5.92,13.51,5.92,USD,"Jul 25, 2024","Jul 25, 2024",2026-05-14
AMAZON.COM INC,Consumer Cyclical,Fixed Income,"19,402,765.89",0.07,"19,402,765.89","24,229,000.00",023135BJ4,US023135BJ40,BFMLMY3,79.18,United States,-,USD,12.73,5.76,1.0,"Aug 22, 2047",4.05,12.98,-,5.76,12.98,5.76,USD,"Feb 22, 2018","Jun 06, 2018",2026-05-14
AMGEN INC,Consumer Non-Cyclical,Fixed Income,"19,381,449.47",0.07,"19,381,449.47","20,001,000.00",031162DU1,US031162DU18,BMTY619,95.78,United States,-,USD,14.28,6.04,1.0,"Mar 02, 2063",5.75,14.66,-,6.04,14.66,6.04,USD,"Mar 02, 2023","Mar 02, 2023",2026-05-14
ORACLE CORPORATION,Technology,Fixed Income,"19,377,208.13",0.07,"19,377,208.13","20,161,000.00",68389XDK8,US68389XDK81,-,95.5,United States,-,USD,5.37,5.65,1.0,"Sep 26, 2032",4.8,5.36,-,5.65,5.36,5.65,USD,"Sep 26, 2025","Sep 26, 2025",2026-05-14
ABBOTT LABORATORIES,Consumer Non-Cyclical,Fixed Income,"19,376,916.07",0.07,"19,376,916.07","19,791,000.00",002824BT6,US002824BT63,-,97.16,United States,-,USD,5.77,4.79,1.0,"Mar 15, 2033",4.3,5.8,-,4.79,5.8,4.79,USD,"Mar 09, 2026","Mar 09, 2026",2026-05-14
MORGAN STANLEY MTN,Banking,Fixed Income,"19,296,449.75",0.07,"19,296,449.75","18,657,000.00",61747YFG5,US61747YFG52,BNTDVT6,101.75,United States,-,USD,5.73,5.17,1.0,"Jul 21, 2034",5.42,5.82,-,5.13,5.82,5.13,USD,"Jul 21, 2023","Jul 21, 2023",2026-05-14
ORACLE CORPORATION,Technology,Fixed Income,"19,293,902.69",0.07,"19,293,902.69","20,247,000.00",68389XEC5,US68389XEC56,-,93.43,United States,-,USD,12.38,7.36,1.0,"Feb 04, 2066",6.85,12.67,-,7.36,12.67,7.36,USD,"Feb 04, 2026","Feb 04, 2026",2026-05-14
HSBC HOLDINGS PLC FXD-TO-FLT,Banking,Fixed Income,"19,282,453.04",0.07,"19,282,453.04","19,387,000.00",404280FL8,US404280FL88,-,98.66,United Kingdom,-,USD,4.2,4.99,1.0,"Mar 10, 2032",4.67,4.23,-,4.99,4.23,4.99,USD,"Mar 10, 2026","Mar 10, 2026",2026-05-14
BRISTOL-MYERS SQUIBB CO,Consumer Non-Cyclical,Fixed Income,"19,246,948.52",0.07,"19,246,948.52","19,756,000.00",110122EK0,US110122EK02,BPK6XT2,96.19,United States,-,USD,13.31,5.83,1.0,"Feb 22, 2054",5.55,13.64,-,5.83,13.64,5.83,USD,"Feb 22, 2024","Feb 22, 2024",2026-05-14
MORGAN STANLEY,Banking,Fixed Income,"19,227,243.00",0.07,"19,227,243.00","18,572,000.00",61747YFL4,US61747YFL48,BQWR3S9,101.8,United States,-,USD,6.03,5.2,1.0,"Jan 18, 2035",5.47,6.13,-,5.18,6.13,5.18,USD,"Jan 18, 2024","Jan 18, 2024",2026-05-14
AMGEN INC,Consumer Non-Cyclical,Fixed Income,"19,212,462.52",0.07,"19,212,462.52","18,623,000.00",031162DQ0,US031162DQ06,BMTY697,102.14,United States,-,USD,3.33,4.63,1.0,"Mar 02, 2030",5.25,3.39,-,4.61,3.25,4.61,USD,"Mar 02, 2023","Mar 02, 2023",2026-05-14
ALPHABET INC,Technology,Fixed Income,"19,189,036.09",0.07,"19,189,036.09","19,474,000.00",02079KBB2,US02079KBB26,-,95.59,United States,-,USD,15.0,5.98,1.0,"Nov 15, 2075",5.7,15.43,-,5.98,15.43,5.98,USD,"Nov 06, 2025","Nov 06, 2025",2026-05-14
AMAZON.COM INC,Consumer Cyclical,Fixed Income,"19,182,345.46",0.07,"19,182,345.46","21,482,000.00",023135BZ8,US023135BZ81,-,89.29,United States,-,USD,4.65,4.52,1.0,"May 12, 2031",2.1,4.65,-,4.52,4.65,4.52,USD,"May 12, 2021","May 12, 2021",2026-05-14
BANK OF AMERICA CORP (FXD-FRN) MTN,Banking,Fixed Income,"19,139,781.29",0.07,"19,139,781.29","19,213,000.00",060505GQ1,US060505GQ16,-,98.43,United States,-,USD,4.15,4.78,1.0,"Feb 06, 2032",4.46,4.16,-,4.78,4.17,4.78,USD,"Feb 06, 2026","Feb 06, 2026",2026-05-14
CITIBANK NA,Banking,Fixed Income,"19,078,867.66",0.07,"19,078,867.66","18,436,000.00",17325FBP2,US17325FBP27,BVFBKM6,101.26,United States,-,USD,3.54,4.57,1.0,"May 29, 2030",4.91,3.56,-,4.56,3.49,4.56,USD,"May 29, 2025","May 29, 2025",2026-05-14
BANK OF AMERICA CORP,Banking,Fixed Income,"19,025,069.54",0.06,"19,025,069.54","24,704,000.00",06051GJW0,US06051GJW06,BMYDPJ2,76.83,United States,-,USD,10.52,5.6,1.0,"Apr 22, 2042",3.31,11.05,-,5.6,11.05,5.6,USD,"Apr 22, 2021","Apr 22, 2021",2026-05-14
JPMORGAN CHASE & CO,Banking,Fixed Income,"19,003,743.74",0.06,"19,003,743.74","20,564,000.00",46647PBL9,US46647PBL94,-,92.27,United States,-,USD,3.63,4.88,1.0,"Apr 22, 2031",2.52,3.67,-,4.69,3.68,4.69,USD,"Apr 22, 2020","Apr 22, 2020",2026-05-14
GOLDMAN SACHS GROUP INC/THE,Banking,Fixed Income,"18,988,390.55",0.06,"18,988,390.55","17,625,000.00",38141GGM0,US38141GGM06,B920YP3,105.98,United States,-,USD,9.51,5.66,1.0,"Feb 01, 2041",6.25,9.55,-,5.66,9.55,5.66,USD,"Jan 28, 2011","Jan 28, 2011",2026-05-14
CITIGROUP INC,Banking,Fixed Income,"18,932,609.74",0.06,"18,932,609.74","18,890,000.00",17327CAT0,US17327CAT09,-,99.56,United States,-,USD,3.04,4.75,1.0,"Sep 19, 2030",4.54,3.05,-,4.68,3.06,4.68,USD,"Sep 19, 2024","Sep 19, 2024",2026-05-14
CITIGROUP INC (FXD-FRN),Banking,Fixed Income,"18,904,782.07",0.06,"18,904,782.07","18,979,000.00",172967QF1,US172967QF11,-,98.85,United States,-,USD,3.84,4.81,1.0,"Sep 11, 2031",4.5,3.86,-,4.8,3.86,4.8,USD,"Sep 11, 2025","Sep 11, 2025",2026-05-14
MORGAN STANLEY MTN,Banking,Fixed Income,"18,891,684.36",0.06,"18,891,684.36","18,916,000.00",61748UAW2,US61748UAW27,-,99.54,United States,-,USD,4.29,4.91,1.0,"Apr 16, 2032",4.81,4.32,-,4.91,4.32,4.91,USD,"Apr 17, 2026","Apr 17, 2026",2026-05-14
GOLDMAN SACHS GROUP INC/THE,Banking,Fixed Income,"18,841,716.88",0.06,"18,841,716.88","18,391,000.00",38141GB29,US38141GB292,BRC1645,100.92,United States,-,USD,2.87,4.77,1.0,"Jul 23, 2030",5.05,2.88,-,4.73,2.88,4.73,USD,"Jul 23, 2024","Jul 23, 2024",2026-05-14
GOLDMAN SACHS GROUP INC/THE,Banking,Fixed Income,"18,642,862.10",0.06,"18,642,862.10","21,068,000.00",38141GXR0,US38141GXR00,BN11JM7,87.91,United States,-,USD,4.35,4.87,1.0,"Jan 27, 2032",1.99,4.36,-,4.87,4.37,4.87,USD,"Jan 27, 2021","Jan 27, 2021",2026-05-14
ORACLE CORPORATION,Technology,Fixed Income,"18,628,044.10",0.06,"18,628,044.10","20,799,000.00",68389XCE3,US68389XCE31,-,89.19,United States,-,USD,4.44,5.43,1.0,"Mar 25, 2031",2.88,4.42,-,5.43,4.42,5.43,USD,"Mar 24, 2021","Mar 24, 2021",2026-05-14
MORGAN STANLEY MTN,Banking,Fixed Income,"18,628,520.57",0.06,"18,628,520.57","18,073,000.00",61748UAE2,US61748UAE29,-,101.37,United States,-,USD,3.26,4.81,1.0,"Jan 15, 2031",5.23,3.26,-,4.81,3.26,4.81,USD,"Jan 21, 2025","Jan 21, 2025",2026-05-14
HSBC HOLDINGS PLC,Banking,Fixed Income,"18,619,661.13",0.06,"18,619,661.13","20,343,000.00",404280CT4,US404280CT42,-,90.22,United Kingdom,-,USD,4.51,4.99,1.0,"May 24, 2032",2.8,4.53,-,4.99,4.53,4.99,USD,"May 24, 2021","May 24, 2021",2026-05-14
AMAZON.COM INC,Consumer Cyclical,Fixed Income,"18,613,467.04",0.06,"18,613,467.04","18,765,000.00",023135DG8,US023135DG82,-,98.27,United States,-,USD,11.42,5.8,1.0,"Mar 13, 2046",5.65,11.65,-,5.8,11.65,5.8,USD,"Mar 13, 2026","Mar 13, 2026",2026-05-14
PACIFIC GAS AND ELECTRIC COMPANY,Electric,Fixed Income,"18,540,113.82",0.06,"18,540,113.82","21,788,000.00",694308JN8,US694308JN86,BMTC6G8,83.29,United States,-,USD,12.43,6.31,1.0,"Jul 01, 2050",4.95,12.68,-,6.31,12.68,6.31,USD,"Jul 02, 2020","Jul 01, 2020",2026-05-14
T-MOBILE USA INC,Communications,Fixed Income,"18,537,928.10",0.06,"18,537,928.10","18,182,000.00",87264ACY9,US87264ACY91,-,100.32,United States,-,USD,5.82,5.0,1.0,"Jul 15, 2033",5.05,5.87,-,5.0,5.87,5.0,USD,"Feb 09, 2023","Feb 09, 2023",2026-05-14
JPMORGAN CHASE & CO,Banking,Fixed Income,"18,489,959.43",0.06,"18,489,959.43","20,749,000.00",46647PCR5,US46647PCR55,-,89.08,United States,-,USD,4.99,4.83,1.0,"Nov 08, 2032",2.54,5.01,-,4.83,5.01,4.83,USD,"Nov 08, 2021","Nov 08, 2021",2026-05-14
CISCO SYSTEMS INC,Technology,Fixed Income,"18,469,125.68",0.06,"18,469,125.68","18,105,000.00",17275RBT8,US17275RBT86,-,100.94,United States,-,USD,6.27,4.9,1.0,"Feb 26, 2034",5.05,6.32,-,4.9,6.15,4.9,USD,"Feb 26, 2024","Feb 26, 2024",2026-05-14
MORGAN STANLEY PRIVATE BANK NA,Banking,Fixed Income,"18,418,424.31",0.06,"18,418,424.31","18,317,000.00",61776NZW6,US61776NZW63,-,98.41,United States,-,USD,3.98,4.83,1.0,"Nov 19, 2031",4.46,3.95,-,4.83,3.95,4.83,USD,"Nov 19, 2025","Nov 19, 2025",2026-05-14
BROADCOM INC 144A,Technology,Fixed Income,"18,393,352.69",0.06,"18,393,352.69","18,494,000.00",11135FBV2,US11135FBV22,BPCTV84,97.03,United States,-,USD,8.12,5.28,1.0,"May 15, 2037",4.93,8.16,-,5.28,8.16,5.28,USD,"Apr 18, 2022","Apr 18, 2022",2026-05-14
WELLS FARGO & COMPANY MTN,Banking,Fixed Income,"18,368,669.86",0.06,"18,368,669.86","18,432,000.00",95000U2L6,US95000U2L65,-,99.18,United States,-,USD,3.48,5.26,1.0,"Apr 04, 2031",4.48,3.51,-,4.71,3.52,4.71,USD,"Mar 30, 2020","Mar 30, 2020",2026-05-14
NOVARTIS CAPITAL CORP,Consumer Non-Cyclical,Fixed Income,"18,356,462.73",0.06,"18,356,462.73","18,422,000.00",66989HBH0,US66989HBH03,-,98.95,Switzerland,-,USD,5.74,4.78,1.0,"Mar 18, 2033",4.6,5.77,-,4.78,5.77,4.78,USD,"Mar 18, 2026","Mar 18, 2026",2026-05-14
BOEING CO,Capital Goods,Fixed Income,"18,121,337.92",0.06,"18,121,337.92","16,594,000.00",097023DS1,US097023DS12,-,109.0,United States,-,USD,6.17,5.14,1.0,"May 01, 2034",6.53,6.25,-,5.1,6.09,5.1,USD,"Nov 01, 2024","Dec 17, 2024",2026-05-14
META PLATFORMS INC,Communications,Fixed Income,"18,075,592.42",0.06,"18,075,592.42","20,490,000.00",30303M8W5,US30303M8W51,BT3NFK3,86.88,United States,-,USD,13.85,6.48,1.0,"Aug 15, 2064",5.55,14.2,-,6.48,14.2,6.48,USD,"Aug 09, 2024","Aug 09, 2024",2026-05-14
ALPHABET INC,Technology,Fixed Income,"17,939,672.97",0.06,"17,939,672.97","18,074,000.00",02079KAZ0,US02079KAZ03,-,96.49,United States,-,USD,11.31,5.65,1.0,"Nov 15, 2045",5.35,11.53,-,5.65,11.53,5.65,USD,"Nov 06, 2025","Nov 06, 2025",2026-05-14
ALTRIA GROUP INC,Consumer Non-Cyclical,Fixed Income,"17,908,103.95",0.06,"17,908,103.95","18,019,000.00",02209SBF9,US02209SBF92,BJ2W9Y3,97.93,United States,-,USD,11.83,6.12,1.0,"Feb 14, 2049",5.95,12.09,-,6.12,12.09,6.12,USD,"Feb 14, 2019","Feb 14, 2019",2026-05-14
T-MOBILE USA INC,Communications,Fixed Income,"17,904,915.27",0.06,"17,904,915.27","22,190,000.00",87264AAZ8,US87264AAZ84,BN0ZMM1,80.35,United States,-,USD,13.03,6.07,1.0,"Apr 15, 2050",4.5,13.31,-,6.07,13.31,6.07,USD,"Apr 15, 2021","May 21, 2021",2026-05-14
TELEFONICA EMISIONES SAU,Communications,Fixed Income,"17,840,672.84",0.06,"17,840,672.84","15,815,000.00",87938WAC7,US87938WAC73,B170DG6,110.03,Spain,-,USD,7.18,5.72,1.0,"Jun 20, 2036",7.04,7.15,-,5.72,7.15,5.72,USD,"Jun 20, 2006","Jun 20, 2006",2026-05-14
BANK OF AMERICA CORP MTN,Banking,Fixed Income,"17,778,673.41",0.06,"17,778,673.41","20,065,000.00",06051GJL4,US06051GJL41,-,88.51,United States,-,USD,4.15,4.85,1.0,"Oct 24, 2031",1.92,4.17,-,4.82,4.17,4.82,USD,"Oct 21, 2020","Oct 21, 2020",2026-05-14
WALT DISNEY CO,Communications,Fixed Income,"17,771,252.28",0.06,"17,771,252.28","19,015,000.00",254687FX9,US254687FX90,-,92.58,United States,-,USD,4.29,4.42,1.0,"Jan 13, 2031",2.65,4.28,-,4.42,4.28,4.42,USD,"May 13, 2020","May 13, 2020",2026-05-14
MORGAN STANLEY,Banking,Fixed Income,"17,729,296.36",0.06,"17,729,296.36","17,429,000.00",61747YFZ3,US61747YFZ34,-,101.36,United States,-,USD,3.49,4.87,1.0,"Apr 17, 2031",5.19,3.51,-,4.81,3.51,4.81,USD,"Apr 17, 2025","Apr 17, 2025",2026-05-14
BROADCOM INC,Technology,Fixed Income,"17,712,010.83",0.06,"17,712,010.83","17,323,000.00",11135FCM1,US11135FCM14,-,100.56,United States,-,USD,7.07,5.12,1.0,"Jul 15, 2035",5.2,7.11,-,5.12,6.96,5.12,USD,"Jul 11, 2025","Jul 11, 2025",2026-05-14
VERIZON COMMUNICATIONS INC,Communications,Fixed Income,"17,694,294.83",0.06,"17,694,294.83","24,815,000.00",92343VFT6,US92343VFT61,BMWBBK1,70.04,United States,-,USD,11.01,5.71,1.0,"Nov 20, 2040",2.65,11.05,-,5.71,11.05,5.71,USD,"Nov 20, 2020","Nov 20, 2020",2026-05-14
ORACLE CORPORATION,Technology,Fixed Income,"17,650,717.78",0.06,"17,650,717.78","18,352,000.00",68389XCK9,US68389XCK90,BLGXM69,96.12,United States,-,USD,11.59,7.23,1.0,"Nov 09, 2052",6.9,11.82,-,7.23,11.82,7.23,USD,"Nov 09, 2022","Nov 09, 2022",2026-05-14
HONEYWELL AEROSPACE INC 144A,Capital Goods,Fixed Income,"17,640,205.90",0.06,"17,640,205.90","17,795,000.00",43849RAE5,US43849RAE53,-,98.46,United States,-,USD,4.28,4.66,1.0,"Mar 16, 2031",4.3,4.29,-,4.66,4.29,4.66,USD,"Mar 16, 2026","Mar 16, 2026",2026-05-14
SYNOPSYS INC,Technology,Fixed Income,"17,584,753.97",0.06,"17,584,753.97","17,539,000.00",871607AE7,US871607AE70,-,99.67,United States,-,USD,6.98,5.2,1.0,"Apr 01, 2035",5.15,7.01,-,5.2,7.01,5.2,USD,"Mar 17, 2025","Mar 17, 2025",2026-05-14
GOLDMAN SACHS GROUP INC/THE,Banking,Fixed Income,"17,406,469.19",0.06,"17,406,469.19","16,725,000.00",38141GA95,US38141GA955,-,103.8,United States,-,USD,6.21,5.23,1.0,"Apr 25, 2035",5.85,6.32,-,5.23,6.32,5.23,USD,"Apr 25, 2024","Apr 25, 2024",2026-05-14
JPMORGAN CHASE & CO,Banking,Fixed Income,"17,400,476.50",0.06,"17,400,476.50","16,977,000.00",46647PEJ1,US46647PEJ12,BP5DT34,100.97,United States,-,USD,2.87,4.69,1.0,"Jul 22, 2030",5.0,2.88,-,4.66,2.88,4.66,USD,"Jul 22, 2024","Jul 22, 2024",2026-05-14
HSBC HOLDINGS PLC FXD-FLT,Banking,Fixed Income,"17,399,817.43",0.06,"17,399,817.43","17,125,000.00",404280ES4,US404280ES41,-,100.56,United Kingdom,-,USD,6.71,5.36,1.0,"Mar 03, 2036",5.45,6.55,-,5.36,6.86,5.36,USD,"Mar 03, 2025","Mar 03, 2025",2026-05-14
JPMORGAN CHASE & CO,Banking,Fixed Income,"17,288,847.54",0.06,"17,288,847.54","25,246,000.00",46647PCE4,US46647PCE43,BMCPMR7,68.3,United States,-,USD,13.45,5.72,1.0,"Apr 22, 2052",3.33,14.81,-,5.72,14.81,5.72,USD,"Apr 22, 2021","Apr 22, 2021",2026-05-14
ORACLE CORPORATION,Technology,Fixed Income,"17,282,286.93",0.06,"17,282,286.93","16,805,000.00",68389XCJ2,US68389XCJ28,BLGXM47,102.79,United States,-,USD,5.26,5.73,1.0,"Nov 09, 2032",6.25,5.3,-,5.71,5.13,5.71,USD,"Nov 09, 2022","Nov 09, 2022",2026-05-14
BRISTOL-MYERS SQUIBB CO,Consumer Non-Cyclical,Fixed Income,"17,278,856.14",0.06,"17,278,856.14","16,728,000.00",110122EH7,US110122EH72,-,102.14,United States,-,USD,6.23,4.87,1.0,"Feb 22, 2034",5.2,6.29,-,4.86,6.12,4.86,USD,"Feb 22, 2024","Feb 22, 2024",2026-05-14
JPMORGAN CHASE & CO,Banking,Fixed Income,"17,247,598.26",0.06,"17,247,598.26","17,464,000.00",46647PDC7,US46647PDC77,-,98.56,United States,-,USD,5.09,4.94,1.0,"Apr 26, 2033",4.59,5.14,-,4.87,5.14,4.87,USD,"Apr 26, 2022","Apr 26, 2022",2026-05-14
ABBOTT LABORATORIES,Consumer Non-Cyclical,Fixed Income,"17,243,305.98",0.06,"17,243,305.98","17,736,000.00",002824BX7,US002824BX75,-,96.24,United States,-,USD,14.92,5.84,1.0,"Mar 15, 2066",5.6,15.34,-,5.84,15.34,5.84,USD,"Mar 09, 2026","Mar 09, 2026",2026-05-14
JPMORGAN CHASE & CO,Banking,Fixed Income,"17,172,564.46",0.06,"17,172,564.46","16,949,000.00",46647PES1,US46647PES11,-,98.81,United States,-,USD,10.66,5.63,1.0,"Nov 29, 2045",5.53,11.17,-,5.63,11.17,5.63,USD,"Nov 29, 2024","Nov 29, 2024",2026-05-14
INTEL CORPORATION,Technology,Fixed Income,"17,146,756.76",0.06,"17,146,756.76","16,743,000.00",458140CG3,US458140CG35,-,101.08,United States,-,USD,5.52,5.01,1.0,"Feb 10, 2033",5.2,5.57,-,5.0,5.39,5.0,USD,"Feb 10, 2023","Feb 10, 2023",2026-05-14
META PLATFORMS INC,Communications,Fixed Income,"17,119,432.09",0.06,"17,119,432.09","18,250,000.00",30303M8Q8,US30303M8Q83,BQPF8B8,91.05,United States,-,USD,12.54,6.29,1.0,"May 15, 2053",5.6,12.82,-,6.29,12.82,6.29,USD,"May 03, 2023","May 03, 2023",2026-05-14
NOVARTIS CAPITAL CORP,Consumer Non-Cyclical,Fixed Income,"17,024,898.96",0.06,"17,024,898.96","16,828,000.00",66989HBL1,US66989HBL15,-,100.31,Switzerland,-,USD,13.81,5.68,1.0,"Mar 18, 2056",5.7,14.17,-,5.68,14.08,5.68,USD,"Mar 18, 2026","Mar 18, 2026",2026-05-14
BAT CAPITAL CORP,Consumer Non-Cyclical,Fixed Income,"17,018,520.98",0.06,"17,018,520.98","18,513,000.00",05526DBD6,US05526DBD66,BG5QT52,90.87,United Kingdom,-,USD,8.49,5.49,1.0,"Aug 15, 2037",4.39,8.54,-,5.49,8.54,5.49,USD,"Aug 15, 2018","Nov 20, 2018",2026-05-14
CITIGROUP INC,Banking,Fixed Income,"16,965,599.46",0.06,"16,965,599.46","16,763,000.00",17327CBA0,US17327CBA09,-,100.54,United States,-,USD,6.83,5.24,1.0,"Mar 27, 2036",5.33,6.96,-,5.24,6.96,5.24,USD,"Mar 27, 2025","Mar 27, 2025",2026-05-14
KRAFT HEINZ FOODS CO,Consumer Non-Cyclical,Fixed Income,"16,958,473.48",0.06,"16,958,473.48","20,547,000.00",50077LAB2,US50077LAB27,BD7YG30,80.58,United States,-,USD,11.84,6.08,1.0,"Jun 01, 2046",4.38,12.04,-,6.08,12.04,6.08,USD,"May 24, 2016","Aug 19, 2016",2026-05-14
WELLS FARGO & COMPANY MTN,Banking,Fixed Income,"16,957,374.71",0.06,"16,957,374.71","16,624,000.00",95000U3N1,US95000U3N13,-,99.7,United States,-,USD,6.55,5.24,1.0,"Dec 03, 2035",5.21,6.68,-,5.24,6.68,5.24,USD,"Dec 03, 2024","Dec 03, 2024",2026-05-14
ABBVIE INC,Consumer Non-Cyclical,Fixed Income,"16,954,900.16",0.06,"16,954,900.16","19,388,000.00",00287YAM1,US00287YAM12,BCZM189,87.38,United States,-,USD,11.11,5.58,1.0,"Nov 06, 2042",4.4,11.2,-,5.58,11.2,5.58,USD,"May 06, 2013","Aug 05, 2013",2026-05-14
APPLE INC,Technology,Fixed Income,"16,910,111.38",0.06,"16,910,111.38","20,536,000.00",037833AL4,US037833AL42,B8HTMS7,82.26,United States,-,USD,11.66,5.47,1.0,"May 04, 2043",3.85,11.76,-,5.47,11.76,5.47,USD,"May 03, 2013","May 03, 2013",2026-05-14
CITIGROUP INC,Banking,Fixed Income,"16,893,574.75",0.06,"16,893,574.75","17,872,000.00",17308CC53,US17308CC539,BK82405,94.47,United States,-,USD,3.24,4.8,1.0,"Nov 05, 2030",2.98,3.24,-,4.72,3.25,4.72,USD,"Nov 05, 2019","Nov 05, 2019",2026-05-14
VERIZON COMMUNICATIONS INC,Communications,Fixed Income,"16,874,481.97",0.06,"16,874,481.97","25,229,000.00",92343VGC2,US92343VGC28,BNGDW30,66.37,United States,-,USD,15.44,6.02,1.0,"Mar 22, 2061",3.7,15.82,-,6.02,15.82,6.02,USD,"Mar 22, 2021","Mar 22, 2021",2026-05-14
BHP BILLITON FINANCE (USA) LTD,Basic Industry,Fixed Income,"16,804,403.35",0.06,"16,804,403.35","17,794,000.00",055451AV0,US055451AV01,BFD3PF0,93.86,Australia,-,USD,11.11,5.56,1.0,"Sep 30, 2043",5.0,11.23,-,5.56,11.23,5.56,USD,"Sep 30, 2013","Sep 30, 2013",2026-05-14
PNC FINANCIAL SERVICES GROUP INC (,Banking,Fixed Income,"16,804,975.95",0.06,"16,804,975.95","15,158,000.00",693475BU8,US693475BU84,BMCLD16,110.45,United States,-,USD,5.78,5.24,1.0,"Oct 20, 2034",6.88,5.86,-,5.17,5.86,5.17,USD,"Oct 20, 2023","Oct 20, 2023",2026-05-14
BROADCOM INC,Technology,Fixed Income,"16,793,837.62",0.06,"16,793,837.62","16,732,000.00",11135FCB5,US11135FCB58,-,99.32,United States,-,USD,3.38,4.55,1.0,"Feb 15, 2030",4.35,3.39,-,4.55,3.39,4.55,USD,"Oct 02, 2024","Oct 02, 2024",2026-05-14
ORACLE CORPORATION,Technology,Fixed Income,"16,782,668.84",0.06,"16,782,668.84","22,877,000.00",68389XBW4,US68389XBW48,BMD7RZ5,72.95,United States,-,USD,10.07,6.61,1.0,"Apr 01, 2040",3.6,10.07,-,6.61,10.07,6.61,USD,"Apr 01, 2020","Apr 01, 2020",2026-05-14
MORGAN STANLEY,Banking,Fixed Income,"16,784,671.10",0.06,"16,784,671.10","15,279,000.00",617482V92,US617482V925,B7N7040,107.94,United States,-,USD,10.02,5.62,1.0,"Jul 24, 2042",6.38,10.1,-,5.62,10.1,5.62,USD,"Jul 24, 2012","Jul 24, 2012",2026-05-14
CITIGROUP INC (FX-FRN),Banking,Fixed Income,"16,778,750.58",0.06,"16,778,750.58","17,729,000.00",172967NN7,US172967NN71,-,94.06,United States,-,USD,5.14,5.06,1.0,"Mar 17, 2033",3.79,5.12,-,4.99,5.12,4.99,USD,"Mar 17, 2022","Mar 17, 2022",2026-05-14
BP CAPITAL MARKETS AMERICA INC,Energy,Fixed Income,"16,757,604.79",0.06,"16,757,604.79","16,579,000.00",10373QBU3,US10373QBU31,-,99.89,United Kingdom,-,USD,5.59,4.83,1.0,"Feb 13, 2033",4.81,5.64,-,4.83,5.64,4.83,USD,"Feb 13, 2023","Feb 13, 2023",2026-05-14
CITIGROUP INC,Banking,Fixed Income,"16,738,921.41",0.06,"16,738,921.41","15,244,000.00",172967PA3,US172967PA33,BJN59J6,106.76,United States,-,USD,5.15,5.15,1.0,"Nov 17, 2033",6.27,5.2,-,5.04,5.2,5.04,USD,"Nov 17, 2022","Nov 17, 2022",2026-05-14
VERIZON COMMUNICATIONS INC,Communications,Fixed Income,"16,724,731.76",0.06,"16,724,731.76","16,654,000.00",92343VGZ1,US92343VGZ13,-,99.84,United States,-,USD,6.95,5.27,1.0,"Apr 02, 2035",5.25,6.99,-,5.27,6.99,5.27,USD,"Apr 02, 2025","Apr 02, 2025",2026-05-14
BANK OF AMERICA CORP MTN,Banking,Fixed Income,"16,715,224.04",0.06,"16,715,224.04","20,261,000.00",06051GHS1,US06051GHS12,BJMJ632,81.81,United States,-,USD,12.31,5.76,1.0,"Mar 15, 2050",4.33,13.3,-,5.76,13.29,5.76,USD,"Mar 15, 2019","Mar 15, 2019",2026-05-14
LLOYDS BANKING GROUP PLC,Banking,Fixed Income,"16,717,321.13",0.06,"16,717,321.13","15,948,000.00",53944YAX1,US53944YAX13,-,102.82,United Kingdom,-,USD,5.94,5.28,1.0,"Jan 05, 2035",5.68,6.05,-,5.23,6.05,5.23,USD,"Jan 05, 2024","Jan 05, 2024",2026-05-14
HSBC HOLDINGS PLC FXD-TO-FLT MTN,Banking,Fixed Income,"16,699,453.24",0.06,"16,699,453.24","16,393,000.00",404280ER6,US404280ER67,-,100.89,United Kingdom,-,USD,3.38,4.89,1.0,"Mar 03, 2031",5.13,3.39,-,4.87,3.39,4.87,USD,"Mar 03, 2025","Mar 03, 2025",2026-05-14
CITIBANK NA,Banking,Fixed Income,"16,670,004.60",0.06,"16,670,004.60","16,026,000.00",17325FBG2,US17325FBG28,BRJNSN7,103.83,United States,-,USD,6.42,4.98,1.0,"Apr 30, 2034",5.57,6.4,-,4.98,6.35,4.98,USD,"Apr 30, 2024","Apr 30, 2024",2026-05-14
AMAZON.COM INC,Consumer Cyclical,Fixed Income,"16,639,553.37",0.06,"16,639,553.37","16,201,000.00",023135CR5,US023135CR56,BPCPZ13,100.61,United States,-,USD,5.42,4.59,1.0,"Dec 01, 2032",4.7,5.48,-,4.59,5.3,4.59,USD,"Dec 01, 2022","Dec 01, 2022",2026-05-14
MPLX LP,Energy,Fixed Income,"16,599,132.55",0.06,"16,599,132.55","18,361,000.00",55336VAM2,US55336VAM28,BF2PNH5,90.07,United States,-,USD,8.86,5.66,1.0,"Apr 15, 2038",4.5,8.91,-,5.66,8.91,5.66,USD,"Feb 08, 2018","Feb 08, 2018",2026-05-14
HSBC HOLDINGS PLC MTN,Banking,Fixed Income,"16,568,020.03",0.06,"16,568,020.03","16,880,000.00",404280FG9,US404280FG93,-,98.07,United Kingdom,-,USD,7.23,5.37,1.0,"Nov 06, 2036",5.13,7.4,-,5.37,7.4,5.37,USD,"Nov 06, 2025","Nov 06, 2025",2026-05-14
BROADCOM INC 144A,Technology,Fixed Income,"16,526,561.73",0.06,"16,526,561.73","19,414,000.00",11135FBQ3,US11135FBQ37,-,83.56,United States,-,USD,8.45,5.24,1.0,"Nov 15, 2036",3.19,8.45,-,5.24,8.45,5.24,USD,"Sep 30, 2021","Sep 30, 2021",2026-05-14
MORGAN STANLEY MTN,Banking,Fixed Income,"16,496,430.39",0.06,"16,496,430.39","18,140,000.00",61747YEL5,US61747YEL56,BMG9M19,90.03,United States,-,USD,5.03,4.99,1.0,"Jan 21, 2033",2.94,5.07,-,4.99,5.08,4.99,USD,"Jan 24, 2022","Jan 24, 2022",2026-05-14
NOVARTIS CAPITAL CORP,Consumer Non-Cyclical,Fixed Income,"16,479,952.68",0.06,"16,479,952.68","16,475,000.00",66989HBG2,US66989HBG20,-,99.37,Switzerland,-,USD,4.27,4.54,1.0,"Mar 18, 2031",4.4,4.29,-,4.54,4.29,4.54,USD,"Mar 18, 2026","Mar 18, 2026",2026-05-14
BARCLAYS PLC,Banking,Fixed Income,"16,465,434.10",0.06,"16,465,434.10","16,024,000.00",06738ECY9,US06738ECY95,-,101.61,United Kingdom,-,USD,3.34,4.89,1.0,"Feb 25, 2031",5.37,3.36,-,4.89,3.36,4.89,USD,"Feb 25, 2025","Feb 25, 2025",2026-05-14
INTERCONTINENTAL EXCHANGE INC,Brokerage/Asset Managers/Exchanges,Fixed Income,"16,438,680.39",0.06,"16,438,680.39","22,534,000.00",45866FAP9,US45866FAP99,-,72.53,United States,-,USD,11.1,5.43,1.0,"Sep 15, 2040",2.65,11.15,-,5.43,11.15,5.43,USD,"Aug 20, 2020","Aug 20, 2020",2026-05-14
WELLS FARGO & COMPANY,Banking,Fixed Income,"16,435,126.40",0.06,"16,435,126.40","16,847,000.00",949746RF0,US949746RF01,BJTGHH7,95.73,United States,-,USD,10.65,6.0,1.0,"Jan 15, 2044",5.61,10.76,-,6.0,10.76,6.0,USD,"Nov 26, 2013","Feb 04, 2014",2026-05-14
AMAZON.COM INC,Consumer Cyclical,Fixed Income,"16,427,929.35",0.06,"16,427,929.35","25,366,000.00",023135CB0,US023135CB05,BN45045,64.76,United States,-,USD,14.77,5.78,1.0,"May 12, 2051",3.1,15.06,-,5.78,15.06,5.78,USD,"May 12, 2021","May 12, 2021",2026-05-14
BANK OF AMERICA CORP,Banking,Fixed Income,"16,416,879.38",0.06,"16,416,879.38","13,311,000.00",59023VAA8,US59023VAA89,B2RFJL5,119.5,United States,-,USD,7.91,5.51,1.0,"May 14, 2038",7.75,7.92,-,5.51,7.92,5.51,USD,"May 14, 2008","May 14, 2008",2026-05-14
BROADCOM INC,Technology,Fixed Income,"16,376,519.80",0.06,"16,376,519.80","17,868,000.00",11135FCU3,US11135FCU30,BTMP737,91.4,United States,-,USD,6.0,4.9,1.0,"Apr 15, 2033",3.42,6.02,-,4.9,6.02,4.9,USD,"Oct 15, 2025","Oct 21, 2025",2026-05-14
HSBC HOLDINGS PLC,Banking,Fixed Income,"16,365,295.75",0.06,"16,365,295.75","15,289,000.00",404280DV8,US404280DV88,BK81093,105.94,United Kingdom,-,USD,5.42,5.3,1.0,"Mar 09, 2034",6.25,5.5,-,5.21,5.5,5.21,USD,"Mar 09, 2023","Mar 09, 2023",2026-05-14
UNITEDHEALTH GROUP INC,Insurance,Fixed Income,"16,352,266.90",0.06,"16,352,266.90","15,940,000.00",91324PFJ6,US91324PFJ66,BPDY843,100.91,United States,-,USD,6.47,5.01,1.0,"Jul 15, 2034",5.15,6.51,-,5.01,6.34,5.01,USD,"Jul 25, 2024","Jul 25, 2024",2026-05-14
BROADCOM INC,Technology,Fixed Income,"16,348,001.69",0.06,"16,348,001.69","18,147,000.00",11135FCT6,US11135FCT66,BTMP748,89.83,United States,-,USD,6.6,5.04,1.0,"Apr 15, 2034",3.47,6.74,-,5.04,6.74,5.04,USD,"Oct 15, 2025","Oct 21, 2025",2026-05-14
CITIGROUP INC,Banking,Fixed Income,"16,332,218.92",0.06,"16,332,218.92","12,791,000.00",172967EW7,US172967EW71,B3Q88R1,125.04,United States,-,USD,8.43,5.44,1.0,"Jul 15, 2039",8.13,8.46,-,5.44,8.46,5.44,USD,"Jul 23, 2009","Jul 23, 2009",2026-05-14
ABBVIE INC,Consumer Non-Cyclical,Fixed Income,"16,326,990.73",0.06,"16,326,990.73","16,742,000.00",00287YCY3,US00287YCY32,BMWB8H7,96.8,United States,-,USD,7.02,5.0,1.0,"Mar 15, 2035",4.55,7.12,-,5.0,7.12,5.0,USD,"Sep 15, 2020","Nov 17, 2020",2026-05-14
AT&T INC,Communications,Fixed Income,"16,248,103.16",0.06,"16,248,103.16","17,619,000.00",00206RJY9,US00206RJY99,-,90.99,United States,-,USD,4.56,4.78,1.0,"Jun 01, 2031",2.75,4.56,-,4.78,4.56,4.78,USD,"May 28, 2020","May 28, 2020",2026-05-14
EATON CORPORATION,Capital Goods,Fixed Income,"16,197,364.53",0.06,"16,197,364.53","16,376,000.00",278058DZ2,US278058DZ25,-,98.03,United States,-,USD,7.62,5.06,1.0,"Mar 06, 2036",4.8,7.66,-,5.06,7.66,5.06,USD,"Mar 06, 2026","Mar 06, 2026",2026-05-14
TAKEDA PHARMACEUTICAL CO LTD,Consumer Non-Cyclical,Fixed Income,"16,146,627.92",0.06,"16,146,627.92","17,732,000.00",874060AX4,US874060AX48,-,90.82,Japan,-,USD,3.66,4.66,1.0,"Mar 31, 2030",2.05,3.65,-,4.66,3.65,4.66,USD,"Jul 09, 2020","Jul 09, 2020",2026-05-14
REYNOLDS AMERICAN INC,Consumer Non-Cyclical,Fixed Income,"16,110,057.07",0.06,"16,110,057.07","16,319,000.00",761713BB1,US761713BB19,BZ0HGQ3,97.31,United States,-,USD,10.99,6.09,1.0,"Aug 15, 2045",5.85,11.18,-,6.09,11.18,6.09,USD,"Jun 12, 2015","Jun 12, 2015",2026-05-14
JPMORGAN CHASE & CO,Banking,Fixed Income,"16,047,742.19",0.05,"16,047,742.19","15,747,000.00",46647PEY8,US46647PEY88,-,101.63,United States,-,USD,3.5,4.73,1.0,"Apr 22, 2031",5.1,3.53,-,4.65,3.53,4.65,USD,"Apr 22, 2025","Apr 22, 2025",2026-05-14
EXXON MOBIL CORP,Energy,Fixed Income,"16,017,502.26",0.05,"16,017,502.26","22,524,000.00",30231GBM3,US30231GBM33,BLD2032,70.85,United States,-,USD,14.44,5.64,1.0,"Apr 15, 2051",3.45,14.74,-,5.64,14.74,5.64,USD,"Apr 15, 2020","Apr 15, 2020",2026-05-14
COMCAST CORPORATION,Communications,Fixed Income,"16,014,035.06",0.05,"16,014,035.06","16,450,000.00",20030NBH3,US20030NBH35,B92PSY5,95.97,United States,-,USD,5.67,4.97,1.0,"Jan 15, 2033",4.25,5.64,-,4.97,5.64,4.97,USD,"Jan 14, 2013","Jan 14, 2013",2026-05-14
MARSH & MCLENNAN COMPANIES INC,Insurance,Fixed Income,"16,007,919.55",0.05,"16,007,919.55","15,999,000.00",571748CC4,US571748CC43,BL9XNG3,99.26,United States,-,USD,6.97,5.1,1.0,"Mar 15, 2035",5.0,7.01,-,5.1,7.01,5.1,USD,"Nov 08, 2024","Nov 08, 2024",2026-05-14
T-MOBILE USA INC,Communications,Fixed Income,"16,005,054.13",0.05,"16,005,054.13","16,902,000.00",87264ABW4,US87264ABW45,BMW23T7,94.43,United States,-,USD,4.1,4.78,1.0,"Apr 15, 2031",3.5,4.44,-,4.78,4.44,4.78,USD,"Mar 23, 2021","Mar 23, 2021",2026-05-14
CISCO SYSTEMS INC,Technology,Fixed Income,"15,997,255.81",0.05,"15,997,255.81","15,545,000.00",17275RBS0,US17275RBS04,-,101.86,United States,-,USD,4.14,4.51,1.0,"Feb 26, 2031",4.95,4.19,-,4.5,4.06,4.5,USD,"Feb 26, 2024","Feb 26, 2024",2026-05-14
META PLATFORMS INC,Communications,Fixed Income,"15,974,600.78",0.05,"15,974,600.78","20,510,000.00",30303M8J4,US30303M8J41,BMGK096,76.81,United States,-,USD,13.29,6.26,1.0,"Aug 15, 2052",4.45,13.57,-,6.26,13.57,6.26,USD,"Aug 09, 2022","Dec 28, 2022",2026-05-14
BANK OF AMERICA CORP,Banking,Fixed Income,"15,937,602.18",0.05,"15,937,602.18","16,481,000.00",06051GHV4,US06051GHV41,-,95.74,United States,-,USD,2.95,4.68,1.0,"Jul 23, 2030",3.19,2.96,-,4.64,2.96,4.64,USD,"Jul 23, 2019","Jul 23, 2019",2026-05-14
RIO TINTO FINANCE (USA) PLC,Basic Industry,Fixed Income,"15,889,692.74",0.05,"15,889,692.74","15,566,000.00",76720AAS5,US76720AAS50,-,101.29,Australia,-,USD,3.42,4.53,1.0,"Mar 14, 2030",4.88,3.45,-,4.52,3.38,4.52,USD,"Mar 14, 2025","Mar 14, 2025",2026-05-14
HSBC HOLDINGS PLC FXD-FLT,Banking,Fixed Income,"15,884,401.69",0.05,"15,884,401.69","15,304,000.00",404280EW5,US404280EW52,-,101.2,United Kingdom,-,USD,3.46,4.96,1.0,"May 13, 2031",5.24,3.48,-,4.9,3.49,4.9,USD,"May 13, 2025","May 13, 2025",2026-05-14
AT&T INC,Communications,Fixed Income,"15,843,087.95",0.05,"15,843,087.95","22,713,000.00",00206RKA9,US00206RKA94,BMHWV76,68.12,United States,-,USD,13.61,6.16,1.0,"Jun 01, 2051",3.65,13.87,-,6.16,13.87,6.16,USD,"May 28, 2020","May 28, 2020",2026-05-14
ORACLE CORPORATION,Technology,Fixed Income,"15,832,292.10",0.05,"15,832,292.10","18,020,000.00",68389XDP7,US68389XDP78,-,87.11,United States,-,USD,10.63,7.11,1.0,"Sep 26, 2045",5.88,10.77,-,7.11,10.77,7.11,USD,"Sep 26, 2025","Sep 26, 2025",2026-05-14
TRUIST FINANCIAL CORP MTN,Banking,Fixed Income,"15,821,481.35",0.05,"15,821,481.35","15,142,000.00",89788MAS1,US89788MAS17,BMGC3Z9,102.77,United States,-,USD,6.0,5.3,1.0,"Jan 24, 2035",5.71,6.1,-,5.27,6.1,5.27,USD,"Jan 24, 2024","Jan 24, 2024",2026-05-14
EATON CORPORATION,Capital Goods,Fixed Income,"15,809,264.95",0.05,"15,809,264.95","15,970,000.00",278058DX7,US278058DX76,-,98.22,United States,-,USD,4.26,4.61,1.0,"Mar 06, 2031",4.2,4.27,-,4.61,4.27,4.61,USD,"Mar 06, 2026","Mar 06, 2026",2026-05-14
ORACLE CORPORATION,Technology,Fixed Income,"15,794,889.37",0.05,"15,794,889.37","16,421,000.00",68389XEA9,US68389XEA90,-,94.4,United States,-,USD,10.37,7.08,1.0,"Feb 04, 2046",6.55,10.52,-,7.08,10.52,7.08,USD,"Feb 04, 2026","Feb 04, 2026",2026-05-14
SPRINT CAPITAL CORPORATION,Communications,Fixed Income,"15,791,577.91",0.05,"15,791,577.91","13,183,000.00",852060AT9,US852060AT99,2964029,118.4,United States,-,USD,4.65,5.09,1.0,"Mar 15, 2032",8.75,4.63,-,5.09,4.63,5.09,USD,"Mar 14, 2002","Jun 21, 2002",2026-05-14
ABBVIE INC,Consumer Non-Cyclical,Fixed Income,"15,792,169.03",0.05,"15,792,169.03","17,392,000.00",00287YAS8,US00287YAS81,BXC32G7,88.48,United States,-,USD,11.48,5.7,1.0,"May 14, 2045",4.7,11.68,-,5.7,11.68,5.7,USD,"May 14, 2015","May 14, 2015",2026-05-14
AT&T INC,Communications,Fixed Income,"15,749,871.15",0.05,"15,749,871.15","15,732,000.00",00206RGQ9,US00206RGQ92,BG6F4D1,99.07,United States,-,USD,3.33,4.57,1.0,"Feb 15, 2030",4.3,3.4,-,4.57,3.4,4.57,USD,"Aug 15, 2018","Nov 23, 2018",2026-05-14
VERIZON COMMUNICATIONS INC,Communications,Fixed Income,"15,751,001.03",0.05,"15,751,001.03","16,095,000.00",92343VGY4,US92343VGY48,BN2RDG6,96.71,United States,-,USD,6.94,5.25,1.0,"Feb 15, 2035",4.78,6.96,-,5.25,6.96,5.25,USD,"Feb 15, 2025","Apr 16, 2025",2026-05-14
CVS HEALTH CORP,Consumer Non-Cyclical,Fixed Income,"15,719,780.46",0.05,"15,719,780.46","15,165,000.00",126650DY3,US126650DY37,-,101.29,United States,-,USD,5.66,5.08,1.0,"Jun 01, 2033",5.3,5.7,-,5.07,5.53,5.07,USD,"Jun 02, 2023","Jun 02, 2023",2026-05-14
HSBC HOLDINGS PLC FXD-TO-FLT MTN,Banking,Fixed Income,"15,702,634.54",0.05,"15,702,634.54","15,891,000.00",404280FE4,US404280FE46,-,98.74,United Kingdom,-,USD,3.98,4.92,1.0,"Nov 06, 2031",4.62,3.99,-,4.92,4.0,4.92,USD,"Nov 06, 2025","Nov 06, 2025",2026-05-14
HSBC HOLDINGS PLC,Banking,Fixed Income,"15,693,487.78",0.05,"15,693,487.78","14,844,000.00",404280EX3,US404280EX36,-,102.84,United Kingdom,-,USD,6.64,5.4,1.0,"May 13, 2036",5.79,6.79,-,5.39,6.79,5.39,USD,"May 13, 2025","May 13, 2025",2026-05-14
INTERNATIONAL BUSINESS MACHINES CO,Technology,Fixed Income,"15,665,709.95",0.05,"15,665,709.95","19,856,000.00",459200KC4,US459200KC42,BFY97C8,76.81,United States,-,USD,12.69,6.15,1.0,"May 15, 2049",4.25,12.89,-,6.15,12.89,6.15,USD,"May 15, 2019","May 15, 2019",2026-05-14
AMGEN INC,Consumer Non-Cyclical,Fixed Income,"15,639,434.84",0.05,"15,639,434.84","20,044,000.00",031162CR9,US031162CR97,-,77.32,United States,-,USD,10.42,5.52,1.0,"Feb 21, 2040",3.15,10.47,-,5.52,10.47,5.52,USD,"Feb 21, 2020","Feb 21, 2020",2026-05-14
BANK OF AMERICA CORP MTN,Banking,Fixed Income,"15,634,862.57",0.05,"15,634,862.57","17,434,000.00",06051GJF7,US06051GJF72,-,89.11,United States,-,USD,3.91,4.86,1.0,"Jul 23, 2031",1.9,3.92,-,4.79,3.92,4.79,USD,"Jul 23, 2020","Jul 23, 2020",2026-05-14
WELLS FARGO & COMPANY (FXD-FRN) MTN,Banking,Fixed Income,"15,631,301.04",0.05,"15,631,301.04","16,146,000.00",95000U4F7,US95000U4F79,-,95.17,United States,-,USD,10.89,5.79,1.0,"Jan 23, 2047",5.43,11.58,-,5.79,11.58,5.79,USD,"Jan 23, 2026","Jan 23, 2026",2026-05-14
ANHEUSER-BUSCH INBEV WORLDWIDE INC,Consumer Non-Cyclical,Fixed Income,"15,623,995.68",0.05,"15,623,995.68","15,218,000.00",03523TBW7,US03523TBW71,BJ521B1,100.91,Belgium,-,USD,14.03,5.74,1.0,"Jan 23, 2059",5.8,14.41,-,5.74,14.33,5.74,USD,"Jan 23, 2019","Jan 23, 2019",2026-05-14
KROGER CO,Consumer Non-Cyclical,Fixed Income,"15,617,705.60",0.05,"15,617,705.60","15,673,000.00",501044DV0,US501044DV05,-,98.86,United States,-,USD,6.65,5.19,1.0,"Sep 15, 2034",5.0,6.68,-,5.19,6.68,5.19,USD,"Aug 27, 2024","Aug 27, 2024",2026-05-14
WELLS FARGO & COMPANY MTN,Banking,Fixed Income,"15,572,150.43",0.05,"15,572,150.43","15,080,000.00",95000U3P6,US95000U3P60,-,101.69,United States,-,USD,3.28,4.69,1.0,"Jan 24, 2031",5.24,3.28,-,4.69,3.29,4.69,USD,"Jan 24, 2025","Jan 24, 2025",2026-05-14
HOME DEPOT INC,Consumer Cyclical,Fixed Income,"15,563,665.20",0.05,"15,563,665.20","15,255,000.00",437076DE9,US437076DE95,-,100.14,United States,-,USD,6.45,4.93,1.0,"Jun 25, 2034",4.95,6.5,-,4.93,6.5,4.93,USD,"Jun 25, 2024","Jun 25, 2024",2026-05-14
ORACLE CORPORATION,Technology,Fixed Income,"15,554,033.58",0.05,"15,554,033.58","24,103,000.00",68389XCA1,US68389XCA19,BMYLXC5,64.02,United States,-,USD,12.88,7.03,1.0,"Mar 25, 2051",3.95,13.08,-,7.03,13.08,7.03,USD,"Mar 24, 2021","Mar 24, 2021",2026-05-14
ALPHABET INC,Technology,Fixed Income,"15,539,323.73",0.05,"15,539,323.73","15,416,000.00",02079KAW7,US02079KAW71,-,98.68,United States,-,USD,3.97,4.43,1.0,"Nov 15, 2030",4.1,3.98,-,4.43,3.98,4.43,USD,"Nov 06, 2025","Nov 06, 2025",2026-05-14
JPMORGAN CHASE & CO,Banking,Fixed Income,"15,527,748.09",0.05,"15,527,748.09","17,531,000.00",46647PBX3,US46647PBX33,BMGS2T4,88.04,United States,-,USD,4.38,4.79,1.0,"Feb 04, 2032",1.95,4.39,-,4.79,4.39,4.79,USD,"Feb 04, 2021","Feb 04, 2021",2026-05-14
MORGAN STANLEY,Banking,Fixed Income,"15,525,134.80",0.05,"15,525,134.80","18,281,000.00",61747YDY8,US61747YDY86,BVJXZY5,83.67,United States,-,USD,11.77,5.73,1.0,"Jan 27, 2045",4.3,11.91,-,5.73,11.91,5.73,USD,"Jan 27, 2015","Jan 27, 2015",2026-05-14
GILEAD SCIENCES INC,Consumer Non-Cyclical,Fixed Income,"15,506,798.08",0.05,"15,506,798.08","17,308,000.00",375558BD4,US375558BD48,BYMYP35,88.66,United States,-,USD,11.88,5.71,1.0,"Mar 01, 2046",4.75,12.11,-,5.71,12.11,5.71,USD,"Sep 14, 2015","Sep 14, 2015",2026-05-14
EXXON MOBIL CORP,Energy,Fixed Income,"15,495,010.24",0.05,"15,495,010.24","18,549,000.00",30231GBG6,US30231GBG64,BL68H70,82.9,United States,-,USD,13.38,5.64,1.0,"Mar 19, 2050",4.33,13.68,-,5.64,13.68,5.64,USD,"Mar 19, 2020","Mar 19, 2020",2026-05-14
AT&T INC,Communications,Fixed Income,"15,457,385.19",0.05,"15,457,385.19","15,982,000.00",00206RCP5,US00206RCP55,BX2KBF0,94.5,United States,-,USD,7.03,5.27,1.0,"May 15, 2035",4.5,7.09,-,5.27,7.09,5.27,USD,"May 04, 2015","May 04, 2015",2026-05-14
HCA INC,Consumer Non-Cyclical,Fixed Income,"15,454,400.31",0.05,"15,454,400.31","15,011,000.00",404119CT4,US404119CT49,-,102.33,United States,-,USD,4.19,4.91,1.0,"Apr 01, 2031",5.45,4.23,-,4.89,4.11,4.89,USD,"Feb 23, 2024","Feb 23, 2024",2026-05-14
CITIGROUP INC,Banking,Fixed Income,"15,433,329.07",0.05,"15,433,329.07","15,140,000.00",172967NU1,US172967NU15,BPCTMM5,99.65,United States,-,USD,4.99,5.07,1.0,"May 24, 2033",4.91,5.05,-,4.98,5.05,4.98,USD,"May 24, 2022","May 24, 2022",2026-05-14
CISCO SYSTEMS INC,Technology,Fixed Income,"15,391,232.02",0.05,"15,391,232.02","14,440,000.00",17275RAD4,US17275RAD44,B4YDXD6,105.16,United States,-,USD,8.86,5.34,1.0,"Feb 15, 2039",5.9,8.88,-,5.34,8.88,5.34,USD,"Feb 17, 2009","Feb 17, 2009",2026-05-14
GOLDMAN SACHS GROUP INC/THE,Banking,Fixed Income,"15,366,339.16",0.05,"15,366,339.16","15,692,000.00",38141GXH2,US38141GXH28,BLNNX58,97.32,United States,-,USD,3.46,4.57,1.0,"Mar 15, 2030",3.8,3.51,-,4.57,3.51,4.57,USD,"Mar 19, 2020","Mar 19, 2020",2026-05-14
COMCAST CORPORATION,Communications,Fixed Income,"15,366,514.74",0.05,"15,366,514.74","29,211,000.00",20030NDW8,US20030NDW83,BQB4RF6,52.51,United States,-,USD,16.07,6.31,1.0,"Nov 01, 2063",2.99,16.44,-,6.31,16.44,6.31,USD,"May 01, 2022","Jun 06, 2022",2026-05-14
VERIZON COMMUNICATIONS INC,Communications,Fixed Income,"15,357,202.57",0.05,"15,357,202.57","15,131,000.00",92343VHC1,US92343VHC19,-,99.54,United States,-,USD,8.09,5.46,1.0,"Jul 02, 2037",5.4,8.12,-,5.46,8.12,5.46,USD,"Jan 02, 2026","Jan 05, 2026",2026-05-14
VERIZON COMMUNICATIONS INC,Communications,Fixed Income,"15,329,315.72",0.05,"15,329,315.72","17,446,000.00",92343VCK8,US92343VCK89,BXVMD62,86.77,United States,-,USD,11.85,6.0,1.0,"Aug 21, 2046",4.86,12.02,-,6.0,12.02,6.0,USD,"Feb 21, 2015","Mar 11, 2015",2026-05-14
SYNOPSYS INC,Technology,Fixed Income,"15,324,945.93",0.05,"15,324,945.93","15,841,000.00",871607AG2,US871607AG29,-,96.09,United States,-,USD,13.37,5.99,1.0,"Apr 01, 2055",5.7,13.71,-,5.99,13.71,5.99,USD,"Mar 17, 2025","Mar 17, 2025",2026-05-14
FORD MOTOR COMPANY,Consumer Cyclical,Fixed Income,"15,303,681.72",0.05,"15,303,681.72","17,284,000.00",345370DA5,US345370DA55,BPLHQR3,87.73,United States,-,USD,5.09,5.79,1.0,"Feb 12, 2032",3.25,5.06,-,5.79,5.06,5.79,USD,"Nov 12, 2021","Nov 12, 2021",2026-05-14
BROADCOM INC,Technology,Fixed Income,"15,300,801.42",0.05,"15,300,801.42","15,398,000.00",11135FAS0,US11135FAS02,-,97.25,United States,-,USD,5.44,4.8,1.0,"Nov 15, 2032",4.3,5.48,-,4.8,5.48,4.8,USD,"May 08, 2020","Aug 07, 2020",2026-05-14
ELI LILLY AND COMPANY,Consumer Non-Cyclical,Fixed Income,"15,281,398.46",0.05,"15,281,398.46","15,475,000.00",532457DR6,US532457DR63,-,98.75,United States,-,USD,7.81,5.0,1.0,"May 20, 2036",4.85,7.85,-,5.0,7.85,5.0,USD,"May 20, 2026","May 20, 2026",2026-05-14
BANK OF AMERICA CORP MTN,Banking,Fixed Income,"15,268,958.51",0.05,"15,268,958.51","16,075,000.00",06051GFC8,US06051GFC87,BJ3WDS4,93.44,United States,-,USD,11.1,5.59,1.0,"Jan 21, 2044",5.0,11.22,-,5.59,11.22,5.59,USD,"Jan 21, 2014","Jan 21, 2014",2026-05-14
MORGAN STANLEY MTN,Banking,Fixed Income,"15,242,232.39",0.05,"15,242,232.39","13,951,000.00",61747YFJ9,US61747YFJ91,-,109.05,United States,-,USD,5.84,5.2,1.0,"Nov 01, 2034",6.63,5.92,-,5.15,5.92,5.15,USD,"Nov 01, 2023","Nov 01, 2023",2026-05-14
PHILIP MORRIS INTERNATIONAL INC,Consumer Non-Cyclical,Fixed Income,"15,228,428.61",0.05,"15,228,428.61","14,638,000.00",718172DB2,US718172DB29,-,102.73,United States,-,USD,5.5,4.89,1.0,"Feb 15, 2033",5.38,5.57,-,4.88,5.39,4.88,USD,"Feb 15, 2023","Feb 15, 2023",2026-05-14
ORACLE CORPORATION,Technology,Fixed Income,"15,217,925.39",0.05,"15,217,925.39","25,724,000.00",68389XBY0,US68389XBY04,BM5M639,58.72,United States,-,USD,13.87,7.08,1.0,"Apr 01, 2060",3.85,14.16,-,7.08,14.16,7.08,USD,"Apr 01, 2020","Apr 01, 2020",2026-05-14
ALTRIA GROUP INC,Consumer Non-Cyclical,Fixed Income,"15,150,223.09",0.05,"15,150,223.09","14,822,000.00",02209SBE2,US02209SBE28,BJ2WB47,100.8,United States,-,USD,8.74,5.71,1.0,"Feb 14, 2039",5.8,8.83,-,5.71,8.59,5.71,USD,"Feb 14, 2019","Feb 14, 2019",2026-05-14
ANHEUSER-BUSCH INBEV WORLDWIDE INC,Consumer Non-Cyclical,Fixed Income,"15,110,209.19",0.05,"15,110,209.19","14,622,000.00",03523TBU1,US03523TBU16,BJ52177,101.69,Belgium,-,USD,8.87,5.27,1.0,"Jan 23, 2039",5.45,8.97,-,5.26,8.72,5.26,USD,"Jan 23, 2019","Jan 23, 2019",2026-05-14
MORGAN STANLEY MTN,Banking,Fixed Income,"15,112,463.63",0.05,"15,112,463.63","17,369,000.00",6174468X0,US6174468X01,-,86.93,United States,-,USD,4.6,4.88,1.0,"Apr 28, 2032",1.93,4.62,-,4.88,4.62,4.88,USD,"Jan 25, 2021","Jan 25, 2021",2026-05-14
BANCO SANTANDER SA,Banking,Fixed Income,"15,102,780.85",0.05,"15,102,780.85","13,714,000.00",05964HAV7,US05964HAV78,BRF3T49,108.32,Spain,-,USD,5.66,5.51,1.0,"Aug 08, 2033",6.92,5.63,-,5.51,5.63,5.51,USD,"Aug 08, 2023","Aug 08, 2023",2026-05-14
EXXON MOBIL CORP,Energy,Fixed Income,"15,099,087.50",0.05,"15,099,087.50","18,083,000.00",30231GAW2,US30231GAW24,BYYD0G8,82.69,United States,-,USD,12.34,5.57,1.0,"Mar 01, 2046",4.11,12.57,-,5.57,12.57,5.57,USD,"Mar 03, 2016","Mar 03, 2016",2026-05-14
ORACLE CORPORATION,Technology,Fixed Income,"15,090,919.38",0.05,"15,090,919.38","21,875,000.00",68389XBJ3,US68389XBJ37,BYVGRZ8,67.69,United States,-,USD,11.73,7.02,1.0,"Jul 15, 2046",4.0,11.87,-,7.02,11.87,7.02,USD,"Jul 07, 2016","Jul 07, 2016",2026-05-14
BARCLAYS PLC,Banking,Fixed Income,"15,080,142.61",0.05,"15,080,142.61","14,325,000.00",06738ECG8,US06738ECG89,BQYLTG9,105.22,United Kingdom,-,USD,5.56,5.45,1.0,"May 09, 2034",6.22,5.66,-,5.32,5.66,5.32,USD,"May 09, 2023","May 09, 2023",2026-05-14
META PLATFORMS INC,Communications,Fixed Income,"15,068,234.71",0.05,"15,068,234.71","14,698,000.00",30303M8N5,US30303M8N52,-,100.08,United States,-,USD,5.67,4.94,1.0,"May 15, 2033",4.95,5.72,-,4.94,5.72,4.94,USD,"May 03, 2023","May 03, 2023",2026-05-14
TELEFONICA EMISIONES SAU,Communications,Fixed Income,"15,014,141.83",0.05,"15,014,141.83","16,967,000.00",87938WAU7,US87938WAU71,BF04KW8,87.56,Spain,-,USD,11.69,6.29,1.0,"Mar 08, 2047",5.21,11.86,-,6.29,11.86,6.29,USD,"Mar 08, 2017","Mar 08, 2017",2026-05-14
INTEL CORPORATION,Technology,Fixed Income,"15,007,117.51",0.05,"15,007,117.51","15,064,000.00",458140CS7,US458140CS72,-,99.45,United States,-,USD,7.64,5.37,1.0,"May 15, 2036",5.3,7.67,-,5.37,7.67,5.37,USD,"Apr 30, 2026","Apr 30, 2026",2026-05-14
BANK OF AMERICA CORP,Banking,Fixed Income,"15,004,107.89",0.05,"15,004,107.89","14,024,000.00",59022CAJ2,US59022CAJ27,B1P61P1,105.24,United States,-,USD,7.77,5.46,1.0,"Jan 29, 2037",6.11,7.75,-,5.46,7.75,5.46,USD,"Jan 29, 2007","Jan 29, 2007",2026-05-14
ENBRIDGE INC,Energy,Fixed Income,"15,000,041.18",0.05,"15,000,041.18","14,325,000.00",29250NBR5,US29250NBR52,BMW78G4,103.7,Canada,-,USD,5.51,5.05,1.0,"Mar 08, 2033",5.7,5.58,-,5.03,5.4,5.03,USD,"Mar 08, 2023","Mar 08, 2023",2026-05-14
CISCO SYSTEMS INC,Technology,Fixed Income,"14,964,628.79",0.05,"14,964,628.79","14,539,000.00",17275RAF9,US17275RAF91,B596Q94,101.14,United States,-,USD,9.36,5.38,1.0,"Jan 15, 2040",5.5,9.39,-,5.38,9.39,5.38,USD,"Nov 17, 2009","Nov 17, 2009",2026-05-14
GE HEALTHCARE TECHNOLOGIES INC,Consumer Non-Cyclical,Fixed Income,"14,940,924.59",0.05,"14,940,924.59","13,836,000.00",36267VAK9,US36267VAK98,2KLTYQ8,105.2,United States,-,USD,5.2,4.96,1.0,"Nov 22, 2032",5.91,5.27,-,4.93,5.09,4.93,USD,"May 22, 2023","Jun 07, 2023",2026-05-14
AMAZON.COM INC,Consumer Cyclical,Fixed Income,"14,942,439.45",0.05,"14,942,439.45","15,700,000.00",023135CH7,US023135CH74,-,94.88,United States,-,USD,5.2,4.6,1.0,"Apr 13, 2032",3.6,5.23,-,4.6,5.23,4.6,USD,"Apr 13, 2022","Apr 13, 2022",2026-05-14
VERIZON COMMUNICATIONS INC,Communications,Fixed Income,"14,943,106.75",0.05,"14,943,106.75","25,623,000.00",92343VFW9,US92343VFW90,BMXT869,58.22,United States,-,USD,15.82,5.98,1.0,"Oct 30, 2056",2.99,16.14,-,5.98,16.14,5.98,USD,"Apr 30, 2021","May 03, 2021",2026-05-14
WYETH LLC,Consumer Non-Cyclical,Fixed Income,"14,936,651.92",0.05,"14,936,651.92","14,001,000.00",983024AN0,US983024AN02,B1VQ7M4,106.01,United States,-,USD,8.0,5.22,1.0,"Apr 01, 2037",5.95,8.0,-,5.22,8.0,5.22,USD,"Mar 27, 2007","Mar 27, 2007",2026-05-14
SHELL FINANCE US INC,Energy,Fixed Income,"14,915,846.66",0.05,"14,915,846.66","15,142,000.00",822905AN5,US822905AN55,-,98.44,United States,-,USD,4.03,4.51,1.0,"Nov 06, 2030",4.13,4.04,-,4.51,4.04,4.51,USD,"Nov 06, 2025","Nov 06, 2025",2026-05-14
HEWLETT PACKARD ENTERPRISE CO,Technology,Fixed Income,"14,905,255.40",0.05,"14,905,255.40","15,211,000.00",42824CBV0,US42824CBV00,-,97.61,United States,-,USD,6.73,5.35,1.0,"Oct 15, 2034",5.0,6.75,-,5.35,6.75,5.35,USD,"Sep 26, 2024","Sep 26, 2024",2026-05-14
ROGERS COMMUNICATIONS INC,Communications,Fixed Income,"14,903,907.44",0.05,"14,903,907.44","14,833,000.00",775109DF5,US775109DF56,-,99.2,Canada,-,USD,6.18,5.43,1.0,"Feb 15, 2034",5.3,6.21,-,5.43,6.21,5.43,USD,"Feb 09, 2024","Feb 09, 2024",2026-05-14
CHARTER COMMUNICATIONS OPERATING L,Communications,Fixed Income,"14,877,101.03",0.05,"14,877,101.03","17,824,000.00",161175BN3,US161175BN35,BFY3BX9,82.81,United States,-,USD,11.11,7.34,1.0,"Apr 01, 2048",5.75,11.28,-,7.34,11.28,7.34,USD,"Apr 17, 2018","Apr 17, 2018",2026-05-14
BARCLAYS PLC,Banking,Fixed Income,"14,864,387.24",0.05,"14,864,387.24","14,858,000.00",06738ECV5,US06738ECV56,-,99.12,United Kingdom,-,USD,6.43,5.48,1.0,"Sep 10, 2035",5.34,6.58,-,5.47,6.58,5.47,USD,"Sep 10, 2024","Sep 10, 2024",2026-05-14
CITIGROUP INC,Banking,Fixed Income,"14,865,511.29",0.05,"14,865,511.29","17,027,000.00",172967KR1,US172967KR13,BDGLCL2,85.01,United States,-,USD,11.63,6.07,1.0,"May 18, 2046",4.75,11.79,-,6.07,11.79,6.07,USD,"May 18, 2016","May 18, 2016",2026-05-14
WALT DISNEY CO,Communications,Fixed Income,"14,815,725.51",0.05,"14,815,725.51","20,133,000.00",254687FZ4,US254687FZ49,BMDHPZ1,72.4,United States,-,USD,14.02,5.7,1.0,"Jan 13, 2051",3.6,14.31,-,5.7,14.31,5.7,USD,"May 13, 2020","May 13, 2020",2026-05-14
WELLS FARGO & COMPANY,Banking,Fixed Income,"14,812,862.86",0.05,"14,812,862.86","15,789,000.00",94974BFP0,US94974BFP04,BFVGYC1,93.67,United States,-,USD,10.88,5.96,1.0,"Nov 02, 2043",5.38,10.98,-,5.96,10.98,5.96,USD,"Oct 28, 2013","Oct 28, 2013",2026-05-14
EXXON MOBIL CORP,Energy,Fixed Income,"14,793,514.17",0.05,"14,793,514.17","15,851,000.00",30231GBN1,US30231GBN16,BMDSC20,93.13,United States,-,USD,4.08,4.33,1.0,"Oct 15, 2030",2.61,4.1,-,4.33,4.1,4.33,USD,"Apr 15, 2020","Apr 15, 2020",2026-05-14
VERIZON COMMUNICATIONS INC,Communications,Fixed Income,"14,762,412.15",0.05,"14,762,412.15","14,874,000.00",92343VHK3,US92343VHK35,-,96.45,United States,-,USD,13.91,6.24,1.0,"Nov 30, 2065",6.0,14.28,-,6.24,14.28,6.24,USD,"Nov 24, 2025","Nov 24, 2025",2026-05-14
SHELL FINANCE US INC 144A,Energy,Fixed Income,"14,751,273.73",0.05,"14,751,273.73","13,129,000.00",822905AT2,US822905AT26,-,109.75,United States,-,USD,8.58,5.3,1.0,"Dec 15, 2038",6.38,8.6,-,5.3,8.6,5.3,USD,"Jun 15, 2025","Dec 08, 2025",2026-05-14
CHARTER COMMUNICATIONS OPERATING L,Communications,Fixed Income,"14,748,189.70",0.05,"14,748,189.70","20,076,000.00",161175BT0,US161175BT05,BKSVYZ7,72.52,United States,-,USD,11.93,7.24,1.0,"Mar 01, 2050",4.8,12.12,-,7.24,12.12,7.24,USD,"Oct 24, 2019","Oct 24, 2019",2026-05-14
GOLDMAN SACHS GROUP INC/THE,Banking,Fixed Income,"14,736,743.13",0.05,"14,736,743.13","14,721,000.00",38141GB60,US38141GB607,-,99.86,United States,-,USD,3.14,4.75,1.0,"Oct 23, 2030",4.69,3.14,-,4.74,3.14,4.74,USD,"Oct 23, 2024","Oct 23, 2024",2026-05-14
BERKSHIRE HATHAWAY FINANCE CORP,Insurance,Fixed Income,"14,698,815.33",0.05,"14,698,815.33","19,289,000.00",084664DB4,US084664DB47,BNC3CS9,75.59,United States,-,USD,14.23,5.66,1.0,"Mar 15, 2052",3.85,14.54,-,5.66,14.54,5.66,USD,"Mar 15, 2022","Mar 15, 2022",2026-05-14
CHARTER COMMUNICATIONS OPERATING L,Communications,Fixed Income,"14,673,791.79",0.05,"14,673,791.79","18,466,000.00",161175BL7,US161175BL78,BFF9P78,79.3,United States,-,USD,11.16,7.32,1.0,"May 01, 2047",5.38,11.32,-,7.32,11.32,7.32,USD,"Nov 01, 2017","Nov 27, 2017",2026-05-14
SHELL FINANCE US INC,Energy,Fixed Income,"14,653,888.04",0.05,"14,653,888.04","17,323,000.00",822905AA3,US822905AA35,-,84.58,United States,-,USD,12.01,5.72,1.0,"May 11, 2045",4.38,12.16,-,5.72,12.16,5.72,USD,"May 11, 2024","Oct 08, 2024",2026-05-14
HCA INC,Consumer Non-Cyclical,Fixed Income,"14,652,130.19",0.05,"14,652,130.19","15,329,000.00",404119CA5,US404119CA57,BLF2KK7,94.89,United States,-,USD,3.86,4.83,1.0,"Sep 01, 2030",3.5,3.9,-,4.83,3.9,4.83,USD,"Feb 26, 2020","Feb 26, 2020",2026-05-14
AMGEN INC,Consumer Non-Cyclical,Fixed Income,"14,636,584.71",0.05,"14,636,584.71","17,365,000.00",031162BZ2,US031162BZ23,BWTM390,84.15,United States,-,USD,11.89,5.79,1.0,"May 01, 2045",4.4,12.08,-,5.79,12.08,5.79,USD,"May 01, 2015","May 01, 2015",2026-05-14
ORACLE CORPORATION,Technology,Fixed Income,"14,617,214.28",0.05,"14,617,214.28","16,196,000.00",68389XAM7,US68389XAM74,B7FNML7,88.5,United States,-,USD,9.32,6.64,1.0,"Jul 15, 2040",5.38,9.31,-,6.64,9.31,6.64,USD,"Jul 15, 2011","Dec 12, 2011",2026-05-14
BAKER HUGHES HOLDINGS LLC,Energy,Fixed Income,"14,593,651.42",0.05,"14,593,651.42","14,618,000.00",05724BAQ2,US05724BAQ23,-,98.84,United States,-,USD,13.51,5.93,1.0,"Jun 15, 2056",5.85,13.85,-,5.93,13.85,5.93,USD,"Mar 11, 2026","Mar 11, 2026",2026-05-14
CATERPILLAR INC,Capital Goods,Fixed Income,"14,576,740.78",0.05,"14,576,740.78","13,933,000.00",149123CL3,US149123CL34,-,102.06,United States,-,USD,6.92,4.91,1.0,"May 15, 2035",5.2,6.98,-,4.91,6.82,4.91,USD,"May 15, 2025","May 15, 2025",2026-05-14
FIDELITY NATIONAL INFORMATION SERV,Technology,Fixed Income,"14,562,838.84",0.05,"14,562,838.84","14,576,000.00",31620MCE4,US31620MCE49,-,99.08,United States,-,USD,4.22,5.04,1.0,"Mar 10, 2031",4.8,4.22,-,5.04,4.22,5.04,USD,"Mar 10, 2026","Mar 10, 2026",2026-05-14
ABBVIE INC,Consumer Non-Cyclical,Fixed Income,"14,546,851.89",0.05,"14,546,851.89","14,746,000.00",00287YEF2,US00287YEF25,-,97.82,United States,-,USD,5.75,4.78,1.0,"Mar 15, 2033",4.4,5.78,-,4.78,5.78,4.78,USD,"Mar 04, 2026","Mar 04, 2026",2026-05-14
OCCIDENTAL PETROLEUM CORPORATION,Energy,Fixed Income,"14,527,127.66",0.05,"14,527,127.66","13,359,000.00",674599DF9,US674599DF90,BK8VN61,107.72,United States,-,USD,7.55,5.46,1.0,"Sep 15, 2036",6.45,7.54,-,5.46,7.54,5.46,USD,"Sep 15, 2019","Sep 18, 2019",2026-05-14
APPLE INC,Technology,Fixed Income,"14,523,856.37",0.05,"14,523,856.37","18,123,000.00",037833CD0,US037833CD08,BDCWWV9,79.09,United States,-,USD,12.61,5.59,1.0,"Aug 04, 2046",3.85,12.85,-,5.59,12.85,5.59,USD,"Aug 04, 2016","Aug 04, 2016",2026-05-14
MICROSOFT CORPORATION,Technology,Fixed Income,"14,488,549.22",0.05,"14,488,549.22","25,868,000.00",594918CD4,US594918CD48,BM9GFY1,54.81,United States,-,USD,16.81,5.69,1.0,"Jun 01, 2060",2.67,17.19,-,5.69,17.19,5.69,USD,"Jun 01, 2020","Jun 01, 2020",2026-05-14
KROGER CO,Consumer Non-Cyclical,Fixed Income,"14,484,281.93",0.05,"14,484,281.93","15,430,000.00",501044DW8,US501044DW87,-,93.0,United States,-,USD,13.31,6.02,1.0,"Sep 15, 2054",5.5,13.64,-,6.02,13.64,6.02,USD,"Aug 27, 2024","Aug 27, 2024",2026-05-14
BROADCOM INC,Technology,Fixed Income,"14,450,586.06",0.05,"14,450,586.06","14,230,000.00",11135FCK5,US11135FCK57,-,100.06,United States,-,USD,3.69,4.58,1.0,"Jul 15, 2030",4.6,3.71,-,4.58,3.71,4.58,USD,"Jul 11, 2025","Jul 11, 2025",2026-05-14
US BANCORP MTN,Banking,Fixed Income,"14,386,229.07",0.05,"14,386,229.07","13,731,000.00",91159HJR2,US91159HJR21,BRBCTL7,103.05,United States,-,USD,6.0,5.22,1.0,"Jan 23, 2035",5.68,6.1,-,5.19,6.1,5.19,USD,"Jan 23, 2024","Jan 23, 2024",2026-05-14
AT&T INC,Communications,Fixed Income,"14,379,321.40",0.05,"14,379,321.40","18,292,000.00",00206RJZ6,US00206RJZ64,BMHWTV6,77.04,United States,-,USD,10.68,5.81,1.0,"Jun 01, 2041",3.5,10.75,-,5.81,10.75,5.81,USD,"May 28, 2020","May 28, 2020",2026-05-14
ONEOK INC,Energy,Fixed Income,"14,368,852.31",0.05,"14,368,852.31","13,714,000.00",682680BN2,US682680BN20,BMZ6BW5,103.47,United States,-,USD,12.33,6.35,1.0,"Sep 01, 2053",6.63,12.63,-,6.35,12.54,6.35,USD,"Aug 24, 2023","Aug 24, 2023",2026-05-14
AT&T INC,Communications,Fixed Income,"14,364,851.69",0.05,"14,364,851.69","14,589,000.00",00206RNJ7,US00206RNJ76,-,96.89,United States,-,USD,11.13,6.16,1.0,"Apr 30, 2046",5.85,11.35,-,6.16,11.35,6.16,USD,"Feb 05, 2026","Feb 05, 2026",2026-05-14
AMAZON.COM INC,Consumer Cyclical,Fixed Income,"14,362,248.70",0.05,"14,362,248.70","14,302,000.00",023135CT1,US023135CT13,-,98.46,United States,-,USD,3.99,4.48,1.0,"Nov 20, 2030",4.1,4.0,-,4.48,4.0,4.48,USD,"Nov 20, 2025","Nov 20, 2025",2026-05-14
AON NORTH AMERICA INC,Insurance,Fixed Income,"14,353,002.71",0.05,"14,353,002.71","14,705,000.00",03740MAF7,US03740MAF77,BMFF928,96.47,United States,-,USD,13.07,6.01,1.0,"Mar 01, 2054",5.75,13.39,-,6.01,13.39,6.01,USD,"Mar 01, 2024","Mar 01, 2024",2026-05-14
JPMORGAN CHASE & CO,Banking,Fixed Income,"14,354,279.78",0.05,"14,354,279.78","13,931,000.00",46625HJB7,US46625HJB78,B6QKFT9,101.22,United States,-,USD,9.93,5.48,1.0,"Jul 15, 2041",5.6,9.99,-,5.48,9.99,5.48,USD,"Jul 21, 2011","Jul 21, 2011",2026-05-14
VERIZON COMMUNICATIONS INC,Communications,Fixed Income,"14,349,553.15",0.05,"14,349,553.15","14,383,000.00",92343VHG2,US92343VHG23,-,97.43,United States,-,USD,7.36,5.34,1.0,"Jan 15, 2036",5.0,7.38,-,5.34,7.38,5.34,USD,"Nov 24, 2025","Nov 24, 2025",2026-05-14
AMPHENOL CORPORATION,Capital Goods,Fixed Income,"14,350,664.04",0.05,"14,350,664.04","14,747,000.00",032095BA8,US032095BA89,-,96.19,United States,-,USD,7.61,5.12,1.0,"Feb 15, 2036",4.63,7.64,-,5.12,7.64,5.12,USD,"Nov 10, 2025","Nov 10, 2025",2026-05-14
CONOCOPHILLIPS CO,Energy,Fixed Income,"14,335,123.31",0.05,"14,335,123.31","14,012,000.00",20826FBJ4,US20826FBJ49,-,100.78,United States,-,USD,3.27,4.47,1.0,"Jan 15, 2030",4.7,3.3,-,4.46,3.22,4.46,USD,"Dec 05, 2024","Dec 05, 2024",2026-05-14
GOLDMAN SACHS GROUP INC/THE,Banking,Fixed Income,"14,336,087.70",0.05,"14,336,087.70","16,374,000.00",38148YAA6,US38148YAA64,BYZKX58,87.42,United States,-,USD,8.57,5.5,1.0,"Oct 31, 2038",4.02,8.86,-,5.5,8.86,5.5,USD,"Oct 31, 2017","Oct 31, 2017",2026-05-14
DOMINION ENERGY INC,Electric,Fixed Income,"14,293,667.99",0.05,"14,293,667.99","14,923,000.00",25746UDG1,US25746UDG13,BM6KKK7,95.4,United States,-,USD,3.55,4.68,1.0,"Apr 01, 2030",3.38,3.57,-,4.68,3.57,4.68,USD,"Apr 03, 2020","Apr 03, 2020",2026-05-14
META PLATFORMS INC,Communications,Fixed Income,"14,267,001.25",0.05,"14,267,001.25","14,346,000.00",30303MAK8,US30303MAK80,-,99.31,United States,-,USD,13.02,6.35,1.0,"May 15, 2056",6.3,13.34,-,6.35,13.34,6.35,USD,"May 04, 2026","May 04, 2026",2026-05-14
CITIGROUP INC (FXD-FRN),Banking,Fixed Income,"14,264,364.45",0.05,"14,264,364.45","14,165,000.00",172967QA2,US172967QA24,-,100.63,United States,-,USD,3.57,4.84,1.0,"May 07, 2031",4.95,3.58,-,4.78,3.58,4.78,USD,"May 07, 2025","May 07, 2025",2026-05-14
HONEYWELL AEROSPACE INC 144A,Capital Goods,Fixed Income,"14,263,061.48",0.05,"14,263,061.48","14,397,000.00",43849RAF2,US43849RAF29,-,98.35,United States,-,USD,5.73,4.88,1.0,"Mar 16, 2033",4.6,5.76,-,4.88,5.76,4.88,USD,"Mar 16, 2026","Mar 16, 2026",2026-05-14
BARCLAYS PLC,Banking,Fixed Income,"14,259,920.36",0.05,"14,259,920.36","13,831,000.00",06738ECZ6,US06738ECZ60,-,101.86,United Kingdom,-,USD,6.63,5.36,1.0,"Feb 25, 2036",5.79,6.76,-,5.36,6.76,5.36,USD,"Feb 25, 2025","Feb 25, 2025",2026-05-14
VERIZON COMMUNICATIONS INC,Communications,Fixed Income,"14,194,035.46",0.05,"14,194,035.46","14,939,000.00",92343VCQ5,US92343VCQ59,BRXDL34,94.88,United States,-,USD,6.86,5.15,1.0,"Nov 01, 2034",4.4,6.93,-,5.15,6.93,5.15,USD,"Oct 29, 2014","Oct 29, 2014",2026-05-14
ING GROEP NV,Banking,Fixed Income,"14,190,754.62",0.05,"14,190,754.62","14,080,000.00",456837BV4,US456837BV47,-,100.05,Netherlands,-,USD,7.33,5.42,1.0,"Mar 23, 2037",5.42,7.51,-,5.42,7.51,5.42,USD,"Mar 23, 2026","Mar 23, 2026",2026-05-14
CISCO SYSTEMS INC,Technology,Fixed Income,"14,182,207.52",0.05,"14,182,207.52","14,995,000.00",17275RBU5,US17275RBU59,BMG7QR7,93.46,United States,-,USD,13.5,5.77,1.0,"Feb 26, 2054",5.3,13.83,-,5.77,13.83,5.77,USD,"Feb 26, 2024","Feb 26, 2024",2026-05-14
INTEL CORPORATION,Technology,Fixed Income,"14,145,967.20",0.05,"14,145,967.20","14,807,000.00",458140CJ7,US458140CJ73,BMX7HF5,94.08,United States,-,USD,12.74,6.15,1.0,"Feb 10, 2053",5.7,13.04,-,6.15,13.04,6.15,USD,"Feb 10, 2023","Feb 10, 2023",2026-05-14
PNC FINANCIAL SERVICES GROUP INC (,Banking,Fixed Income,"14,133,038.57",0.05,"14,133,038.57","13,365,000.00",693475BJ3,US693475BJ30,-,105.51,United States,-,USD,5.26,5.11,1.0,"Oct 28, 2033",6.04,5.33,-,5.03,5.33,5.03,USD,"Oct 28, 2022","Oct 28, 2022",2026-05-14
ING GROEP NV (FXD-FRN),Banking,Fixed Income,"14,126,605.99",0.05,"14,126,605.99","14,122,000.00",456837BU6,US456837BU63,-,99.38,Netherlands,-,USD,4.22,4.95,1.0,"Mar 23, 2032",4.8,4.26,-,4.95,4.26,4.95,USD,"Mar 23, 2026","Mar 23, 2026",2026-05-14
AMAZON.COM INC,Consumer Cyclical,Fixed Income,"14,122,446.17",0.05,"14,122,446.17","14,403,000.00",023135CU8,US023135CU85,-,97.42,United States,-,USD,5.78,4.79,1.0,"Mar 20, 2033",4.35,5.81,-,4.79,5.81,4.79,USD,"Nov 20, 2025","Nov 20, 2025",2026-05-14
ORACLE CORPORATION,Technology,Fixed Income,"14,106,067.42",0.05,"14,106,067.42","14,461,000.00",68389XDA0,US68389XDA00,-,96.03,United States,-,USD,7.0,6.07,1.0,"Aug 03, 2035",5.5,6.99,-,6.07,6.99,6.07,USD,"Feb 03, 2025","Feb 03, 2025",2026-05-14
ALLY FINANCIAL INC,Banking,Fixed Income,"14,078,719.55",0.05,"14,078,719.55","12,618,000.00",36186CBY8,US36186CBY84,B3LVPV8,111.33,United States,-,USD,4.49,5.57,1.0,"Nov 01, 2031",8.0,4.46,-,5.57,4.46,5.57,USD,"Dec 31, 2008","Dec 31, 2008",2026-05-14
ROYAL BANK OF CANADA (FX-FRN) MTN,Banking,Fixed Income,"14,059,240.17",0.05,"14,059,240.17","13,996,000.00",78017FZT3,US78017FZT38,-,100.14,Canada,-,USD,3.12,4.64,1.0,"Oct 18, 2030",4.65,3.13,-,4.6,3.13,4.6,USD,"Oct 18, 2024","Oct 18, 2024",2026-05-14
CANADIAN PACIFIC RAILWAY COMPANY,Transportation,Fixed Income,"14,048,581.98",0.05,"14,048,581.98","15,668,000.00",13645RBF0,US13645RBF01,-,88.58,Canada,-,USD,5.02,4.82,1.0,"Dec 02, 2031",2.45,5.02,-,4.82,5.02,4.82,USD,"Dec 02, 2021","Dec 02, 2021",2026-05-14
PFIZER INVESTMENT ENTERPRISES PTE,Consumer Non-Cyclical,Fixed Income,"14,012,693.71",0.05,"14,012,693.71","13,648,000.00",716973AD4,US716973AD41,-,100.44,United States,-,USD,3.5,4.53,1.0,"May 19, 2030",4.65,3.55,-,4.53,3.42,4.53,USD,"May 19, 2023","May 19, 2023",2026-05-14
MEDTRONIC INC,Consumer Non-Cyclical,Fixed Income,"14,007,245.45",0.05,"14,007,245.45","14,471,000.00",585055BT2,US585055BT26,BYP6GR9,96.1,United States,-,USD,7.17,4.92,1.0,"Mar 15, 2035",4.38,7.16,-,4.92,7.16,4.92,USD,"Mar 15, 2015","Aug 31, 2015",2026-05-14
JOHNSON & JOHNSON,Consumer Non-Cyclical,Fixed Income,"14,004,188.87",0.05,"14,004,188.87","13,806,000.00",478160BJ2,US478160BJ28,BQY7CZ7,99.53,United States,-,USD,6.13,4.45,1.0,"Dec 05, 2033",4.38,6.26,-,4.45,6.26,4.45,USD,"Dec 05, 2013","Dec 05, 2013",2026-05-14
JPMORGAN CHASE & CO,Banking,Fixed Income,"13,997,099.90",0.05,"13,997,099.90","15,694,000.00",46647PAJ5,US46647PAJ57,BF348B0,88.02,United States,-,USD,8.46,5.29,1.0,"Jul 24, 2038",3.88,8.68,-,5.29,8.68,5.29,USD,"Jul 24, 2017","Jul 24, 2017",2026-05-14
DEUTSCHE BANK AG (NEW YORK BRANCH),Banking,Fixed Income,"13,992,977.24",0.05,"13,992,977.24","13,964,000.00",25160PAS6,US25160PAS65,-,99.81,Germany,-,USD,4.25,5.12,1.0,"Apr 14, 2032",5.06,4.29,-,5.12,4.29,5.12,USD,"Apr 14, 2026","Apr 14, 2026",2026-05-14
T-MOBILE USA INC,Communications,Fixed Income,"13,973,042.41",0.05,"13,973,042.41","21,258,000.00",87264ABN4,US87264ABN46,BN303Z3,64.93,United States,-,USD,14.12,6.05,1.0,"Feb 15, 2051",3.3,14.38,-,6.05,14.38,6.05,USD,"Feb 15, 2021","May 21, 2021",2026-05-14
AT&T INC,Communications,Fixed Income,"13,969,903.62",0.05,"13,969,903.62","14,225,000.00",00206RNK4,US00206RNK40,-,96.59,United States,-,USD,13.04,6.25,1.0,"Apr 30, 2056",6.0,13.36,-,6.25,13.36,6.25,USD,"Feb 05, 2026","Feb 05, 2026",2026-05-14
INTEL CORPORATION,Technology,Fixed Income,"13,911,611.22",0.05,"13,911,611.22","13,941,000.00",458140CU2,US458140CU29,-,99.58,United States,-,USD,13.27,6.16,1.0,"May 15, 2056",6.13,13.6,-,6.16,13.6,6.16,USD,"Apr 30, 2026","Apr 30, 2026",2026-05-14
META PLATFORMS INC,Communications,Fixed Income,"13,904,781.03",0.05,"13,904,781.03","13,906,000.00",30303MAJ1,US30303MAJ18,-,99.85,United States,-,USD,11.13,6.21,1.0,"May 15, 2046",6.2,11.35,-,6.21,11.35,6.21,USD,"May 04, 2026","May 04, 2026",2026-05-14
HSBC HOLDINGS PLC,Banking,Fixed Income,"13,900,359.60",0.05,"13,900,359.60","15,289,000.00",404280CY3,US404280CY37,BMWK7Q6,89.56,United Kingdom,-,USD,4.88,5.06,1.0,"Nov 22, 2032",2.87,4.92,-,5.06,4.92,5.06,USD,"Nov 22, 2021","Nov 22, 2021",2026-05-14
BARCLAYS PLC,Banking,Fixed Income,"13,872,954.48",0.05,"13,872,954.48","12,701,000.00",06738ECL7,US06738ECL74,BP6L2R2,108.13,United Kingdom,-,USD,5.67,5.42,1.0,"Sep 13, 2034",6.69,5.77,-,5.34,5.77,5.34,USD,"Sep 13, 2023","Sep 13, 2023",2026-05-14
UNITEDHEALTH GROUP INC,Insurance,Fixed Income,"13,807,229.03",0.05,"13,807,229.03","15,855,000.00",91324PEK4,US91324PEK49,BNKBV00,84.75,United States,-,USD,13.15,5.9,1.0,"May 15, 2052",4.75,13.45,-,5.9,13.45,5.9,USD,"May 20, 2022","May 20, 2022",2026-05-14
GOLDMAN SACHS GROUP INC/THE,Banking,Fixed Income,"13,801,266.51",0.05,"13,801,266.51","14,825,000.00",38148LAF3,US38148LAF31,BY58YT3,90.66,United States,-,USD,11.19,5.98,1.0,"May 22, 2045",5.15,11.33,-,5.98,11.33,5.98,USD,"May 22, 2015","May 22, 2015",2026-05-14
EOG RESOURCES INC,Energy,Fixed Income,"13,802,454.04",0.05,"13,802,454.04","13,755,000.00",26875PBB6,US26875PBB67,-,98.91,United States,-,USD,4.11,4.66,1.0,"Jan 15, 2031",4.4,4.12,-,4.66,4.12,4.66,USD,"Nov 24, 2025","Nov 24, 2025",2026-05-14
CITIGROUP INC,Banking,Fixed Income,"13,753,617.36",0.05,"13,753,617.36","15,709,000.00",172967LU3,US172967LU33,BFMTXQ6,86.39,United States,-,USD,8.67,5.44,1.0,"Jan 24, 2039",3.88,8.95,-,5.44,8.94,5.44,USD,"Jan 24, 2018","Jan 24, 2018",2026-05-14
HSBC HOLDINGS PLC FXD-TO-FLT,Banking,Fixed Income,"13,747,140.24",0.05,"13,747,140.24","13,213,000.00",404280EN5,US404280EN53,-,101.5,United Kingdom,-,USD,3.09,4.79,1.0,"Nov 19, 2030",5.29,3.1,-,4.79,3.11,4.79,USD,"Nov 19, 2024","Nov 19, 2024",2026-05-14
UNITEDHEALTH GROUP INC,Insurance,Fixed Income,"13,740,116.58",0.05,"13,740,116.58","14,054,000.00",91324PFM9,US91324PFM95,BPDY809,95.9,United States,-,USD,14.32,6.03,1.0,"Jul 15, 2064",5.75,14.7,-,6.03,14.7,6.03,USD,"Jul 25, 2024","Jul 25, 2024",2026-05-14
SYSCO CORPORATION,Consumer Non-Cyclical,Fixed Income,"13,740,816.00",0.05,"13,740,816.00","13,142,000.00",871829BL0,US871829BL07,BM5M5P4,103.88,United States,-,USD,3.31,4.84,1.0,"Apr 01, 2030",5.95,3.43,-,4.78,3.23,4.78,USD,"Apr 02, 2020","Apr 02, 2020",2026-05-14
GENERAL DYNAMICS CORPORATION,Capital Goods,Fixed Income,"13,737,652.01",0.05,"13,737,652.01","14,124,000.00",369550BM9,US369550BM97,-,96.85,United States,-,USD,3.52,4.52,1.0,"Apr 01, 2030",3.63,3.56,-,4.52,3.56,4.52,USD,"Mar 25, 2020","Mar 25, 2020",2026-05-14
TRUIST FINANCIAL CORP MTN,Banking,Fixed Income,"13,739,390.78",0.05,"13,739,390.78","12,906,000.00",89788MAP7,US89788MAP77,BRBD998,103.95,United States,-,USD,5.54,5.28,1.0,"Jun 08, 2034",5.87,5.63,-,5.19,5.63,5.19,USD,"Jun 08, 2023","Jun 08, 2023",2026-05-14
HCA INC,Consumer Non-Cyclical,Fixed Income,"13,705,789.51",0.05,"13,705,789.51","15,120,000.00",404119BZ1,US404119BZ18,BKKDGY4,88.5,United States,-,USD,12.08,6.19,1.0,"Jun 15, 2049",5.25,12.33,-,6.19,12.33,6.19,USD,"Jun 12, 2019","Jun 12, 2019",2026-05-14
META PLATFORMS INC,Communications,Fixed Income,"13,706,551.37",0.05,"13,706,551.37","13,888,000.00",30303MAL6,US30303MAL63,-,98.55,United States,-,USD,13.75,6.55,1.0,"May 15, 2066",6.45,14.12,-,6.55,14.12,6.55,USD,"May 04, 2026","May 04, 2026",2026-05-14
BROADCOM INC,Technology,Fixed Income,"13,660,697.74",0.05,"13,660,697.74","15,568,000.00",11135FCR0,US11135FCR01,2N3CFX0,87.12,United States,-,USD,6.01,4.86,1.0,"Feb 15, 2033",2.6,6.01,-,4.86,6.01,4.86,USD,"Aug 15, 2025","Oct 17, 2025",2026-05-14
INTEL CORPORATION,Technology,Fixed Income,"13,645,471.16",0.05,"13,645,471.16","14,484,000.00",458140BH2,US458140BH27,-,93.01,United States,-,USD,3.26,4.63,1.0,"Nov 15, 2029",2.45,3.26,-,4.63,3.26,4.63,USD,"Nov 21, 2019","Nov 21, 2019",2026-05-14
AT&T INC,Communications,Fixed Income,"13,635,869.06",0.05,"13,635,869.06","13,807,000.00",00206RNN8,US00206RNN88,-,98.59,United States,-,USD,7.91,5.44,1.0,"Oct 30, 2036",5.25,7.93,-,5.44,7.93,5.44,USD,"Apr 30, 2026","Apr 30, 2026",2026-05-14
RIO TINTO FINANCE (USA) PLC,Basic Industry,Fixed Income,"13,635,951.14",0.05,"13,635,951.14","13,431,000.00",76720AAV8,US76720AAV89,BV6KMB5,100.6,Australia,-,USD,13.55,5.72,1.0,"Mar 14, 2055",5.75,13.91,-,5.72,13.81,5.72,USD,"Mar 14, 2025","Mar 14, 2025",2026-05-14
ABBOTT LABORATORIES,Consumer Non-Cyclical,Fixed Income,"13,633,162.82",0.05,"13,633,162.82","13,719,000.00",002824BG4,US002824BG43,BYVQ5V0,97.24,United States,-,USD,7.92,5.09,1.0,"Nov 30, 2036",4.75,8.0,-,5.09,8.0,5.09,USD,"Nov 22, 2016","Nov 22, 2016",2026-05-14
SALESFORCE INC,Technology,Fixed Income,"13,630,225.60",0.05,"13,630,225.60","13,555,000.00",79466LAV6,US79466LAV62,-,99.51,United States,-,USD,10.81,6.46,1.0,"Mar 15, 2046",6.4,11.0,-,6.46,11.0,6.46,USD,"Mar 13, 2026","Mar 13, 2026",2026-05-14
BAKER HUGHES HOLDINGS LLC,Energy,Fixed Income,"13,606,066.46",0.05,"13,606,066.46","13,755,000.00",05724BAP4,US05724BAP40,-,98.07,United States,-,USD,7.72,5.25,1.0,"Jun 15, 2036",5.0,7.75,-,5.25,7.75,5.25,USD,"Mar 11, 2026","Mar 11, 2026",2026-05-14
ENERGY TRANSFER OPERATING LP,Energy,Fixed Income,"13,588,552.79",0.05,"13,588,552.79","15,759,000.00",29278NAR4,US29278NAR44,BL3BQC0,83.77,United States,-,USD,12.26,6.32,1.0,"May 15, 2050",5.0,12.52,-,6.32,12.52,6.32,USD,"Jan 22, 2020","Jan 22, 2020",2026-05-14
COMCAST CORPORATION,Communications,Fixed Income,"13,583,169.27",0.05,"13,583,169.27","14,427,000.00",20030NDA6,US20030NDA63,-,93.41,United States,-,USD,3.45,4.6,1.0,"Feb 01, 2030",2.65,3.45,-,4.6,3.45,4.6,USD,"Nov 05, 2019","Nov 05, 2019",2026-05-14
PAYCHEX INC,Technology,Fixed Income,"13,564,871.83",0.05,"13,564,871.83","13,393,000.00",704326AB3,US704326AB35,-,100.88,United States,-,USD,4.98,5.17,1.0,"Apr 15, 2032",5.35,5.01,-,5.17,4.89,5.17,USD,"Apr 10, 2025","Apr 10, 2025",2026-05-14
BARCLAYS PLC,Banking,Fixed Income,"13,562,433.23",0.05,"13,562,433.23","12,124,000.00",06738ECE3,US06738ECE32,BQXQCP5,111.66,United Kingdom,-,USD,5.12,5.5,1.0,"Nov 02, 2033",7.44,5.18,-,5.29,5.18,5.29,USD,"Nov 02, 2022","Nov 02, 2022",2026-05-14
BROADCOM INC,Technology,Fixed Income,"13,542,442.22",0.05,"13,542,442.22","13,908,000.00",11135FCX7,US11135FCX78,-,96.19,United States,-,USD,8.64,5.34,1.0,"Feb 15, 2038",4.9,8.67,-,5.34,8.67,5.34,USD,"Sep 29, 2025","Sep 29, 2025",2026-05-14
CHARTER COMMUNICATIONS OPERATING L,Communications,Fixed Income,"13,532,474.32",0.05,"13,532,474.32","12,827,000.00",161175CR3,US161175CR30,-,102.57,United States,-,USD,6.03,6.14,1.0,"Jun 01, 2034",6.55,6.05,-,6.13,5.9,6.13,USD,"May 14, 2024","May 14, 2024",2026-05-14
UNITEDHEALTH GROUP INC,Insurance,Fixed Income,"13,517,986.74",0.05,"13,517,986.74","13,439,000.00",91324PES7,US91324PES74,BLBRZR8,99.17,United States,-,USD,12.85,5.94,1.0,"Feb 15, 2053",5.88,13.17,-,5.94,13.17,5.94,USD,"Oct 28, 2022","Oct 28, 2022",2026-05-14
META PLATFORMS INC,Communications,Fixed Income,"13,498,256.66",0.05,"13,498,256.66","13,578,000.00",30303MAH5,US30303MAH51,-,99.3,United States,-,USD,7.66,5.34,1.0,"May 15, 2036",5.25,7.69,-,5.34,7.69,5.34,USD,"May 04, 2026","May 04, 2026",2026-05-14
BANK OF AMERICA CORP MTN,Banking,Fixed Income,"13,491,978.83",0.05,"13,491,978.83","13,240,000.00",06051GMW6,US06051GMW68,-,101.86,United States,-,USD,6.92,5.21,1.0,"May 09, 2036",5.46,7.06,-,5.2,7.05,5.2,USD,"May 09, 2025","May 09, 2025",2026-05-14
ENERGY TRANSFER LP,Energy,Fixed Income,"13,485,484.72",0.05,"13,485,484.72","13,590,000.00",29279FAA7,US29279FAA75,BJCYMJ5,98.76,United States,-,USD,11.72,6.35,1.0,"Apr 15, 2049",6.25,11.97,-,6.35,11.97,6.35,USD,"Jan 15, 2019","Jan 15, 2019",2026-05-14
FORD MOTOR CREDIT COMPANY LLC,Consumer Cyclical,Fixed Income,"13,483,739.29",0.05,"13,483,739.29","13,481,000.00",345397J61,US345397J614,-,99.12,United States,-,USD,4.23,5.64,1.0,"Apr 09, 2031",5.42,4.22,-,5.64,4.22,5.64,USD,"Mar 12, 2026","Mar 12, 2026",2026-05-14
HSBC HOLDINGS PLC,Banking,Fixed Income,"13,484,440.55",0.05,"13,484,440.55","13,532,000.00",404280CC1,US404280CC17,BK5JGQ9,97.77,United Kingdom,-,USD,2.75,4.95,1.0,"May 22, 2030",3.97,2.76,-,4.77,2.76,4.77,USD,"May 22, 2019","May 22, 2019",2026-05-14
NATWEST GROUP PLC,Banking,Fixed Income,"13,479,315.94",0.05,"13,479,315.94","13,054,000.00",639057AV0,US639057AV00,-,100.86,United Kingdom,-,USD,3.5,4.87,1.0,"May 23, 2031",5.12,3.52,-,4.87,3.52,4.87,USD,"May 23, 2025","May 23, 2025",2026-05-14
UNITEDHEALTH GROUP INC,Insurance,Fixed Income,"13,471,736.55",0.05,"13,471,736.55","15,057,000.00",91324PCR1,US91324PCR10,BYTRVP1,87.93,United States,-,USD,11.62,5.8,1.0,"Jul 15, 2045",4.75,11.77,-,5.8,11.77,5.8,USD,"Jul 23, 2015","Jul 23, 2015",2026-05-14
UBS GROUP AG,Banking,Fixed Income,"13,455,848.10",0.05,"13,455,848.10","14,598,000.00",902613AY4,US902613AY48,2K8Y9P0,89.78,Switzerland,-,USD,11.41,5.77,1.0,"May 15, 2045",4.88,11.56,-,5.77,11.56,5.77,USD,"Nov 15, 2015","Jan 14, 2016",2026-05-14
JPMORGAN CHASE & CO,Banking,Fixed Income,"13,453,297.12",0.05,"13,453,297.12","13,374,000.00",48126BAA1,US48126BAA17,B7FRRL4,98.7,United States,-,USD,10.17,5.52,1.0,"Jan 06, 2042",5.4,10.24,-,5.52,10.24,5.52,USD,"Dec 22, 2011","Dec 22, 2011",2026-05-14
LLOYDS BANKING GROUP PLC,Banking,Fixed Income,"13,453,375.62",0.05,"13,453,375.62","13,359,000.00",53944YAU7,US53944YAU73,BPW6S28,99.45,United Kingdom,-,USD,5.18,5.2,1.0,"Aug 11, 2033",4.98,5.24,-,5.08,5.24,5.08,USD,"Aug 11, 2022","Aug 11, 2022",2026-05-14
VERIZON COMMUNICATIONS INC,Communications,Fixed Income,"13,455,365.90",0.05,"13,455,365.90","21,723,000.00",92343VFU3,US92343VFU35,BMWBBL2,60.57,United States,-,USD,14.46,5.95,1.0,"Nov 20, 2050",2.88,14.71,-,5.95,14.71,5.95,USD,"Nov 20, 2020","Nov 20, 2020",2026-05-14
ORACLE CORPORATION,Technology,Fixed Income,"13,434,631.44",0.05,"13,434,631.44","16,326,000.00",68389XCQ6,US68389XCQ60,BMWS9B9,80.81,United States,-,USD,11.97,7.17,1.0,"Feb 06, 2053",5.55,12.2,-,7.17,12.2,7.17,USD,"Feb 06, 2023","Feb 06, 2023",2026-05-14
ABBVIE INC,Consumer Non-Cyclical,Fixed Income,"13,430,494.54",0.05,"13,430,494.54","15,381,000.00",00287YAW9,US00287YAW93,BYP8MQ6,85.12,United States,-,USD,11.93,5.71,1.0,"May 14, 2046",4.45,12.16,-,5.71,12.16,5.71,USD,"May 12, 2016","May 12, 2016",2026-05-14
BERKSHIRE HATHAWAY ENERGY CO,Electric,Fixed Income,"13,423,848.90",0.05,"13,423,848.90","12,485,000.00",59562VAM9,US59562VAM90,B1FTHZ2,106.82,United States,-,USD,7.42,5.23,1.0,"Apr 01, 2036",6.13,7.41,-,5.23,7.41,5.23,USD,"Oct 01, 2006","Oct 16, 2006",2026-05-14
CHARTER COMMUNICATIONS OPERATING L,Communications,Fixed Income,"13,424,297.71",0.05,"13,424,297.71","13,431,000.00",161175AZ7,US161175AZ73,BZ06JT4,99.61,United States,-,USD,6.94,6.44,1.0,"Oct 23, 2035",6.38,6.98,-,6.44,6.98,6.44,USD,"Oct 23, 2016","Dec 01, 2016",2026-05-14
BARCLAYS PLC,Banking,Fixed Income,"13,411,535.11",0.05,"13,411,535.11","13,268,000.00",06738ECU7,US06738ECU73,-,100.23,United Kingdom,-,USD,2.98,4.94,1.0,"Sep 10, 2030",4.94,3.01,-,4.86,3.01,4.86,USD,"Sep 10, 2024","Sep 10, 2024",2026-05-14
AT&T INC,Communications,Fixed Income,"13,380,524.88",0.05,"13,380,524.88","13,763,000.00",00206RNC2,US00206RNC24,BSD2RF2,97.07,United States,-,USD,7.42,5.3,1.0,"Nov 01, 2035",4.9,7.45,-,5.3,7.45,5.3,USD,"Sep 24, 2025","Sep 24, 2025",2026-05-14
PNC FINANCIAL SERVICES GROUP INC (,Banking,Fixed Income,"13,376,718.55",0.05,"13,376,718.55","13,377,000.00",693475CA1,US693475CA12,-,99.72,United States,-,USD,4.69,4.88,1.0,"Oct 21, 2032",4.81,4.72,-,4.87,4.72,4.87,USD,"Oct 21, 2024","Oct 21, 2024",2026-05-14
INTERNATIONAL BUSINESS MACHINES CO,Technology,Fixed Income,"13,371,385.08",0.05,"13,371,385.08","15,149,000.00",459200KB6,US459200KB68,BK5CT25,86.23,United States,-,USD,9.42,5.66,1.0,"May 15, 2039",4.15,9.43,-,5.66,9.43,5.66,USD,"May 15, 2019","May 15, 2019",2026-05-14
APPLE INC,Technology,Fixed Income,"13,361,407.47",0.05,"13,361,407.47","21,901,000.00",037833EF3,US037833EF38,BKP9GX6,60.32,United States,-,USD,15.2,5.65,1.0,"Feb 08, 2051",2.65,15.47,-,5.65,15.47,5.65,USD,"Feb 08, 2021","Feb 08, 2021",2026-05-14
MORGAN STANLEY,Banking,Fixed Income,"13,338,524.67",0.05,"13,338,524.67","15,791,000.00",61746BEG7,US61746BEG77,BYM4WR8,83.13,United States,-,USD,12.32,5.78,1.0,"Jan 22, 2047",4.38,12.51,-,5.78,12.51,5.78,USD,"Jan 20, 2017","Jan 20, 2017",2026-05-14
TORONTO-DOMINION BANK/THE MTN,Banking,Fixed Income,"13,339,143.76",0.05,"13,339,143.76","13,319,000.00",89115A2E1,US89115A2E11,-,98.25,Canada,-,USD,5.17,4.79,1.0,"Jun 08, 2032",4.46,5.15,-,4.79,5.15,4.79,USD,"Jun 08, 2022","Jun 08, 2022",2026-05-14
VISA INC,Technology,Fixed Income,"13,316,659.54",0.05,"13,316,659.54","13,726,000.00",92826CAE2,US92826CAE21,BYPHG16,95.31,United States,-,USD,7.55,4.76,1.0,"Dec 14, 2035",4.15,7.64,-,4.76,7.64,4.76,USD,"Dec 14, 2015","Dec 14, 2015",2026-05-14
WELLS FARGO & COMPANY MTN,Banking,Fixed Income,"13,309,270.72",0.05,"13,309,270.72","14,936,000.00",94974BGQ7,US94974BGQ77,BYQ29R7,86.73,United States,-,USD,11.4,6.07,1.0,"Nov 17, 2045",4.9,11.55,-,6.07,11.55,6.07,USD,"Nov 17, 2015","Nov 17, 2015",2026-05-14
ALTRIA GROUP INC,Consumer Non-Cyclical,Fixed Income,"13,308,801.55",0.05,"13,308,801.55","14,049,000.00",02209SAR4,US02209SAR40,BG3KW02,93.21,United States,-,USD,10.79,6.0,1.0,"Jan 31, 2044",5.38,10.89,-,6.0,10.89,6.0,USD,"Oct 31, 2013","Oct 31, 2013",2026-05-14
UNITEDHEALTH GROUP INC,Insurance,Fixed Income,"13,289,181.93",0.05,"13,289,181.93","12,778,000.00",91324PER9,US91324PER91,-,102.71,United States,-,USD,5.51,4.87,1.0,"Feb 15, 2033",5.35,5.57,-,4.86,5.39,4.86,USD,"Oct 28, 2022","Oct 28, 2022",2026-05-14
VERIZON COMMUNICATIONS INC,Communications,Fixed Income,"13,289,794.19",0.05,"13,289,794.19","13,564,000.00",92343VEA8,US92343VEA89,BF22PM5,96.83,United States,-,USD,6.04,5.03,1.0,"Aug 10, 2033",4.5,6.02,-,5.03,6.02,5.03,USD,"Aug 10, 2017","Aug 10, 2017",2026-05-14
BRISTOL-MYERS SQUIBB CO,Consumer Non-Cyclical,Fixed Income,"13,285,550.71",0.05,"13,285,550.71","14,679,000.00",110122CQ9,US110122CQ99,BMWV9D0,88.82,United States,-,USD,9.52,5.32,1.0,"Jun 15, 2039",4.13,9.6,-,5.32,9.6,5.32,USD,"Jun 15, 2020","Jul 15, 2020",2026-05-14
UNITEDHEALTH GROUP INC,Insurance,Fixed Income,"13,268,672.85",0.05,"13,268,672.85","12,941,000.00",91324PFH0,US91324PFH01,-,100.92,United States,-,USD,4.79,4.76,1.0,"Jan 15, 2032",4.95,4.83,-,4.76,4.7,4.76,USD,"Jul 25, 2024","Jul 25, 2024",2026-05-14
HALLIBURTON COMPANY,Energy,Fixed Income,"13,266,585.05",0.05,"13,266,585.05","14,384,000.00",406216BK6,US406216BK61,BYNR4N6,89.77,United States,-,USD,11.39,5.89,1.0,"Nov 15, 2045",5.0,11.59,-,5.89,11.59,5.89,USD,"Nov 13, 2015","Nov 13, 2015",2026-05-14
AMAZON.COM INC,Consumer Cyclical,Fixed Income,"13,216,849.97",0.05,"13,216,849.97","14,700,000.00",023135BS4,US023135BS49,-,89.25,United States,-,USD,3.84,4.42,1.0,"Jun 03, 2030",1.5,3.83,-,4.42,3.83,4.42,USD,"Jun 03, 2020","Jun 03, 2020",2026-05-14
CHEVRON USA INC,Energy,Fixed Income,"13,212,742.89",0.05,"13,212,742.89","13,174,000.00",166756BK1,US166756BK18,-,99.96,United States,-,USD,5.47,4.51,1.0,"Oct 15, 2032",4.5,5.51,-,4.51,5.51,4.51,USD,"Aug 13, 2025","Aug 13, 2025",2026-05-14
MITSUBISHI UFJ FINANCIAL GROUP INC,Banking,Fixed Income,"13,191,295.94",0.05,"13,191,295.94","14,819,000.00",606822BX1,US606822BX18,BNHT9D6,88.3,Japan,-,USD,4.7,4.89,1.0,"Jul 20, 2032",2.31,4.74,-,4.89,4.74,4.89,USD,"Jul 20, 2021","Jul 20, 2021",2026-05-14
MITSUBISHI UFJ FINANCIAL GROUP INC,Banking,Fixed Income,"13,184,760.97",0.05,"13,184,760.97","13,144,000.00",606822DV3,US606822DV34,-,100.0,Japan,-,USD,7.43,5.32,1.0,"Apr 21, 2037",5.33,7.62,-,5.32,7.62,5.32,USD,"Apr 21, 2026","Apr 21, 2026",2026-05-14
RAYTHEON TECHNOLOGIES CORPORATION,Capital Goods,Fixed Income,"13,180,639.28",0.05,"13,180,639.28","13,968,000.00",913017CW7,US913017CW70,BF8QNP0,92.19,United States,-,USD,9.05,5.31,1.0,"Nov 16, 2038",4.45,9.13,-,5.31,9.13,5.31,USD,"Aug 16, 2018","Aug 16, 2018",2026-05-14
JPMORGAN CHASE & CO,Banking,Fixed Income,"13,149,842.90",0.04,"13,149,842.90","13,115,000.00",46647PEQ5,US46647PEQ54,BS55D06,100.01,United States,-,USD,3.12,4.62,1.0,"Oct 22, 2030",4.6,3.14,-,4.6,3.14,4.6,USD,"Oct 22, 2024","Oct 22, 2024",2026-05-14
PHILIP MORRIS INTERNATIONAL INC,Consumer Non-Cyclical,Fixed Income,"13,150,573.09",0.04,"13,150,573.09","12,754,000.00",718172DA4,US718172DA46,-,101.87,United States,-,USD,3.29,4.58,1.0,"Feb 15, 2030",5.13,3.35,-,4.55,3.22,4.55,USD,"Feb 15, 2023","Feb 15, 2023",2026-05-14
CIGNA GROUP,Consumer Non-Cyclical,Fixed Income,"13,145,898.09",0.04,"13,145,898.09","13,817,000.00",125523AJ9,US125523AJ93,BKPHS23,93.98,United States,-,USD,8.88,5.48,1.0,"Aug 15, 2038",4.8,8.94,-,5.48,8.94,5.48,USD,"Aug 15, 2019","Aug 27, 2019",2026-05-14
VERIZON COMMUNICATIONS INC,Communications,Fixed Income,"13,134,502.75",0.04,"13,134,502.75","13,044,000.00",92343VHF4,US92343VHF40,-,98.48,United States,-,USD,5.52,5.02,1.0,"Jan 15, 2033",4.75,5.53,-,5.02,5.53,5.02,USD,"Nov 24, 2025","Nov 24, 2025",2026-05-14
VERIZON COMMUNICATIONS INC,Communications,Fixed Income,"13,124,532.52",0.04,"13,124,532.52","14,040,000.00",92343VCV4,US92343VCV45,BYRLRK2,92.09,United States,-,USD,7.65,5.33,1.0,"Jan 15, 2036",4.27,7.62,-,5.33,7.62,5.33,USD,"Jul 15, 2015","Aug 20, 2015",2026-05-14
MORGAN STANLEY MTN,Banking,Fixed Income,"13,114,872.73",0.04,"13,114,872.73","13,395,000.00",6174468N2,US6174468N29,BL68VG7,97.16,United States,-,USD,11.95,5.87,1.0,"Mar 24, 2051",5.6,12.87,-,5.82,12.82,5.82,USD,"Mar 24, 2020","Mar 24, 2020",2026-05-14
APPLE INC,Technology,Fixed Income,"13,100,036.71",0.04,"13,100,036.71","14,756,000.00",037833BH2,US037833BH21,BXC5WP2,86.6,United States,-,USD,11.8,5.52,1.0,"May 13, 2045",4.38,11.96,-,5.52,11.96,5.52,USD,"May 13, 2015","May 13, 2015",2026-05-14
ROYAL BANK OF CANADA MTN,Banking,Fixed Income,"13,085,290.88",0.04,"13,085,290.88","12,773,000.00",78016FZX5,US78016FZX58,-,101.04,Canada,-,USD,5.6,4.82,1.0,"Feb 01, 2033",5.0,5.58,-,4.82,5.58,4.82,USD,"Jan 12, 2023","Jan 12, 2023",2026-05-14
TIME WARNER CABLE LLC,Communications,Fixed Income,"13,043,654.47",0.04,"13,043,654.47","12,216,000.00",88732JAN8,US88732JAN81,B3B14R7,104.12,United States,-,USD,7.91,6.79,1.0,"Jul 01, 2038",7.3,7.87,-,6.79,7.87,6.79,USD,"Jun 19, 2008","Jun 19, 2008",2026-05-14
TAKEOFF MERGER SUB INC 144A,Finance Companies,Fixed Income,"13,039,795.88",0.04,"13,039,795.88","13,099,000.00",873923AE6,US873923AE65,-,98.9,United States,-,USD,4.25,5.11,1.0,"Mar 24, 2031",4.85,4.25,-,5.11,4.25,5.11,USD,"Mar 24, 2026","Mar 24, 2026",2026-05-14
AMAZON.COM INC,Consumer Cyclical,Fixed Income,"13,034,274.06",0.04,"13,034,274.06","13,611,000.00",023135CY0,US023135CY08,-,93.11,United States,-,USD,14.41,6.01,1.0,"Nov 20, 2065",5.55,14.8,-,6.01,14.8,6.01,USD,"Nov 20, 2025","Nov 20, 2025",2026-05-14
JPMORGAN CHASE & CO,Banking,Fixed Income,"12,985,193.17",0.04,"12,985,193.17","13,893,000.00",46625HLL2,US46625HLL23,BY8L4X3,91.25,United States,-,USD,11.44,5.71,1.0,"Jun 01, 2045",4.95,11.59,-,5.71,11.59,5.71,USD,"May 29, 2015","May 29, 2015",2026-05-14
TEXAS INSTRUMENTS INC,Technology,Fixed Income,"12,972,403.31",0.04,"12,972,403.31","14,361,000.00",882508BJ2,US882508BJ22,-,90.29,United States,-,USD,3.77,4.44,1.0,"May 04, 2030",1.75,3.77,-,4.44,3.77,4.44,USD,"May 04, 2020","May 04, 2020",2026-05-14
ALPHABET INC,Technology,Fixed Income,"12,971,313.85",0.04,"12,971,313.85","13,177,000.00",02079KBQ9,US02079KBQ94,-,97.02,United States,-,USD,14.64,5.95,1.0,"Feb 15, 2066",5.75,15.04,-,5.95,15.04,5.95,USD,"Feb 13, 2026","Feb 13, 2026",2026-05-14
ABBVIE INC,Consumer Non-Cyclical,Fixed Income,"12,962,337.04",0.04,"12,962,337.04","13,115,000.00",00287YEE5,US00287YEE59,-,98.06,United States,-,USD,4.29,4.58,1.0,"Mar 15, 2031",4.13,4.3,-,4.58,4.3,4.58,USD,"Mar 04, 2026","Mar 04, 2026",2026-05-14
MITSUBISHI UFJ FIN GRP (6NC5 FXD),Banking,Fixed Income,"12,962,825.76",0.04,"12,962,825.76","12,970,000.00",606822DS0,US606822DS05,-,98.47,Japan,-,USD,4.08,4.86,1.0,"Jan 14, 2032",4.5,4.1,-,4.86,4.1,4.86,USD,"Jan 14, 2026","Jan 14, 2026",2026-05-14
APPLE INC,Technology,Fixed Income,"12,950,566.21",0.04,"12,950,566.21","16,532,000.00",037833EQ9,US037833EQ92,BNYNTH5,77.3,United States,-,USD,14.2,5.61,1.0,"Aug 08, 2052",3.95,14.52,-,5.61,14.52,5.61,USD,"Aug 08, 2022","Aug 08, 2022",2026-05-14
INTEL CORPORATION,Technology,Fixed Income,"12,914,337.17",0.04,"12,914,337.17","12,996,000.00",458140CQ1,US458140CQ17,-,99.22,United States,-,USD,4.44,4.83,1.0,"Jun 01, 2031",4.65,4.45,-,4.83,4.45,4.83,USD,"Apr 30, 2026","Apr 30, 2026",2026-05-14
US BANCORP MTN,Banking,Fixed Income,"12,902,708.41",0.04,"12,902,708.41","12,896,000.00",91159HJL5,US91159HJL50,-,98.69,United States,-,USD,5.52,5.09,1.0,"Feb 01, 2034",4.84,5.59,-,5.07,5.59,5.07,USD,"Feb 01, 2023","Feb 01, 2023",2026-05-14
US BANCORP (FXD-FRN) MTN,Banking,Fixed Income,"12,904,499.40",0.04,"12,904,499.40","12,913,000.00",91159HJW1,US91159HJW16,-,98.61,United States,-,USD,4.09,8.13,1.0,"Jan 26, 2032",4.48,4.08,-,4.81,4.14,4.81,USD,"Jan 26, 2026","Jan 26, 2026",2026-05-14
KINDER MORGAN INC,Energy,Fixed Income,"12,875,708.37",0.04,"12,875,708.37","13,116,000.00",49456BAH4,US49456BAH42,BST78D6,95.69,United States,-,USD,11.0,5.93,1.0,"Jun 01, 2045",5.55,11.19,-,5.93,11.19,5.93,USD,"Nov 26, 2014","Nov 26, 2014",2026-05-14
BOEING CO,Capital Goods,Fixed Income,"12,877,970.70",0.04,"12,877,970.70","11,402,000.00",097023DU6,US097023DU67,-,112.73,United States,-,USD,13.96,6.14,1.0,"May 01, 2064",7.01,14.34,-,6.14,14.29,6.14,USD,"Nov 01, 2024","Dec 17, 2024",2026-05-14
BANK OF AMERICA CORP MTN,Banking,Fixed Income,"12,843,215.64",0.04,"12,843,215.64","13,575,000.00",06051GHX0,US06051GHX07,-,94.45,United States,-,USD,3.21,4.74,1.0,"Oct 22, 2030",2.88,3.22,-,4.65,3.22,4.65,USD,"Oct 22, 2019","Oct 22, 2019",2026-05-14
RTX CORP,Capital Goods,Fixed Income,"12,835,317.98",0.04,"12,835,317.98","11,803,000.00",75513ECX7,US75513ECX76,BQHP8M7,107.73,United States,-,USD,12.98,5.83,1.0,"Mar 15, 2054",6.4,13.32,-,5.83,13.22,5.83,USD,"Nov 08, 2023","Nov 08, 2023",2026-05-14
WALT DISNEY CO,Communications,Fixed Income,"12,799,870.67",0.04,"12,799,870.67","12,939,000.00",254687GD2,US254687GD28,-,97.92,United States,-,USD,4.31,4.48,1.0,"Mar 14, 2031",4.0,4.3,-,4.48,4.3,4.48,USD,"Feb 12, 2026","Feb 12, 2026",2026-05-14
TAKEDA US FINANCING INC,Consumer Non-Cyclical,Fixed Income,"12,773,193.00",0.04,"12,773,193.00","12,567,000.00",87406BAA0,US87406BAA08,-,99.84,Japan,-,USD,7.05,5.22,1.0,"Jul 07, 2035",5.2,7.08,-,5.22,7.08,5.22,USD,"Jul 02, 2025","Jul 02, 2025",2026-05-14
BERKSHIRE HATHAWAY FINANCE CORP,Insurance,Fixed Income,"12,744,252.25",0.04,"12,744,252.25","15,368,000.00",084664CQ2,US084664CQ25,BFX84P8,81.91,United States,-,USD,12.98,5.64,1.0,"Aug 15, 2048",4.2,13.25,-,5.64,13.25,5.64,USD,"Aug 15, 2018","Aug 15, 2018",2026-05-14
COCA-COLA CO,Consumer Non-Cyclical,Fixed Income,"12,736,077.64",0.04,"12,736,077.64","14,114,000.00",191216DP2,US191216DP21,-,89.44,United States,-,USD,5.16,4.38,1.0,"Jan 05, 2032",2.25,5.15,-,4.38,5.15,4.38,USD,"May 05, 2021","May 05, 2021",2026-05-14
MORGAN STANLEY MTN,Banking,Fixed Income,"12,737,424.82",0.04,"12,737,424.82","12,430,000.00",61747YFS9,US61747YFS90,-,100.89,United States,-,USD,2.86,4.77,1.0,"Jul 19, 2030",5.04,2.87,-,4.74,2.87,4.74,USD,"Jul 19, 2024","Jul 19, 2024",2026-05-14
BANK OF NOVA SCOTIA MTN,Banking,Fixed Income,"12,727,158.12",0.04,"12,727,158.12","12,433,000.00",06417XAP6,US06417XAP69,BPP33C1,101.01,Canada,-,USD,3.34,4.55,1.0,"Feb 01, 2030",4.85,3.33,-,4.55,3.33,4.55,USD,"Feb 02, 2023","Feb 02, 2023",2026-05-14
SUMITOMO MITSUI FINANCIAL GROUP IN,Banking,Fixed Income,"12,725,879.75",0.04,"12,725,879.75","13,984,000.00",86562MCB4,US86562MCB46,-,90.27,Japan,-,USD,3.88,4.79,1.0,"Jul 08, 2030",2.13,3.86,-,4.79,3.86,4.79,USD,"Jul 08, 2020","Jul 08, 2020",2026-05-14
ROYAL BANK OF CANADA MTN,Banking,Fixed Income,"12,703,136.59",0.04,"12,703,136.59","12,827,000.00",78017DAV0,US78017DAV01,-,98.92,Canada,-,USD,4.37,4.83,1.0,"May 03, 2032",4.61,4.39,-,4.83,4.39,4.83,USD,"Apr 17, 2026","Apr 17, 2026",2026-05-14
BAKER HUGHES HOLDINGS LLC,Energy,Fixed Income,"12,696,697.64",0.04,"12,696,697.64","12,810,000.00",05724BAM1,US05724BAM19,-,98.38,United States,-,USD,4.49,4.71,1.0,"Jun 15, 2031",4.35,4.48,-,4.71,4.48,4.71,USD,"Mar 11, 2026","Mar 11, 2026",2026-05-14
CONOCOPHILLIPS,Energy,Fixed Income,"12,671,339.72",0.04,"12,671,339.72","11,292,000.00",20825CAQ7,US20825CAQ78,B4T4431,110.39,United States,-,USD,8.66,5.36,1.0,"Feb 01, 2039",6.5,8.68,-,5.36,8.68,5.36,USD,"Feb 03, 2009","Feb 03, 2009",2026-05-14
NOVARTIS CAPITAL CORP,Consumer Non-Cyclical,Fixed Income,"12,663,712.97",0.04,"12,663,712.97","13,781,000.00",66989HAR9,US66989HAR93,-,91.35,Switzerland,-,USD,3.96,4.45,1.0,"Aug 14, 2030",2.2,3.96,-,4.45,3.96,4.45,USD,"Feb 14, 2020","Feb 14, 2020",2026-05-14
AMAZON.COM INC,Consumer Cyclical,Fixed Income,"12,657,520.09",0.04,"12,657,520.09","16,648,000.00",023135CJ3,US023135CJ31,BLPP103,75.71,United States,-,USD,14.13,5.77,1.0,"Apr 13, 2052",3.95,14.44,-,5.77,14.44,5.77,USD,"Apr 13, 2022","Apr 13, 2022",2026-05-14
AMAZON.COM INC,Consumer Cyclical,Fixed Income,"12,650,500.12",0.04,"12,650,500.12","16,202,000.00",023135BM7,US023135BM78,BDGMR10,77.14,United States,-,USD,14.68,5.85,1.0,"Aug 22, 2057",4.25,15.04,-,5.85,15.04,5.85,USD,"Feb 22, 2018","Jun 06, 2018",2026-05-14
ENERGY TRANSFER LP,Energy,Fixed Income,"12,645,901.47",0.04,"12,645,901.47","12,919,000.00",29273VAW0,US29273VAW00,BQHNMW9,94.96,United States,-,USD,12.5,6.34,1.0,"May 15, 2054",5.95,12.8,-,6.34,12.8,6.34,USD,"Jan 25, 2024","Jan 25, 2024",2026-05-14
ABBVIE INC,Consumer Non-Cyclical,Fixed Income,"12,639,976.13",0.04,"12,639,976.13","12,884,000.00",00287YEH8,US00287YEH80,-,97.06,United States,-,USD,13.77,5.76,1.0,"Mar 15, 2056",5.55,14.13,-,5.76,14.13,5.76,USD,"Mar 04, 2026","Mar 04, 2026",2026-05-14
ORACLE CORPORATION,Technology,Fixed Income,"12,628,224.96",0.04,"12,628,224.96","14,852,000.00",68389XDT9,US68389XDT90,-,84.25,United States,-,USD,12.72,7.33,1.0,"Sep 26, 2065",6.1,13.02,-,7.33,13.02,7.33,USD,"Sep 26, 2025","Sep 26, 2025",2026-05-14
BAT CAPITAL CORP,Consumer Non-Cyclical,Fixed Income,"12,613,313.92",0.04,"12,613,313.92","15,220,000.00",05526DBF1,US05526DBF15,BG5QTB8,81.78,United Kingdom,-,USD,12.21,6.08,1.0,"Aug 15, 2047",4.54,12.44,-,6.08,12.44,6.08,USD,"Aug 15, 2018","Nov 20, 2018",2026-05-14
NOMURA HOLDINGS INC,Brokerage/Asset Managers/Exchanges,Fixed Income,"12,604,263.02",0.04,"12,604,263.02","13,236,000.00",65535HAQ2,US65535HAQ20,-,94.23,Japan,-,USD,3.4,4.9,1.0,"Jan 16, 2030",3.1,3.38,-,4.9,3.38,4.9,USD,"Jan 16, 2020","Jan 16, 2020",2026-05-14
VODAFONE GROUP PLC,Communications,Fixed Income,"12,591,986.58",0.04,"12,591,986.58","13,002,000.00",92857WCA6,US92857WCA62,-,94.71,United Kingdom,-,USD,12.87,6.15,1.0,"Jun 28, 2054",5.75,13.18,-,6.15,13.18,6.15,USD,"Jun 28, 2024","Jun 28, 2024",2026-05-14
NORTHROP GRUMMAN CORP,Capital Goods,Fixed Income,"12,580,969.60",0.04,"12,580,969.60","15,915,000.00",666807BP6,US666807BP60,BF15KD1,78.75,United States,-,USD,12.88,5.77,1.0,"Oct 15, 2047",4.03,13.13,-,5.77,13.13,5.77,USD,"Oct 13, 2017","Oct 13, 2017",2026-05-14
HCA INC,Consumer Non-Cyclical,Fixed Income,"12,575,423.74",0.04,"12,575,423.74","15,600,000.00",404119CL1,US404119CL13,BPLJR21,79.88,United States,-,USD,13.2,6.2,1.0,"Mar 15, 2052",4.63,13.49,-,6.2,13.49,6.2,USD,"Mar 15, 2023","Aug 07, 2023",2026-05-14
MERCK & CO INC,Consumer Non-Cyclical,Fixed Income,"12,570,022.92",0.04,"12,570,022.92","14,099,000.00",58933YBE4,US58933YBE41,-,88.25,United States,-,USD,5.09,4.56,1.0,"Dec 10, 2031",2.15,5.09,-,4.56,5.09,4.56,USD,"Dec 10, 2021","Dec 10, 2021",2026-05-14
SYNOPSYS INC,Technology,Fixed Income,"12,558,898.39",0.04,"12,558,898.39","12,417,000.00",871607AC1,US871607AC15,-,100.59,United States,-,USD,3.47,4.68,1.0,"Apr 01, 2030",4.85,3.49,-,4.68,3.42,4.68,USD,"Mar 17, 2025","Mar 17, 2025",2026-05-14
HCA INC,Consumer Non-Cyclical,Fixed Income,"12,544,735.08",0.04,"12,544,735.08","12,089,000.00",404119DB2,US404119DB22,-,102.64,United States,-,USD,6.76,5.37,1.0,"Mar 01, 2035",5.75,6.8,-,5.36,6.65,5.36,USD,"Feb 21, 2025","Feb 21, 2025",2026-05-14
FORD MOTOR COMPANY,Consumer Cyclical,Fixed Income,"12,542,633.81",0.04,"12,542,633.81","12,146,000.00",345370DB3,US345370DB39,-,101.86,United States,-,USD,5.06,5.74,1.0,"Aug 19, 2032",6.1,5.1,-,5.73,4.93,5.73,USD,"Aug 19, 2022","Aug 19, 2022",2026-05-14
INTEL CORPORATION,Technology,Fixed Income,"12,542,910.32",0.04,"12,542,910.32","15,124,000.00",458140BM1,US458140BM12,BM5D1Q0,82.31,United States,-,USD,12.74,6.18,1.0,"Mar 25, 2050",4.75,13.01,-,6.18,13.01,6.18,USD,"Mar 25, 2020","Mar 25, 2020",2026-05-14
PNC FINANCIAL SERVICES GROUP INC (,Banking,Fixed Income,"12,525,982.66",0.04,"12,525,982.66","11,961,000.00",693475BW4,US693475BW41,BPJN8T9,102.99,United States,-,USD,5.99,5.23,1.0,"Jan 22, 2035",5.68,6.1,-,5.2,6.1,5.2,USD,"Jan 22, 2024","Jan 22, 2024",2026-05-14
SOLVENTUM CORP,Consumer Non-Cyclical,Fixed Income,"12,516,577.13",0.04,"12,516,577.13","12,159,000.00",83444MAR2,US83444MAR25,-,102.18,United States,-,USD,6.22,5.26,1.0,"Mar 23, 2034",5.6,6.27,-,5.25,6.11,5.25,USD,"Sep 23, 2024","Dec 31, 2024",2026-05-14
UNITEDHEALTH GROUP INC,Insurance,Fixed Income,"12,510,026.75",0.04,"12,510,026.75","14,074,000.00",91324PEW8,US91324PEW86,BN7K9M8,88.51,United States,-,USD,13.46,5.91,1.0,"Apr 15, 2053",5.05,13.78,-,5.91,13.78,5.91,USD,"Mar 28, 2023","Mar 28, 2023",2026-05-14
AT&T INC,Communications,Fixed Income,"12,511,268.53",0.04,"12,511,268.53","12,769,000.00",00206RNB4,US00206RNB41,-,97.84,United States,-,USD,5.5,4.94,1.0,"Nov 01, 2032",4.55,5.52,-,4.94,5.52,4.94,USD,"Sep 24, 2025","Sep 24, 2025",2026-05-14
HALLIBURTON COMPANY,Energy,Fixed Income,"12,499,235.62",0.04,"12,499,235.62","13,201,000.00",406216BL4,US406216BL45,BJJRL90,94.11,United States,-,USD,3.5,4.63,1.0,"Mar 01, 2030",2.92,3.52,-,4.63,3.52,4.63,USD,"Mar 03, 2020","Mar 03, 2020",2026-05-14
UNITEDHEALTH GROUP INC,Insurance,Fixed Income,"12,484,476.30",0.04,"12,484,476.30","14,130,000.00",91324PEX6,US91324PEX69,BN7K9P1,87.96,United States,-,USD,14.67,6.02,1.0,"Apr 15, 2063",5.2,15.06,-,6.02,15.06,6.02,USD,"Mar 28, 2023","Mar 28, 2023",2026-05-14
BANK OF AMERICA CORP MTN,Banking,Fixed Income,"12,485,331.64",0.04,"12,485,331.64","13,682,000.00",06051GGM5,US06051GGM50,BYWC0C3,91.04,United States,-,USD,8.27,5.36,1.0,"Apr 24, 2038",4.24,9.1,-,5.33,8.5,5.33,USD,"Apr 24, 2017","Apr 24, 2017",2026-05-14
BANK OF AMERICA CORP MTN,Banking,Fixed Income,"12,465,363.22",0.04,"12,465,363.22","11,911,000.00",06051GEN5,US06051GEN51,B6T0187,103.1,United States,-,USD,10.06,5.58,1.0,"Feb 07, 2042",5.88,10.13,-,5.58,10.13,5.58,USD,"Feb 07, 2012","Feb 07, 2012",2026-05-14
NEXTERA ENERGY CAPITAL HOLDINGS IN,Electric,Fixed Income,"12,461,415.47",0.04,"12,461,415.47","13,526,000.00",65339KBR0,US65339KBR05,BMDX623,91.12,United States,-,USD,3.77,4.68,1.0,"Jun 01, 2030",2.25,3.76,-,4.68,3.76,4.68,USD,"May 12, 2020","May 12, 2020",2026-05-14
T-MOBILE USA INC,Communications,Fixed Income,"12,457,404.91",0.04,"12,457,404.91","12,995,000.00",87264ACW3,US87264ACW36,BN72M69,94.03,United States,-,USD,12.74,6.11,1.0,"Jan 15, 2053",5.65,13.04,-,6.11,13.04,6.11,USD,"Sep 15, 2022","Sep 15, 2022",2026-05-14
ALPHABET INC,Technology,Fixed Income,"12,452,817.85",0.04,"12,452,817.85","12,574,000.00",02079KBN6,US02079KBN63,-,97.68,United States,-,USD,11.46,5.7,1.0,"Feb 15, 2046",5.5,11.7,-,5.7,11.7,5.7,USD,"Feb 13, 2026","Feb 13, 2026",2026-05-14
VERIZON COMMUNICATIONS INC,Communications,Fixed Income,"12,443,493.37",0.04,"12,443,493.37","12,453,000.00",92343VHH0,US92343VHH06,-,97.24,United States,-,USD,11.01,5.99,1.0,"Nov 30, 2045",5.75,11.22,-,5.99,11.22,5.99,USD,"Nov 24, 2025","Nov 24, 2025",2026-05-14
PROLOGIS LP,Reits,Fixed Income,"12,437,708.86",0.04,"12,437,708.86","13,520,000.00",74340XBM2,US74340XBM20,BHNBBT4,91.83,United States,-,USD,3.8,4.41,1.0,"Apr 15, 2030",2.25,3.8,-,4.41,3.8,4.41,USD,"Feb 18, 2020","Feb 18, 2020",2026-05-14
TOTALENERGIES CAPITAL USA LLC,Energy,Fixed Income,"12,437,714.70",0.04,"12,437,714.70","12,413,000.00",89158TAB5,US89158TAB52,-,98.69,France,-,USD,5.57,4.8,1.0,"Jan 13, 2033",4.57,5.6,-,4.8,5.6,4.8,USD,"Jan 13, 2026","Jan 13, 2026",2026-05-14
ARTHUR J GALLAGHER & CO,Insurance,Fixed Income,"12,433,707.37",0.04,"12,433,707.37","12,416,000.00",04316JAN9,US04316JAN90,-,98.9,United States,-,USD,6.85,5.31,1.0,"Feb 15, 2035",5.15,6.88,-,5.31,6.88,5.31,USD,"Dec 19, 2024","Dec 19, 2024",2026-05-14
STARBUCKS CORPORATION,Consumer Cyclical,Fixed Income,"12,429,817.32",0.04,"12,429,817.32","13,370,000.00",855244AZ2,US855244AZ28,BMBMD21,91.71,United States,-,USD,4.12,4.61,1.0,"Nov 15, 2030",2.55,4.12,-,4.61,4.12,4.61,USD,"May 07, 2020","May 07, 2020",2026-05-14
GOLDMAN SACHS GROUP INC/THE,Banking,Fixed Income,"12,426,381.84",0.04,"12,426,381.84","16,556,000.00",38141GYC2,US38141GYC22,BMCY3Z9,74.88,United States,-,USD,10.47,5.71,1.0,"Apr 22, 2042",3.21,11.08,-,5.71,11.08,5.71,USD,"Apr 22, 2021","Apr 22, 2021",2026-05-14
LOWES COMPANIES INC,Consumer Cyclical,Fixed Income,"12,403,032.62",0.04,"12,403,032.62","12,374,000.00",548661DU8,US548661DU82,BMH1W14,99.9,United States,-,USD,3.47,4.53,1.0,"Apr 15, 2030",4.5,3.55,-,4.53,3.55,4.53,USD,"Mar 26, 2020","Mar 26, 2020",2026-05-14
PACIFICORP,Electric,Fixed Income,"12,396,867.61",0.04,"12,396,867.61","12,867,000.00",695114DE5,US695114DE50,-,94.46,United States,-,USD,12.91,6.22,1.0,"Jan 15, 2055",5.8,13.22,-,6.22,13.22,6.22,USD,"Jan 05, 2024","Jan 05, 2024",2026-05-14
UBER TECHNOLOGIES INC,Consumer Cyclical,Fixed Income,"12,388,761.44",0.04,"12,388,761.44","12,344,000.00",90353TAN0,US90353TAN00,-,98.97,United States,-,USD,3.3,4.61,1.0,"Jan 15, 2030",4.3,3.31,-,4.61,3.31,4.61,USD,"Sep 09, 2024","Sep 09, 2024",2026-05-14
BP CAPITAL MARKETS AMERICA INC,Energy,Fixed Income,"12,383,931.09",0.04,"12,383,931.09","11,885,000.00",10373QCA6,US10373QCA67,-,101.66,United Kingdom,-,USD,6.61,4.99,1.0,"Nov 17, 2034",5.23,6.66,-,4.98,6.5,4.98,USD,"May 17, 2024","May 17, 2024",2026-05-14
US BANCORP,Banking,Fixed Income,"12,380,351.92",0.04,"12,380,351.92","14,005,000.00",91159HJA9,US91159HJA95,-,87.98,United States,-,USD,3.98,4.56,1.0,"Jul 22, 2030",1.38,3.97,-,4.56,3.97,4.56,USD,"Jul 20, 2020","Jul 20, 2020",2026-05-14
MITSUBISHI UFJ FINANCIAL GROUP INC,Banking,Fixed Income,"12,375,973.43",0.04,"12,375,973.43","12,403,000.00",606822DT8,US606822DT87,-,98.12,Japan,-,USD,7.24,5.29,1.0,"Jan 14, 2037",5.06,7.42,-,5.29,7.42,5.29,USD,"Jan 14, 2026","Jan 14, 2026",2026-05-14
ROYAL BANK OF CANADA MTN,Banking,Fixed Income,"12,370,596.62",0.04,"12,370,596.62","13,863,000.00",78016EYH4,US78016EYH43,-,89.18,Canada,-,USD,5.05,4.56,1.0,"Nov 03, 2031",2.3,5.04,-,4.56,5.04,4.56,USD,"Oct 29, 2021","Oct 29, 2021",2026-05-14
HONEYWELL AEROSPACE INC 144A,Capital Goods,Fixed Income,"12,365,995.75",0.04,"12,365,995.75","12,376,000.00",43849RAK1,US43849RAK14,-,99.01,United States,-,USD,14.73,5.92,1.0,"Mar 16, 2066",5.85,15.14,-,5.92,15.14,5.92,USD,"Mar 16, 2026","Mar 16, 2026",2026-05-14
GOLDMAN SACHS GROUP INC/THE MTN,Banking,Fixed Income,"12,364,442.82",0.04,"12,364,442.82","13,630,000.00",38141EC31,US38141EC311,BNXBHR6,89.06,United States,-,USD,11.21,5.78,1.0,"Jul 08, 2044",4.8,11.38,-,5.78,11.38,5.78,USD,"Jul 08, 2014","Jul 08, 2014",2026-05-14
WALMART INC,Consumer Cyclical,Fixed Income,"12,358,745.95",0.04,"12,358,745.95","12,566,000.00",931142FD0,US931142FD05,-,98.04,United States,-,USD,5.88,4.43,1.0,"Apr 15, 2033",4.1,5.94,-,4.43,5.94,4.43,USD,"Apr 18, 2023","Apr 18, 2023",2026-05-14
T-MOBILE USA INC,Communications,Fixed Income,"12,337,131.27",0.04,"12,337,131.27","12,385,000.00",87264ADZ5,US87264ADZ57,-,97.95,United States,-,USD,7.47,5.27,1.0,"Feb 15, 2036",5.0,7.49,-,5.27,7.49,5.27,USD,"Jan 12, 2026","Jan 12, 2026",2026-05-14
T-MOBILE USA INC,Communications,Fixed Income,"12,335,397.48",0.04,"12,335,397.48","18,851,000.00",87264ACT0,US87264ACT07,BMB3SY1,65.18,United States,-,USD,14.5,6.06,1.0,"Oct 15, 2052",3.4,14.79,-,6.06,14.79,6.06,USD,"Apr 15, 2022","Jun 29, 2022",2026-05-14
HCA INC,Consumer Non-Cyclical,Fixed Income,"12,325,112.91",0.04,"12,325,112.91","13,165,000.00",404119CK3,US404119CK30,-,93.05,United States,-,USD,5.12,5.04,1.0,"Mar 15, 2032",3.63,5.13,-,5.04,5.13,5.04,USD,"Mar 15, 2023","Aug 07, 2023",2026-05-14
ORACLE CORPORATION,Technology,Fixed Income,"12,319,366.54",0.04,"12,319,366.54","13,575,000.00",68389XAV7,US68389XAV73,BP4W534,89.27,United States,-,USD,6.57,5.98,1.0,"Jul 08, 2034",4.3,6.57,-,5.98,6.57,5.98,USD,"Jul 08, 2014","Jul 08, 2014",2026-05-14
APPLE INC,Technology,Fixed Income,"12,316,538.35",0.04,"12,316,538.35","12,337,000.00",037833BW9,US037833BW97,BYN2GG8,98.85,United States,-,USD,7.65,4.65,1.0,"Feb 23, 2036",4.5,7.75,-,4.65,7.75,4.65,USD,"Feb 23, 2016","Feb 23, 2016",2026-05-14
BROADCOM INC,Technology,Fixed Income,"12,316,959.48",0.04,"12,316,959.48","12,290,000.00",11135FAQ4,US11135FAQ46,BKPVKP2,98.18,United States,-,USD,3.93,4.6,1.0,"Nov 15, 2030",4.15,3.98,-,4.6,3.98,4.6,USD,"May 08, 2020","Aug 07, 2020",2026-05-14
CITIGROUP INC,Banking,Fixed Income,"12,319,075.93",0.04,"12,319,075.93","12,550,000.00",17327CAY9,US17327CAY93,-,97.1,United States,-,USD,12.78,5.81,1.0,"Mar 04, 2056",5.61,13.85,-,5.81,13.85,5.81,USD,"Mar 04, 2025","Mar 04, 2025",2026-05-14
AMAZON.COM INC,Consumer Cyclical,Fixed Income,"12,315,366.51",0.04,"12,315,366.51","16,791,000.00",023135CA2,US023135CA22,BNW2Q84,73.35,United States,-,USD,11.34,5.51,1.0,"May 12, 2041",2.88,11.41,-,5.51,11.41,5.51,USD,"May 12, 2021","May 12, 2021",2026-05-14
APPLE INC,Technology,Fixed Income,"12,307,647.95",0.04,"12,307,647.95","20,251,000.00",037833DW7,US037833DW79,BM98Q33,60.77,United States,-,USD,15.13,5.66,1.0,"May 11, 2050",2.65,15.4,-,5.66,15.4,5.66,USD,"May 11, 2020","May 11, 2020",2026-05-14
LOWES COMPANIES INC,Consumer Cyclical,Fixed Income,"12,302,564.60",0.04,"12,302,564.60","12,911,000.00",548661EM5,US548661EM57,BNNPR34,94.87,United States,-,USD,13.06,6.01,1.0,"Apr 15, 2053",5.63,13.38,-,6.01,13.38,6.01,USD,"Sep 08, 2022","Sep 08, 2022",2026-05-14
HSBC HOLDINGS PLC,Banking,Fixed Income,"12,285,099.56",0.04,"12,285,099.56","11,593,000.00",404280EG0,US404280EG03,-,103.18,United Kingdom,-,USD,4.17,5.03,1.0,"May 17, 2032",5.73,4.22,-,5.01,4.22,5.01,USD,"May 17, 2024","May 17, 2024",2026-05-14
UNITEDHEALTH GROUP INC,Insurance,Fixed Income,"12,285,346.32",0.04,"12,285,346.32","13,554,000.00",91324PED0,US91324PED06,-,89.51,United States,-,USD,4.58,4.67,1.0,"May 15, 2031",2.3,4.58,-,4.67,4.58,4.67,USD,"May 19, 2021","May 19, 2021",2026-05-14
JBS NV/USA FOODS/FOOD CO,Consumer Non-Cyclical,Fixed Income,"12,255,695.45",0.04,"12,255,695.45","11,831,000.00",46590XAX4,US46590XAX49,990XAX4,100.68,Brazil,-,USD,11.99,6.45,1.0,"Dec 01, 2052",6.5,12.26,-,6.45,12.17,6.45,USD,"Jun 01, 2023","Aug 21, 2023",2026-05-14
WALT DISNEY CO,Communications,Fixed Income,"12,235,713.40",0.04,"12,235,713.40","13,119,000.00",254687FL5,US254687FL52,BKKKD11,92.87,United States,-,USD,3.14,4.34,1.0,"Sep 01, 2029",2.0,3.13,-,4.34,3.13,4.34,USD,"Sep 06, 2019","Sep 06, 2019",2026-05-14
VERIZON COMMUNICATIONS INC,Communications,Fixed Income,"12,233,225.27",0.04,"12,233,225.27","12,820,000.00",92343VFE9,US92343VFE92,BLNNZ29,94.99,United States,-,USD,3.54,4.58,1.0,"Mar 22, 2030",3.15,3.56,-,4.58,3.56,4.58,USD,"Mar 20, 2020","Mar 20, 2020",2026-05-14
PACIFIC GAS AND ELECTRIC COMPANY,Electric,Fixed Income,"12,219,123.90",0.04,"12,219,123.90","11,463,000.00",694308KH9,US694308KH99,BNNMQV6,104.4,United States,-,USD,12.04,6.4,1.0,"Jan 15, 2053",6.75,12.33,-,6.4,12.24,6.4,USD,"Jan 06, 2023","Jan 06, 2023",2026-05-14
FOX CORP,Communications,Fixed Income,"12,200,682.34",0.04,"12,200,682.34","12,952,000.00",35137LAK1,US35137LAK17,BM63802,92.54,United States,-,USD,11.9,6.19,1.0,"Jan 25, 2049",5.58,12.16,-,6.19,12.16,6.19,USD,"Jan 25, 2020","Mar 30, 2020",2026-05-14
BROADCOM INC,Technology,Fixed Income,"12,196,927.17",0.04,"12,196,927.17","12,369,000.00",11135FCD1,US11135FCD15,BRSF3Y0,98.25,United States,-,USD,6.78,5.06,1.0,"Oct 15, 2034",4.8,6.82,-,5.06,6.82,5.06,USD,"Oct 02, 2024","Oct 02, 2024",2026-05-14
CIGNA GROUP,Consumer Non-Cyclical,Fixed Income,"12,193,208.34",0.04,"12,193,208.34","13,493,000.00",125523CM0,US125523CM05,-,89.99,United States,-,USD,4.47,4.71,1.0,"Mar 15, 2031",2.38,4.46,-,4.71,4.46,4.71,USD,"Mar 03, 2021","Mar 03, 2021",2026-05-14
MITSUBISHI UFJ FINANCIAL GROUP INC,Banking,Fixed Income,"12,185,074.84",0.04,"12,185,074.84","11,934,000.00",606822DF8,US606822DF83,-,101.73,Japan,-,USD,6.26,5.15,1.0,"Apr 17, 2035",5.43,6.37,-,5.15,6.37,5.15,USD,"Apr 17, 2024","Apr 17, 2024",2026-05-14
MORGAN STANLEY MTN,Banking,Fixed Income,"12,170,347.12",0.04,"12,170,347.12","12,037,000.00",61747YEU5,US61747YEU55,-,99.59,United States,-,USD,5.14,5.06,1.0,"Jul 20, 2033",4.89,5.2,-,4.97,5.2,4.97,USD,"Jul 20, 2022","Jul 20, 2022",2026-05-14
PHILIP MORRIS INTERNATIONAL INC,Consumer Non-Cyclical,Fixed Income,"12,161,672.47",0.04,"12,161,672.47","10,837,000.00",718172AC3,US718172AC39,B2RK1T2,109.11,United States,-,USD,8.26,5.34,1.0,"May 16, 2038",6.38,8.27,-,5.34,8.27,5.34,USD,"May 16, 2008","May 16, 2008",2026-05-14
T-MOBILE USA INC,Communications,Fixed Income,"12,160,937.87",0.04,"12,160,937.87","16,462,000.00",87264ABL8,US87264ABL89,BN0ZLS0,73.15,United States,-,USD,10.98,5.73,1.0,"Feb 15, 2041",3.0,11.03,-,5.73,11.03,5.73,USD,"Feb 15, 2021","May 21, 2021",2026-05-14
RTX CORP,Capital Goods,Fixed Income,"12,151,352.48",0.04,"12,151,352.48","11,225,000.00",75513ECW9,US75513ECW93,BQHN1W2,107.29,United States,-,USD,6.13,4.97,1.0,"Mar 15, 2034",6.1,6.2,-,4.94,6.04,4.94,USD,"Nov 08, 2023","Nov 08, 2023",2026-05-14
ORACLE CORPORATION,Technology,Fixed Income,"12,135,387.15",0.04,"12,135,387.15","13,924,000.00",68389XDB8,US68389XDB82,-,85.5,United States,-,USD,12.05,7.19,1.0,"Aug 03, 2055",6.0,12.3,-,7.19,12.3,7.19,USD,"Feb 03, 2025","Feb 03, 2025",2026-05-14
JBS USA LUX SA,Consumer Non-Cyclical,Fixed Income,"12,129,808.34",0.04,"12,129,808.34","11,724,000.00",46590XAY2,US46590XAY22,BLGYSB9,102.81,Brazil,-,USD,5.56,5.26,1.0,"Apr 01, 2033",5.75,5.62,-,5.24,5.45,5.24,USD,"Apr 01, 2023","Aug 21, 2023",2026-05-14
COMCAST CORPORATION,Communications,Fixed Income,"12,120,584.87",0.04,"12,120,584.87","13,601,000.00",20030NDM0,US20030NDM02,-,88.48,United States,-,USD,4.35,4.72,1.0,"Jan 15, 2031",1.95,4.34,-,4.72,4.34,4.72,USD,"May 28, 2020","May 28, 2020",2026-05-14
TOTALENERGIES CAPITAL INTERNATIONA,Energy,Fixed Income,"12,102,603.49",0.04,"12,102,603.49","17,876,000.00",89153VAV1,US89153VAV18,BMYC5X3,66.29,France,-,USD,14.23,5.73,1.0,"May 29, 2050",3.13,14.5,-,5.73,14.5,5.73,USD,"May 29, 2020","May 29, 2020",2026-05-14
LOCKHEED MARTIN CORPORATION,Capital Goods,Fixed Income,"12,100,927.27",0.04,"12,100,927.27","15,423,000.00",539830BN8,US539830BN88,BF38WR6,77.81,United States,-,USD,14.08,5.73,1.0,"Sep 15, 2052",4.09,14.4,-,5.73,14.4,5.73,USD,"Sep 07, 2017","Oct 27, 2017",2026-05-14
COMCAST CORPORATION,Communications,Fixed Income,"12,094,142.80",0.04,"12,094,142.80","12,583,000.00",20030NDG3,US20030NDG34,BMGQ5B1,95.73,United States,-,USD,3.54,4.61,1.0,"Apr 01, 2030",3.4,3.57,-,4.61,3.57,4.61,USD,"Mar 27, 2020","Mar 27, 2020",2026-05-14
WELLS FARGO & COMPANY MTN,Banking,Fixed Income,"12,071,622.54",0.04,"12,071,622.54","13,962,000.00",94974BGU8,US94974BGU89,BDSFRX9,84.42,United States,-,USD,11.81,6.09,1.0,"Dec 07, 2046",4.75,11.98,-,6.09,11.98,6.09,USD,"Dec 08, 2016","Dec 08, 2016",2026-05-14
MERCK & CO INC,Consumer Non-Cyclical,Fixed Income,"12,061,321.59",0.04,"12,061,321.59","12,075,000.00",58933YBZ7,US58933YBZ79,-,97.8,United States,-,USD,7.39,5.04,1.0,"Dec 04, 2035",4.75,7.42,-,5.04,7.42,5.04,USD,"Dec 04, 2025","Dec 04, 2025",2026-05-14
HEWLETT PACKARD ENTERPRISE CO,Technology,Fixed Income,"12,054,689.15",0.04,"12,054,689.15","13,223,000.00",42824CBW8,US42824CBW82,-,90.74,United States,-,USD,13.08,6.3,1.0,"Oct 15, 2054",5.6,13.39,-,6.3,13.39,6.3,USD,"Sep 26, 2024","Sep 26, 2024",2026-05-14
ONEOK INC,Energy,Fixed Income,"12,047,063.34",0.04,"12,047,063.34","11,340,000.00",682680BL6,US682680BL63,-,105.04,United States,-,USD,5.77,5.21,1.0,"Sep 01, 2033",6.05,5.83,-,5.19,5.67,5.19,USD,"Aug 24, 2023","Aug 24, 2023",2026-05-14
COMCAST CORPORATION,Communications,Fixed Income,"12,048,683.99",0.04,"12,048,683.99","13,876,000.00",20030NDN8,US20030NDN84,-,86.47,United States,-,USD,4.5,4.71,1.0,"Feb 15, 2031",1.5,4.47,-,4.71,4.47,4.71,USD,"Aug 25, 2020","Aug 25, 2020",2026-05-14
COMCAST CORPORATION,Communications,Fixed Income,"12,044,241.29",0.04,"12,044,241.29","14,723,000.00",20030NCM1,US20030NCM11,BGV15K8,81.45,United States,-,USD,12.43,6.25,1.0,"Oct 15, 2048",4.7,12.67,-,6.25,12.67,6.25,USD,"Oct 05, 2018","Oct 05, 2018",2026-05-14
KRAFT HEINZ FOODS CO,Consumer Non-Cyclical,Fixed Income,"12,006,872.93",0.04,"12,006,872.93","13,294,000.00",50077LAM8,US50077LAM81,BD7YG52,88.63,United States,-,USD,11.14,6.22,1.0,"Jul 15, 2045",5.2,11.32,-,6.22,11.32,6.22,USD,"Jul 15, 2016","Aug 19, 2016",2026-05-14
ARTHUR J GALLAGHER & CO,Insurance,Fixed Income,"12,008,013.63",0.04,"12,008,013.63","12,679,000.00",04316JAP4,US04316JAP49,BT225N4,93.37,United States,-,USD,13.28,6.04,1.0,"Feb 15, 2055",5.55,13.6,-,6.04,13.6,6.04,USD,"Dec 19, 2024","Dec 19, 2024",2026-05-14
FREEPORT-MCMORAN INC,Basic Industry,Fixed Income,"12,008,163.63",0.04,"12,008,163.63","12,390,000.00",35671DBC8,US35671DBC83,BFPC4S1,96.06,United States,-,USD,10.54,5.82,1.0,"Mar 15, 2043",5.45,10.69,-,5.82,10.69,5.82,USD,"Sep 15, 2013","Oct 09, 2013",2026-05-14
FORD MOTOR CREDIT COMPANY LLC,Consumer Cyclical,Fixed Income,"11,998,710.91",0.04,"11,998,710.91","11,590,000.00",345397G56,US345397G560,-,101.81,United States,-,USD,6.51,6.23,1.0,"Feb 07, 2035",6.5,6.51,-,6.22,6.37,6.22,USD,"Jan 07, 2025","Jan 07, 2025",2026-05-14
CHENIERE ENERGY PARTNERS LP,Energy,Fixed Income,"11,988,340.37",0.04,"11,988,340.37","11,208,000.00",16411QAQ4,US16411QAQ47,-,104.78,United States,-,USD,5.54,5.14,1.0,"Jun 30, 2033",5.95,5.68,-,5.09,5.36,5.09,USD,"Dec 30, 2023","Feb 27, 2024",2026-05-14
TORONTO-DOMINION BANK/THE MTN,Banking,Fixed Income,"11,974,081.61",0.04,"11,974,081.61","11,656,000.00",89115KAB6,US89115KAB61,-,100.61,Canada,-,USD,3.59,4.64,1.0,"Jun 03, 2030",4.81,3.58,-,4.64,3.58,4.64,USD,"Jun 03, 2025","Jun 03, 2025",2026-05-14
BRISTOL-MYERS SQUIBB CO,Consumer Non-Cyclical,Fixed Income,"11,975,179.62",0.04,"11,975,179.62","13,023,000.00",110122DU9,US110122DU92,-,91.49,United States,-,USD,5.22,4.63,1.0,"Mar 15, 2032",2.95,5.24,-,4.63,5.24,4.63,USD,"Mar 02, 2022","Mar 02, 2022",2026-05-14
WILLIAMS COMPANIES INC,Energy,Fixed Income,"11,966,364.94",0.04,"11,966,364.94","13,148,000.00",969457BY5,US969457BY52,-,90.6,United States,-,USD,4.44,4.8,1.0,"Mar 15, 2031",2.6,4.44,-,4.8,4.44,4.8,USD,"Mar 02, 2021","Mar 02, 2021",2026-05-14
MARSH & MCLENNAN COMPANIES INC,Insurance,Fixed Income,"11,961,629.03",0.04,"11,961,629.03","12,628,000.00",571748CD2,US571748CD26,-,93.87,United States,-,USD,13.61,5.84,1.0,"Mar 15, 2055",5.4,13.96,-,5.84,13.96,5.84,USD,"Nov 08, 2024","Nov 08, 2024",2026-05-14
KENVUE INC,Consumer Non-Cyclical,Fixed Income,"11,933,591.30",0.04,"11,933,591.30","11,807,000.00",49177JAK8,US49177JAK88,-,100.39,United States,-,USD,5.68,4.83,1.0,"Mar 22, 2033",4.9,5.73,-,4.83,5.56,4.83,USD,"Sep 22, 2023","Oct 17, 2023",2026-05-14
PEPSICO INC,Consumer Non-Cyclical,Fixed Income,"11,933,798.49",0.04,"11,933,798.49","11,680,000.00",713448GK8,US713448GK81,-,100.66,United States,-,USD,7.15,4.91,1.0,"Jul 23, 2035",5.0,7.2,-,4.91,7.05,4.91,USD,"Jul 23, 2025","Jul 23, 2025",2026-05-14
ROGERS COMMUNICATIONS INC,Communications,Fixed Income,"11,935,237.29",0.04,"11,935,237.29","15,041,000.00",775109CK5,US775109CK50,BNYJ876,78.63,Canada,-,USD,13.23,6.22,1.0,"Mar 15, 2052",4.55,13.51,-,6.22,13.51,6.22,USD,"Mar 15, 2023","Jul 25, 2023",2026-05-14
UNITEDHEALTH GROUP INC,Insurance,Fixed Income,"11,930,564.65",0.04,"11,930,564.65","12,834,000.00",91324PFC1,US91324PFC14,BSSHCV3,92.56,United States,-,USD,13.45,5.92,1.0,"Apr 15, 2054",5.38,13.78,-,5.92,13.78,5.92,USD,"Mar 21, 2024","Mar 21, 2024",2026-05-14
INTEL CORPORATION,Technology,Fixed Income,"11,911,085.97",0.04,"11,911,085.97","11,961,000.00",458140CR9,US458140CR99,-,99.42,United States,-,USD,5.99,5.1,1.0,"Aug 15, 2033",5.0,6.01,-,5.1,6.01,5.1,USD,"Apr 30, 2026","Apr 30, 2026",2026-05-14
GILEAD SCIENCES INC,Consumer Non-Cyclical,Fixed Income,"11,886,947.41",0.04,"11,886,947.41","13,587,000.00",375558BA0,US375558BA09,BSNBJW0,86.23,United States,-,USD,11.63,5.71,1.0,"Feb 01, 2045",4.5,11.82,-,5.71,11.82,5.71,USD,"Nov 17, 2014","Nov 17, 2014",2026-05-14
PNC FINANCIAL SERVICES GROUP INC ( MTN,Banking,Fixed Income,"11,888,070.32",0.04,"11,888,070.32","11,636,000.00",693475CE3,US693475CE34,-,100.51,United States,-,USD,6.92,5.29,1.0,"Jul 21, 2036",5.37,7.07,-,5.29,7.07,5.29,USD,"Jul 21, 2025","Jul 21, 2025",2026-05-14
MICROSOFT CORPORATION,Technology,Fixed Income,"11,881,500.25",0.04,"11,881,500.25","13,197,000.00",594918BS2,US594918BS26,BDCBCM7,89.13,United States,-,USD,8.26,4.81,1.0,"Aug 08, 2036",3.45,8.32,-,4.81,8.32,4.81,USD,"Aug 08, 2016","Aug 08, 2016",2026-05-14
SOUTHERN COMPANY (THE),Electric,Fixed Income,"11,878,796.68",0.04,"11,878,796.68","14,138,000.00",842587CX3,US842587CX39,BYT1540,82.42,United States,-,USD,11.99,5.9,1.0,"Jul 01, 2046",4.4,12.21,-,5.9,12.21,5.9,USD,"May 24, 2016","May 24, 2016",2026-05-14
CVS HEALTH CORP,Consumer Non-Cyclical,Fixed Income,"11,873,170.05",0.04,"11,873,170.05","12,303,000.00",126650DG2,US126650DG21,BK5KKM6,95.72,United States,-,USD,3.0,4.68,1.0,"Aug 15, 2029",3.25,3.02,-,4.68,3.02,4.68,USD,"Aug 15, 2019","Aug 15, 2019",2026-05-14
BANCO SANTANDER SA (FXD),Banking,Fixed Income,"11,869,772.38",0.04,"11,869,772.38","12,048,000.00",05971KAR0,US05971KAR05,-,98.44,Spain,-,USD,4.02,4.94,1.0,"Nov 06, 2030",4.55,4.0,-,4.94,4.0,4.94,USD,"Nov 06, 2025","Nov 06, 2025",2026-05-14
ENTERPRISE PRODUCTS OPERATING LLC,Energy,Fixed Income,"11,860,636.36",0.04,"11,860,636.36","11,598,000.00",29379VCL5,US29379VCL53,BVDD8P3,100.57,United States,-,USD,7.38,5.12,1.0,"Jan 15, 2036",5.2,7.41,-,5.12,7.26,5.12,USD,"Jun 20, 2025","Jun 20, 2025",2026-05-14
COMCAST CORPORATION,Communications,Fixed Income,"11,856,622.49",0.04,"11,856,622.49","11,995,000.00",20030NCU3,US20030NCU37,BGGFKB1,98.53,United States,-,USD,3.92,4.62,1.0,"Oct 15, 2030",4.25,3.97,-,4.62,3.97,4.62,USD,"Oct 05, 2018","Oct 05, 2018",2026-05-14
VERIZON COMMUNICATIONS INC,Communications,Fixed Income,"11,857,654.31",0.04,"11,857,654.31","11,841,000.00",92343VEU4,US92343VEU44,-,98.37,United States,-,USD,3.16,4.52,1.0,"Dec 03, 2029",4.02,3.22,-,4.52,3.22,4.52,USD,"Jun 03, 2019","Sep 10, 2019",2026-05-14
MIZUHO FINANCIAL GROUP INC,Banking,Fixed Income,"11,856,263.42",0.04,"11,856,263.42","13,029,000.00",60687YBH1,US60687YBH18,-,90.25,Japan,-,USD,3.84,4.9,1.0,"Jul 10, 2031",2.2,3.86,-,4.84,3.86,4.84,USD,"Jul 10, 2020","Jul 10, 2020",2026-05-14
INTEL CORPORATION,Technology,Fixed Income,"11,850,938.78",0.04,"11,850,938.78","12,135,000.00",458140BR0,US458140BR09,-,97.15,United States,-,USD,3.48,4.71,1.0,"Mar 25, 2030",3.9,3.52,-,4.71,3.52,4.71,USD,"Mar 25, 2020","Mar 25, 2020",2026-05-14
BERKSHIRE HATHAWAY FINANCE CORP,Insurance,Fixed Income,"11,820,952.83",0.04,"11,820,952.83","14,129,000.00",084664CR0,US084664CR08,BHZRWX1,82.28,United States,-,USD,13.0,5.64,1.0,"Jan 15, 2049",4.25,13.28,-,5.64,13.28,5.64,USD,"Jan 11, 2019","Jan 11, 2019",2026-05-14
JOHNSON & JOHNSON,Consumer Non-Cyclical,Fixed Income,"11,788,808.81",0.04,"11,788,808.81","13,256,000.00",478160CQ5,US478160CQ51,BMGYMN6,88.68,United States,-,USD,4.1,4.2,1.0,"Sep 01, 2030",1.3,4.09,-,4.2,4.09,4.2,USD,"Aug 25, 2020","Aug 25, 2020",2026-05-14
ORACLE CORPORATION,Technology,Fixed Income,"11,785,983.13",0.04,"11,785,983.13","12,764,000.00",68389XCT0,US68389XCT00,BL6JQV0,91.75,United States,-,USD,6.72,5.96,1.0,"Sep 27, 2034",4.7,6.7,-,5.96,6.7,5.96,USD,"Sep 27, 2024","Sep 27, 2024",2026-05-14
UNITEDHEALTH GROUP INC,Insurance,Fixed Income,"11,772,801.76",0.04,"11,772,801.76","11,905,000.00",91324PFK3,US91324PFK30,BPDY8C1,97.1,United States,-,USD,10.9,5.76,1.0,"Jul 15, 2044",5.5,11.08,-,5.76,11.08,5.76,USD,"Jul 25, 2024","Jul 25, 2024",2026-05-14
NATWEST GROUP PLC,Banking,Fixed Income,"11,761,167.35",0.04,"11,761,167.35","11,541,000.00",639057AS7,US639057AS70,-,100.71,United Kingdom,-,USD,2.94,4.79,1.0,"Aug 15, 2030",4.96,2.94,-,4.72,2.95,4.72,USD,"Aug 15, 2024","Aug 15, 2024",2026-05-14
CHARTER COMMUNICATIONS OPERATING L,Communications,Fixed Income,"11,730,164.71",0.04,"11,730,164.71","13,112,000.00",161175BU7,US161175BU77,BMCJ8R1,89.14,United States,-,USD,4.46,5.35,1.0,"Apr 01, 2031",2.8,4.45,-,5.35,4.45,5.35,USD,"Apr 17, 2020","Apr 17, 2020",2026-05-14
GENERAL MOTORS CO,Consumer Cyclical,Fixed Income,"11,713,092.40",0.04,"11,713,092.40","11,729,000.00",37045VAF7,US37045VAF76,BP8Y7Q3,99.17,United States,-,USD,10.33,6.33,1.0,"Oct 02, 2043",6.25,10.41,-,6.33,10.41,6.33,USD,"Apr 02, 2014","Jul 21, 2014",2026-05-14
NOVARTIS CAPITAL CORP,Consumer Non-Cyclical,Fixed Income,"11,687,548.64",0.04,"11,687,548.64","13,387,000.00",66989HAH1,US66989HAH12,BJZ7ZQ9,87.23,Switzerland,-,USD,11.71,5.53,1.0,"May 06, 2044",4.4,11.84,-,5.53,11.84,5.53,USD,"Feb 21, 2014","Feb 21, 2014",2026-05-14
FIFTH THIRD BANCORP,Banking,Fixed Income,"11,689,242.28",0.04,"11,689,242.28","11,879,000.00",316773DN7,US316773DN70,-,98.24,United States,-,USD,4.35,4.92,1.0,"Apr 29, 2032",4.57,4.38,-,4.92,4.38,4.92,USD,"Jan 29, 2026","Jan 29, 2026",2026-05-14
EXXON MOBIL CORP,Energy,Fixed Income,"11,674,447.35",0.04,"11,674,447.35","11,973,000.00",30231GBK7,US30231GBK76,-,96.99,United States,-,USD,3.49,4.34,1.0,"Mar 19, 2030",3.48,3.54,-,4.34,3.54,4.34,USD,"Mar 19, 2020","Mar 19, 2020",2026-05-14
PNC FINANCIAL SERVICES GROUP INC (,Banking,Fixed Income,"11,661,480.76",0.04,"11,661,480.76","11,235,000.00",693475CC7,US693475CC77,-,102.2,United States,-,USD,6.63,5.24,1.0,"Jan 29, 2036",5.58,6.76,-,5.24,6.76,5.24,USD,"Jan 29, 2025","Jan 29, 2025",2026-05-14
PACIFIC GAS & ELECTRIC UTILITIES,Electric,Fixed Income,"11,655,179.21",0.04,"11,655,179.21","13,339,000.00",694308JQ1,US694308JQ18,BMVV6C9,85.74,United States,-,USD,9.74,6.01,1.0,"Jul 01, 2040",4.5,9.79,-,6.01,9.79,6.01,USD,"Jul 02, 2020","Jul 01, 2020",2026-05-14
BANK OF AMERICA CORP MTN,Banking,Fixed Income,"11,645,769.46",0.04,"11,645,769.46","13,611,000.00",06051GGG8,US06051GGG82,BYMX8C2,84.18,United States,-,USD,11.66,5.76,1.0,"Jan 20, 2048",4.44,12.49,-,5.76,12.48,5.76,USD,"Jan 20, 2017","Jan 20, 2017",2026-05-14
SABINE PASS LIQUEFACTION LLC,Energy,Fixed Income,"11,629,780.29",0.04,"11,629,780.29","11,438,000.00",785592AX4,US785592AX43,-,99.46,United States,-,USD,3.39,4.65,1.0,"May 15, 2030",4.5,3.55,-,4.65,3.55,4.65,USD,"Nov 15, 2020","Feb 23, 2021",2026-05-14
ENBRIDGE INC,Energy,Fixed Income,"11,619,502.24",0.04,"11,619,502.24","11,523,000.00",29250NCQ6,US29250NCQ60,-,100.23,Canada,-,USD,4.26,4.79,1.0,"Mar 27, 2031",4.85,4.27,-,4.79,4.21,4.79,USD,"Mar 27, 2026","Mar 27, 2026",2026-05-14
WELLS FARGO & COMPANY,Banking,Fixed Income,"11,613,653.13",0.04,"11,613,653.13","14,111,000.00",94974BGT1,US94974BGT17,BYYYTZ3,80.49,United States,-,USD,11.89,6.1,1.0,"Jun 14, 2046",4.4,12.05,-,6.1,12.05,6.1,USD,"Jun 14, 2016","Jun 14, 2016",2026-05-14
ASTRAZENECA FINANCE LLC,Consumer Non-Cyclical,Fixed Income,"11,614,997.87",0.04,"11,614,997.87","11,370,000.00",04636NAN3,US04636NAN30,-,101.1,United Kingdom,-,USD,6.29,4.83,1.0,"Feb 26, 2034",5.0,6.34,-,4.82,6.17,4.82,USD,"Feb 26, 2024","Feb 26, 2024",2026-05-14
AON NORTH AMERICA INC,Insurance,Fixed Income,"11,615,181.76",0.04,"11,615,181.76","11,278,000.00",03740MAD2,US03740MAD20,-,101.91,United States,-,USD,6.2,5.15,1.0,"Mar 01, 2034",5.45,6.25,-,5.14,6.08,5.14,USD,"Mar 01, 2024","Mar 01, 2024",2026-05-14
PHILLIPS 66,Energy,Fixed Income,"11,611,678.17",0.04,"11,611,678.17","11,582,000.00",718546AH7,US718546AH74,B7RB2F3,100.08,United States,-,USD,10.18,5.87,1.0,"May 01, 2042",5.88,10.25,-,5.87,10.25,5.87,USD,"Nov 01, 2012","Jan 18, 2013",2026-05-14
EXXON MOBIL CORP,Energy,Fixed Income,"11,608,261.07",0.04,"11,608,261.07","12,828,000.00",30231GBF8,US30231GBF81,BLD6PH3,89.87,United States,-,USD,9.98,5.27,1.0,"Mar 19, 2040",4.23,10.08,-,5.27,10.08,5.27,USD,"Mar 19, 2020","Mar 19, 2020",2026-05-14
MCDONALDS CORPORATION MTN,Consumer Cyclical,Fixed Income,"11,605,228.19",0.04,"11,605,228.19","12,732,000.00",58013MFA7,US58013MFA71,BYWKW98,89.08,United States,-,USD,11.55,5.82,1.0,"Dec 09, 2045",4.88,11.76,-,5.82,11.76,5.82,USD,"Dec 09, 2015","Dec 09, 2015",2026-05-14
MEDTRONIC INC,Consumer Non-Cyclical,Fixed Income,"11,600,914.31",0.04,"11,600,914.31","12,946,000.00",585055BU9,US585055BU98,BYZYSL1,88.88,United States,-,USD,11.77,5.59,1.0,"Mar 15, 2045",4.63,11.93,-,5.59,11.93,5.59,USD,"Mar 15, 2015","Aug 31, 2015",2026-05-14
WELLS FARGO & COMPANY MTN,Banking,Fixed Income,"11,597,353.71",0.04,"11,597,353.71","14,714,000.00",94974BGK0,US94974BGK08,BX2H0V0,78.7,United States,-,USD,12.26,5.76,1.0,"May 01, 2045",3.9,12.41,-,5.76,12.41,5.76,USD,"Apr 30, 2015","Apr 30, 2015",2026-05-14
TOYOTA MOTOR CREDIT CORP MTN,Consumer Cyclical,Fixed Income,"11,590,249.77",0.04,"11,590,249.77","12,035,000.00",89236TGY5,US89236TGY55,-,95.92,United States,-,USD,3.58,4.53,1.0,"Apr 01, 2030",3.38,3.57,-,4.53,3.57,4.53,USD,"Apr 01, 2020","Apr 01, 2020",2026-05-14
FISERV INC,Technology,Fixed Income,"11,591,717.35",0.04,"11,591,717.35","15,066,000.00",337738AV0,US337738AV08,BGBN0F4,75.34,United States,-,USD,12.44,6.47,1.0,"Jul 01, 2049",4.4,12.67,-,6.47,12.67,6.47,USD,"Jun 24, 2019","Jun 24, 2019",2026-05-14
FORD MOTOR COMPANY,Consumer Cyclical,Fixed Income,"11,578,804.11",0.04,"11,578,804.11","14,640,000.00",345370CQ1,US345370CQ17,B8H94Y7,77.55,United States,-,USD,10.33,7.06,1.0,"Jan 15, 2043",4.75,10.36,-,7.06,10.36,7.06,USD,"Jan 08, 2013","Jan 08, 2013",2026-05-14
ENERGY TRANSFER LP,Energy,Fixed Income,"11,580,518.92",0.04,"11,580,518.92","11,242,000.00",29273VBA7,US29273VBA70,-,101.91,United States,-,USD,6.5,5.3,1.0,"Sep 01, 2034",5.6,6.53,-,5.3,6.37,5.3,USD,"Jun 21, 2024","Jun 21, 2024",2026-05-14
LOWES COMPANIES INC,Consumer Cyclical,Fixed Income,"11,575,672.66",0.04,"11,575,672.66","12,657,000.00",548661EA1,US548661EA10,-,91.16,United States,-,USD,4.48,4.67,1.0,"Apr 01, 2031",2.63,4.48,-,4.67,4.48,4.67,USD,"Mar 31, 2021","Mar 31, 2021",2026-05-14
JOHNSON & JOHNSON,Consumer Non-Cyclical,Fixed Income,"11,559,201.87",0.04,"11,559,201.87","10,998,000.00",478160CW2,US478160CW20,-,102.89,United States,-,USD,6.4,4.52,1.0,"Jun 01, 2034",4.95,6.47,-,4.51,6.31,4.51,USD,"May 20, 2024","May 20, 2024",2026-05-14
AT&T INC,Communications,Fixed Income,"11,555,391.10",0.04,"11,555,391.10","11,687,000.00",00206RMZ2,US00206RMZ28,-,97.41,United States,-,USD,13.09,6.24,1.0,"Aug 15, 2056",6.05,13.41,-,6.24,13.41,6.24,USD,"Jun 03, 2025","Jun 03, 2025",2026-05-14
META PLATFORMS INC,Communications,Fixed Income,"11,541,558.94",0.04,"11,541,558.94","12,407,000.00",30303M8R6,US30303M8R66,BQPF885,90.2,United States,-,USD,13.5,6.45,1.0,"May 15, 2063",5.75,13.84,-,6.45,13.84,6.45,USD,"May 03, 2023","May 03, 2023",2026-05-14
CHARTER COMMUNICATIONS OPERATING L,Communications,Fixed Income,"11,520,999.97",0.04,"11,520,999.97","11,472,000.00",161175CS1,US161175CS13,-,96.36,United States,-,USD,6.91,6.36,1.0,"Dec 01, 2035",5.85,6.89,-,6.36,6.89,6.36,USD,"Sep 02, 2025","Sep 02, 2025",2026-05-14
JPMORGAN CHASE & CO,Banking,Fixed Income,"11,512,532.79",0.04,"11,512,532.79","11,266,000.00",46625HHV5,US46625HHV50,B43XY12,101.78,United States,-,USD,9.82,5.32,1.0,"Oct 15, 2040",5.5,9.88,-,5.32,9.88,5.32,USD,"Oct 21, 2010","Oct 21, 2010",2026-05-14
HOME DEPOT INC,Consumer Cyclical,Fixed Income,"11,506,908.58",0.04,"11,506,908.58","13,842,000.00",437076BH4,US437076BH45,BYZFY49,82.65,United States,-,USD,12.26,5.72,1.0,"Apr 01, 2046",4.25,12.48,-,5.72,12.48,5.72,USD,"Jun 02, 2015","Jun 02, 2015",2026-05-14
COOPERATIEVE RABOBANK UA MTN,Banking,Fixed Income,"11,493,899.54",0.04,"11,493,899.54","11,442,000.00",21685WCJ4,US21685WCJ45,B44YJW0,98.0,Netherlands,-,USD,9.94,5.45,1.0,"May 24, 2041",5.25,10.0,-,5.45,10.0,5.45,USD,"May 24, 2011","May 24, 2011",2026-05-14
PEPSICO INC,Consumer Non-Cyclical,Fixed Income,"11,476,046.65",0.04,"11,476,046.65","12,735,000.00",713448EZ7,US713448EZ78,-,90.06,United States,-,USD,3.77,4.38,1.0,"May 01, 2030",1.63,3.77,-,4.38,3.77,4.38,USD,"May 01, 2020","May 01, 2020",2026-05-14
COCA-COLA CO,Consumer Non-Cyclical,Fixed Income,"11,459,756.30",0.04,"11,459,756.30","11,711,000.00",191216DT4,US191216DT43,BNRQYR6,95.17,United States,-,USD,14.76,5.71,1.0,"May 13, 2064",5.4,15.16,-,5.71,15.16,5.71,USD,"May 13, 2024","May 13, 2024",2026-05-14
WELLS FARGO & COMPANY MTN,Banking,Fixed Income,"11,447,282.09",0.04,"11,447,282.09","11,681,000.00",95000U4B6,US95000U4B65,-,97.22,United States,-,USD,7.15,8.54,1.0,"Sep 15, 2036",4.89,7.37,-,5.27,7.33,5.27,USD,"Sep 15, 2025","Sep 15, 2025",2026-05-14
AMGEN INC,Consumer Non-Cyclical,Fixed Income,"11,443,420.71",0.04,"11,443,420.71","16,166,000.00",031162CS7,US031162CS70,BJVPJP4,70.03,United States,-,USD,14.08,5.69,1.0,"Feb 21, 2050",3.38,14.35,-,5.69,14.35,5.69,USD,"Feb 21, 2020","Feb 21, 2020",2026-05-14
CVS HEALTH CORP,Consumer Non-Cyclical,Fixed Income,"11,440,303.02",0.04,"11,440,303.02","11,144,000.00",126650DU1,US126650DU15,-,101.48,United States,-,USD,5.54,4.99,1.0,"Feb 21, 2033",5.25,5.59,-,4.98,5.41,4.98,USD,"Feb 21, 2023","Feb 21, 2023",2026-05-14
SUMITOMO MITSUI FINANCIAL GROUP IN,Banking,Fixed Income,"11,436,844.65",0.04,"11,436,844.65","12,116,000.00",86562MBW9,US86562MBW91,-,93.5,Japan,-,USD,3.42,4.73,1.0,"Jan 15, 2030",2.75,3.4,-,4.73,3.4,4.73,USD,"Jan 15, 2020","Jan 15, 2020",2026-05-14
KLA CORP,Technology,Fixed Income,"11,428,123.03",0.04,"11,428,123.03","12,528,000.00",482480AM2,US482480AM29,BQ5J5X1,89.61,United States,-,USD,13.34,5.72,1.0,"Jul 15, 2052",4.95,13.66,-,5.72,13.66,5.72,USD,"Jun 23, 2022","Jun 23, 2022",2026-05-14
AT&T INC,Communications,Fixed Income,"11,417,076.86",0.04,"11,417,076.86","13,173,000.00",00206RCQ3,US00206RCQ39,BX2H2X6,84.33,United States,-,USD,11.54,6.13,1.0,"May 15, 2046",4.75,11.75,-,6.13,11.75,6.13,USD,"May 04, 2015","May 04, 2015",2026-05-14
DIAMONDBACK ENERGY INC,Energy,Fixed Income,"11,408,617.98",0.04,"11,408,617.98","11,831,000.00",25278XBA6,US25278XBA63,BMDPVW4,96.05,United States,-,USD,13.17,6.04,1.0,"Apr 18, 2054",5.75,13.49,-,6.04,13.49,6.04,USD,"Apr 18, 2024","Apr 18, 2024",2026-05-14
CVS HEALTH CORP,Consumer Non-Cyclical,Fixed Income,"11,399,829.36",0.04,"11,399,829.36","11,192,000.00",126650EK2,US126650EK24,-,100.99,United States,-,USD,7.17,5.31,1.0,"Sep 15, 2035",5.45,7.2,-,5.31,7.05,5.31,USD,"Aug 15, 2025","Aug 15, 2025",2026-05-14
COCA-COLA CO,Consumer Non-Cyclical,Fixed Income,"11,401,519.84",0.04,"11,401,519.84","12,530,000.00",191216CV0,US191216CV08,-,90.26,United States,-,USD,3.83,4.3,1.0,"Jun 01, 2030",1.65,3.82,-,4.3,3.82,4.3,USD,"May 01, 2020","May 01, 2020",2026-05-14
ENTERPRISE PRODUCTS OPERATING LLC,Energy,Fixed Income,"11,398,988.88",0.04,"11,398,988.88","11,695,000.00",29379VCH4,US29379VCH42,BT8P849,96.14,United States,-,USD,13.5,5.83,1.0,"Feb 16, 2055",5.55,13.82,-,5.83,13.82,5.83,USD,"Aug 08, 2024","Aug 08, 2024",2026-05-14
GENERAL MOTORS CO,Consumer Cyclical,Fixed Income,"11,391,528.58",0.04,"11,391,528.58","11,998,000.00",37045VAP5,US37045VAP58,BD93QC4,94.36,United States,-,USD,8.58,5.81,1.0,"Apr 01, 2038",5.15,8.63,-,5.81,8.63,5.81,USD,"Aug 07, 2017","Aug 07, 2017",2026-05-14
JOHNSON & JOHNSON,Consumer Non-Cyclical,Fixed Income,"11,385,559.19",0.04,"11,385,559.19","10,853,000.00",478160CV4,US478160CV47,BR82SK2,102.72,United States,-,USD,4.3,4.3,1.0,"Jun 01, 2031",4.9,4.36,-,4.28,4.23,4.28,USD,"May 20, 2024","May 20, 2024",2026-05-14
MARRIOTT INTERNATIONAL INC,Consumer Cyclical,Fixed Income,"11,383,851.74",0.04,"11,383,851.74","11,326,000.00",571903BU6,US571903BU68,BMTYVB4,100.1,United States,-,USD,8.07,5.49,1.0,"Apr 15, 2037",5.5,8.1,-,5.49,8.1,5.49,USD,"Feb 26, 2025","Feb 26, 2025",2026-05-14
WASTE MANAGEMENT INC,Capital Goods,Fixed Income,"11,379,724.33",0.04,"11,379,724.33","11,171,000.00",94106LBW8,US94106LBW81,-,100.69,United States,-,USD,6.28,4.77,1.0,"Feb 15, 2034",4.88,6.33,-,4.76,6.16,4.76,USD,"Aug 03, 2023","Aug 03, 2023",2026-05-14
ORACLE CORPORATION,Technology,Fixed Income,"11,381,119.62",0.04,"11,381,119.62","15,805,000.00",68389XBZ7,US68389XBZ78,BMYLXB4,71.53,United States,-,USD,10.45,6.7,1.0,"Mar 25, 2041",3.65,10.46,-,6.7,10.46,6.7,USD,"Mar 24, 2021","Mar 24, 2021",2026-05-14
VALERO ENERGY CORPORATION,Energy,Fixed Income,"11,359,921.00",0.04,"11,359,921.00","10,123,000.00",91913YAL4,US91913YAL48,B1YLTG4,109.51,United States,-,USD,7.78,5.47,1.0,"Jun 15, 2037",6.63,7.77,-,5.47,7.77,5.47,USD,"Jun 08, 2007","Jun 08, 2007",2026-05-14
WELLS FARGO & COMPANY,Banking,Fixed Income,"11,356,244.40",0.04,"11,356,244.40","13,458,000.00",94974BGE4,US94974BGE48,BS9FPF1,84.28,United States,-,USD,11.52,6.08,1.0,"Nov 04, 2044",4.65,11.64,-,6.08,11.64,6.08,USD,"Nov 04, 2014","Nov 04, 2014",2026-05-14
US BANCORP MTN,Banking,Fixed Income,"11,356,415.45",0.04,"11,356,415.45","10,648,000.00",91159HJN1,US91159HJN17,BRXDCZ3,104.22,United States,-,USD,5.56,5.2,1.0,"Jun 12, 2034",5.84,5.32,-,5.12,5.65,5.12,USD,"Jun 12, 2023","Jun 12, 2023",2026-05-14
KINDER MORGAN INC,Energy,Fixed Income,"11,333,171.37",0.04,"11,333,171.37","10,892,000.00",49456BAX9,US49456BAX91,-,101.72,United States,-,USD,5.67,4.91,1.0,"Jun 01, 2033",5.2,5.73,-,4.9,5.56,4.9,USD,"Jan 31, 2023","Jan 31, 2023",2026-05-14
ELEVANCE HEALTH INC,Insurance,Fixed Income,"11,327,803.49",0.04,"11,327,803.49","11,680,000.00",036752BE2,US036752BE23,-,95.61,United States,-,USD,13.22,6.02,1.0,"Feb 15, 2055",5.7,13.54,-,6.02,13.54,6.02,USD,"Oct 31, 2024","Oct 31, 2024",2026-05-14
ENTERPRISE PRODUCTS OPERATING LLC,Energy,Fixed Income,"11,315,709.17",0.04,"11,315,709.17","12,337,000.00",29379VBA0,US29379VBA08,B9M5X40,90.95,United States,-,USD,11.23,5.66,1.0,"Mar 15, 2044",4.85,11.41,-,5.66,11.41,5.66,USD,"Mar 18, 2013","Mar 18, 2013",2026-05-14
CATERPILLAR INC,Capital Goods,Fixed Income,"11,309,100.69",0.04,"11,309,100.69","13,513,000.00",149123CB5,US149123CB51,B95BMR1,82.77,United States,-,USD,11.29,5.41,1.0,"Aug 15, 2042",3.8,11.37,-,5.41,11.37,5.41,USD,"Aug 15, 2012","Dec 05, 2012",2026-05-14
T-MOBILE USA INC,Communications,Fixed Income,"11,299,299.05",0.04,"11,299,299.05","12,873,000.00",87264AAX3,US87264AAX37,BMW1GL7,87.45,United States,-,USD,9.91,5.69,1.0,"Apr 15, 2040",4.38,9.98,-,5.69,9.98,5.69,USD,"Apr 15, 2021","May 21, 2021",2026-05-14
REGAL REXNORD CORP,Capital Goods,Fixed Income,"11,293,111.32",0.04,"11,293,111.32","10,669,000.00",758750AN3,US758750AN32,BNZHS13,104.33,United States,-,USD,3.22,5.06,1.0,"Feb 15, 2030",6.3,3.28,-,5.01,3.15,5.01,USD,"Feb 15, 2024","May 01, 2024",2026-05-14
JPMORGAN CHASE & CO,Banking,Fixed Income,"11,290,954.65",0.04,"11,290,954.65","13,591,000.00",46647PAA4,US46647PAA49,BZ7NF45,82.13,United States,-,USD,11.86,5.74,1.0,"Feb 22, 2048",4.26,12.7,-,5.74,12.69,5.74,USD,"Feb 22, 2017","Feb 22, 2017",2026-05-14
MITSUBISHI UFJ FINANCIAL GROUP INC,Banking,Fixed Income,"11,279,481.55",0.04,"11,279,481.55","10,968,000.00",606822DL5,US606822DL51,-,102.56,Japan,-,USD,6.83,5.27,1.0,"Apr 24, 2036",5.62,6.98,-,5.27,6.98,5.27,USD,"Apr 24, 2025","Apr 24, 2025",2026-05-14
ABBVIE INC,Consumer Non-Cyclical,Fixed Income,"11,281,511.43",0.04,"11,281,511.43","12,320,000.00",00287YBD0,US00287YBD04,BGHCHX2,89.16,United States,-,USD,12.37,5.74,1.0,"Nov 14, 2048",4.88,12.65,-,5.74,12.65,5.74,USD,"Sep 18, 2018","Sep 18, 2018",2026-05-14
INTERNATIONAL BUSINESS MACHINES CO,Technology,Fixed Income,"11,277,930.55",0.04,"11,277,930.55","11,074,000.00",459200LG4,US459200LG47,-,100.61,United States,-,USD,3.34,4.62,1.0,"Feb 10, 2030",4.8,3.36,-,4.61,3.29,4.61,USD,"Feb 10, 2025","Feb 10, 2025",2026-05-14
MORGAN STANLEY,Banking,Fixed Income,"11,265,569.47",0.04,"11,265,569.47","12,193,000.00",61744YAR9,US61744YAR99,BD1KDW2,92.15,United States,-,USD,8.76,5.34,1.0,"Apr 22, 2039",4.46,9.0,-,5.34,9.0,5.34,USD,"Apr 24, 2018","Apr 24, 2018",2026-05-14
GLOBAL PAYMENTS INC,Technology,Fixed Income,"11,250,427.97",0.04,"11,250,427.97","11,339,000.00",37940XAY8,US37940XAY85,-,96.47,United States,-,USD,7.06,6.04,1.0,"Nov 15, 2035",5.55,7.05,-,6.04,7.05,6.04,USD,"Nov 14, 2025","Nov 14, 2025",2026-05-14
HOME DEPOT INC,Consumer Cyclical,Fixed Income,"11,250,661.48",0.04,"11,250,661.48","11,801,000.00",437076DF6,US437076DF60,BPLZ1P0,93.32,United States,-,USD,13.43,5.78,1.0,"Jun 25, 2054",5.3,13.76,-,5.78,13.76,5.78,USD,"Jun 25, 2024","Jun 25, 2024",2026-05-14
HEWLETT PACKARD ENTERPRISE CO,Technology,Fixed Income,"11,233,362.68",0.04,"11,233,362.68","11,032,000.00",42824CAY5,US42824CAY57,BDCT8F6,101.35,United States,-,USD,10.88,6.23,1.0,"Oct 15, 2045",6.35,11.08,-,6.23,10.93,6.23,USD,"Oct 15, 2016","Dec 30, 2016",2026-05-14
WALT DISNEY CO,Communications,Fixed Income,"11,234,850.99",0.04,"11,234,850.99","12,833,000.00",254687FS0,US254687FS06,BMF33Q4,86.91,United States,-,USD,13.09,5.71,1.0,"Mar 23, 2050",4.7,13.39,-,5.71,13.39,5.71,USD,"Mar 23, 2020","Mar 23, 2020",2026-05-14
NOVARTIS CAPITAL CORP,Consumer Non-Cyclical,Fixed Income,"11,218,929.76",0.04,"11,218,929.76","11,397,000.00",66989HAY4,US66989HAY45,-,98.36,Switzerland,-,USD,4.03,4.51,1.0,"Nov 05, 2030",4.1,4.04,-,4.51,4.04,4.51,USD,"Nov 05, 2025","Nov 05, 2025",2026-05-14
T-MOBILE USA INC,Communications,Fixed Income,"11,220,712.60",0.04,"11,220,712.60","11,163,000.00",87264ADX0,US87264ADX00,-,97.59,United States,-,USD,7.23,5.28,1.0,"Nov 15, 2035",4.95,7.26,-,5.28,7.26,5.28,USD,"Oct 09, 2025","Oct 09, 2025",2026-05-14
MORGAN STANLEY,Banking,Fixed Income,"11,215,683.01",0.04,"11,215,683.01","9,846,000.00",617446HD4,US617446HD43,B4021X3,113.09,United States,-,USD,4.83,4.68,1.0,"Apr 01, 2032",7.25,4.82,-,4.68,4.82,4.68,USD,"Apr 03, 2002","Apr 03, 2002",2026-05-14
HCA INC,Consumer Non-Cyclical,Fixed Income,"11,210,593.91",0.04,"11,210,593.91","11,875,000.00",404119BV0,US404119BV04,BF2XWB6,92.16,United States,-,USD,11.48,6.17,1.0,"Jun 15, 2047",5.5,11.71,-,6.17,11.71,6.17,USD,"Jun 22, 2017","Jun 22, 2017",2026-05-14
BAT CAPITAL CORP,Consumer Non-Cyclical,Fixed Income,"11,211,222.20",0.04,"11,211,222.20","10,176,000.00",054989AB4,US054989AB41,BRZWBR3,108.39,United Kingdom,-,USD,5.64,5.02,1.0,"Aug 02, 2033",6.42,5.72,-,4.98,5.56,4.98,USD,"Aug 02, 2023","Aug 02, 2023",2026-05-14
JPMORGAN CHASE & CO (FXD-FRN),Banking,Fixed Income,"11,207,728.54",0.04,"11,207,728.54","11,397,000.00",46647PFD3,US46647PFD33,-,98.1,United States,-,USD,3.98,4.71,1.0,"Oct 22, 2031",4.25,3.99,-,4.71,3.99,4.71,USD,"Oct 22, 2025","Oct 22, 2025",2026-05-14
FORD MOTOR CREDIT COMPANY LLC,Consumer Cyclical,Fixed Income,"11,175,431.01",0.04,"11,175,431.01","11,037,000.00",345397E66,US345397E664,BQKW052,100.17,United States,-,USD,6.07,6.1,1.0,"Mar 08, 2034",6.13,6.08,-,6.1,6.08,6.1,USD,"Mar 08, 2024","Mar 08, 2024",2026-05-14
VISA INC,Technology,Fixed Income,"11,170,697.49",0.04,"11,170,697.49","12,874,000.00",92826CAN2,US92826CAN20,-,86.5,United States,-,USD,4.54,4.26,1.0,"Feb 15, 2031",1.1,4.53,-,4.26,4.53,4.26,USD,"Aug 17, 2020","Aug 17, 2020",2026-05-14
AT&T INC,Communications,Fixed Income,"11,161,320.94",0.04,"11,161,320.94","11,181,000.00",00206RNF5,US00206RNF54,-,98.64,United States,-,USD,4.35,4.71,1.0,"Apr 30, 2031",4.4,4.36,-,4.71,4.36,4.71,USD,"Feb 05, 2026","Feb 05, 2026",2026-05-14
OCCIDENTAL PETROLEUM CORPORATION,Energy,Fixed Income,"11,136,653.81",0.04,"11,136,653.81","10,837,000.00",674599EL5,US674599EL59,BQ5HTN3,102.13,United States,-,USD,6.58,5.23,1.0,"Oct 01, 2034",5.55,6.62,-,5.23,6.46,5.23,USD,"Jul 26, 2024","Jul 26, 2024",2026-05-14
JPMORGAN CHASE & CO,Banking,Fixed Income,"11,134,121.37",0.04,"11,134,121.37","14,709,000.00",46647PCD6,US46647PCD69,-,75.52,United States,-,USD,10.63,5.57,1.0,"Apr 22, 2042",3.16,11.15,-,5.57,11.15,5.57,USD,"Apr 22, 2021","Apr 22, 2021",2026-05-14
INTERCONTINENTAL EXCHANGE INC,Brokerage/Asset Managers/Exchanges,Fixed Income,"11,132,591.88",0.04,"11,132,591.88","12,136,000.00",45866FAK0,US45866FAK03,BMC5783,90.87,United States,-,USD,3.82,4.57,1.0,"Jun 15, 2030",2.1,3.81,-,4.57,3.81,4.57,USD,"May 26, 2020","May 26, 2020",2026-05-14
UNITEDHEALTH GROUP INC,Insurance,Fixed Income,"11,129,921.83",0.04,"11,129,921.83","16,359,000.00",91324PEF5,US91324PEF53,BNHS0K7,66.44,United States,-,USD,14.25,5.81,1.0,"May 15, 2051",3.25,14.52,-,5.81,14.52,5.81,USD,"May 19, 2021","May 19, 2021",2026-05-14
ORACLE CORPORATION,Technology,Fixed Income,"11,123,827.89",0.04,"11,123,827.89","16,178,000.00",68389XBQ7,US68389XBQ79,BD390R1,66.79,United States,-,USD,11.93,7.01,1.0,"Nov 15, 2047",4.0,12.09,-,7.01,12.09,7.01,USD,"Nov 09, 2017","Nov 09, 2017",2026-05-14
METLIFE INC,Insurance,Fixed Income,"11,118,663.89",0.04,"11,118,663.89","10,994,000.00",59156RBZ0,US59156RBZ01,-,100.51,United States,-,USD,3.41,4.4,1.0,"Mar 23, 2030",4.55,3.49,-,4.4,3.28,4.4,USD,"Mar 23, 2020","Mar 23, 2020",2026-05-14
ANHEUSER-BUSCH INBEV WORLDWIDE INC,Consumer Non-Cyclical,Fixed Income,"11,120,765.12",0.04,"11,120,765.12","11,331,000.00",035240AV2,US035240AV25,-,96.58,Belgium,-,USD,3.63,4.43,1.0,"Jun 01, 2030",3.5,3.67,-,4.43,3.67,4.43,USD,"Apr 03, 2020","Apr 03, 2020",2026-05-14
AMGEN INC,Consumer Non-Cyclical,Fixed Income,"11,117,178.84",0.04,"11,117,178.84","11,261,000.00",031162DW7,US031162DW73,-,97.6,United States,-,USD,7.56,5.16,1.0,"Feb 19, 2036",4.85,7.59,-,5.16,7.59,5.16,USD,"Feb 19, 2026","Feb 19, 2026",2026-05-14
WOODSIDE FINANCE LTD,Energy,Fixed Income,"11,109,990.59",0.04,"11,109,990.59","11,141,000.00",980236AR4,US980236AR40,-,98.87,Australia,-,USD,6.62,5.29,1.0,"Sep 12, 2034",5.1,6.65,-,5.29,6.65,5.29,USD,"Sep 12, 2024","Sep 12, 2024",2026-05-14
ORACLE CORPORATION,Technology,Fixed Income,"11,085,222.41",0.04,"11,085,222.41","13,570,000.00",68389XBP9,US68389XBP96,BF4ZFF5,79.82,United States,-,USD,8.67,6.29,1.0,"Nov 15, 2037",3.8,8.64,-,6.29,8.64,6.29,USD,"Nov 09, 2017","Nov 09, 2017",2026-05-14
AT&T INC,Communications,Fixed Income,"11,068,951.58",0.04,"11,068,951.58","12,621,000.00",00206RKH4,US00206RKH48,-,87.07,United States,-,USD,5.22,4.87,1.0,"Feb 01, 2032",2.25,5.21,-,4.87,5.21,4.87,USD,"Aug 04, 2020","Aug 04, 2020",2026-05-14
AMPHENOL CORPORATION,Capital Goods,Fixed Income,"11,065,983.87",0.04,"11,065,983.87","11,509,000.00",032095BB6,US032095BB62,-,93.47,United States,-,USD,13.6,5.76,1.0,"Nov 15, 2055",5.3,13.94,-,5.76,13.94,5.76,USD,"Nov 10, 2025","Nov 10, 2025",2026-05-14
JPMORGAN CHASE & CO,Banking,Fixed Income,"11,066,359.75",0.04,"11,066,359.75","13,756,000.00",46647PAK2,US46647PAK21,BF348D2,79.24,United States,-,USD,12.05,5.73,1.0,"Jul 24, 2048",4.03,12.94,-,5.73,12.93,5.73,USD,"Jul 24, 2017","Jul 24, 2017",2026-05-14
AT&T INC,Communications,Fixed Income,"11,060,017.31",0.04,"11,060,017.31","11,138,000.00",00206RNP3,US00206RNP37,-,99.09,United States,-,USD,13.19,6.27,1.0,"Oct 30, 2056",6.2,13.52,-,6.27,13.52,6.27,USD,"Apr 30, 2026","Apr 30, 2026",2026-05-14
CRH AMERICA FINANCE INC,Capital Goods,Fixed Income,"11,061,351.28",0.04,"11,061,351.28","10,643,000.00",12636YAF9,US12636YAF97,-,102.05,Ireland,-,USD,6.68,5.2,1.0,"Jan 09, 2035",5.5,6.72,-,5.2,6.57,5.2,USD,"Jan 09, 2025","Jan 09, 2025",2026-05-14
INTERNATIONAL BUSINESS MACHINES CO,Technology,Fixed Income,"11,047,177.92",0.04,"11,047,177.92","12,108,000.00",459200KJ9,US459200KJ94,-,90.28,United States,-,USD,3.74,4.64,1.0,"May 15, 2030",1.95,3.74,-,4.64,3.74,4.64,USD,"May 07, 2020","May 07, 2020",2026-05-14
TORONTO-DOMINION BANK/THE MTN,Banking,Fixed Income,"11,040,056.02",0.04,"11,040,056.02","11,925,000.00",89114TZV7,US89114TZV78,-,92.03,Canada,-,USD,5.2,4.78,1.0,"Mar 10, 2032",3.2,5.18,-,4.78,5.18,4.78,USD,"Mar 10, 2022","Mar 10, 2022",2026-05-14
KRAFT HEINZ FOODS CO,Consumer Non-Cyclical,Fixed Income,"11,034,507.29",0.04,"11,034,507.29","12,055,000.00",50076QAE6,US50076QAE61,B8Y96M2,89.34,United States,-,USD,10.28,6.05,1.0,"Jun 04, 2042",5.0,10.34,-,6.05,10.34,6.05,USD,"Dec 04, 2012","Jan 14, 2013",2026-05-14
BARCLAYS PLC,Banking,Fixed Income,"11,035,173.68",0.04,"11,035,173.68","11,239,000.00",06738EDK8,US06738EDK82,-,97.06,United Kingdom,-,USD,7.24,5.58,1.0,"Feb 24, 2037",5.21,7.46,-,5.58,7.45,5.58,USD,"Feb 24, 2026","Feb 24, 2026",2026-05-14
BROADCOM INC,Technology,Fixed Income,"11,035,588.22",0.04,"11,035,588.22","14,736,000.00",11135FCS8,US11135FCS83,2N3CFY1,73.98,United States,-,USD,13.94,5.73,1.0,"Feb 15, 2051",3.75,14.23,-,5.73,14.23,5.73,USD,"Aug 15, 2025","Oct 17, 2025",2026-05-14
SALESFORCE INC,Technology,Fixed Income,"11,027,609.76",0.04,"11,027,609.76","12,599,000.00",79466LAJ3,US79466LAJ35,-,86.89,United States,-,USD,4.79,4.84,1.0,"Jul 15, 2031",1.95,4.78,-,4.84,4.78,4.84,USD,"Jul 12, 2021","Jul 12, 2021",2026-05-14
TOTALENERGIES CAPITAL SA,Energy,Fixed Income,"11,030,121.21",0.04,"11,030,121.21","11,412,000.00",89157XAB7,US89157XAB73,-,96.09,France,-,USD,13.5,5.77,1.0,"Apr 05, 2054",5.49,13.84,-,5.77,13.84,5.77,USD,"Apr 05, 2024","Apr 05, 2024",2026-05-14
CHARTER COMMUNICATIONS OPERATING L,Communications,Fixed Income,"11,022,831.58",0.04,"11,022,831.58","17,299,000.00",161175CA0,US161175CA05,BKY7998,61.98,United States,-,USD,12.77,7.13,1.0,"Jun 01, 2052",3.9,12.98,-,7.13,12.98,7.13,USD,"Mar 04, 2021","Mar 04, 2021",2026-05-14
S&P GLOBAL INC,Technology,Fixed Income,"11,013,867.91",0.04,"11,013,867.91","12,027,000.00",78409VBK9,US78409VBK98,-,91.0,United States,-,USD,5.19,4.69,1.0,"Mar 01, 2032",2.9,5.2,-,4.69,5.2,4.69,USD,"Mar 01, 2023","Feb 28, 2023",2026-05-14
FORD MOTOR CREDIT COMPANY LLC,Consumer Cyclical,Fixed Income,"11,011,152.03",0.04,"11,011,152.03","10,377,000.00",345397D67,US345397D674,-,106.01,United States,-,USD,5.77,6.11,1.0,"Nov 07, 2033",7.12,5.8,-,6.09,5.64,6.09,USD,"Nov 07, 2023","Nov 07, 2023",2026-05-14
HCA INC,Consumer Non-Cyclical,Fixed Income,"11,009,071.41",0.04,"11,009,071.41","11,292,000.00",404119CV9,US404119CV94,BP6JPF5,96.81,United States,-,USD,12.84,6.24,1.0,"Apr 01, 2054",6.0,13.14,-,6.24,13.14,6.24,USD,"Feb 23, 2024","Feb 23, 2024",2026-05-14
WALMART INC,Consumer Cyclical,Fixed Income,"11,009,118.81",0.04,"11,009,118.81","12,680,000.00",931142FE8,US931142FE87,BP6LN24,86.48,United States,-,USD,14.19,5.46,1.0,"Apr 15, 2053",4.5,14.54,-,5.46,14.54,5.46,USD,"Apr 18, 2023","Apr 18, 2023",2026-05-14
COMCAST CORPORATION,Communications,Fixed Income,"11,009,816.72",0.04,"11,009,816.72","15,008,000.00",20030NCC3,US20030NCC39,BFWQ3V2,73.24,United States,-,USD,12.7,6.25,1.0,"Nov 01, 2047",3.97,12.92,-,6.25,12.92,6.25,USD,"Oct 19, 2017","Dec 14, 2017",2026-05-14
INTEL CORPORATION,Technology,Fixed Income,"11,005,343.55",0.04,"11,005,343.55","12,948,000.00",458140CB4,US458140CB48,BQHM3Q7,83.68,United States,-,USD,13.05,6.16,1.0,"Aug 05, 2052",4.9,13.34,-,6.16,13.34,6.16,USD,"Aug 05, 2022","Aug 05, 2022",2026-05-14
NXP BV,Technology,Fixed Income,"11,003,024.38",0.04,"11,003,024.38","12,280,000.00",62954HBA5,US62954HBA59,-,89.59,United States,-,USD,4.6,4.87,1.0,"May 11, 2031",2.5,4.6,-,4.87,4.6,4.87,USD,"May 11, 2022","May 16, 2022",2026-05-14
PEPSICO INC,Consumer Non-Cyclical,Fixed Income,"10,991,127.53",0.04,"10,991,127.53","10,767,000.00",713448GC6,US713448GC65,-,100.76,United States,-,USD,6.88,4.89,1.0,"Feb 07, 2035",5.0,6.93,-,4.89,6.77,4.89,USD,"Feb 07, 2025","Feb 07, 2025",2026-05-14
LOWES COMPANIES INC,Consumer Cyclical,Fixed Income,"10,982,209.85",0.04,"10,982,209.85","12,418,000.00",548661DY0,US548661DY05,BN4NTQ4,88.31,United States,-,USD,4.18,4.65,1.0,"Oct 15, 2030",1.7,4.17,-,4.65,4.17,4.65,USD,"Oct 22, 2020","Oct 22, 2020",2026-05-14
PHILLIPS 66,Energy,Fixed Income,"10,977,988.87",0.04,"10,977,988.87","12,149,000.00",718546AL8,US718546AL86,BSN4Q40,87.96,United States,-,USD,11.12,5.96,1.0,"Nov 15, 2044",4.88,11.29,-,5.96,11.29,5.96,USD,"Nov 17, 2014","Nov 17, 2014",2026-05-14
UBER TECHNOLOGIES INC,Consumer Cyclical,Fixed Income,"10,968,995.28",0.04,"10,968,995.28","11,185,000.00",90353TAU4,US90353TAU43,-,97.31,United States,-,USD,7.34,5.17,1.0,"Sep 15, 2035",4.8,7.36,-,5.17,7.36,5.17,USD,"Sep 11, 2025","Sep 11, 2025",2026-05-14
GOLDMAN SACHS GROUP INC/THE,Banking,Fixed Income,"10,955,689.71",0.04,"10,955,689.71","12,174,000.00",38141GXA7,US38141GXA74,BFXTLH2,89.76,United States,-,USD,8.65,5.58,1.0,"Apr 23, 2039",4.41,8.97,-,5.58,8.97,5.58,USD,"Apr 23, 2018","Apr 23, 2018",2026-05-14
JPMORGAN CHASE & CO,Banking,Fixed Income,"10,953,356.99",0.04,"10,953,356.99","12,332,000.00",46647PBU9,US46647PBU93,BNDQ2D2,87.97,United States,-,USD,4.2,4.75,1.0,"Nov 19, 2031",1.76,4.21,-,4.75,4.21,4.75,USD,"Nov 19, 2020","Nov 19, 2020",2026-05-14
BANCO SANTANDER SA,Banking,Fixed Income,"10,946,881.63",0.04,"10,946,881.63","10,479,000.00",05964HBG9,US05964HBG92,-,102.7,Spain,-,USD,4.42,4.84,1.0,"Jul 15, 2031",5.44,4.41,-,4.84,4.41,4.84,USD,"Jul 15, 2024","Jul 15, 2024",2026-05-14
PLAINS ALL AMERICAN PIPELINE LP,Energy,Fixed Income,"10,948,253.13",0.04,"10,948,253.13","10,838,000.00",72650RBR2,US72650RBR21,-,99.49,United States,-,USD,4.08,4.82,1.0,"Jan 15, 2031",4.7,4.09,-,4.82,4.09,4.82,USD,"Sep 08, 2025","Sep 08, 2025",2026-05-14
MERCK & CO INC,Consumer Non-Cyclical,Fixed Income,"10,943,288.00",0.04,"10,943,288.00","13,943,000.00",58933YAT2,US58933YAT29,BVFMPQ8,77.54,United States,-,USD,12.2,5.66,1.0,"Feb 10, 2045",3.7,12.38,-,5.66,12.38,5.66,USD,"Feb 10, 2015","Feb 10, 2015",2026-05-14
DTE ENERGY COMPANY,Electric,Fixed Income,"10,936,258.71",0.04,"10,936,258.71","10,698,000.00",233331BN6,US233331BN66,-,101.63,United States,-,USD,3.45,4.73,1.0,"Apr 01, 2030",5.2,3.47,-,4.72,3.4,4.72,USD,"Feb 21, 2025","Feb 21, 2025",2026-05-14
BURLINGTON NORTHERN SANTA FE LLC,Transportation,Fixed Income,"10,931,503.79",0.04,"10,931,503.79","11,821,000.00",12189LBK6,US12189LBK61,BRBD9B0,92.09,United States,-,USD,13.68,5.77,1.0,"Apr 15, 2054",5.2,14.02,-,5.77,14.02,5.77,USD,"Jun 09, 2023","Jun 09, 2023",2026-05-14
TIME WARNER CABLE LLC,Communications,Fixed Income,"10,929,451.79",0.04,"10,929,451.79","10,815,000.00",88732JAU2,US88732JAU25,B62X8Y8,98.3,United States,-,USD,8.36,6.95,1.0,"Jun 15, 2039",6.75,8.32,-,6.95,8.32,6.95,USD,"Jun 29, 2009","Jun 29, 2009",2026-05-14
UNITEDHEALTH GROUP INC,Insurance,Fixed Income,"10,929,976.11",0.04,"10,929,976.11","11,001,000.00",91324PEJ7,US91324PEJ75,-,97.29,United States,-,USD,5.09,4.72,1.0,"May 15, 2032",4.2,5.13,-,4.72,5.13,4.72,USD,"May 20, 2022","May 20, 2022",2026-05-14
WOODSIDE FINANCE LTD,Energy,Fixed Income,"10,917,981.78",0.04,"10,917,981.78","10,425,000.00",980236AT0,US980236AT06,-,102.13,Australia,-,USD,3.48,4.88,1.0,"May 19, 2030",5.4,3.49,-,4.87,3.43,4.87,USD,"May 19, 2025","May 19, 2025",2026-05-14
ELI LILLY AND COMPANY,Consumer Non-Cyclical,Fixed Income,"10,888,621.29",0.04,"10,888,621.29","10,617,000.00",532457CV8,US532457CV84,-,101.37,United States,-,USD,3.38,4.35,1.0,"Feb 12, 2030",4.75,3.37,-,4.34,3.3,4.34,USD,"Feb 12, 2025","Feb 12, 2025",2026-05-14
FORD MOTOR CREDIT COMPANY LLC,Consumer Cyclical,Fixed Income,"10,888,993.25",0.04,"10,888,993.25","11,348,000.00",345397B36,US345397B363,-,93.97,United States,-,USD,3.96,5.53,1.0,"Nov 13, 2030",4.0,3.96,-,5.53,3.96,5.53,USD,"Nov 13, 2020","Nov 13, 2020",2026-05-14
CVS HEALTH CORP,Consumer Non-Cyclical,Fixed Income,"10,870,937.81",0.04,"10,870,937.81","11,195,000.00",126650DJ6,US126650DJ69,-,96.68,United States,-,USD,3.51,4.69,1.0,"Apr 01, 2030",3.75,3.55,-,4.69,3.55,4.69,USD,"Mar 31, 2020","Mar 31, 2020",2026-05-14
ROYAL BANK OF CANADA (FX-FRN) MTN,Banking,Fixed Income,"10,864,574.37",0.04,"10,864,574.37","10,569,000.00",78017DAC2,US78017DAC20,BS893X8,101.39,Canada,-,USD,3.31,4.73,1.0,"Feb 04, 2031",5.15,3.32,-,4.73,3.32,4.73,USD,"Jan 24, 2025","Jan 24, 2025",2026-05-14
ALPHABET INC,Technology,Fixed Income,"10,855,376.20",0.04,"10,855,376.20","11,635,000.00",02079KAN7,US02079KAN72,-,90.69,United States,-,USD,14.61,5.91,1.0,"May 15, 2065",5.3,15.01,-,5.91,15.01,5.91,USD,"May 01, 2025","May 01, 2025",2026-05-14
INTERNATIONAL BUSINESS MACHINES CO,Technology,Fixed Income,"10,852,370.32",0.04,"10,852,370.32","10,988,000.00",459200KA8,US459200KA85,BK5CT14,97.04,United States,-,USD,2.77,4.56,1.0,"May 15, 2029",3.5,2.77,-,4.56,2.77,4.56,USD,"May 15, 2019","May 15, 2019",2026-05-14
GOLDMAN SACHS GROUP INC/THE,Banking,Fixed Income,"10,849,719.28",0.04,"10,849,719.28","9,968,000.00",38141GA53,US38141GA534,-,108.52,United States,-,USD,5.82,5.21,1.0,"Oct 24, 2034",6.56,5.91,-,5.17,5.91,5.17,USD,"Oct 24, 2023","Oct 24, 2023",2026-05-14
EXELON CORPORATION,Electric,Fixed Income,"10,835,712.49",0.04,"10,835,712.49","11,045,000.00",30161NAX9,US30161NAX93,BM5M651,97.8,United States,-,USD,3.52,4.67,1.0,"Apr 15, 2030",4.05,3.57,-,4.67,3.57,4.67,USD,"Apr 01, 2020","Apr 01, 2020",2026-05-14
T-MOBILE USA INC,Communications,Fixed Income,"10,836,297.65",0.04,"10,836,297.65","11,867,000.00",87264ACB9,US87264ACB98,-,90.7,United States,-,USD,4.38,4.76,1.0,"Feb 15, 2031",2.55,4.36,-,4.76,4.36,4.76,USD,"Feb 15, 2021","May 21, 2021",2026-05-14
UNITEDHEALTH GROUP INC,Insurance,Fixed Income,"10,826,695.95",0.04,"10,826,695.95","10,610,000.00",91324PET5,US91324PET57,BLBRZS9,100.58,United States,-,USD,14.15,6.01,1.0,"Feb 15, 2063",6.05,14.53,-,6.01,14.47,6.01,USD,"Oct 28, 2022","Oct 28, 2022",2026-05-14
KLA CORP,Technology,Fixed Income,"10,817,897.51",0.04,"10,817,897.51","10,636,000.00",482480AL4,US482480AL46,-,100.2,United States,-,USD,5.18,4.61,1.0,"Jul 15, 2032",4.65,5.24,-,4.61,5.05,4.61,USD,"Jun 23, 2022","Jun 23, 2022",2026-05-14
MORGAN STANLEY MTN,Banking,Fixed Income,"10,815,848.97",0.04,"10,815,848.97","12,172,000.00",61744YAL2,US61744YAL20,BZ9P947,87.65,United States,-,USD,9.1,5.36,1.0,"Jul 22, 2038",3.97,9.21,-,5.36,9.21,5.36,USD,"Jul 24, 2017","Jul 24, 2017",2026-05-14
AMERICAN TOWER CORPORATION,Communications,Fixed Income,"10,811,505.95",0.04,"10,811,505.95","12,179,000.00",03027XBG4,US03027XBG43,BNGFY30,88.63,United States,-,USD,4.16,4.75,1.0,"Oct 15, 2030",1.88,4.15,-,4.75,4.15,4.75,USD,"Sep 28, 2020","Sep 28, 2020",2026-05-14
HSBC HOLDINGS PLC,Banking,Fixed Income,"10,777,175.08",0.04,"10,777,175.08","11,876,000.00",404280CK3,US404280CK33,-,90.2,United Kingdom,-,USD,3.92,5.05,1.0,"Aug 18, 2031",2.36,3.95,-,4.93,3.95,4.93,USD,"Aug 18, 2020","Aug 18, 2020",2026-05-14
APPLE INC,Technology,Fixed Income,"10,767,061.23",0.04,"10,767,061.23","14,050,000.00",037833BA7,US037833BA77,BVVCSF2,75.74,United States,-,USD,12.47,5.55,1.0,"Feb 09, 2045",3.45,12.61,-,5.55,12.61,5.55,USD,"Feb 09, 2015","Feb 09, 2015",2026-05-14
INTEL CORPORATION,Technology,Fixed Income,"10,759,162.46",0.04,"10,759,162.46","14,674,000.00",458140BG4,US458140BG44,BFMFJQ6,71.72,United States,-,USD,12.73,6.11,1.0,"Dec 08, 2047",3.73,12.95,-,6.11,12.95,6.11,USD,"Jun 08, 2018","Jun 08, 2018",2026-05-14
BP CAPITAL MARKETS AMERICA INC,Energy,Fixed Income,"10,760,619.85",0.04,"10,760,619.85","16,755,000.00",10373QBP4,US10373QBP46,BM9GT05,62.93,United Kingdom,-,USD,14.71,5.75,1.0,"Jun 04, 2051",2.94,14.98,-,5.75,14.98,5.75,USD,"Dec 04, 2020","Dec 04, 2020",2026-05-14
HSBC HOLDINGS PLC,Banking,Fixed Income,"10,748,438.06",0.04,"10,748,438.06","11,475,000.00",404280CH0,US404280CH04,BMXNKF4,92.42,United Kingdom,-,USD,3.69,5.14,1.0,"Jun 04, 2031",2.85,3.71,-,4.93,3.71,4.93,USD,"Jun 04, 2020","Jun 04, 2020",2026-05-14
ORACLE CORPORATION,Technology,Fixed Income,"10,745,934.69",0.04,"10,745,934.69","13,592,000.00",68389XCU7,US68389XCU72,BLFBZX2,78.39,United States,-,USD,12.37,7.17,1.0,"Sep 27, 2054",5.38,12.62,-,7.17,12.62,7.17,USD,"Sep 27, 2024","Sep 27, 2024",2026-05-14
JOHNSON & JOHNSON,Consumer Non-Cyclical,Fixed Income,"10,728,936.87",0.04,"10,728,936.87","10,452,000.00",478160DJ0,US478160DJ00,-,101.72,United States,-,USD,3.39,4.2,1.0,"Mar 01, 2030",4.7,3.43,-,4.2,3.35,4.2,USD,"Feb 20, 2025","Feb 20, 2025",2026-05-14
ORACLE CORPORATION,Technology,Fixed Income,"10,726,554.11",0.04,"10,726,554.11","14,924,000.00",68389XBF1,US68389XBF15,BWTM334,69.85,United States,-,USD,11.24,7.02,1.0,"May 15, 2045",4.13,11.34,-,7.02,11.34,7.02,USD,"May 05, 2015","May 05, 2015",2026-05-14
CIGNA GROUP,Consumer Non-Cyclical,Fixed Income,"10,728,496.02",0.04,"10,728,496.02","11,560,000.00",125523CL2,US125523CL22,BLGBML8,92.43,United States,-,USD,3.58,4.57,1.0,"Mar 15, 2030",2.4,3.59,-,4.57,3.59,4.57,USD,"Mar 16, 2020","Mar 16, 2020",2026-05-14
UNITED PARCEL SERVICE INC,Transportation,Fixed Income,"10,720,847.88",0.04,"10,720,847.88","9,725,000.00",911312AJ5,US911312AJ59,B2NP6Q3,108.23,United States,-,USD,8.24,5.25,1.0,"Jan 15, 2038",6.2,8.25,-,5.25,8.25,5.25,USD,"Jan 15, 2008","Jan 15, 2008",2026-05-14
ALPHABET INC,Technology,Fixed Income,"10,704,877.72",0.04,"10,704,877.72","12,170,000.00",02079KAD9,US02079KAD90,BMD7L20,87.7,United States,-,USD,4.07,4.29,1.0,"Aug 15, 2030",1.1,4.07,-,4.29,4.07,4.29,USD,"Aug 05, 2020","Aug 05, 2020",2026-05-14
L3HARRIS TECHNOLOGIES INC,Capital Goods,Fixed Income,"10,686,035.65",0.04,"10,686,035.65","10,290,000.00",502431AQ2,US502431AQ20,BNXJJF2,102.32,United States,-,USD,5.8,5.01,1.0,"Jul 31, 2033",5.4,5.85,-,5.0,5.68,5.0,USD,"Jul 31, 2023","Jul 31, 2023",2026-05-14
LLOYDS BANKING GROUP PLC (FXD-FXD),Banking,Fixed Income,"10,672,419.01",0.04,"10,672,419.01","10,858,000.00",53944YBD4,US53944YBD40,-,98.19,United Kingdom,-,USD,3.97,4.84,1.0,"Nov 04, 2031",4.42,4.0,-,4.84,4.01,4.84,USD,"Nov 04, 2025","Nov 04, 2025",2026-05-14
TRUIST FINANCIAL CORP MTN,Banking,Fixed Income,"10,650,183.04",0.04,"10,650,183.04","10,753,000.00",89788MAX0,US89788MAX02,-,98.8,United States,-,USD,4.33,4.93,1.0,"Apr 23, 2032",4.68,4.35,-,4.93,4.35,4.93,USD,"Apr 23, 2026","Apr 23, 2026",2026-05-14
HP INC,Technology,Fixed Income,"10,637,822.95",0.04,"10,637,822.95","11,749,000.00",40434LAJ4,US40434LAJ44,-,89.48,United States,-,USD,4.62,5.02,1.0,"Jun 17, 2031",2.65,4.61,-,5.02,4.61,5.02,USD,"Dec 17, 2021","Jan 20, 2022",2026-05-14
TOTALENERGIES CAPITAL USA LLC,Energy,Fixed Income,"10,627,954.99",0.04,"10,627,954.99","10,609,000.00",89158TAA7,US89158TAA79,-,98.77,France,-,USD,4.12,4.54,1.0,"Jan 13, 2031",4.25,4.13,-,4.54,4.13,4.54,USD,"Jan 13, 2026","Jan 13, 2026",2026-05-14
ENERGY TRANSFER OPERATING LP,Energy,Fixed Income,"10,625,119.35",0.04,"10,625,119.35","10,808,000.00",29278NAQ6,US29278NAQ60,BL3BQ53,96.46,United States,-,USD,3.56,4.73,1.0,"May 15, 2030",3.75,3.6,-,4.73,3.6,4.73,USD,"Jan 22, 2020","Jan 22, 2020",2026-05-14
COCA-COLA CO,Consumer Non-Cyclical,Fixed Income,"10,625,462.04",0.04,"10,625,462.04","10,883,000.00",191216CT5,US191216CT51,-,97.18,United States,-,USD,3.56,4.25,1.0,"Mar 25, 2030",3.45,3.56,-,4.25,3.56,4.25,USD,"Mar 25, 2020","Mar 25, 2020",2026-05-14
FORD MOTOR CREDIT COMPANY LLC MTN,Consumer Cyclical,Fixed Income,"10,617,998.31",0.04,"10,617,998.31","10,918,000.00",345397H89,US345397H899,-,97.07,United States,-,USD,7.14,6.28,1.0,"Oct 31, 2035",5.87,7.12,-,6.28,7.12,6.28,USD,"Oct 31, 2025","Oct 31, 2025",2026-05-14
PHILIP MORRIS INTERNATIONAL INC,Consumer Non-Cyclical,Fixed Income,"10,606,395.44",0.04,"10,606,395.44","9,846,000.00",718172CX5,US718172CX57,BP39CF7,104.93,United States,-,USD,5.21,4.86,1.0,"Nov 17, 2032",5.75,5.28,-,4.83,5.11,4.83,USD,"Nov 17, 2022","Nov 17, 2022",2026-05-14
TRUIST FINANCIAL CORP MTN,Banking,Fixed Income,"10,596,286.42",0.04,"10,596,286.42","10,456,000.00",89788MAM4,US89788MAM47,BPX1Z87,99.83,United States,-,USD,5.46,5.19,1.0,"Jan 26, 2034",5.12,5.53,-,5.15,5.53,5.15,USD,"Jan 26, 2023","Jan 26, 2023",2026-05-14
SHELL FINANCE US INC,Energy,Fixed Income,"10,592,658.08",0.04,"10,592,658.08","11,319,000.00",822905AF2,US822905AF22,-,93.55,United States,-,USD,3.28,4.39,1.0,"Nov 07, 2029",2.38,3.29,-,4.39,3.29,4.39,USD,"May 07, 2024","Oct 08, 2024",2026-05-14
UNITEDHEALTH GROUP INC,Insurance,Fixed Income,"10,590,666.14",0.04,"10,590,666.14","10,233,000.00",91324PFQ0,US91324PFQ00,-,101.33,United States,-,USD,6.97,5.11,1.0,"Jun 15, 2035",5.3,7.01,-,5.11,6.86,5.11,USD,"Jun 20, 2025","Jun 20, 2025",2026-05-14
GOLDMAN SACHS GROUP INC/THE,Banking,Fixed Income,"10,587,862.82",0.04,"10,587,862.82","9,729,000.00",38141GCU6,US38141GCU67,2350640,107.35,United States,-,USD,5.49,4.84,1.0,"Feb 15, 2033",6.13,5.47,-,4.84,5.47,4.84,USD,"Feb 13, 2003","Feb 13, 2003",2026-05-14
MERCK & CO INC,Consumer Non-Cyclical,Fixed Income,"10,582,097.78",0.04,"10,582,097.78","10,454,000.00",58933YBK0,US58933YBK01,-,99.04,United States,-,USD,5.76,4.66,1.0,"May 17, 2033",4.5,5.82,-,4.66,5.82,4.66,USD,"May 17, 2023","May 17, 2023",2026-05-14
MOLSON COORS BREWING CO,Consumer Non-Cyclical,Fixed Income,"10,578,425.00",0.04,"10,578,425.00","13,161,000.00",60871RAH3,US60871RAH30,BYT4Q46,79.01,United States,-,USD,12.1,6.01,1.0,"Jul 15, 2046",4.2,12.31,-,6.01,12.31,6.01,USD,"Jul 07, 2016","Jul 07, 2016",2026-05-14
MERCK & CO INC,Consumer Non-Cyclical,Fixed Income,"10,574,498.67",0.04,"10,574,498.67","10,658,000.00",58933YCB9,US58933YCB92,-,96.78,United States,-,USD,13.51,5.78,1.0,"Dec 04, 2055",5.55,13.86,-,5.78,13.86,5.78,USD,"Dec 04, 2025","Dec 04, 2025",2026-05-14
BARCLAYS PLC,Banking,Fixed Income,"10,574,923.82",0.04,"10,574,923.82","11,213,000.00",06738EAJ4,US06738EAJ47,BYT35M4,93.07,United Kingdom,-,USD,11.42,5.85,1.0,"Aug 17, 2045",5.25,11.57,-,5.85,11.57,5.85,USD,"Aug 17, 2015","Aug 17, 2015",2026-05-14
DEUTSCHE BANK AG (NEW YORK BRANCH),Banking,Fixed Income,"10,575,961.40",0.04,"10,575,961.40","11,167,000.00",251526CD9,US251526CD98,-,94.18,Germany,-,USD,3.89,5.34,1.0,"Sep 18, 2031",3.55,3.93,-,5.05,3.94,5.05,USD,"Sep 18, 2020","Sep 18, 2020",2026-05-14
NATWEST GROUP PLC,Banking,Fixed Income,"10,561,812.43",0.04,"10,561,812.43","10,102,000.00",639057AN8,US639057AN83,BQBBVP5,103.41,United Kingdom,-,USD,6.21,5.24,1.0,"Mar 01, 2035",5.78,6.19,-,5.24,6.19,5.24,USD,"Feb 29, 2024","Feb 29, 2024",2026-05-14
MITSUBISHI UFJ FINANCIAL GROUP INC,Banking,Fixed Income,"10,552,155.16",0.04,"10,552,155.16","10,190,000.00",606822CX0,US606822CX09,BMTY675,102.34,Japan,-,USD,5.5,5.09,1.0,"Feb 22, 2034",5.44,5.56,-,5.05,5.57,5.05,USD,"Feb 22, 2023","Feb 22, 2023",2026-05-14
TORONTO-DOMINION BANK/THE MTN,Banking,Fixed Income,"10,549,339.11",0.04,"10,549,339.11","10,734,000.00",89115KAJ9,US89115KAJ97,-,97.91,Canada,-,USD,7.43,5.21,1.0,"Oct 15, 2035",4.93,7.41,-,5.21,7.41,5.21,USD,"Oct 14, 2025","Oct 14, 2025",2026-05-14
AMAZON.COM INC,Consumer Cyclical,Fixed Income,"10,543,532.07",0.04,"10,543,532.07","10,237,000.00",023135CQ7,US023135CQ73,-,100.91,United States,-,USD,3.13,4.37,1.0,"Dec 01, 2029",4.65,3.18,-,4.36,3.04,4.36,USD,"Dec 01, 2022","Dec 01, 2022",2026-05-14
MORGAN STANLEY,Banking,Fixed Income,"10,541,069.03",0.04,"10,541,069.03","13,887,000.00",61772BAC7,US61772BAC72,BN7LY82,75.73,United States,-,USD,10.56,5.62,1.0,"Apr 22, 2042",3.22,11.1,-,5.62,11.1,5.62,USD,"Apr 22, 2021","Apr 22, 2021",2026-05-14
INTERNATIONAL BUSINESS MACHINES CO,Technology,Fixed Income,"10,528,001.46",0.04,"10,528,001.46","10,384,000.00",459200LJ8,US459200LJ85,-,100.06,United States,-,USD,6.84,5.19,1.0,"Feb 10, 2035",5.2,6.87,-,5.19,6.87,5.19,USD,"Feb 10, 2025","Feb 10, 2025",2026-05-14
MPLX LP,Energy,Fixed Income,"10,528,222.61",0.04,"10,528,222.61","11,391,000.00",55336VAT7,US55336VAT70,BH4Q9M7,91.1,United States,-,USD,11.97,6.24,1.0,"Feb 15, 2049",5.5,12.22,-,6.24,12.22,6.24,USD,"Nov 15, 2018","Nov 15, 2018",2026-05-14
GENERAL MOTORS CO,Consumer Cyclical,Fixed Income,"10,512,618.80",0.04,"10,512,618.80","9,791,000.00",37045VAK6,US37045VAK61,BYXXXG0,106.62,United States,-,USD,7.15,5.71,1.0,"Apr 01, 2036",6.6,7.25,-,5.68,6.98,5.68,USD,"Feb 23, 2016","Feb 23, 2016",2026-05-14
RAYTHEON TECHNOLOGIES CORPORATION,Capital Goods,Fixed Income,"10,510,343.70",0.04,"10,510,343.70","11,028,000.00",75513ECS8,US75513ECS81,BQS6QG9,94.19,United States,-,USD,13.24,5.8,1.0,"Feb 27, 2053",5.38,13.56,-,5.8,13.56,5.8,USD,"Feb 27, 2023","Feb 27, 2023",2026-05-14
COMCAST CORPORATION,Communications,Fixed Income,"10,507,961.69",0.04,"10,507,961.69","11,651,000.00",20030NEF4,US20030NEF42,BQPF818,87.56,United States,-,USD,12.64,6.32,1.0,"May 15, 2053",5.35,12.93,-,6.32,12.93,6.32,USD,"May 09, 2023","May 09, 2023",2026-05-14
CIGNA GROUP,Consumer Non-Cyclical,Fixed Income,"10,504,417.19",0.04,"10,504,417.19","10,909,000.00",125523CW8,US125523CW86,-,94.94,United States,-,USD,13.14,5.97,1.0,"Feb 15, 2054",5.6,13.46,-,5.97,13.46,5.97,USD,"Feb 13, 2024","Feb 13, 2024",2026-05-14
GILEAD SCIENCES INC,Consumer Non-Cyclical,Fixed Income,"10,504,909.73",0.04,"10,504,909.73","12,870,000.00",375558BK8,US375558BK80,BYND5R5,80.8,United States,-,USD,12.54,5.74,1.0,"Mar 01, 2047",4.15,12.79,-,5.74,12.79,5.74,USD,"Sep 20, 2016","Sep 20, 2016",2026-05-14
T-MOBILE USA INC,Communications,Fixed Income,"10,505,235.23",0.04,"10,505,235.23","10,816,000.00",87264ADB8,US87264ADB89,BQBCJR6,95.26,United States,-,USD,12.87,6.11,1.0,"Jan 15, 2054",5.75,13.18,-,6.11,13.18,6.11,USD,"May 11, 2023","May 11, 2023",2026-05-14
SANTANDER UK GROUP HOLDINGS PLC,Banking,Fixed Income,"10,500,294.87",0.04,"10,500,294.87","10,190,000.00",80281LAV7,US80281LAV71,-,102.62,United Kingdom,-,USD,3.45,5.01,1.0,"Apr 15, 2031",5.69,3.47,-,4.97,3.48,4.97,USD,"Jan 15, 2025","Jan 15, 2025",2026-05-14
ZOETIS INC,Consumer Non-Cyclical,Fixed Income,"10,480,777.32",0.04,"10,480,777.32","10,559,000.00",98978VAX1,US98978VAX10,-,98.08,United States,-,USD,7.2,5.26,1.0,"Aug 17, 2035",5.0,7.23,-,5.26,7.23,5.26,USD,"Aug 18, 2025","Aug 18, 2025",2026-05-14
ENBRIDGE INC,Energy,Fixed Income,"10,473,031.05",0.04,"10,473,031.05","9,313,000.00",29250NBZ7,US29250NBZ78,BN12KN8,109.16,Canada,-,USD,12.4,6.01,1.0,"Nov 15, 2053",6.7,12.71,-,6.01,12.62,6.01,USD,"Nov 09, 2023","Nov 09, 2023",2026-05-14
WELLS FARGO BANK NA MTN,Banking,Fixed Income,"10,470,341.35",0.04,"10,470,341.35","9,383,000.00",92976GAJ0,US92976GAJ04,B29SN65,109.44,United States,-,USD,8.1,5.49,1.0,"Jan 15, 2038",6.6,8.1,-,5.49,8.1,5.49,USD,"Dec 07, 2007","Dec 07, 2007",2026-05-14
FORD MOTOR CREDIT COMPANY LLC,Consumer Cyclical,Fixed Income,"10,464,925.04",0.04,"10,464,925.04","10,322,000.00",345397G49,US345397G495,-,101.3,United States,-,USD,3.11,5.46,1.0,"Nov 07, 2029",5.88,3.12,-,5.45,3.05,5.45,USD,"Jan 07, 2025","Jan 07, 2025",2026-05-14
JOHNSON & JOHNSON,Consumer Non-Cyclical,Fixed Income,"10,454,386.87",0.04,"10,454,386.87","11,435,000.00",478160BU7,US478160BU72,BD31B74,90.72,United States,-,USD,7.96,4.74,1.0,"Mar 01, 2036",3.55,8.02,-,4.74,8.02,4.74,USD,"Mar 01, 2016","Mar 01, 2016",2026-05-14
KINDER MORGAN ENERGY PARTNERS LP,Energy,Fixed Income,"10,447,747.87",0.04,"10,447,747.87","9,174,000.00",494550AW6,US494550AW68,B1Z54W6,111.63,United States,-,USD,8.01,5.58,1.0,"Jan 15, 2038",6.95,8.0,-,5.58,8.0,5.58,USD,"Jun 21, 2007","Jun 21, 2007",2026-05-14
SUMITOMO MITSUI FINANCIAL GROUP IN,Banking,Fixed Income,"10,450,230.40",0.04,"10,450,230.40","10,461,000.00",86562MEF3,US86562MEF32,-,98.26,Japan,-,USD,7.28,5.27,1.0,"Jan 15, 2037",5.05,7.43,-,5.27,7.43,5.27,USD,"Jan 15, 2026","Jan 15, 2026",2026-05-14
HALEON US CAPITAL LLC,Consumer Non-Cyclical,Fixed Income,"10,447,062.51",0.04,"10,447,062.51","11,097,000.00",36264FAM3,US36264FAM32,BP0SW57,93.66,United States,-,USD,5.14,4.88,1.0,"Mar 24, 2032",3.63,5.16,-,4.88,5.16,4.88,USD,"Sep 24, 2022","Oct 28, 2022",2026-05-14
BARCLAYS PLC (FXD TO FLOAT),Banking,Fixed Income,"10,442,562.52",0.04,"10,442,562.52","10,390,000.00",06738EDE2,US06738EDE23,-,99.02,United Kingdom,-,USD,10.55,5.93,1.0,"Aug 11, 2046",5.86,11.25,-,5.93,11.24,5.93,USD,"Aug 11, 2025","Aug 11, 2025",2026-05-14
CHENIERE ENERGY INC,Energy,Fixed Income,"10,440,283.89",0.04,"10,440,283.89","10,118,000.00",16411RAN9,US16411RAN98,-,102.76,United States,-,USD,6.21,5.22,1.0,"Apr 15, 2034",5.65,6.33,-,5.2,6.01,5.2,USD,"Mar 19, 2024","Oct 03, 2024",2026-05-14
QUALCOMM INCORPORATED,Technology,Fixed Income,"10,433,408.15",0.04,"10,433,408.15","9,932,000.00",747525BT9,US747525BT99,BNSP1K4,102.18,United States,-,USD,12.75,5.84,1.0,"May 20, 2053",6.0,13.07,-,5.84,12.97,5.84,USD,"Nov 09, 2022","Nov 09, 2022",2026-05-14
APPLE INC,Technology,Fixed Income,"10,430,317.88",0.04,"10,430,317.88","10,391,000.00",037833FB1,US037833FB15,-,100.38,United States,-,USD,7.2,4.7,1.0,"May 12, 2035",4.75,7.26,-,4.7,7.26,4.7,USD,"May 12, 2025","May 12, 2025",2026-05-14
ASTRAZENECA PLC,Consumer Non-Cyclical,Fixed Income,"10,426,716.18",0.04,"10,426,716.18","11,754,000.00",046353AW8,US046353AW81,-,88.34,United Kingdom,-,USD,4.02,4.42,1.0,"Aug 06, 2030",1.38,4.01,-,4.42,4.01,4.42,USD,"Aug 06, 2020","Aug 06, 2020",2026-05-14
ELI LILLY AND COMPANY,Consumer Non-Cyclical,Fixed Income,"10,409,938.54",0.04,"10,409,938.54","10,348,000.00",532457CL0,US532457CL03,-,99.38,United States,-,USD,6.3,4.8,1.0,"Feb 09, 2034",4.7,6.34,-,4.8,6.34,4.8,USD,"Feb 09, 2024","Feb 09, 2024",2026-05-14
ABBVIE INC,Consumer Non-Cyclical,Fixed Income,"10,407,643.26",0.04,"10,407,643.26","10,878,000.00",00287YDX4,US00287YDX40,BQC4XY6,94.81,United States,-,USD,14.79,5.84,1.0,"Mar 15, 2064",5.5,15.2,-,5.84,15.2,5.84,USD,"Feb 26, 2024","Feb 26, 2024",2026-05-14
UNION PACIFIC CORPORATION,Transportation,Fixed Income,"10,398,578.74",0.04,"10,398,578.74","10,296,000.00",907818GB8,US907818GB82,-,99.6,United States,-,USD,5.58,4.57,1.0,"Jan 20, 2033",4.5,5.64,-,4.57,5.64,4.57,USD,"Sep 09, 2022","Sep 09, 2022",2026-05-14
LOWES COMPANIES INC,Consumer Cyclical,Fixed Income,"10,393,858.01",0.04,"10,393,858.01","10,299,000.00",548661EL7,US548661EL74,-,100.55,United States,-,USD,5.72,4.91,1.0,"Apr 15, 2033",5.0,5.78,-,4.9,5.6,4.9,USD,"Sep 08, 2022","Sep 08, 2022",2026-05-14
HOME DEPOT INC,Consumer Cyclical,Fixed Income,"10,390,117.30",0.04,"10,390,117.30","12,085,000.00",437076BX9,US437076BX94,BHQFF46,84.03,United States,-,USD,12.64,5.78,1.0,"Dec 06, 2048",4.5,12.91,-,5.78,12.91,5.78,USD,"Dec 06, 2018","Dec 06, 2018",2026-05-14
BAXTER INTERNATIONAL INC,Consumer Non-Cyclical,Fixed Income,"10,386,985.82",0.04,"10,386,985.82","12,117,000.00",071813CS6,US071813CS61,-,85.01,United States,-,USD,5.17,5.64,1.0,"Feb 01, 2032",2.54,5.13,-,5.64,5.13,5.64,USD,"Dec 01, 2021","Jun 10, 2022",2026-05-14
AMAZON.COM INC,Consumer Cyclical,Fixed Income,"10,387,092.49",0.04,"10,387,092.49","17,620,000.00",023135BT2,US023135BT22,BM8HHH2,57.85,United States,-,USD,15.0,5.76,1.0,"Jun 03, 2050",2.5,15.25,-,5.76,15.25,5.76,USD,"Jun 03, 2020","Jun 03, 2020",2026-05-14
HSBC HOLDINGS PLC,Banking,Fixed Income,"10,381,624.15",0.04,"10,381,624.15","9,592,000.00",404280AH2,US404280AH22,B24FY35,107.2,United Kingdom,-,USD,8.03,5.63,1.0,"Sep 15, 2037",6.5,8.01,-,5.63,8.01,5.63,USD,"Sep 12, 2007","Sep 12, 2007",2026-05-14
EQUINIX EUROPE 2 FINANCING CORPORA,Technology,Fixed Income,"10,379,877.54",0.04,"10,379,877.54","10,246,000.00",29390XAG9,US29390XAG97,-,99.02,United States,-,USD,3.93,4.84,1.0,"Nov 15, 2030",4.6,3.93,-,4.84,3.93,4.84,USD,"Nov 13, 2025","Nov 13, 2025",2026-05-14
WALMART INC,Consumer Cyclical,Fixed Income,"10,362,915.39",0.04,"10,362,915.39","10,392,000.00",931142EY5,US931142EY50,-,98.99,United States,-,USD,5.4,4.33,1.0,"Sep 09, 2032",4.15,5.47,-,4.33,5.47,4.33,USD,"Sep 09, 2022","Sep 09, 2022",2026-05-14
QUALCOMM INCORPORATED,Technology,Fixed Income,"10,363,731.34",0.04,"10,363,731.34","11,287,000.00",747525AK9,US747525AK99,BXS2XQ5,89.53,United States,-,USD,11.44,5.71,1.0,"May 20, 2045",4.8,11.64,-,5.71,11.64,5.71,USD,"May 20, 2015","May 20, 2015",2026-05-14
PROCTER & GAMBLE CO,Consumer Non-Cyclical,Fixed Income,"10,358,565.60",0.04,"10,358,565.60","11,831,000.00",742718FM6,US742718FM66,-,87.51,United States,-,USD,4.26,4.3,1.0,"Oct 29, 2030",1.2,4.26,-,4.3,4.26,4.3,USD,"Oct 29, 2020","Oct 29, 2020",2026-05-14
T-MOBILE USA INC,Communications,Fixed Income,"10,351,404.59",0.04,"10,351,404.59","10,570,000.00",87264ADM4,US87264ADM45,-,96.4,United States,-,USD,6.88,5.22,1.0,"Jan 15, 2035",4.7,6.9,-,5.22,6.9,5.22,USD,"Sep 26, 2024","Sep 26, 2024",2026-05-14
BROADCOM INC,Technology,Fixed Income,"10,353,274.13",0.04,"10,353,274.13","9,897,000.00",11135FBY6,US11135FBY60,BS6VJM7,102.08,United States,-,USD,4.61,4.72,1.0,"Nov 15, 2031",5.15,4.65,-,4.71,4.52,4.71,USD,"Jul 12, 2024","Jul 12, 2024",2026-05-14
ONCOR ELECTRIC DELIVERY COMPANY LL 144A,Electric,Fixed Income,"10,350,383.45",0.04,"10,350,383.45","10,375,000.00",68233JDL5,US68233JDL52,-,99.08,United States,-,USD,4.26,4.71,1.0,"Mar 15, 2031",4.5,4.27,-,4.71,4.27,4.71,USD,"Mar 17, 2026","Mar 17, 2026",2026-05-14
ENERGY TRANSFER LP,Energy,Fixed Income,"10,350,589.85",0.04,"10,350,589.85","9,830,000.00",29273VAQ3,US29273VAQ32,-,103.91,United States,-,USD,5.45,5.06,1.0,"Feb 15, 2033",5.75,5.51,-,5.04,5.33,5.04,USD,"Dec 14, 2022","Dec 14, 2022",2026-05-14
COMCAST CORPORATION,Communications,Fixed Income,"10,346,372.11",0.04,"10,346,372.11","14,310,000.00",20030NCE9,US20030NCE94,BFW31L9,72.18,United States,-,USD,13.17,6.28,1.0,"Nov 01, 2049",4.0,13.42,-,6.28,13.42,6.28,USD,"Oct 19, 2017","Dec 14, 2017",2026-05-14
HONEYWELL AEROSPACE INC 144A,Capital Goods,Fixed Income,"10,343,462.02",0.04,"10,343,462.02","10,380,000.00",43849RAH8,US43849RAH84,-,98.77,United States,-,USD,11.47,5.73,1.0,"Mar 16, 2046",5.62,11.71,-,5.73,11.71,5.73,USD,"Mar 16, 2026","Mar 16, 2026",2026-05-14
WASTE MANAGEMENT INC,Capital Goods,Fixed Income,"10,344,902.95",0.04,"10,344,902.95","10,565,000.00",94106LBS7,US94106LBS79,-,97.61,United States,-,USD,5.12,4.62,1.0,"Apr 15, 2032",4.15,5.17,-,4.62,5.17,4.62,USD,"May 12, 2022","May 12, 2022",2026-05-14
HONEYWELL INTERNATIONAL INC,Capital Goods,Fixed Income,"10,332,681.98",0.04,"10,332,681.98","11,870,000.00",438516CF1,US438516CF18,-,86.7,United States,-,USD,4.94,4.6,1.0,"Sep 01, 2031",1.75,4.93,-,4.6,4.93,4.6,USD,"Aug 16, 2021","Aug 16, 2021",2026-05-14
JPMORGAN CHASE & CO,Banking,Fixed Income,"10,329,076.37",0.04,"10,329,076.37","10,207,000.00",46625HJM3,US46625HJM34,BD035K4,99.85,United States,-,USD,10.7,5.64,1.0,"Aug 16, 2043",5.63,10.81,-,5.64,10.81,5.64,USD,"Aug 21, 2013","Aug 21, 2013",2026-05-14
BOSTON PROPERTIES LP,Reits,Fixed Income,"10,322,720.12",0.04,"10,322,720.12","11,054,000.00",10112RBD5,US10112RBD52,BM9KMK8,92.46,United States,-,USD,4.25,5.07,1.0,"Jan 30, 2031",3.25,4.25,-,5.07,4.25,5.07,USD,"May 05, 2020","May 05, 2020",2026-05-14
GOLDMAN SACHS GROUP INC/THE,Banking,Fixed Income,"10,316,224.48",0.04,"10,316,224.48","11,759,000.00",38141GVS0,US38141GVS01,BYNZDD3,87.45,United States,-,USD,11.8,5.84,1.0,"Oct 21, 2045",4.75,12.01,-,5.84,12.01,5.84,USD,"Oct 21, 2015","Oct 21, 2015",2026-05-14
LOWES COMPANIES INC,Consumer Cyclical,Fixed Income,"10,306,311.32",0.04,"10,306,311.32","10,834,000.00",548661EH6,US548661EH62,-,94.7,United States,-,USD,5.14,4.79,1.0,"Apr 01, 2032",3.75,5.17,-,4.79,5.17,4.79,USD,"Mar 24, 2022","Mar 24, 2022",2026-05-14
DEVON ENERGY CORPORATION,Energy,Fixed Income,"10,294,190.98",0.04,"10,294,190.98","10,171,000.00",25179MBG7,US25179MBG78,-,100.39,United States,-,USD,6.61,5.16,1.0,"Sep 15, 2034",5.2,6.65,-,5.16,6.49,5.16,USD,"Aug 28, 2024","Aug 28, 2024",2026-05-14
JEFFERIES FINANCIAL GROUP INC,Brokerage/Asset Managers/Exchanges,Fixed Income,"10,288,083.71",0.04,"10,288,083.71","9,971,000.00",47233WEJ4,US47233WEJ45,-,102.7,United States,-,USD,6.16,5.77,1.0,"Apr 14, 2034",6.2,6.19,-,5.76,6.04,5.76,USD,"Apr 16, 2024","Apr 16, 2024",2026-05-14
OCCIDENTAL PETROLEUM CORPORATION,Energy,Fixed Income,"10,285,351.91",0.04,"10,285,351.91","9,537,000.00",674599ED3,US674599ED34,-,106.54,United States,-,USD,3.43,4.92,1.0,"Sep 01, 2030",6.63,3.7,-,4.72,3.32,4.72,USD,"Aug 26, 2020","Aug 26, 2020",2026-05-14
BRISTOL-MYERS SQUIBB CO,Consumer Non-Cyclical,Fixed Income,"10,285,877.52",0.04,"10,285,877.52","14,144,000.00",110122DW5,US110122DW58,BMWC3G4,72.14,United States,-,USD,14.25,5.79,1.0,"Mar 15, 2052",3.7,14.55,-,5.79,14.55,5.79,USD,"Mar 02, 2022","Mar 02, 2022",2026-05-14
CROWN CASTLE INC,Communications,Fixed Income,"10,286,427.89",0.04,"10,286,427.89","14,208,000.00",22822VAX9,US22822VAX91,-,72.07,United States,-,USD,11.17,5.71,1.0,"Apr 01, 2041",2.9,11.23,-,5.71,11.23,5.71,USD,"Feb 16, 2021","Feb 16, 2021",2026-05-14
MPLX LP,Energy,Fixed Income,"10,282,270.92",0.04,"10,282,270.92","12,507,000.00",55336VAN0,US55336VAN01,BYZGJY7,81.86,United States,-,USD,12.31,6.23,1.0,"Apr 15, 2048",4.7,12.55,-,6.23,12.55,6.23,USD,"Feb 08, 2018","Feb 08, 2018",2026-05-14
JBS NV,Consumer Non-Cyclical,Fixed Income,"10,275,874.10",0.04,"10,275,874.10","10,448,000.00",472140AH5,US472140AH52,2PGWWX3,97.12,United States,-,USD,12.76,6.47,1.0,"Mar 01, 2056",6.25,13.06,-,6.47,13.06,6.47,USD,"Jul 03, 2025","Jan 12, 2026",2026-05-14
AMGEN INC,Consumer Non-Cyclical,Fixed Income,"10,269,457.24",0.04,"10,269,457.24","10,305,000.00",031162DH0,US031162DH07,-,98.71,United States,-,USD,2.96,4.48,1.0,"Aug 18, 2029",4.05,3.0,-,4.48,3.0,4.48,USD,"Aug 18, 2022","Aug 18, 2022",2026-05-14
CIGNA GROUP,Consumer Non-Cyclical,Fixed Income,"10,263,854.90",0.04,"10,263,854.90","10,084,000.00",125523CZ1,US125523CZ18,BT6M1P4,100.08,United States,-,USD,7.35,5.24,1.0,"Jan 15, 2036",5.25,7.39,-,5.24,7.39,5.24,USD,"Sep 04, 2025","Sep 04, 2025",2026-05-14
BANK OF AMERICA CORP,Banking,Fixed Income,"10,261,563.40",0.04,"10,261,563.40","15,904,000.00",06051GKB4,US06051GKB40,BNZKS56,63.61,United States,-,USD,13.62,5.7,1.0,"Jul 21, 2052",2.97,15.11,-,5.7,15.1,5.7,USD,"Jul 21, 2021","Jul 21, 2021",2026-05-14
WALT DISNEY CO,Communications,Fixed Income,"10,258,667.75",0.04,"10,258,667.75","8,890,000.00",254687EH5,US254687EH59,BKPTBZ3,112.13,United States,-,USD,7.97,5.23,1.0,"Nov 15, 2037",6.65,7.98,-,5.23,7.98,5.23,USD,"Nov 15, 2019","Nov 22, 2019",2026-05-14
FORD MOTOR CREDIT COMPANY LLC,Consumer Cyclical,Fixed Income,"10,255,252.56",0.04,"10,255,252.56","9,438,000.00",345397D42,US345397D427,-,105.62,United States,-,USD,3.36,5.64,1.0,"Jun 10, 2030",7.2,3.42,-,5.58,3.3,5.58,USD,"Jun 08, 2023","Jun 08, 2023",2026-05-14
ALPHABET INC,Technology,Fixed Income,"10,254,430.12",0.04,"10,254,430.12","10,287,000.00",02079KAL1,US02079KAL17,-,97.47,United States,-,USD,7.09,4.85,1.0,"May 15, 2035",4.5,7.14,-,4.85,7.14,4.85,USD,"May 01, 2025","May 01, 2025",2026-05-14
UNITED PARCEL SERVICE INC,Transportation,Fixed Income,"10,248,936.04",0.04,"10,248,936.04","10,006,000.00",911312BZ8,US911312BZ82,-,101.49,United States,-,USD,5.63,4.62,1.0,"Mar 03, 2033",4.88,5.7,-,4.61,5.52,4.61,USD,"Feb 27, 2023","Feb 27, 2023",2026-05-14
BANCO SANTANDER SA,Banking,Fixed Income,"10,243,278.42",0.03,"10,243,278.42","9,133,000.00",05964HAZ8,US05964HAZ82,-,112.06,Spain,-,USD,5.93,4.99,1.0,"Nov 07, 2033",6.94,5.91,-,4.99,5.91,4.99,USD,"Nov 07, 2023","Nov 07, 2023",2026-05-14
BARCLAYS PLC,Banking,Fixed Income,"10,245,128.42",0.03,"10,245,128.42","10,360,000.00",06738EDJ1,US06738EDJ10,-,97.91,United Kingdom,-,USD,4.17,5.0,1.0,"Feb 24, 2032",4.52,4.2,-,5.0,4.2,5.0,USD,"Feb 24, 2026","Feb 24, 2026",2026-05-14
JPMORGAN CHASE & CO,Banking,Fixed Income,"10,239,895.83",0.03,"10,239,895.83","15,520,000.00",46647PBN5,US46647PBN50,BMF0547,65.81,United States,-,USD,13.32,5.77,1.0,"Apr 22, 2051",3.11,14.75,-,5.76,14.73,5.76,USD,"Apr 22, 2020","Apr 22, 2020",2026-05-14
ANHEUSER-BUSCH INBEV WORLDWIDE INC,Consumer Non-Cyclical,Fixed Income,"10,242,627.51",0.03,"10,242,627.51","12,074,000.00",03523TBT4,US03523TBT43,BF7MH35,84.39,Belgium,-,USD,12.92,5.68,1.0,"Oct 06, 2048",4.44,13.2,-,5.68,13.2,5.68,USD,"Apr 06, 2017","Aug 17, 2017",2026-05-14
CONOCOPHILLIPS CO,Energy,Fixed Income,"10,232,747.86",0.03,"10,232,747.86","10,049,000.00",20826FBL9,US20826FBL94,-,100.2,United States,-,USD,6.82,4.97,1.0,"Jan 15, 2035",5.0,6.86,-,4.97,6.86,4.97,USD,"Dec 05, 2024","Dec 05, 2024",2026-05-14
NEXTERA ENERGY CAPITAL HOLDINGS IN,Electric,Fixed Income,"10,199,394.80",0.03,"10,199,394.80","10,024,000.00",65339KCP3,US65339KCP30,-,100.71,United States,-,USD,5.59,4.92,1.0,"Feb 28, 2033",5.05,5.64,-,4.92,5.46,4.92,USD,"Feb 09, 2023","Feb 09, 2023",2026-05-14
KENVUE INC,Consumer Non-Cyclical,Fixed Income,"10,186,187.00",0.03,"10,186,187.00","11,198,000.00",49177JAP7,US49177JAP75,-,90.26,United States,-,USD,13.52,5.77,1.0,"Mar 22, 2053",5.05,13.84,-,5.77,13.84,5.77,USD,"Sep 22, 2023","Oct 17, 2023",2026-05-14
AT&T INC,Communications,Fixed Income,"10,182,830.54",0.03,"10,182,830.54","10,235,000.00",00206RNH1,US00206RNH11,-,98.11,United States,-,USD,7.57,5.37,1.0,"Apr 30, 2036",5.13,7.6,-,5.37,7.6,5.37,USD,"Feb 05, 2026","Feb 05, 2026",2026-05-14
HEWLETT PACKARD ENTERPRISE CO,Technology,Fixed Income,"10,183,437.61",0.03,"10,183,437.61","10,208,000.00",42824CBT5,US42824CBT53,-,99.42,United States,-,USD,3.11,4.73,1.0,"Oct 15, 2029",4.55,3.13,-,4.73,3.13,4.73,USD,"Sep 26, 2024","Sep 26, 2024",2026-05-14
GENERAL ELECTRIC CO,Capital Goods,Fixed Income,"10,176,234.40",0.03,"10,176,234.40","10,096,000.00",369604BZ5,US369604BZ56,-,99.56,United States,-,USD,3.75,4.41,1.0,"Jul 29, 2030",4.3,3.77,-,4.41,3.77,4.41,USD,"Jul 29, 2025","Jul 29, 2025",2026-05-14
BANCO SANTANDER SA,Banking,Fixed Income,"10,176,252.20",0.03,"10,176,252.20","10,199,000.00",05971KAV1,US05971KAV17,-,99.41,Spain,-,USD,4.33,5.02,1.0,"Apr 15, 2031",4.87,4.31,-,5.02,4.31,5.02,USD,"Apr 15, 2026","Apr 15, 2026",2026-05-14
HCA INC,Consumer Non-Cyclical,Fixed Income,"10,167,120.39",0.03,"10,167,120.39","9,889,000.00",404119CU1,US404119CU12,-,102.17,United States,-,USD,6.25,5.26,1.0,"Apr 01, 2034",5.6,6.3,-,5.25,6.13,5.25,USD,"Feb 23, 2024","Feb 23, 2024",2026-05-14
APPLE INC,Technology,Fixed Income,"10,163,615.57",0.03,"10,163,615.57","10,613,000.00",037833EP1,US037833EP10,-,94.89,United States,-,USD,5.45,4.29,1.0,"Aug 08, 2032",3.35,5.5,-,4.29,5.5,4.29,USD,"Aug 08, 2022","Aug 08, 2022",2026-05-14
MARSH & MCLENNAN COMPANIES INC,Insurance,Fixed Income,"10,156,119.66",0.03,"10,156,119.66","10,050,000.00",571748CA8,US571748CA86,-,100.32,United States,-,USD,3.43,4.56,1.0,"Mar 15, 2030",4.65,3.46,-,4.56,3.46,4.56,USD,"Nov 08, 2024","Nov 08, 2024",2026-05-14
TRUIST FINANCIAL CORP MTN,Banking,Fixed Income,"10,151,511.44",0.03,"10,151,511.44","10,482,000.00",89788MAV4,US89788MAV46,-,96.59,United States,-,USD,7.22,5.4,1.0,"Oct 23, 2036",4.96,7.4,-,5.4,7.4,5.4,USD,"Oct 23, 2025","Oct 23, 2025",2026-05-14
ORACLE CORPORATION,Technology,Fixed Income,"10,145,989.07",0.03,"10,145,989.07","10,510,000.00",68389XCP8,US68389XCP87,-,95.23,United States,-,USD,5.55,5.76,1.0,"Feb 06, 2033",4.9,5.55,-,5.76,5.55,5.76,USD,"Feb 06, 2023","Feb 06, 2023",2026-05-14
MPLX LP,Energy,Fixed Income,"10,142,602.20",0.03,"10,142,602.20","10,082,000.00",55336VBU3,US55336VBU35,-,99.62,United States,-,USD,5.26,5.02,1.0,"Sep 01, 2032",4.95,5.3,-,5.02,5.3,5.02,USD,"Aug 11, 2022","Aug 11, 2022",2026-05-14
WALT DISNEY CO,Communications,Fixed Income,"10,137,132.02",0.03,"10,137,132.02","16,325,000.00",254687FM3,US254687FM36,BKKK9P7,61.55,United States,-,USD,14.59,5.77,1.0,"Sep 01, 2049",2.75,14.84,-,5.77,14.84,5.77,USD,"Sep 06, 2019","Sep 06, 2019",2026-05-14
GILEAD SCIENCES INC,Consumer Non-Cyclical,Fixed Income,"10,127,412.59",0.03,"10,127,412.59","11,157,000.00",375558AX1,US375558AX11,BKHDRD3,90.23,United States,-,USD,11.29,5.68,1.0,"Apr 01, 2044",4.8,11.47,-,5.68,11.47,5.68,USD,"Mar 07, 2014","Mar 07, 2014",2026-05-14
CONOCOPHILLIPS CO,Energy,Fixed Income,"10,128,245.48",0.03,"10,128,245.48","10,439,000.00",20826FBM7,US20826FBM77,-,95.24,United States,-,USD,13.41,5.84,1.0,"Jan 15, 2055",5.5,13.74,-,5.84,13.74,5.84,USD,"Dec 05, 2024","Dec 05, 2024",2026-05-14
KROGER CO,Consumer Non-Cyclical,Fixed Income,"10,120,541.36",0.03,"10,120,541.36","10,769,000.00",501044DX6,US501044DX60,-,93.08,United States,-,USD,14.38,6.12,1.0,"Sep 15, 2064",5.65,14.77,-,6.12,14.77,6.12,USD,"Aug 27, 2024","Aug 27, 2024",2026-05-14
GILEAD SCIENCES INC,Consumer Non-Cyclical,Fixed Income,"10,121,653.66",0.03,"10,121,653.66","11,370,000.00",375558BY8,US375558BY84,-,88.83,United States,-,USD,4.14,4.48,1.0,"Oct 01, 2030",1.65,4.14,-,4.48,4.14,4.48,USD,"Sep 30, 2020","Sep 30, 2020",2026-05-14
RAYTHEON TECHNOLOGIES CORPORATION,Capital Goods,Fixed Income,"10,118,361.33",0.03,"10,118,361.33","11,518,000.00",913017CX5,US913017CX53,BF8QNN8,85.59,United States,-,USD,12.51,5.78,1.0,"Nov 16, 2048",4.63,12.78,-,5.78,12.78,5.78,USD,"Aug 16, 2018","Aug 16, 2018",2026-05-14
NVIDIA CORPORATION,Technology,Fixed Income,"10,114,952.30",0.03,"10,114,952.30","12,120,000.00",67066GAG9,US67066GAG91,BKP3KQ9,83.06,United States,-,USD,10.38,5.23,1.0,"Apr 01, 2040",3.5,10.46,-,5.23,10.46,5.23,USD,"Mar 31, 2020","Mar 31, 2020",2026-05-14
TEXAS INSTRUMENTS INC,Technology,Fixed Income,"10,115,503.69",0.03,"10,115,503.69","11,060,000.00",882926AA6,US882926AA67,BMCJZD6,89.02,United States,-,USD,14.76,5.77,1.0,"May 18, 2063",5.05,15.16,-,5.77,15.16,5.77,USD,"May 18, 2023","May 18, 2023",2026-05-14
MASTERCARD INC,Technology,Fixed Income,"10,108,658.81",0.03,"10,108,658.81","10,094,000.00",57636QBB9,US57636QBB95,-,98.73,United States,-,USD,4.87,4.61,1.0,"Jan 15, 2032",4.35,4.9,-,4.61,4.9,4.61,USD,"Sep 05, 2024","Sep 05, 2024",2026-05-14
PNC FINANCIAL SERVICES GROUP INC (,Banking,Fixed Income,"10,106,005.72",0.03,"10,106,005.72","9,942,000.00",693475BM6,US693475BM68,BPTJT38,100.13,United States,-,USD,5.46,5.1,1.0,"Jan 24, 2034",5.07,5.54,-,5.04,5.54,5.04,USD,"Jan 24, 2023","Jan 24, 2023",2026-05-14
SUMITOMO MITSUI FINANCIAL GROUP IN,Banking,Fixed Income,"10,106,667.49",0.03,"10,106,667.49","10,178,000.00",86562MEG1,US86562MEG15,-,97.49,Japan,-,USD,10.86,5.79,1.0,"Jan 15, 2047",5.57,11.53,-,5.79,11.52,5.79,USD,"Jan 15, 2026","Jan 15, 2026",2026-05-14
MERCEDES-BENZ FINANCE NORTH AMERIC,Consumer Cyclical,Fixed Income,"10,093,488.51",0.03,"10,093,488.51","8,547,000.00",233835AQ0,US233835AQ08,B065ZJ2,115.4,Germany,-,USD,3.86,4.79,1.0,"Jan 18, 2031",8.5,3.84,-,4.79,3.84,4.79,USD,"Jan 18, 2001","Jan 18, 2001",2026-05-14
NEXTERA ENERGY CAPITAL HOLDINGS IN,Electric,Fixed Income,"10,092,653.25",0.03,"10,092,653.25","9,874,000.00",65339KDJ6,US65339KDJ60,-,101.41,United States,-,USD,3.41,4.64,1.0,"Mar 15, 2030",5.05,3.44,-,4.64,3.36,4.64,USD,"Feb 04, 2025","Feb 04, 2025",2026-05-14
NASDAQ INC,Brokerage/Asset Managers/Exchanges,Fixed Income,"10,078,738.33",0.03,"10,078,738.33","9,653,000.00",63111XAJ0,US63111XAJ00,-,103.07,United States,-,USD,6.14,5.07,1.0,"Feb 15, 2034",5.55,6.19,-,5.05,6.03,5.05,USD,"Jun 28, 2023","Jun 28, 2023",2026-05-14
M&T BANK CORPORATION MTN,Banking,Fixed Income,"10,079,372.69",0.03,"10,079,372.69","9,568,000.00",55261FAT1,US55261FAT12,-,104.35,United States,-,USD,4.1,5.18,1.0,"Mar 13, 2032",6.08,4.13,-,5.06,4.13,5.06,USD,"Mar 13, 2024","Mar 13, 2024",2026-05-14
JOHN DEERE CAPITAL CORP MTN,Capital Goods,Fixed Income,"10,069,148.11",0.03,"10,069,148.11","9,788,000.00",24422EWZ8,US24422EWZ86,BRXH288,100.89,United States,-,USD,3.62,4.46,1.0,"Jun 10, 2030",4.7,3.61,-,4.46,3.61,4.46,USD,"Jun 08, 2023","Jun 08, 2023",2026-05-14
FORD MOTOR CREDIT COMPANY LLC,Consumer Cyclical,Fixed Income,"10,069,719.92",0.03,"10,069,719.92","9,905,000.00",345397H48,US345397H485,-,100.6,United States,-,USD,3.75,5.57,1.0,"Sep 05, 2030",5.73,3.74,-,5.57,3.68,5.57,USD,"Sep 05, 2025","Sep 05, 2025",2026-05-14
RIO TINTO FINANCE (USA) PLC,Basic Industry,Fixed Income,"10,058,369.21",0.03,"10,058,369.21","9,821,000.00",76720AAT3,US76720AAT34,-,101.61,Australia,-,USD,4.95,4.75,1.0,"Mar 14, 2032",5.0,4.98,-,4.74,4.86,4.74,USD,"Mar 14, 2025","Mar 14, 2025",2026-05-14
ORACLE CORPORATION,Technology,Fixed Income,"10,056,695.94",0.03,"10,056,695.94","10,186,000.00",68389XAH8,US68389XAH89,B3LR141,96.62,United States,-,USD,8.68,6.51,1.0,"Jul 08, 2039",6.13,8.67,-,6.51,8.67,6.51,USD,"Jul 08, 2009","Jul 08, 2009",2026-05-14
SUMITOMO MITSUI FINANCIAL GROUP IN,Banking,Fixed Income,"10,047,837.06",0.03,"10,047,837.06","9,459,000.00",86562MCS7,US86562MCS70,BR3V7M9,104.32,Japan,-,USD,5.44,5.02,1.0,"Jan 13, 2033",5.77,5.42,-,5.02,5.42,5.02,USD,"Jan 13, 2023","Jan 13, 2023",2026-05-14
UNITED PARCEL SERVICE INC,Transportation,Fixed Income,"10,040,434.88",0.03,"10,040,434.88","9,662,000.00",911312CK0,US911312CK05,-,100.97,United States,-,USD,13.08,5.88,1.0,"May 14, 2055",5.95,13.42,-,5.88,13.33,5.88,USD,"May 14, 2025","May 14, 2025",2026-05-14
PFIZER INC,Consumer Non-Cyclical,Fixed Income,"10,028,980.24",0.03,"10,028,980.24","12,702,000.00",717081EV1,US717081EV18,BJJD7V2,78.32,United States,-,USD,13.29,5.71,1.0,"Mar 15, 2049",4.0,13.57,-,5.71,13.57,5.71,USD,"Mar 11, 2019","Mar 11, 2019",2026-05-14
SOUTHERN CALIFORNIA EDISON COMPANY,Electric,Fixed Income,"10,029,407.03",0.03,"10,029,407.03","9,600,000.00",842400JE4,US842400JE48,-,102.04,United States,-,USD,4.24,4.99,1.0,"Jun 01, 2031",5.45,4.28,-,4.98,4.15,4.98,USD,"May 09, 2024","May 09, 2024",2026-05-14
PNC FINANCIAL SERVICES GROUP INC (,Banking,Fixed Income,"10,029,612.26",0.03,"10,029,612.26","10,667,000.00",693475AZ8,US693475AZ80,-,93.25,United States,-,USD,3.43,4.56,1.0,"Jan 22, 2030",2.55,3.44,-,4.56,3.44,4.56,USD,"Jan 22, 2020","Jan 22, 2020",2026-05-14
HUNTINGTON BANCSHARES INC,Banking,Fixed Income,"10,026,979.68",0.03,"10,026,979.68","9,667,000.00",446150BD5,US446150BD56,BQ67KH3,102.14,United States,-,USD,5.99,5.38,1.0,"Feb 02, 2035",5.71,6.11,-,5.37,6.11,5.37,USD,"Feb 02, 2024","Feb 02, 2024",2026-05-14
VODAFONE GROUP PLC,Communications,Fixed Income,"10,027,016.80",0.03,"10,027,016.80","9,251,000.00",92857WAQ3,US92857WAQ33,B1SBFX9,107.11,United Kingdom,-,USD,7.86,5.28,1.0,"Feb 27, 2037",6.15,7.85,-,5.28,7.85,5.28,USD,"Feb 27, 2007","Feb 27, 2007",2026-05-14
WALMART INC,Consumer Cyclical,Fixed Income,"10,016,104.13",0.03,"10,016,104.13","9,535,000.00",931142CB7,US931142CB75,B0J45R4,104.01,United States,-,USD,7.28,4.71,1.0,"Sep 01, 2035",5.25,7.28,-,4.71,7.28,4.71,USD,"Aug 31, 2005","Aug 31, 2005",2026-05-14
DIAMONDBACK ENERGY INC,Energy,Fixed Income,"10,005,611.37",0.03,"10,005,611.37","9,687,000.00",25278XBC2,US25278XBC20,-,102.66,United States,-,USD,6.89,5.17,1.0,"Apr 01, 2035",5.55,6.94,-,5.17,6.78,5.17,USD,"Mar 20, 2025","Mar 20, 2025",2026-05-14
COMCAST CORPORATION,Communications,Fixed Income,"9,994,235.86",0.03,"9,994,235.86","10,555,000.00",20030NBM2,US20030NBM20,BPYD9Q8,93.67,United States,-,USD,6.7,5.17,1.0,"Aug 15, 2034",4.2,6.77,-,5.17,6.77,5.17,USD,"Aug 12, 2014","Aug 12, 2014",2026-05-14
ENBRIDGE INC,Energy,Fixed Income,"9,991,148.81",0.03,"9,991,148.81","9,609,000.00",29250NCC7,US29250NCC74,-,103.4,Canada,-,USD,6.26,5.1,1.0,"Apr 05, 2034",5.63,6.32,-,5.08,6.15,5.08,USD,"Apr 05, 2024","Apr 05, 2024",2026-05-14
ALPHABET INC,Technology,Fixed Income,"9,982,447.47",0.03,"9,982,447.47","18,621,000.00",02079KAF4,US02079KAF49,BMD7LF3,53.11,United States,-,USD,16.03,5.61,1.0,"Aug 15, 2050",2.05,16.27,-,5.61,16.27,5.61,USD,"Aug 05, 2020","Aug 05, 2020",2026-05-14
MASTERCARD INC,Technology,Fixed Income,"9,981,734.22",0.03,"9,981,734.22","10,057,000.00",57636QBC7,US57636QBC78,-,97.77,United States,-,USD,6.93,4.87,1.0,"Jan 15, 2035",4.55,6.97,-,4.87,6.97,4.87,USD,"Sep 05, 2024","Sep 05, 2024",2026-05-14
BANCO SANTANDER SA,Banking,Fixed Income,"9,959,256.72",0.03,"9,959,256.72","10,888,000.00",05971KAG4,US05971KAG40,-,90.26,Spain,-,USD,4.16,5.18,1.0,"Dec 03, 2030",2.75,4.14,-,5.18,4.14,5.18,USD,"Dec 03, 2020","Dec 03, 2020",2026-05-14
NISOURCE INC,Natural Gas,Fixed Income,"9,942,424.57",0.03,"9,942,424.57","10,118,000.00",65473PAU9,US65473PAU93,-,97.6,United States,-,USD,13.26,6.03,1.0,"Apr 01, 2055",5.85,13.6,-,6.03,13.6,6.03,USD,"Mar 27, 2025","Mar 27, 2025",2026-05-14
MERCK & CO INC,Consumer Non-Cyclical,Fixed Income,"9,943,317.16",0.03,"9,943,317.16","10,791,000.00",58933YBM6,US58933YBM66,BP487M5,89.71,United States,-,USD,13.33,5.75,1.0,"May 17, 2053",5.0,13.65,-,5.75,13.65,5.75,USD,"May 17, 2023","May 17, 2023",2026-05-14
ELI LILLY AND COMPANY,Consumer Non-Cyclical,Fixed Income,"9,937,893.57",0.03,"9,937,893.57","10,809,000.00",532457CM8,US532457CM85,BSHRLF1,90.65,United States,-,USD,13.72,5.67,1.0,"Feb 09, 2054",5.0,14.06,-,5.67,14.06,5.67,USD,"Feb 09, 2024","Feb 09, 2024",2026-05-14
CANADIAN NATURAL RESOURCES LIMITED,Energy,Fixed Income,"9,930,176.84",0.03,"9,930,176.84","9,314,000.00",136385AL5,US136385AL51,B1VJP74,105.63,Canada,-,USD,8.33,5.59,1.0,"Mar 15, 2038",6.25,8.33,-,5.59,8.33,5.59,USD,"Mar 19, 2007","Mar 19, 2007",2026-05-14
HOME DEPOT INC,Consumer Cyclical,Fixed Income,"9,921,920.44",0.03,"9,921,920.44","10,629,000.00",437076CP5,US437076CP51,-,93.1,United States,-,USD,5.26,4.59,1.0,"Apr 15, 2032",3.25,5.28,-,4.59,5.28,4.59,USD,"Mar 28, 2022","Mar 28, 2022",2026-05-14
ORACLE CORPORATION,Technology,Fixed Income,"9,918,839.85",0.03,"9,918,839.85","9,797,000.00",68389XAE5,US68389XAE58,B2QR213,100.76,United States,-,USD,8.22,6.41,1.0,"Apr 15, 2038",6.5,8.19,-,6.41,8.19,6.41,USD,"Apr 09, 2008","Apr 09, 2008",2026-05-14
CONOCOPHILLIPS CO,Energy,Fixed Income,"9,916,835.09",0.03,"9,916,835.09","13,628,000.00",20826FBD7,US20826FBD78,BPG4CH1,72.13,United States,-,USD,15.41,5.9,1.0,"Mar 15, 2062",4.03,15.79,-,5.9,15.79,5.9,USD,"Sep 15, 2022","Oct 03, 2022",2026-05-14
TRUIST FINANCIAL CORP MTN,Banking,Fixed Income,"9,917,402.97",0.03,"9,917,402.97","9,678,000.00",89788MAT9,US89788MAT99,BSWTGC4,101.09,United States,-,USD,4.44,4.96,1.0,"Aug 05, 2032",5.15,4.48,-,4.91,4.48,4.91,USD,"Aug 05, 2024","Aug 05, 2024",2026-05-14
PACIFIC GAS AND ELECTRIC COMPANY,Electric,Fixed Income,"9,903,881.51",0.03,"9,903,881.51","10,959,000.00",694308JG3,US694308JG36,-,89.67,United States,-,USD,4.34,4.98,1.0,"Feb 01, 2031",2.5,4.32,-,4.98,4.32,4.98,USD,"Jun 19, 2020","Jun 19, 2020",2026-05-14
PHILIP MORRIS INTERNATIONAL INC,Consumer Non-Cyclical,Fixed Income,"9,899,047.81",0.03,"9,899,047.81","9,606,000.00",718172DJ5,US718172DJ54,-,101.75,United States,-,USD,6.2,4.97,1.0,"Feb 13, 2034",5.25,6.25,-,4.97,6.08,4.97,USD,"Feb 13, 2024","Feb 13, 2024",2026-05-14
SHELL FINANCE US INC,Energy,Fixed Income,"9,891,302.47",0.03,"9,891,302.47","12,431,000.00",822905AE5,US822905AE56,BR4TV31,79.55,United States,-,USD,12.56,5.73,1.0,"May 10, 2046",4.0,12.74,-,5.73,12.74,5.73,USD,"May 10, 2024","Oct 08, 2024",2026-05-14
ONEOK INC,Energy,Fixed Income,"9,881,022.73",0.03,"9,881,022.73","10,770,000.00",682680CF8,US682680CF86,BRBVNB2,91.57,United States,-,USD,13.04,6.34,1.0,"Nov 01, 2054",5.7,13.35,-,6.34,13.35,6.34,USD,"Sep 24, 2024","Sep 24, 2024",2026-05-14
PNC FINANCIAL SERVICES GROUP INC (,Banking,Fixed Income,"9,877,216.78",0.03,"9,877,216.78","9,593,000.00",693475BZ7,US693475BZ71,BRT6LQ0,101.33,United States,-,USD,6.35,5.22,1.0,"Jul 23, 2035",5.4,6.47,-,5.22,6.47,5.22,USD,"Jul 23, 2024","Jul 23, 2024",2026-05-14
EQUINIX EUROPE 2 FINANCING CORPORA,Technology,Fixed Income,"9,867,697.56",0.03,"9,867,697.56","10,018,000.00",29390XAH7,US29390XAH70,-,97.62,United States,-,USD,5.7,5.11,1.0,"Mar 15, 2033",4.7,5.72,-,5.11,5.72,5.11,USD,"Mar 05, 2026","Mar 05, 2026",2026-05-14
WILLIAMS COMPANIES INC,Energy,Fixed Income,"9,854,952.63",0.03,"9,854,952.63","9,561,000.00",969457CP3,US969457CP37,-,102.19,United States,-,USD,6.83,5.29,1.0,"Mar 15, 2035",5.6,6.87,-,5.28,6.72,5.28,USD,"Jan 09, 2025","Jan 09, 2025",2026-05-14
MITSUBISHI UFJ FINANCIAL GROUP INC,Banking,Fixed Income,"9,852,776.17",0.03,"9,852,776.17","9,767,000.00",606822DY7,US606822DY72,-,100.54,Japan,-,USD,10.94,5.82,1.0,"Apr 21, 2047",5.87,11.64,-,5.82,11.63,5.82,USD,"Apr 21, 2026","Apr 21, 2026",2026-05-14
COMCAST CORPORATION,Communications,Fixed Income,"9,848,695.77",0.03,"9,848,695.77","10,948,000.00",20030NEG2,US20030NEG25,BQPF829,87.25,United States,-,USD,13.74,6.4,1.0,"May 15, 2064",5.5,14.1,-,6.4,14.1,6.4,USD,"May 09, 2023","May 09, 2023",2026-05-14
ANHEUSER-BUSCH INBEV WORLDWIDE INC,Consumer Non-Cyclical,Fixed Income,"9,833,075.74",0.03,"9,833,075.74","7,657,000.00",03523TBF4,US03523TBF49,B46LC31,125.75,Belgium,-,USD,8.22,5.37,1.0,"Jan 15, 2039",8.2,8.24,-,5.37,8.24,5.37,USD,"Jan 15, 2011","Mar 14, 2011",2026-05-14
APPLE INC,Technology,Fixed Income,"9,829,915.68",0.03,"9,829,915.68","10,993,000.00",037833ED8,US037833ED89,-,88.99,United States,-,USD,4.46,4.24,1.0,"Feb 08, 2031",1.65,4.45,-,4.24,4.45,4.24,USD,"Feb 08, 2021","Feb 08, 2021",2026-05-14
EATON CORPORATION,Capital Goods,Fixed Income,"9,824,574.56",0.03,"9,824,574.56","9,930,000.00",278058DY5,US278058DY59,-,98.11,United States,-,USD,5.72,4.83,1.0,"Mar 06, 2033",4.5,5.75,-,4.83,5.75,4.83,USD,"Mar 06, 2026","Mar 06, 2026",2026-05-14
TOYOTA MOTOR CREDIT CORP MTN,Consumer Cyclical,Fixed Income,"9,823,755.69",0.03,"9,823,755.69","9,928,000.00",89236TPS8,US89236TPS86,-,98.2,United States,-,USD,5.76,4.91,1.0,"Mar 11, 2033",4.6,5.74,-,4.91,5.74,4.91,USD,"Mar 13, 2026","Mar 13, 2026",2026-05-14
TRANSCANADA PIPELINES LTD,Energy,Fixed Income,"9,821,013.03",0.03,"9,821,013.03","10,008,000.00",89352HBA6,US89352HBA68,BM9L3W0,97.82,Canada,-,USD,3.52,4.71,1.0,"Apr 15, 2030",4.1,3.57,-,4.71,3.57,4.71,USD,"Apr 06, 2020","Apr 06, 2020",2026-05-14
WALT DISNEY CO,Communications,Fixed Income,"9,792,140.71",0.03,"9,792,140.71","11,742,000.00",254687FY7,US254687FY73,BMFKW68,81.65,United States,-,USD,10.25,5.38,1.0,"May 13, 2040",3.5,10.32,-,5.38,10.32,5.38,USD,"May 13, 2020","May 13, 2020",2026-05-14
ONCOR ELECTRIC DELIVERY COMPANY LL 144A,Electric,Fixed Income,"9,792,545.34",0.03,"9,792,545.34","9,764,000.00",68233JDJ0,US68233JDJ07,-,99.39,United States,-,USD,13.45,5.94,1.0,"Mar 15, 2056",5.9,13.79,-,5.94,13.79,5.94,USD,"Mar 17, 2026","Mar 17, 2026",2026-05-14
JOHN DEERE CAPITAL CORP MTN,Capital Goods,Fixed Income,"9,779,009.66",0.03,"9,779,009.66","9,443,000.00",24422EXE4,US24422EXE49,BPJK3B7,102.64,United States,-,USD,6.02,4.72,1.0,"Sep 08, 2033",5.15,6.01,-,4.72,6.01,4.72,USD,"Sep 08, 2023","Sep 08, 2023",2026-05-14
LOCKHEED MARTIN CORPORATION,Capital Goods,Fixed Income,"9,776,311.17",0.03,"9,776,311.17","10,759,000.00",539830BL2,US539830BL23,BDB6944,88.56,United States,-,USD,11.81,5.66,1.0,"May 15, 2046",4.7,12.04,-,5.66,12.04,5.66,USD,"Nov 23, 2015","Nov 23, 2015",2026-05-14
SYNOPSYS INC,Technology,Fixed Income,"9,762,780.50",0.03,"9,762,780.50","9,657,000.00",871607AD9,US871607AD97,-,100.53,United States,-,USD,4.99,4.9,1.0,"Apr 01, 2032",5.0,5.02,-,4.89,4.9,4.89,USD,"Mar 17, 2025","Mar 17, 2025",2026-05-14
COMCAST CORPORATION,Communications,Fixed Income,"9,764,434.70",0.03,"9,764,434.70","11,327,000.00",20030NCJ8,US20030NCJ81,BFY1N04,85.44,United States,-,USD,8.98,5.6,1.0,"Mar 01, 2038",3.9,9.01,-,5.6,9.01,5.6,USD,"Feb 08, 2018","Feb 08, 2018",2026-05-14
VMWARE LLC,Technology,Fixed Income,"9,759,527.69",0.03,"9,759,527.69","10,996,000.00",928563AL9,US928563AL97,-,88.22,United States,-,USD,4.84,4.76,1.0,"Aug 15, 2031",2.2,4.83,-,4.76,4.83,4.76,USD,"Aug 02, 2021","Aug 02, 2021",2026-05-14
CANADIAN IMPERIAL (FX-FRN),Banking,Fixed Income,"9,760,884.38",0.03,"9,760,884.38","9,429,000.00",13607PVQ4,US13607PVQ44,-,101.79,Canada,-,USD,3.24,4.72,1.0,"Jan 13, 2031",5.25,3.25,-,4.71,3.26,4.71,USD,"Jan 13, 2025","Jan 13, 2025",2026-05-14
BARCLAYS PLC,Banking,Fixed Income,"9,748,960.29",0.03,"9,748,960.29","10,786,000.00",06738EAV7,US06738EAV74,BD72S38,88.71,United Kingdom,-,USD,11.89,5.9,1.0,"Jan 10, 2047",4.95,12.07,-,5.9,12.07,5.9,USD,"Jan 10, 2017","Jan 10, 2017",2026-05-14
BANK OF NOVA SCOTIA (FXD-FRN) MTN,Banking,Fixed Income,"9,736,747.18",0.03,"9,736,747.18","9,474,000.00",06418GAQ0,US06418GAQ01,-,101.52,Canada,-,USD,3.34,4.69,1.0,"Feb 14, 2031",5.13,3.35,-,4.68,3.35,4.68,USD,"Feb 04, 2025","Feb 04, 2025",2026-05-14
GLOBAL PAYMENTS INC,Technology,Fixed Income,"9,730,852.04",0.03,"9,730,852.04","9,683,000.00",37940XAW2,US37940XAW20,-,98.08,United States,-,USD,3.9,5.36,1.0,"Nov 15, 2030",4.88,3.89,-,5.36,3.89,5.36,USD,"Nov 14, 2025","Nov 14, 2025",2026-05-14
AON CORP,Insurance,Fixed Income,"9,729,174.59",0.03,"9,729,174.59","10,306,000.00",037389BE2,US037389BE22,BMZM963,93.03,United States,-,USD,3.66,4.73,1.0,"May 15, 2030",2.8,3.67,-,4.73,3.67,4.73,USD,"May 15, 2020","May 15, 2020",2026-05-14
CARRIER GLOBAL CORP,Capital Goods,Fixed Income,"9,723,819.31",0.03,"9,723,819.31","9,146,000.00",14448CBC7,US14448CBC73,BS2FZR0,105.38,United States,-,USD,6.16,5.06,1.0,"Mar 15, 2034",5.9,6.22,-,5.04,6.06,5.04,USD,"Nov 30, 2023","Feb 21, 2024",2026-05-14
SOLVENTUM CORP,Consumer Non-Cyclical,Fixed Income,"9,719,616.14",0.03,"9,719,616.14","9,398,000.00",83444MAQ4,US83444MAQ42,-,102.53,United States,-,USD,4.14,4.86,1.0,"Mar 13, 2031",5.45,4.19,-,4.84,4.06,4.84,USD,"Sep 13, 2024","Dec 31, 2024",2026-05-14
US BANCORP MTN,Banking,Fixed Income,"9,715,955.06",0.03,"9,715,955.06","10,817,000.00",91159HJD3,US91159HJD35,BPBRV01,89.04,United States,-,USD,5.09,4.87,1.0,"Jan 27, 2033",2.68,5.13,-,4.87,5.13,4.87,USD,"Jan 27, 2022","Jan 27, 2022",2026-05-14
VERIZON COMMUNICATIONS INC,Communications,Fixed Income,"9,717,325.47",0.03,"9,717,325.47","10,991,000.00",92343VFR0,US92343VFR06,BMWBBJ0,87.87,United States,-,USD,4.39,4.66,1.0,"Jan 20, 2031",1.75,4.38,-,4.66,4.38,4.66,USD,"Nov 20, 2020","Nov 20, 2020",2026-05-14
ACCENTURE CAPITAL INC,Technology,Fixed Income,"9,718,457.59",0.03,"9,718,457.59","9,846,000.00",00440KAC7,US00440KAC71,-,98.26,United States,-,USD,4.72,4.62,1.0,"Oct 04, 2031",4.25,4.74,-,4.62,4.74,4.62,USD,"Oct 04, 2024","Oct 04, 2024",2026-05-14
ZOETIS INC,Consumer Non-Cyclical,Fixed Income,"9,714,880.81",0.03,"9,714,880.81","10,645,000.00",98978VAS2,US98978VAS25,-,90.28,United States,-,USD,3.74,4.69,1.0,"May 15, 2030",2.0,3.73,-,4.69,3.73,4.69,USD,"May 12, 2020","May 12, 2020",2026-05-14
TIME WARNER CABLE LLC,Communications,Fixed Income,"9,701,775.27",0.03,"9,701,775.27","9,747,000.00",88732JAJ7,US88732JAJ79,B28WMV6,99.34,United States,-,USD,7.76,6.64,1.0,"May 01, 2037",6.55,7.71,-,6.64,7.71,6.64,USD,"Apr 09, 2007","Oct 30, 2007",2026-05-14
TARGET CORPORATION,Consumer Cyclical,Fixed Income,"9,702,982.88",0.03,"9,702,982.88","9,619,000.00",87612EBP0,US87612EBP07,BMD54D6,100.16,United States,-,USD,5.37,4.47,1.0,"Sep 15, 2032",4.5,5.43,-,4.47,5.24,4.47,USD,"Sep 13, 2022","Sep 13, 2022",2026-05-14
GENERAL MOTORS FINANCIAL COMPANY I,Consumer Cyclical,Fixed Income,"9,696,206.47",0.03,"9,696,206.47","9,329,000.00",37045XEV4,US37045XEV47,-,103.31,United States,-,USD,6.19,5.43,1.0,"Apr 04, 2034",5.95,6.23,-,5.42,6.08,5.42,USD,"Apr 04, 2024","Apr 04, 2024",2026-05-14
ING GROEP NV,Banking,Fixed Income,"9,693,954.22",0.03,"9,693,954.22","9,464,000.00",456837BM4,US456837BM48,-,101.61,Netherlands,-,USD,6.31,5.3,1.0,"Mar 19, 2035",5.55,6.27,-,5.3,6.27,5.3,USD,"Mar 19, 2024","Mar 19, 2024",2026-05-14
MERCK & CO INC,Consumer Non-Cyclical,Fixed Income,"9,681,093.29",0.03,"9,681,093.29","12,262,000.00",58933YAW5,US58933YAW57,BJRL1T4,78.23,United States,-,USD,13.27,5.72,1.0,"Mar 07, 2049",4.0,13.54,-,5.72,13.54,5.72,USD,"Mar 07, 2019","Mar 07, 2019",2026-05-14
MITSUBISHI UFJ FINANCIAL GROUP INC,Banking,Fixed Income,"9,675,227.93",0.03,"9,675,227.93","9,714,000.00",606822DN1,US606822DN18,-,98.85,Japan,-,USD,3.84,4.81,1.0,"Sep 12, 2031",4.53,3.86,-,4.81,3.86,4.81,USD,"Sep 12, 2025","Sep 12, 2025",2026-05-14
LLOYDS BANKING GROUP PLC MTN,Banking,Fixed Income,"9,672,938.00",0.03,"9,672,938.00","9,835,000.00",53944YBJ1,US53944YBJ10,-,96.9,United Kingdom,-,USD,10.74,5.9,1.0,"Feb 10, 2047",5.67,11.49,-,5.9,11.48,5.9,USD,"Feb 10, 2026","Feb 10, 2026",2026-05-14
TRANSCANADA PIPELINES LTD,Energy,Fixed Income,"9,673,562.12",0.03,"9,673,562.12","8,057,000.00",8935268Z9,US8935268Z94,B3KV7R9,117.59,Canada,-,USD,8.29,5.66,1.0,"Jan 15, 2039",7.63,8.3,-,5.66,8.3,5.66,USD,"Jan 09, 2009","Jan 09, 2009",2026-05-14
ING GROEP NV,Banking,Fixed Income,"9,668,148.54",0.03,"9,668,148.54","9,044,000.00",456837BH5,US456837BH52,-,105.87,Netherlands,-,USD,5.88,5.2,1.0,"Sep 11, 2034",6.11,5.85,-,5.14,5.85,5.14,USD,"Sep 11, 2023","Sep 11, 2023",2026-05-14
GENERAL ELECTRIC CO,Capital Goods,Fixed Income,"9,665,246.97",0.03,"9,665,246.97","9,572,000.00",369604CA9,US369604CA96,-,99.57,United States,-,USD,7.5,4.96,1.0,"Jan 29, 2036",4.9,7.55,-,4.96,7.55,4.96,USD,"Jul 29, 2025","Jul 29, 2025",2026-05-14
COCA-COLA CO,Consumer Non-Cyclical,Fixed Income,"9,662,101.84",0.03,"9,662,101.84","10,695,000.00",191216DK3,US191216DK34,-,89.97,United States,-,USD,4.49,4.33,1.0,"Mar 05, 2031",2.0,4.48,-,4.33,4.48,4.33,USD,"Mar 05, 2021","Mar 05, 2021",2026-05-14
WALT DISNEY CO,Communications,Fixed Income,"9,662,618.45",0.03,"9,662,618.45","9,837,000.00",254687GE0,US254687GE01,-,97.07,United States,-,USD,7.71,5.0,1.0,"Mar 14, 2036",4.63,7.7,-,5.0,7.7,5.0,USD,"Feb 12, 2026","Feb 12, 2026",2026-05-14
ELEVANCE HEALTH INC,Insurance,Fixed Income,"9,657,479.68",0.03,"9,657,479.68","9,679,000.00",28622HAB7,US28622HAB78,BMXHKL2,98.63,United States,-,USD,5.61,4.99,1.0,"Feb 15, 2033",4.75,5.65,-,4.99,5.65,4.99,USD,"Feb 08, 2023","Feb 08, 2023",2026-05-14
BANCO SANTANDER SA,Banking,Fixed Income,"9,659,117.42",0.03,"9,659,117.42","9,268,000.00",05964HBJ3,US05964HBJ32,-,102.44,Spain,-,USD,3.26,4.83,1.0,"Jan 17, 2030",5.57,3.25,-,4.83,3.25,4.83,USD,"Jan 17, 2025","Jan 17, 2025",2026-05-14
AT&T INC,Communications,Fixed Income,"9,653,510.44",0.03,"9,653,510.44","9,777,000.00",00206RNQ1,US00206RNQ10,-,98.53,United States,-,USD,14.03,6.4,1.0,"Oct 30, 2066",6.3,14.4,-,6.4,14.4,6.4,USD,"Apr 30, 2026","Apr 30, 2026",2026-05-14
JPMORGAN CHASE & CO,Banking,Fixed Income,"9,640,962.99",0.03,"9,640,962.99","12,558,000.00",46647PBM7,US46647PBM77,BMF05B4,76.6,United States,-,USD,10.18,5.57,1.0,"Apr 22, 2041",3.11,10.66,-,5.54,10.66,5.54,USD,"Apr 22, 2020","Apr 22, 2020",2026-05-14
JEFFERIES FINANCIAL GROUP INC MTN,Brokerage/Asset Managers/Exchanges,Fixed Income,"9,639,433.57",0.03,"9,639,433.57","9,751,000.00",47233WMK2,US47233WMK26,-,98.66,United States,-,USD,4.32,5.45,1.0,"Apr 28, 2031",5.13,4.31,-,5.45,4.31,5.45,USD,"Apr 28, 2026","Apr 28, 2026",2026-05-14
PROCTER & GAMBLE CO,Consumer Non-Cyclical,Fixed Income,"9,625,336.62",0.03,"9,625,336.62","10,739,000.00",742718FQ7,US742718FQ70,-,89.53,United States,-,USD,4.62,4.32,1.0,"Apr 23, 2031",1.95,4.62,-,4.32,4.62,4.32,USD,"Apr 23, 2021","Apr 23, 2021",2026-05-14
ANHEUSER-BUSCH INBEV FINANCE INC,Consumer Non-Cyclical,Fixed Income,"9,619,257.10",0.03,"9,619,257.10","10,476,000.00",035242AN6,US035242AN64,BYMLGZ5,90.45,Belgium,-,USD,11.72,5.71,1.0,"Feb 01, 2046",4.9,11.95,-,5.71,11.95,5.71,USD,"Jan 25, 2016","Jan 25, 2016",2026-05-14
WELLTOWER OP LLC,Reits,Fixed Income,"9,609,115.61",0.03,"9,609,115.61","9,428,000.00",95041AAG3,US95041AAG31,-,100.06,United States,-,USD,7.06,5.12,1.0,"Jul 01, 2035",5.13,7.09,-,5.12,7.09,5.12,USD,"Jun 27, 2025","Jun 27, 2025",2026-05-14
CIGNA GROUP,Consumer Non-Cyclical,Fixed Income,"9,609,852.24",0.03,"9,609,852.24","9,589,000.00",125523CX6,US125523CX69,-,99.5,United States,-,USD,3.86,4.63,1.0,"Sep 15, 2030",4.5,3.87,-,4.63,3.87,4.63,USD,"Sep 04, 2025","Sep 04, 2025",2026-05-14
GENERAL MOTORS FINANCIAL COMPANY I,Consumer Cyclical,Fixed Income,"9,601,394.54",0.03,"9,601,394.54","10,523,000.00",37045XDS2,US37045XDS27,-,90.21,United States,-,USD,5.03,5.11,1.0,"Jan 12, 2032",3.1,5.03,-,5.11,5.03,5.11,USD,"Jan 11, 2022","Jan 11, 2022",2026-05-14
VICI PROPERTIES LP,Consumer Cyclical,Fixed Income,"9,600,326.96",0.03,"9,600,326.96","9,470,000.00",925650AD5,US925650AD55,-,98.86,United States,-,USD,4.95,5.35,1.0,"May 15, 2032",5.13,4.98,-,5.35,4.98,5.35,USD,"Apr 29, 2022","Apr 29, 2022",2026-05-14
PNC FINANCIAL SERVICES GROUP INC (,Banking,Fixed Income,"9,593,521.65",0.03,"9,593,521.65","9,119,000.00",693475BX2,US693475BX24,-,102.49,United States,-,USD,2.67,4.65,1.0,"May 14, 2030",5.49,2.68,-,4.6,2.68,4.6,USD,"May 14, 2024","May 14, 2024",2026-05-14
FISERV INC,Technology,Fixed Income,"9,585,905.78",0.03,"9,585,905.78","10,374,000.00",337738BC1,US337738BC18,-,91.22,United States,-,USD,3.73,5.07,1.0,"Jun 01, 2030",2.65,3.72,-,5.07,3.72,5.07,USD,"May 13, 2020","May 13, 2020",2026-05-14
LOWES COMPANIES INC,Consumer Cyclical,Fixed Income,"9,583,273.47",0.03,"9,583,273.47","12,374,000.00",548661DQ7,US548661DQ70,BYWC120,77.35,United States,-,USD,12.66,5.96,1.0,"May 03, 2047",4.05,12.9,-,5.96,12.9,5.96,USD,"May 03, 2017","May 03, 2017",2026-05-14
VICI PROPERTIES LP,Consumer Cyclical,Fixed Income,"9,583,530.10",0.03,"9,583,530.10","9,516,000.00",925650AK9,US925650AK98,-,100.07,United States,-,USD,6.86,5.61,1.0,"Apr 01, 2035",5.63,6.88,-,5.61,6.88,5.61,USD,"Apr 07, 2025","Apr 07, 2025",2026-05-14
COCA-COLA CO,Consumer Non-Cyclical,Fixed Income,"9,574,282.23",0.03,"9,574,282.23","9,110,000.00",191216DR8,US191216DR86,-,102.61,United States,-,USD,6.34,4.61,1.0,"May 13, 2034",5.0,6.41,-,4.6,6.24,4.6,USD,"May 13, 2024","May 13, 2024",2026-05-14
CHUBB INA HOLDINGS LLC,Insurance,Fixed Income,"9,574,410.52",0.03,"9,574,410.52","11,230,000.00",00440EAW7,US00440EAW75,BYSRKF5,85.15,United States,-,USD,12.16,5.61,1.0,"Nov 03, 2045",4.35,12.38,-,5.61,12.38,5.61,USD,"Nov 03, 2015","Nov 03, 2015",2026-05-14
HOME DEPOT INC,Consumer Cyclical,Fixed Income,"9,563,939.58",0.03,"9,563,939.58","10,157,000.00",437076CB6,US437076CB65,BMQ5M95,93.96,United States,-,USD,3.64,4.39,1.0,"Apr 15, 2030",2.7,3.66,-,4.39,3.66,4.39,USD,"Mar 30, 2020","Mar 30, 2020",2026-05-14
INTEL CORPORATION,Technology,Fixed Income,"9,565,256.44",0.03,"9,565,256.44","14,501,000.00",458140BJ8,US458140BJ82,-,64.36,United States,-,USD,13.63,6.13,1.0,"Nov 15, 2049",3.25,13.87,-,6.13,13.87,6.13,USD,"Nov 21, 2019","Nov 21, 2019",2026-05-14
COMCAST CORPORATION,Communications,Fixed Income,"9,561,729.80",0.03,"9,561,729.80","14,414,000.00",20030NCZ2,US20030NCZ24,BKTZC54,65.37,United States,-,USD,13.53,6.28,1.0,"Feb 01, 2050",3.45,13.76,-,6.28,13.76,6.28,USD,"Nov 05, 2019","Nov 05, 2019",2026-05-14
FORD MOTOR CREDIT COMPANY LLC,Consumer Cyclical,Fixed Income,"9,558,127.83",0.03,"9,558,127.83","8,921,000.00",345397C68,US345397C684,-,105.79,United States,-,USD,3.21,5.64,1.0,"Mar 06, 2030",7.35,3.28,-,5.57,3.15,5.57,USD,"Jan 06, 2023","Jan 06, 2023",2026-05-14
INTEL CORPORATION,Technology,Fixed Income,"9,550,654.13",0.03,"9,550,654.13","10,094,000.00",458140CM0,US458140CM03,BSNWTF6,93.36,United States,-,USD,13.04,6.1,1.0,"Feb 21, 2054",5.6,13.35,-,6.1,13.35,6.1,USD,"Feb 21, 2024","Feb 21, 2024",2026-05-14
